1,1,1341.04,415.91,168.30,375.89,0.8976,-1,-1,-1
1,2,1444.57,431.43,157.79,335.73,0.8942,-1,-1,-1
1,3,583.95,444.48,88.09,264.25,0.8867,-1,-1,-1
1,4,437.86,441.07,108.81,284.02,0.8782,-1,-1,-1
1,5,1015.83,429.36,42.12,99.80,0.8238,-1,-1,-1
1,6,936.93,434.28,38.64,81.14,0.8038,-1,-1,-1
1,7,1255.41,447.92,34.26,98.38,0.7744,-1,-1,-1
1,8,731.01,458.14,36.44,110.64,0.7241,-1,-1,-1
1,9,546.73,458.04,35.71,100.50,0.7211,-1,-1,-1
1,10,1101.40,436.75,36.16,110.72,0.6237,-1,-1,-1
1,11,1162.84,439.25,29.58,87.11,0.5249,-1,-1,-1
1,12,507.64,462.64,50.59,183.74,0.4912,-1,-1,-1
1,13,1367.64,433.51,26.35,50.88,0.4778,-1,-1,-1
1,14,686.11,484.70,43.83,116.16,0.4656,-1,-1,-1
1,15,579.28,455.54,29.87,79.89,0.4241,-1,-1,-1
1,16,973.52,458.01,31.02,56.56,0.4003,-1,-1,-1
1,17,671.33,449.91,20.62,73.70,0.3838,-1,-1,-1
1,18,1309.38,431.99,31.91,114.22,0.3837,-1,-1,-1
1,19,954.75,487.21,55.11,96.03,0.3511,-1,-1,-1
1,20,579.58,430.36,16.38,36.23,0.3142,-1,-1,-1
2,2,1454.31,430.86,147.76,337.61,0.8999,-1,-1,-1
2,3,584.60,444.72,88.22,263.86,0.8826,-1,-1,-1
2,1,1342.70,419.28,173.79,371.99,0.8804,-1,-1,-1
2,4,438.80,441.53,113.96,282.86,0.8315,-1,-1,-1
2,5,1016.49,429.48,41.24,100.02,0.8305,-1,-1,-1
2,6,936.35,434.13,39.71,82.05,0.8092,-1,-1,-1
2,7,1256.16,447.95,32.49,98.24,0.7607,-1,-1,-1
2,9,547.84,461.21,35.12,97.41,0.7387,-1,-1,-1
2,8,731.38,460.85,35.68,107.91,0.6681,-1,-1,-1
2,10,1101.58,436.58,36.19,112.39,0.6233,-1,-1,-1
2,19,954.32,486.64,56.58,97.26,0.5134,-1,-1,-1
2,15,580.04,455.39,28.41,93.42,0.4923,-1,-1,-1
2,16,375.87,444.28,32.36,66.11,0.4487,-1,-1,-1
2,14,691.83,484.61,38.66,112.92,0.4464,-1,-1,-1
2,12,518.68,465.54,39.43,182.97,0.3537,-1,-1,-1
2,18,1309.55,430.73,31.81,116.14,0.3089,-1,-1,-1
2,22,1859.02,490.65,51.90,167.04,0.3083,-1,-1,-1
3,23,1343.64,419.78,178.37,378.90,0.9087,-1,-1,-1
3,24,1462.78,431.11,143.58,338.13,0.8838,-1,-1,-1
3,25,584.80,445.24,88.74,263.52,0.8802,-1,-1,-1
3,4,438.07,441.77,119.52,283.56,0.8713,-1,-1,-1
3,5,1016.81,429.61,41.32,100.09,0.8381,-1,-1,-1
3,6,936.15,433.65,40.18,82.08,0.8138,-1,-1,-1
3,7,1256.39,447.92,33.17,98.19,0.7707,-1,-1,-1
3,26,546.18,454.34,36.61,103.13,0.7169,-1,-1,-1
3,27,732.10,469.17,35.36,100.35,0.6848,-1,-1,-1
3,28,510.20,462.59,47.53,189.14,0.6677,-1,-1,-1
3,29,643.14,461.19,60.05,182.41,0.6326,-1,-1,-1
3,30,912.16,486.47,98.27,98.92,0.5626,-1,-1,-1
3,31,1101.80,436.10,36.17,113.64,0.5492,-1,-1,-1
3,32,376.19,444.30,31.72,65.09,0.4484,-1,-1,-1
3,33,974.80,447.83,30.11,62.15,0.4339,-1,-1,-1
3,34,579.81,455.24,28.73,93.61,0.3884,-1,-1,-1
3,35,1374.21,432.73,21.46,67.58,0.3878,-1,-1,-1
3,14,688.93,484.45,41.55,114.61,0.3869,-1,-1,-1
3,18,1309.64,431.02,31.44,115.66,0.3264,-1,-1,-1
4,36,1348.29,416.38,174.07,383.61,0.9032,-1,-1,-1
4,37,438.42,441.84,122.35,283.52,0.8855,-1,-1,-1
4,38,584.74,445.60,88.87,263.37,0.8790,-1,-1,-1
4,39,1015.08,429.58,43.31,100.08,0.8182,-1,-1,-1
4,40,1471.13,430.36,136.24,340.08,0.8079,-1,-1,-1
4,6,935.84,434.11,41.56,81.52,0.8033,-1,-1,-1
4,7,1256.20,447.92,34.24,98.36,0.7829,-1,-1,-1
4,41,732.40,474.11,35.02,95.60,0.7717,-1,-1,-1
4,42,644.48,458.78,59.85,185.18,0.7373,-1,-1,-1
4,43,546.48,453.32,36.07,105.67,0.6614,-1,-1,-1
4,44,1101.59,435.79,36.62,113.00,0.6489,-1,-1,-1
4,45,509.50,459.89,49.05,194.85,0.5601,-1,-1,-1
4,46,1371.62,434.17,31.53,73.88,0.5224,-1,-1,-1
4,47,954.52,487.80,55.30,95.59,0.4208,-1,-1,-1
4,48,376.22,443.75,33.90,65.24,0.4191,-1,-1,-1
4,49,579.66,454.19,28.64,96.96,0.4119,-1,-1,-1
4,50,976.89,457.88,28.07,51.43,0.4006,-1,-1,-1
4,5,1163.15,439.26,27.92,87.07,0.3293,-1,-1,-1
5,1,1353.52,414.91,175.52,385.44,0.9120,-1,-1,-1
5,51,438.40,442.72,123.34,282.34,0.8830,-1,-1,-1
5,3,584.86,445.63,89.11,263.41,0.8798,-1,-1,-1
5,52,1484.11,429.04,139.97,341.50,0.8515,-1,-1,-1
5,53,1016.16,429.65,42.57,99.91,0.8139,-1,-1,-1
5,6,935.78,434.25,40.59,81.31,0.7978,-1,-1,-1
5,54,732.54,474.28,35.10,96.02,0.7942,-1,-1,-1
5,55,1256.13,447.91,34.41,98.52,0.7796,-1,-1,-1
5,56,644.84,458.12,60.73,185.45,0.7379,-1,-1,-1
5,57,510.27,460.76,49.22,199.56,0.6737,-1,-1,-1
5,58,545.97,453.55,36.77,104.36,0.6670,-1,-1,-1
5,59,1101.64,435.78,36.57,113.06,0.6348,-1,-1,-1
5,60,1368.31,436.64,41.35,87.74,0.4489,-1,-1,-1
5,61,376.22,443.76,33.74,64.94,0.4062,-1,-1,-1
5,62,1162.87,439.35,29.38,87.08,0.3532,-1,-1,-1
5,63,978.05,454.30,28.50,57.45,0.3471,-1,-1,-1
5,64,912.59,492.92,97.32,92.93,0.3307,-1,-1,-1
5,65,1309.56,430.99,31.59,115.66,0.3050,-1,-1,-1
6,1,1361.07,415.92,169.06,384.83,0.9065,-1,-1,-1
6,4,438.16,442.16,125.01,282.38,0.8823,-1,-1,-1
6,3,584.39,445.71,89.82,263.39,0.8813,-1,-1,-1
6,66,1488.15,427.71,136.25,343.48,0.8363,-1,-1,-1
6,67,935.42,434.32,40.10,81.31,0.7977,-1,-1,-1
6,6,1013.25,429.33,44.37,100.47,0.7793,-1,-1,-1
6,68,646.62,457.25,60.08,185.91,0.7784,-1,-1,-1
6,69,1256.28,447.95,34.16,98.45,0.7648,-1,-1,-1
6,70,546.54,454.97,36.35,102.89,0.7474,-1,-1,-1
6,71,732.75,470.65,35.20,99.39,0.6981,-1,-1,-1
6,72,509.83,460.11,49.88,203.13,0.6741,-1,-1,-1
6,73,1101.51,436.20,36.90,112.47,0.6240,-1,-1,-1
6,7,1368.13,434.96,41.80,124.24,0.5235,-1,-1,-1
6,74,1309.40,430.72,31.89,116.02,0.3096,-1,-1,-1
6,75,736.95,457.73,29.46,35.26,0.3066,-1,-1,-1
6,76,578.34,428.96,16.80,42.74,0.3027,-1,-1,-1
7,1,1375.18,413.69,158.22,386.54,0.9127,-1,-1,-1
7,77,584.05,445.16,90.31,264.04,0.8864,-1,-1,-1
7,78,438.21,441.66,127.59,283.28,0.8778,-1,-1,-1
7,2,1490.31,426.70,125.83,344.15,0.8455,-1,-1,-1
7,79,1016.55,430.07,42.73,99.34,0.7946,-1,-1,-1
7,80,935.40,434.73,38.00,81.60,0.7941,-1,-1,-1
7,81,732.36,475.89,35.13,94.09,0.7675,-1,-1,-1
7,82,648.31,457.95,59.07,186.12,0.7473,-1,-1,-1
7,83,1256.26,448.01,30.16,98.42,0.7397,-1,-1,-1
7,84,547.83,454.24,34.74,103.09,0.7142,-1,-1,-1
7,85,912.04,488.80,98.23,96.80,0.6797,-1,-1,-1
7,86,512.06,469.26,47.91,200.36,0.5851,-1,-1,-1
7,87,1101.32,437.03,36.83,112.01,0.5276,-1,-1,-1
7,88,697.23,491.34,33.44,106.94,0.4370,-1,-1,-1
7,89,1370.06,434.46,40.95,126.11,0.4289,-1,-1,-1
7,90,736.20,457.73,28.56,35.65,0.4248,-1,-1,-1
7,6,1162.33,439.38,30.27,87.11,0.3715,-1,-1,-1
7,49,579.35,453.38,27.79,97.54,0.3343,-1,-1,-1
8,91,437.58,441.94,132.03,282.82,0.8887,-1,-1,-1
8,92,1388.77,412.72,141.77,388.01,0.8875,-1,-1,-1
8,93,583.95,444.92,91.00,264.17,0.8838,-1,-1,-1
8,1,1490.57,425.03,151.90,345.73,0.8698,-1,-1,-1
8,94,911.89,490.22,98.38,96.10,0.7910,-1,-1,-1
8,95,934.57,434.45,38.29,81.67,0.7731,-1,-1,-1
8,96,1016.36,430.14,41.02,99.23,0.7660,-1,-1,-1
8,97,649.59,459.08,57.79,187.19,0.7580,-1,-1,-1
8,98,1255.63,447.85,28.51,98.59,0.7507,-1,-1,-1
8,99,731.91,477.04,35.51,93.72,0.7022,-1,-1,-1
8,100,548.01,454.92,33.92,103.05,0.6541,-1,-1,-1
8,101,1101.74,437.67,36.09,110.81,0.6403,-1,-1,-1
8,102,513.08,473.16,47.36,202.17,0.5528,-1,-1,-1
8,103,1162.21,439.54,29.87,86.91,0.5197,-1,-1,-1
8,104,736.01,457.76,30.07,35.30,0.4740,-1,-1,-1
8,105,374.76,444.67,29.81,62.70,0.4345,-1,-1,-1
8,6,1369.93,433.49,45.87,127.47,0.3379,-1,-1,-1
8,76,577.43,428.58,16.14,33.48,0.3326,-1,-1,-1
8,5,696.94,458.35,30.66,71.97,0.3011,-1,-1,-1
9,106,1403.94,410.59,129.24,389.60,0.8950,-1,-1,-1
9,107,584.19,443.88,89.60,265.30,0.8890,-1,-1,-1
9,108,439.34,441.13,130.50,283.76,0.8851,-1,-1,-1
9,1,1497.65,422.72,154.19,347.71,0.8681,-1,-1,-1
9,109,934.48,434.65,37.37,81.11,0.7888,-1,-1,-1
9,110,1015.83,431.15,41.80,98.24,0.7495,-1,-1,-1
9,7,1255.05,447.89,31.12,97.91,0.7461,-1,-1,-1
9,111,732.48,475.91,34.14,97.32,0.7389,-1,-1,-1
9,112,547.99,457.60,34.45,100.28,0.7054,-1,-1,-1
9,113,1100.11,436.74,37.64,111.33,0.6881,-1,-1,-1
9,114,1370.31,433.93,53.64,126.05,0.6687,-1,-1,-1
9,115,652.60,459.19,55.31,189.21,0.6385,-1,-1,-1
9,116,511.58,470.83,49.63,212.10,0.5898,-1,-1,-1
9,117,911.81,490.64,98.34,95.58,0.5842,-1,-1,-1
9,118,1305.70,430.73,35.03,115.77,0.4850,-1,-1,-1
9,119,1161.34,439.76,30.32,86.63,0.4611,-1,-1,-1
9,120,735.21,458.25,25.93,37.35,0.4536,-1,-1,-1
9,121,375.23,444.58,27.25,61.60,0.3409,-1,-1,-1
9,2,576.68,427.93,16.56,30.07,0.3227,-1,-1,-1
9,6,983.38,450.20,26.52,61.46,0.3127,-1,-1,-1
10,122,583.84,443.68,90.21,265.42,0.8886,-1,-1,-1
10,123,439.15,441.35,130.93,283.55,0.8883,-1,-1,-1
10,124,1419.93,407.69,117.00,392.46,0.8854,-1,-1,-1
10,125,933.91,434.59,37.73,81.06,0.8006,-1,-1,-1
10,126,653.43,456.45,55.02,192.82,0.7766,-1,-1,-1
10,127,1254.70,447.83,32.61,98.29,0.7507,-1,-1,-1
10,128,1013.97,431.88,43.93,97.27,0.7457,-1,-1,-1
10,129,1376.88,435.13,49.81,124.49,0.7317,-1,-1,-1
10,130,549.07,459.46,32.96,98.93,0.7215,-1,-1,-1
10,131,1100.17,436.75,37.58,111.16,0.6692,-1,-1,-1
10,132,514.06,471.39,49.00,219.39,0.4889,-1,-1,-1
10,133,1519.79,422.74,144.46,348.61,0.4819,-1,-1,-1
10,134,1306.35,430.58,34.61,116.00,0.4799,-1,-1,-1
10,135,731.99,464.15,34.65,107.94,0.4296,-1,-1,-1
10,136,1161.19,439.74,30.56,86.66,0.4291,-1,-1,-1
10,137,375.46,444.55,27.28,63.54,0.3791,-1,-1,-1
10,138,983.51,454.07,27.25,58.00,0.3360,-1,-1,-1
10,139,679.77,449.22,20.08,41.88,0.3261,-1,-1,-1
11,140,440.36,442.54,128.95,282.34,0.8946,-1,-1,-1
11,141,584.15,443.70,89.41,265.51,0.8925,-1,-1,-1
11,142,1431.10,407.87,115.13,392.64,0.8745,-1,-1,-1
11,143,1534.83,421.88,137.15,349.37,0.8412,-1,-1,-1
11,144,933.93,434.57,36.96,81.11,0.8037,-1,-1,-1
11,145,1255.18,447.91,30.30,98.03,0.7535,-1,-1,-1
11,146,1013.13,432.07,44.54,97.54,0.7527,-1,-1,-1
11,147,654.30,456.63,53.16,192.39,0.7434,-1,-1,-1
11,148,732.01,473.73,34.25,100.41,0.7213,-1,-1,-1
11,149,1380.93,435.42,49.50,122.94,0.7153,-1,-1,-1
11,150,547.42,460.04,34.97,98.91,0.6963,-1,-1,-1
11,151,1100.33,436.72,37.41,111.10,0.6601,-1,-1,-1
11,152,1305.78,430.61,35.17,116.11,0.5508,-1,-1,-1
11,153,513.12,467.06,54.29,228.31,0.5038,-1,-1,-1
11,154,1162.31,439.73,29.33,86.76,0.4722,-1,-1,-1
11,155,375.66,444.82,27.12,62.83,0.3505,-1,-1,-1
11,156,983.55,454.39,25.91,57.77,0.3376,-1,-1,-1
11,157,576.46,427.80,16.79,29.51,0.3133,-1,-1,-1
11,76,596.98,428.31,12.15,27.22,0.3072,-1,-1,-1
11,120,734.43,458.20,27.11,38.07,0.3012,-1,-1,-1
12,158,584.02,443.59,89.62,265.36,0.8895,-1,-1,-1
12,159,442.16,443.10,121.18,282.41,0.8781,-1,-1,-1
12,1,1438.17,407.92,119.76,392.87,0.8729,-1,-1,-1
12,160,1537.87,423.09,159.01,353.48,0.7970,-1,-1,-1
12,161,934.06,434.60,36.59,81.27,0.7947,-1,-1,-1
12,7,1254.81,447.82,32.46,97.50,0.7678,-1,-1,-1
12,6,1015.56,433.68,42.56,95.52,0.7551,-1,-1,-1
12,162,659.67,457.49,50.17,187.82,0.6872,-1,-1,-1
12,163,1100.49,437.00,37.06,110.49,0.6624,-1,-1,-1
12,164,731.39,474.79,34.59,98.86,0.6619,-1,-1,-1
12,165,548.39,461.46,33.36,97.59,0.6428,-1,-1,-1
12,166,1379.97,432.42,48.31,126.45,0.6399,-1,-1,-1
12,18,1307.08,430.97,33.79,115.56,0.5349,-1,-1,-1
12,167,1161.04,439.72,29.81,86.68,0.4728,-1,-1,-1
12,168,513.27,465.74,56.60,233.45,0.3817,-1,-1,-1
12,169,984.90,456.28,25.63,56.51,0.3573,-1,-1,-1
12,170,375.71,445.15,27.32,63.44,0.3331,-1,-1,-1
13,171,442.03,443.86,122.33,282.19,0.8929,-1,-1,-1
13,172,584.05,443.34,88.89,265.76,0.8877,-1,-1,-1
13,1,1450.60,423.99,117.36,376.09,0.8435,-1,-1,-1
13,2,1539.54,423.23,145.01,359.59,0.8317,-1,-1,-1
13,6,933.30,434.75,37.10,81.51,0.7846,-1,-1,-1
13,7,1255.19,447.86,31.69,97.40,0.7697,-1,-1,-1
13,5,1017.56,433.73,39.07,95.10,0.7562,-1,-1,-1
13,56,660.90,460.95,47.78,184.53,0.7386,-1,-1,-1
13,173,1100.53,436.62,36.74,111.51,0.6615,-1,-1,-1
13,174,728.95,476.28,36.60,97.00,0.6612,-1,-1,-1
13,175,910.56,490.45,98.94,96.18,0.6481,-1,-1,-1
13,176,1384.74,430.60,51.69,127.69,0.6187,-1,-1,-1
13,177,515.44,464.94,58.05,234.48,0.5613,-1,-1,-1
13,178,1307.27,430.76,33.99,115.82,0.5496,-1,-1,-1
13,179,549.63,463.07,32.12,95.84,0.5472,-1,-1,-1
13,180,1160.35,439.96,30.12,86.26,0.4812,-1,-1,-1
13,181,983.41,455.83,28.30,57.34,0.4509,-1,-1,-1
13,120,733.32,458.21,26.70,38.05,0.4049,-1,-1,-1
13,76,681.72,450.61,20.57,42.22,0.3249,-1,-1,-1
13,16,1007.12,453.90,15.42,59.02,0.3113,-1,-1,-1
14,182,443.44,443.68,120.17,284.78,0.8918,-1,-1,-1
14,183,584.12,443.50,89.45,265.72,0.8859,-1,-1,-1
14,1,1453.64,407.07,127.77,395.55,0.8616,-1,-1,-1
14,3,1555.46,423.79,133.92,361.64,0.8329,-1,-1,-1
14,6,934.25,434.79,36.19,81.91,0.7965,-1,-1,-1
14,184,1390.84,433.38,48.47,125.36,0.7729,-1,-1,-1
14,185,1255.04,447.87,31.23,97.41,0.7630,-1,-1,-1
14,186,1016.73,434.11,40.95,95.10,0.7566,-1,-1,-1
14,187,661.93,459.53,45.90,185.10,0.7259,-1,-1,-1
14,188,550.24,463.85,32.47,94.70,0.6533,-1,-1,-1
14,189,1100.87,436.73,36.80,111.28,0.6443,-1,-1,-1
14,190,1307.00,430.58,34.19,115.93,0.5683,-1,-1,-1
14,191,729.19,473.87,36.40,100.69,0.5626,-1,-1,-1
14,192,516.31,463.72,56.95,236.71,0.5343,-1,-1,-1
14,193,1161.79,439.83,29.50,86.50,0.4676,-1,-1,-1
14,194,733.53,458.28,27.53,38.90,0.3778,-1,-1,-1
14,195,983.52,453.00,27.69,62.46,0.3375,-1,-1,-1
14,7,1689.15,430.56,96.00,206.09,0.3251,-1,-1,-1
14,5,1859.00,524.79,45.62,132.02,0.3160,-1,-1,-1
15,4,444.46,444.01,118.59,286.01,0.8901,-1,-1,-1
15,3,583.80,443.36,88.97,265.51,0.8888,-1,-1,-1
15,1,1455.00,431.64,156.75,374.19,0.8698,-1,-1,-1
15,2,1567.68,423.90,143.00,365.33,0.8417,-1,-1,-1
15,6,933.70,435.19,36.41,81.49,0.8051,-1,-1,-1
15,196,1015.92,435.83,41.80,92.85,0.7859,-1,-1,-1
15,197,1255.01,447.74,30.98,97.86,0.7740,-1,-1,-1
15,198,730.28,457.64,33.88,112.12,0.6604,-1,-1,-1
15,199,550.26,462.62,31.25,95.88,0.6595,-1,-1,-1
15,200,1100.55,436.97,37.31,111.31,0.6570,-1,-1,-1
15,201,1395.37,432.18,45.65,125.64,0.6561,-1,-1,-1
15,202,662.86,461.31,47.71,183.31,0.5145,-1,-1,-1
15,203,1307.52,430.24,33.86,116.37,0.5007,-1,-1,-1
15,204,526.71,468.78,46.63,234.25,0.4586,-1,-1,-1
15,205,985.07,456.44,26.68,59.72,0.4304,-1,-1,-1
15,206,1163.68,439.85,26.15,86.52,0.4043,-1,-1,-1
15,85,950.11,492.16,60.96,91.60,0.3944,-1,-1,-1
15,207,576.13,455.22,30.36,71.33,0.3207,-1,-1,-1
15,208,375.90,444.89,26.57,63.15,0.3191,-1,-1,-1
16,209,584.26,443.07,88.81,265.77,0.8904,-1,-1,-1
16,210,444.31,444.03,118.43,285.07,0.8667,-1,-1,-1
16,1,1455.26,408.74,191.37,402.87,0.8522,-1,-1,-1
16,211,933.87,435.01,36.01,81.95,0.8016,-1,-1,-1
16,6,1016.12,435.64,41.46,93.05,0.7930,-1,-1,-1
16,212,1557.10,426.00,172.14,361.07,0.7708,-1,-1,-1
16,7,1254.83,447.76,30.31,97.88,0.7588,-1,-1,-1
16,213,729.05,457.51,35.20,112.27,0.6855,-1,-1,-1
16,214,1100.91,437.02,36.84,111.02,0.6394,-1,-1,-1
16,215,549.93,464.81,30.83,94.09,0.6333,-1,-1,-1
16,216,663.54,461.23,45.69,184.91,0.6298,-1,-1,-1
16,217,524.66,468.10,49.89,234.90,0.6123,-1,-1,-1
16,218,1307.21,430.59,33.73,115.96,0.5271,-1,-1,-1
16,219,1162.36,439.80,27.86,86.53,0.5054,-1,-1,-1
16,220,984.42,455.96,31.09,62.75,0.4319,-1,-1,-1
16,221,683.54,452.97,21.86,44.95,0.4174,-1,-1,-1
17,222,584.21,442.74,88.36,266.05,0.8826,-1,-1,-1
17,223,447.18,445.84,113.76,286.56,0.8666,-1,-1,-1
17,1,1454.31,417.62,203.76,393.82,0.8514,-1,-1,-1
17,224,1549.89,427.20,194.43,364.84,0.8369,-1,-1,-1
17,225,933.65,435.17,35.66,81.87,0.8101,-1,-1,-1
17,226,1016.82,435.77,40.37,93.39,0.7737,-1,-1,-1
17,7,1253.94,447.66,30.41,97.82,0.7503,-1,-1,-1
17,227,1100.67,436.73,36.85,111.53,0.7013,-1,-1,-1
17,228,663.83,460.39,42.12,189.42,0.6341,-1,-1,-1
17,229,727.34,457.94,35.81,111.04,0.5463,-1,-1,-1
17,230,1161.87,439.81,27.80,86.62,0.5287,-1,-1,-1
17,231,1307.90,431.05,32.61,115.55,0.4960,-1,-1,-1
17,232,549.11,462.22,31.96,95.91,0.4784,-1,-1,-1
17,233,526.46,468.09,49.11,234.14,0.4767,-1,-1,-1
17,234,683.73,454.33,21.55,43.48,0.3902,-1,-1,-1
18,235,1455.45,415.59,218.88,400.45,0.8853,-1,-1,-1
18,236,583.86,443.66,89.87,265.31,0.8841,-1,-1,-1
18,1,1548.95,429.68,199.00,363.36,0.8293,-1,-1,-1
18,237,447.60,444.68,114.30,285.82,0.8167,-1,-1,-1
18,238,933.87,435.44,34.92,81.79,0.8082,-1,-1,-1
18,239,1016.83,434.93,40.63,93.99,0.7753,-1,-1,-1
18,7,1254.58,447.54,29.63,97.84,0.7568,-1,-1,-1
18,240,1100.31,436.79,37.08,111.24,0.6652,-1,-1,-1
18,241,663.40,459.71,45.80,191.73,0.6064,-1,-1,-1
18,242,726.82,458.17,36.59,108.01,0.5993,-1,-1,-1
18,243,1306.43,430.23,34.28,116.41,0.5114,-1,-1,-1
18,244,1162.32,439.82,27.49,86.66,0.5085,-1,-1,-1
18,245,684.72,454.42,22.34,44.06,0.4947,-1,-1,-1
18,246,526.69,465.69,49.66,236.88,0.4918,-1,-1,-1
18,247,548.24,462.96,32.57,93.39,0.3633,-1,-1,-1
18,6,1411.14,433.41,29.08,123.72,0.3444,-1,-1,-1
18,76,575.28,427.06,17.99,37.78,0.3350,-1,-1,-1
19,248,1455.69,411.48,240.40,405.22,0.9353,-1,-1,-1
19,249,586.17,443.74,90.18,265.49,0.8891,-1,-1,-1
19,250,449.60,444.88,120.46,289.21,0.8148,-1,-1,-1
19,251,933.89,435.47,34.54,82.25,0.8085,-1,-1,-1
19,252,1018.76,435.48,38.48,93.43,0.7892,-1,-1,-1
19,253,1254.33,446.94,29.96,98.34,0.7810,-1,-1,-1
19,254,725.71,458.19,39.82,97.72,0.6918,-1,-1,-1
19,10,1100.32,436.68,37.01,111.52,0.6874,-1,-1,-1
19,255,688.29,453.73,21.19,42.58,0.5922,-1,-1,-1
19,256,1161.65,439.80,27.76,86.57,0.5602,-1,-1,-1
19,257,663.78,465.96,66.11,188.52,0.5266,-1,-1,-1
19,258,1307.22,430.15,32.84,116.32,0.5091,-1,-1,-1
19,259,1412.85,432.02,31.66,126.41,0.4235,-1,-1,-1
19,260,1000.72,453.82,22.73,66.59,0.4206,-1,-1,-1
19,261,953.92,488.93,57.36,95.17,0.4098,-1,-1,-1
19,6,373.92,444.53,30.27,63.17,0.3363,-1,-1,-1
19,5,577.24,453.63,30.79,88.32,0.3054,-1,-1,-1
19,76,648.04,455.98,20.30,36.85,0.3006,-1,-1,-1
20,1,1457.77,412.92,247.60,410.85,0.9167,-1,-1,-1
20,3,585.45,442.90,95.36,266.07,0.8890,-1,-1,-1
20,262,454.59,442.80,117.29,291.86,0.8550,-1,-1,-1
20,263,1016.43,435.27,41.09,94.14,0.8167,-1,-1,-1
20,264,933.51,435.48,34.74,81.47,0.8081,-1,-1,-1
20,265,1552.27,450.64,202.21,348.78,0.8011,-1,-1,-1
20,266,1252.41,446.96,31.92,98.37,0.7761,-1,-1,-1
20,267,723.83,458.55,42.72,113.76,0.7360,-1,-1,-1
20,268,1100.37,436.54,37.03,112.14,0.6767,-1,-1,-1
20,269,687.53,453.29,23.81,45.90,0.6565,-1,-1,-1
20,270,1162.70,439.77,26.68,86.71,0.5486,-1,-1,-1
20,271,663.40,461.45,65.62,190.89,0.4576,-1,-1,-1
20,272,1001.59,454.59,20.67,68.02,0.4573,-1,-1,-1
20,273,1307.12,430.45,32.57,116.14,0.4078,-1,-1,-1
20,274,374.00,444.66,29.17,62.46,0.3669,-1,-1,-1
20,275,954.84,493.44,55.03,89.28,0.3547,-1,-1,-1
20,276,984.03,456.27,19.63,54.64,0.3485,-1,-1,-1
21,1,1457.02,414.06,256.85,412.40,0.9452,-1,-1,-1
21,3,586.15,443.11,98.03,266.22,0.8957,-1,-1,-1
21,4,456.70,442.44,115.99,292.40,0.8739,-1,-1,-1
21,6,1016.44,434.81,41.13,94.87,0.8222,-1,-1,-1
21,277,933.73,435.12,34.49,81.71,0.8071,-1,-1,-1
21,278,1252.51,446.75,32.52,98.69,0.7639,-1,-1,-1
21,279,1100.29,436.55,37.08,112.06,0.7039,-1,-1,-1
21,280,724.12,458.80,43.81,100.43,0.6845,-1,-1,-1
21,281,1417.50,432.24,40.61,125.94,0.6246,-1,-1,-1
21,282,662.96,460.75,63.97,190.21,0.6182,-1,-1,-1
21,283,1163.01,439.84,26.62,86.73,0.6049,-1,-1,-1
21,284,689.13,452.35,24.54,51.22,0.5347,-1,-1,-1
21,285,373.64,444.68,29.87,62.77,0.4819,-1,-1,-1
21,286,1001.00,454.84,22.34,68.54,0.4061,-1,-1,-1
21,287,550.50,459.32,29.77,71.10,0.3922,-1,-1,-1
21,288,1308.44,430.75,31.71,115.82,0.3649,-1,-1,-1
21,289,954.68,490.92,55.64,92.02,0.3576,-1,-1,-1
22,1,1462.59,412.57,251.84,416.74,0.9477,-1,-1,-1
22,3,586.66,442.83,100.13,266.50,0.8975,-1,-1,-1
22,4,458.93,443.30,116.69,291.77,0.8676,-1,-1,-1
22,290,1576.25,427.97,198.17,368.94,0.8143,-1,-1,-1
22,6,933.52,434.90,34.18,82.09,0.8097,-1,-1,-1
22,291,1017.50,435.32,39.51,94.53,0.8061,-1,-1,-1
22,292,1251.61,446.84,33.75,98.75,0.7473,-1,-1,-1
22,2,662.62,459.92,58.46,191.09,0.7078,-1,-1,-1
22,293,1099.87,436.32,37.37,111.58,0.6902,-1,-1,-1
22,294,1162.85,439.66,25.71,86.81,0.6255,-1,-1,-1
22,295,724.36,458.88,44.83,98.07,0.5831,-1,-1,-1
22,296,690.19,452.91,24.86,49.24,0.5784,-1,-1,-1
22,297,1418.04,433.18,46.11,124.63,0.5629,-1,-1,-1
22,298,1002.39,454.66,21.82,68.06,0.4986,-1,-1,-1
22,299,911.34,486.51,99.05,100.25,0.4649,-1,-1,-1
22,300,550.45,461.31,28.89,51.56,0.4134,-1,-1,-1
22,301,1308.64,430.92,32.61,115.05,0.4046,-1,-1,-1
22,5,373.90,444.49,28.88,61.58,0.3373,-1,-1,-1
23,1,1466.61,411.89,250.74,417.58,0.9267,-1,-1,-1
23,3,586.75,442.97,101.19,267.42,0.9019,-1,-1,-1
23,4,459.56,442.60,117.98,291.91,0.8702,-1,-1,-1
23,302,933.25,435.13,33.84,82.48,0.8038,-1,-1,-1
23,7,1018.55,435.57,37.85,93.47,0.8020,-1,-1,-1
23,303,1250.75,446.52,34.42,99.04,0.7727,-1,-1,-1
23,304,1099.92,436.38,36.90,111.20,0.7099,-1,-1,-1
23,305,1418.24,437.96,57.99,120.30,0.6700,-1,-1,-1
23,306,661.57,459.02,58.56,188.99,0.6403,-1,-1,-1
23,307,1162.89,439.77,25.70,86.56,0.6361,-1,-1,-1
23,308,690.84,453.21,25.85,48.89,0.6187,-1,-1,-1
23,309,1593.72,425.49,175.89,374.22,0.6133,-1,-1,-1
23,310,910.55,485.80,97.81,100.31,0.6057,-1,-1,-1
23,311,551.87,465.13,27.40,47.84,0.5335,-1,-1,-1
23,312,1002.27,454.07,22.69,67.03,0.5266,-1,-1,-1
23,313,722.52,459.63,48.15,105.34,0.4871,-1,-1,-1
23,314,374.34,444.44,28.87,62.84,0.4621,-1,-1,-1
23,6,1307.58,430.02,31.97,116.31,0.4176,-1,-1,-1
23,5,578.38,456.63,30.51,74.01,0.3387,-1,-1,-1
23,2,1885.95,411.26,33.59,203.55,0.3177,-1,-1,-1
23,85,1080.62,482.55,45.48,112.30,0.3069,-1,-1,-1
23,76,984.55,456.91,18.57,36.04,0.3024,-1,-1,-1
24,1,1473.13,410.55,245.01,418.77,0.9004,-1,-1,-1
24,3,586.70,443.05,101.71,267.03,0.9000,-1,-1,-1
24,4,467.12,442.31,111.11,290.30,0.8349,-1,-1,-1
24,315,1018.81,435.70,37.94,93.27,0.8167,-1,-1,-1
24,316,933.46,435.08,33.42,82.52,0.8075,-1,-1,-1
24,2,1418.58,433.77,61.97,124.51,0.7926,-1,-1,-1
24,317,1648.32,424.34,133.03,375.16,0.7723,-1,-1,-1
24,318,1250.68,446.33,34.14,99.07,0.7546,-1,-1,-1
24,319,1100.05,436.33,36.76,111.20,0.7183,-1,-1,-1
24,320,910.09,486.72,99.08,99.70,0.6692,-1,-1,-1
24,321,1163.10,439.67,26.27,86.70,0.6301,-1,-1,-1
24,322,691.57,450.94,31.69,58.21,0.5684,-1,-1,-1
24,323,374.23,444.52,29.13,64.01,0.5571,-1,-1,-1
24,324,660.77,459.35,55.18,189.58,0.5313,-1,-1,-1
24,325,1002.28,454.20,22.64,68.16,0.5099,-1,-1,-1
24,326,553.11,465.82,25.82,46.50,0.4846,-1,-1,-1
24,327,721.43,458.92,48.85,98.22,0.4178,-1,-1,-1
24,328,1306.94,430.15,33.24,116.10,0.3616,-1,-1,-1
24,6,578.74,456.62,29.90,77.21,0.3570,-1,-1,-1
24,7,1077.98,483.27,47.55,111.45,0.3504,-1,-1,-1
24,120,984.25,457.76,18.85,44.04,0.3145,-1,-1,-1
24,5,725.87,458.47,34.20,41.45,0.3019,-1,-1,-1
25,1,1484.40,405.43,233.15,422.44,0.9321,-1,-1,-1
25,3,588.13,443.20,100.41,267.50,0.9035,-1,-1,-1
25,329,908.94,486.74,99.73,100.12,0.8532,-1,-1,-1
25,330,469.67,442.76,109.70,289.77,0.8460,-1,-1,-1
25,6,933.44,435.25,33.34,81.61,0.8030,-1,-1,-1
25,331,1019.15,435.33,36.38,93.87,0.7994,-1,-1,-1
25,332,1417.82,432.43,65.14,125.25,0.7967,-1,-1,-1
25,333,1659.56,427.71,145.49,371.49,0.7931,-1,-1,-1
25,334,1248.93,446.09,35.07,99.02,0.7629,-1,-1,-1
25,335,1100.55,436.46,35.81,111.61,0.7040,-1,-1,-1
25,336,661.67,458.29,56.58,191.57,0.6272,-1,-1,-1
25,337,1163.43,439.44,25.07,86.93,0.5670,-1,-1,-1
25,338,692.06,450.27,28.41,60.13,0.5628,-1,-1,-1
25,339,1003.06,453.88,20.89,65.35,0.5348,-1,-1,-1
25,340,372.69,444.35,30.93,64.27,0.5033,-1,-1,-1
25,341,720.86,459.26,49.59,100.50,0.4734,-1,-1,-1
25,342,1307.00,431.16,31.32,114.98,0.3964,-1,-1,-1
25,343,578.10,455.31,31.02,132.42,0.3490,-1,-1,-1
25,344,1078.63,483.72,46.32,110.87,0.3312,-1,-1,-1
26,1,1497.08,405.19,220.03,422.74,0.9359,-1,-1,-1
26,3,591.35,443.21,96.72,267.22,0.8902,-1,-1,-1
26,345,909.37,486.47,100.66,100.26,0.8864,-1,-1,-1
26,346,464.89,441.44,115.43,291.73,0.8532,-1,-1,-1
26,347,1670.41,422.60,160.35,377.58,0.8428,-1,-1,-1
26,348,933.35,435.24,33.20,81.59,0.7992,-1,-1,-1
26,349,1249.07,446.40,34.44,97.91,0.7817,-1,-1,-1
26,350,1417.96,433.88,68.79,124.50,0.7773,-1,-1,-1
26,351,1019.79,437.08,35.34,92.46,0.7594,-1,-1,-1
26,352,722.69,459.20,49.56,100.24,0.7009,-1,-1,-1
26,353,660.48,457.91,59.12,192.07,0.6498,-1,-1,-1
26,354,1100.69,436.44,35.83,112.00,0.6469,-1,-1,-1
26,355,693.58,449.85,29.50,68.20,0.5576,-1,-1,-1
26,356,1164.05,439.21,24.33,87.05,0.5323,-1,-1,-1
26,357,1002.71,453.94,21.29,65.92,0.5294,-1,-1,-1
26,358,372.59,444.55,30.52,64.20,0.5149,-1,-1,-1
26,359,1305.51,430.78,32.31,115.21,0.4983,-1,-1,-1
26,360,1079.05,483.83,45.62,111.58,0.4496,-1,-1,-1
26,361,1553.98,443.17,25.31,109.06,0.4167,-1,-1,-1
26,2,577.86,455.04,31.24,132.56,0.3901,-1,-1,-1
26,6,417.20,459.65,40.19,94.03,0.3507,-1,-1,-1
27,1,1513.22,401.16,202.82,426.40,0.9291,-1,-1,-1
27,3,589.05,443.92,98.44,268.43,0.8985,-1,-1,-1
27,7,908.20,486.75,102.86,99.86,0.8799,-1,-1,-1
27,362,1676.29,418.55,169.30,381.54,0.8651,-1,-1,-1
27,363,1419.67,432.51,67.74,125.18,0.8439,-1,-1,-1
27,364,468.11,441.65,113.77,292.89,0.8375,-1,-1,-1
27,365,1249.18,446.40,34.62,97.95,0.7998,-1,-1,-1
27,366,933.41,435.60,33.00,81.67,0.7952,-1,-1,-1
27,367,1020.66,437.74,33.96,91.42,0.7321,-1,-1,-1
27,368,719.93,459.56,51.83,103.44,0.7205,-1,-1,-1
27,2,661.32,458.18,62.96,193.46,0.7175,-1,-1,-1
27,16,1002.33,453.72,23.56,67.16,0.6821,-1,-1,-1
27,5,695.48,448.40,26.53,63.69,0.6053,-1,-1,-1
27,369,373.38,444.49,29.27,64.11,0.5756,-1,-1,-1
27,370,1100.66,436.59,35.75,111.89,0.5621,-1,-1,-1
27,371,1163.30,439.39,25.19,86.83,0.5509,-1,-1,-1
27,6,1303.31,430.79,35.40,114.75,0.4432,-1,-1,-1
27,372,1553.79,443.03,29.28,109.52,0.4154,-1,-1,-1
27,373,575.36,454.37,34.20,133.17,0.3302,-1,-1,-1
28,1,1533.71,400.45,180.57,428.13,0.9061,-1,-1,-1
28,3,589.42,444.31,97.29,268.35,0.8893,-1,-1,-1
28,374,471.76,440.98,109.92,293.52,0.8633,-1,-1,-1
28,375,1421.40,431.86,66.16,125.81,0.8419,-1,-1,-1
28,376,1248.26,446.47,36.82,98.00,0.8068,-1,-1,-1
28,377,933.17,435.82,33.19,81.00,0.7988,-1,-1,-1
28,378,1680.14,417.93,173.18,382.22,0.7955,-1,-1,-1
28,379,910.19,485.71,99.51,100.47,0.7871,-1,-1,-1
28,6,1019.42,438.66,34.13,90.86,0.7335,-1,-1,-1
28,5,721.18,460.03,49.50,103.31,0.7118,-1,-1,-1
28,7,661.24,457.75,61.64,192.63,0.6834,-1,-1,-1
28,380,1099.83,436.36,36.76,111.51,0.6438,-1,-1,-1
28,381,1002.85,454.16,21.97,68.53,0.6133,-1,-1,-1
28,382,697.87,448.08,25.28,64.79,0.5740,-1,-1,-1
28,383,1554.22,442.09,29.94,110.41,0.5358,-1,-1,-1
28,384,1165.49,439.21,23.22,87.07,0.4572,-1,-1,-1
28,385,373.22,444.61,28.64,63.38,0.4412,-1,-1,-1
28,386,1305.69,430.27,32.35,115.75,0.4130,-1,-1,-1
29,1,1553.65,398.22,161.62,431.74,0.8877,-1,-1,-1
29,3,595.77,443.66,92.25,269.11,0.8818,-1,-1,-1
29,387,473.54,441.59,111.91,292.95,0.8590,-1,-1,-1
29,388,1679.55,415.11,185.80,385.96,0.8500,-1,-1,-1
29,389,1427.28,431.60,60.43,127.44,0.8399,-1,-1,-1
29,390,1248.38,446.44,34.01,97.50,0.8144,-1,-1,-1
29,391,908.93,485.51,101.40,100.91,0.8032,-1,-1,-1
29,392,933.18,435.75,33.14,81.33,0.7576,-1,-1,-1
29,7,1020.75,439.33,32.12,90.26,0.6878,-1,-1,-1
29,393,1004.10,453.65,21.67,69.26,0.6439,-1,-1,-1
29,4,697.49,448.43,26.62,67.01,0.6024,-1,-1,-1
29,394,1100.52,436.53,36.44,111.77,0.5413,-1,-1,-1
29,395,1163.56,439.30,24.70,87.10,0.5326,-1,-1,-1
29,396,722.21,460.00,46.73,108.66,0.5316,-1,-1,-1
29,397,1555.40,451.19,29.35,101.79,0.4937,-1,-1,-1
29,398,373.47,444.63,28.28,63.20,0.4462,-1,-1,-1
29,399,1306.71,430.09,32.06,116.16,0.4303,-1,-1,-1
29,400,577.12,454.43,34.37,133.86,0.4248,-1,-1,-1
29,2,662.79,458.21,57.58,195.43,0.4060,-1,-1,-1
29,85,1082.22,483.54,44.16,112.77,0.3755,-1,-1,-1
30,401,598.28,443.77,90.27,268.82,0.8888,-1,-1,-1
30,402,1575.13,397.31,148.46,433.07,0.8739,-1,-1,-1
30,403,1432.25,431.47,55.46,125.47,0.8526,-1,-1,-1
30,404,473.52,439.71,112.59,295.97,0.8489,-1,-1,-1
30,405,1680.82,415.59,170.35,388.99,0.8181,-1,-1,-1
30,406,1248.60,446.47,33.83,97.42,0.8046,-1,-1,-1
30,407,933.19,435.79,32.93,81.00,0.7380,-1,-1,-1
30,408,697.82,448.44,26.20,63.58,0.6206,-1,-1,-1
30,409,1556.31,442.62,28.79,110.48,0.5733,-1,-1,-1
30,410,662.54,457.35,58.15,195.69,0.5487,-1,-1,-1
30,411,1004.37,453.96,21.80,68.73,0.5081,-1,-1,-1
30,412,1307.07,430.28,31.08,115.76,0.5015,-1,-1,-1
30,413,1163.77,439.33,24.03,87.08,0.4959,-1,-1,-1
30,414,576.26,453.08,33.98,135.09,0.4949,-1,-1,-1
30,415,954.70,486.20,55.83,96.31,0.4316,-1,-1,-1
30,416,1099.33,436.58,37.24,111.51,0.4026,-1,-1,-1
30,417,374.30,444.56,26.62,63.12,0.4024,-1,-1,-1
30,418,722.10,460.14,45.84,111.36,0.3919,-1,-1,-1
30,6,1017.17,441.82,33.84,87.62,0.3577,-1,-1,-1
31,419,599.77,443.83,90.67,269.14,0.8836,-1,-1,-1
31,420,1679.92,415.58,217.35,394.03,0.8732,-1,-1,-1
31,421,475.67,439.82,110.32,298.31,0.8540,-1,-1,-1
31,422,1599.09,397.04,138.17,436.62,0.8360,-1,-1,-1
31,423,1439.90,431.54,47.30,125.81,0.8198,-1,-1,-1
31,7,1248.03,446.63,35.35,97.23,0.7766,-1,-1,-1
31,6,932.87,435.64,33.64,81.08,0.7729,-1,-1,-1
31,424,1162.10,439.39,26.45,87.20,0.5590,-1,-1,-1
31,425,1014.70,441.54,36.87,88.25,0.5534,-1,-1,-1
31,426,698.74,450.57,25.69,59.62,0.5256,-1,-1,-1
31,427,954.06,486.80,55.93,96.50,0.5179,-1,-1,-1
31,428,576.66,453.33,34.00,134.51,0.4880,-1,-1,-1
31,429,664.75,462.06,58.04,192.24,0.4745,-1,-1,-1
31,5,372.60,444.60,29.45,62.67,0.4710,-1,-1,-1
31,430,1307.81,430.85,31.69,115.08,0.4581,-1,-1,-1
31,431,1555.59,444.14,29.18,108.98,0.4096,-1,-1,-1
31,432,730.26,460.44,30.09,51.69,0.3997,-1,-1,-1
31,433,577.56,424.44,18.80,35.81,0.3452,-1,-1,-1
31,434,1085.76,436.39,51.11,157.27,0.3084,-1,-1,-1
32,435,1684.54,415.28,225.20,399.16,0.8828,-1,-1,-1
32,436,477.27,440.18,111.12,299.63,0.8798,-1,-1,-1
32,437,601.22,444.40,90.13,268.69,0.8685,-1,-1,-1
32,438,1607.00,396.41,154.16,444.32,0.8422,-1,-1,-1
32,439,932.94,435.63,33.58,81.61,0.7899,-1,-1,-1
32,7,1248.57,446.43,35.41,96.73,0.7812,-1,-1,-1
32,440,1443.36,431.16,44.53,126.47,0.7716,-1,-1,-1
32,441,1015.13,441.70,35.26,87.23,0.7126,-1,-1,-1
32,442,1162.05,439.33,26.11,87.27,0.5706,-1,-1,-1
32,443,954.96,484.86,54.80,97.79,0.5395,-1,-1,-1
32,444,1555.86,442.15,28.59,110.94,0.5182,-1,-1,-1
32,445,664.25,459.18,58.35,194.32,0.5072,-1,-1,-1
32,446,699.54,451.68,26.90,58.29,0.4281,-1,-1,-1
32,447,576.93,454.90,34.66,133.73,0.4124,-1,-1,-1
32,448,720.10,460.60,44.38,114.96,0.3703,-1,-1,-1
32,449,372.74,444.67,28.90,62.26,0.3491,-1,-1,-1
32,6,1081.14,436.36,55.82,159.64,0.3441,-1,-1,-1
33,450,605.05,443.01,87.08,270.32,0.8894,-1,-1,-1
33,451,476.70,440.17,112.17,302.33,0.8831,-1,-1,-1
33,452,1708.29,411.31,211.71,398.35,0.8791,-1,-1,-1
33,1,1613.14,396.58,161.92,445.57,0.8727,-1,-1,-1
33,453,932.77,435.63,33.69,81.52,0.7965,-1,-1,-1
33,6,1247.86,446.39,35.86,97.39,0.7314,-1,-1,-1
33,454,1453.35,431.01,34.09,125.69,0.7081,-1,-1,-1
33,455,951.95,484.52,58.02,98.60,0.6515,-1,-1,-1
33,456,1015.56,441.42,34.90,87.43,0.6490,-1,-1,-1
33,457,664.80,456.92,61.44,197.21,0.6161,-1,-1,-1
33,458,1161.11,439.24,27.14,87.43,0.5645,-1,-1,-1
33,459,372.74,444.53,31.66,63.48,0.5380,-1,-1,-1
33,460,576.27,453.74,35.14,134.82,0.4604,-1,-1,-1
33,461,699.89,454.10,26.47,45.50,0.4479,-1,-1,-1
33,462,732.91,461.08,26.87,39.82,0.3466,-1,-1,-1
33,463,1557.22,442.76,27.70,110.08,0.3186,-1,-1,-1
34,464,606.16,443.02,85.79,270.11,0.8867,-1,-1,-1
34,4,477.44,439.93,111.55,307.52,0.8805,-1,-1,-1
34,465,1618.62,397.68,174.90,459.74,0.8299,-1,-1,-1
34,1,1697.07,431.97,222.35,384.94,0.8139,-1,-1,-1
34,466,1457.52,430.74,32.24,126.66,0.7740,-1,-1,-1
34,467,933.15,436.07,33.02,81.31,0.7546,-1,-1,-1
34,468,1248.87,446.23,37.20,97.62,0.6974,-1,-1,-1
34,469,1011.86,441.03,36.15,86.89,0.6389,-1,-1,-1
34,470,664.65,457.95,61.87,195.71,0.6070,-1,-1,-1
34,471,953.53,483.41,55.51,100.04,0.5423,-1,-1,-1
34,5,731.94,460.79,27.96,71.99,0.4857,-1,-1,-1
34,472,1163.05,439.93,25.35,86.58,0.4744,-1,-1,-1
34,473,372.04,444.13,36.65,64.90,0.4435,-1,-1,-1
34,474,576.08,445.63,36.19,142.68,0.4329,-1,-1,-1
34,475,1004.91,454.55,16.84,61.20,0.3643,-1,-1,-1
34,476,1557.92,455.15,26.44,97.14,0.3535,-1,-1,-1
34,76,577.50,423.23,19.65,38.72,0.3461,-1,-1,-1
34,6,701.64,454.07,25.42,46.11,0.3177,-1,-1,-1
34,7,1083.43,436.44,52.97,155.89,0.3174,-1,-1,-1
35,477,478.63,440.19,110.00,308.09,0.8872,-1,-1,-1
35,478,607.23,443.63,85.26,269.79,0.8806,-1,-1,-1
35,479,1625.63,398.10,191.61,465.11,0.8481,-1,-1,-1
35,480,933.00,436.22,33.04,81.24,0.7726,-1,-1,-1
35,481,1458.56,431.21,32.38,125.64,0.7659,-1,-1,-1
35,482,1009.18,441.11,38.59,86.03,0.7299,-1,-1,-1
35,483,1248.95,446.35,37.29,97.67,0.7291,-1,-1,-1
35,484,910.33,485.07,98.86,101.39,0.7222,-1,-1,-1
35,485,1693.81,402.05,225.85,417.36,0.6824,-1,-1,-1
35,486,665.83,456.46,60.73,199.47,0.6628,-1,-1,-1
35,487,1161.55,439.71,28.16,86.79,0.5699,-1,-1,-1
35,488,703.46,453.14,25.95,45.06,0.5461,-1,-1,-1
35,489,576.52,448.36,37.53,139.76,0.5389,-1,-1,-1
35,490,576.87,423.89,20.18,37.62,0.3881,-1,-1,-1
35,6,1308.16,431.17,32.54,115.30,0.3881,-1,-1,-1
35,491,728.42,460.95,31.69,73.05,0.3845,-1,-1,-1
36,492,1627.37,399.09,229.68,465.49,0.9000,-1,-1,-1
36,493,607.97,443.00,85.04,270.73,0.8870,-1,-1,-1
36,494,478.57,440.55,109.76,310.06,0.8837,-1,-1,-1
36,495,933.03,436.21,32.94,81.71,0.7886,-1,-1,-1
36,7,1456.90,430.55,36.94,126.50,0.7549,-1,-1,-1
36,496,1248.98,446.17,36.40,98.74,0.7355,-1,-1,-1
36,497,1007.96,440.69,38.93,85.42,0.6967,-1,-1,-1
36,498,577.67,454.26,39.10,133.67,0.6963,-1,-1,-1
36,499,668.66,456.78,59.72,198.68,0.6650,-1,-1,-1
36,500,706.09,453.78,24.16,46.42,0.5522,-1,-1,-1
36,501,953.42,485.11,55.45,96.93,0.4943,-1,-1,-1
36,502,731.69,460.81,28.47,74.03,0.4920,-1,-1,-1
36,503,1161.73,439.76,27.19,86.92,0.4828,-1,-1,-1
36,504,1760.07,416.08,159.76,405.74,0.4550,-1,-1,-1
36,505,716.63,490.05,40.35,85.91,0.3960,-1,-1,-1
36,506,576.92,423.87,20.11,37.78,0.3660,-1,-1,-1
36,85,1084.46,435.35,51.57,156.51,0.3222,-1,-1,-1
36,6,1307.97,431.05,31.52,115.25,0.3210,-1,-1,-1
37,507,1629.56,400.43,256.45,458.60,0.9247,-1,-1,-1
37,3,609.00,443.12,84.47,270.49,0.8867,-1,-1,-1
37,508,478.42,439.72,110.62,308.91,0.8854,-1,-1,-1
37,509,1455.31,430.60,40.82,127.44,0.7804,-1,-1,-1
37,510,669.15,456.95,62.59,199.25,0.7786,-1,-1,-1
37,511,933.26,436.38,32.82,81.55,0.7484,-1,-1,-1
37,512,1252.58,446.26,32.57,97.88,0.7121,-1,-1,-1
37,513,1006.39,440.19,40.32,86.31,0.7050,-1,-1,-1
37,514,705.18,452.25,25.76,45.28,0.6090,-1,-1,-1
37,515,731.13,461.59,29.92,72.15,0.5930,-1,-1,-1
37,516,576.67,453.52,41.02,134.26,0.5756,-1,-1,-1
37,517,953.62,484.78,55.75,97.81,0.5586,-1,-1,-1
37,518,1164.56,439.64,25.39,86.85,0.5187,-1,-1,-1
37,519,372.96,444.80,27.85,63.87,0.4753,-1,-1,-1
37,520,577.07,423.87,19.70,37.51,0.3699,-1,-1,-1
37,521,1099.86,435.22,36.68,113.01,0.3413,-1,-1,-1
38,1,1630.05,400.83,272.28,471.16,0.9340,-1,-1,-1
38,3,611.80,443.61,83.31,270.09,0.8779,-1,-1,-1
38,4,479.25,440.95,110.29,308.16,0.8769,-1,-1,-1
38,522,1005.26,439.98,42.21,86.59,0.7574,-1,-1,-1
38,523,933.28,436.37,32.72,81.35,0.7350,-1,-1,-1
38,524,1253.64,446.34,31.51,97.84,0.7178,-1,-1,-1
38,7,1454.73,430.58,43.80,125.72,0.7016,-1,-1,-1
38,525,670.44,457.87,63.96,198.71,0.6942,-1,-1,-1
38,526,954.24,484.67,55.60,98.53,0.6369,-1,-1,-1
38,76,709.35,452.55,22.39,45.00,0.6115,-1,-1,-1
38,527,1161.44,439.47,28.79,87.12,0.5953,-1,-1,-1
38,528,732.39,461.61,28.90,69.93,0.5693,-1,-1,-1
38,529,373.33,444.93,28.04,63.60,0.5557,-1,-1,-1
38,530,578.24,454.84,39.93,133.33,0.5158,-1,-1,-1
38,531,408.14,462.63,41.70,49.69,0.4895,-1,-1,-1
38,532,576.97,424.07,19.73,42.67,0.3607,-1,-1,-1
38,5,488.25,455.56,32.09,62.89,0.3214,-1,-1,-1
38,6,1307.87,430.63,31.67,115.89,0.3100,-1,-1,-1
39,1,1631.07,402.73,276.58,468.58,0.9283,-1,-1,-1
39,533,479.71,440.84,109.51,309.58,0.8780,-1,-1,-1
39,534,613.79,443.91,81.08,269.88,0.8747,-1,-1,-1
39,535,1453.24,431.26,59.08,125.07,0.8256,-1,-1,-1
39,536,1814.63,416.34,104.93,406.74,0.7992,-1,-1,-1
39,537,933.31,436.13,32.74,81.10,0.7752,-1,-1,-1
39,538,671.85,458.84,62.18,198.99,0.7561,-1,-1,-1
39,539,1005.74,440.16,41.60,85.61,0.7242,-1,-1,-1
39,7,1254.96,446.38,31.07,97.86,0.7213,-1,-1,-1
39,540,951.05,485.56,59.12,97.49,0.6757,-1,-1,-1
39,541,716.58,482.21,41.50,95.78,0.6698,-1,-1,-1
39,542,578.52,456.31,41.30,131.70,0.5990,-1,-1,-1
39,543,1160.94,439.63,28.19,86.99,0.5946,-1,-1,-1
39,544,710.44,451.45,22.00,44.14,0.4736,-1,-1,-1
39,545,1085.06,435.54,51.45,159.51,0.4379,-1,-1,-1
39,546,491.55,455.18,29.58,55.18,0.4178,-1,-1,-1
39,6,732.84,461.60,29.75,72.88,0.4133,-1,-1,-1
40,1,1630.88,404.41,287.38,479.53,0.9445,-1,-1,-1
40,547,614.99,444.16,81.95,269.85,0.8805,-1,-1,-1
40,548,479.90,441.47,109.60,309.67,0.8746,-1,-1,-1
40,549,1456.16,431.02,60.77,125.86,0.8309,-1,-1,-1
40,550,1005.37,440.43,42.72,86.47,0.8044,-1,-1,-1
40,551,1256.21,445.37,32.56,98.86,0.7765,-1,-1,-1
40,552,933.68,436.04,32.45,81.00,0.7542,-1,-1,-1
40,553,672.37,459.17,64.26,201.03,0.6963,-1,-1,-1
40,554,578.12,455.16,41.99,132.58,0.6822,-1,-1,-1
40,555,1161.17,439.45,28.38,87.18,0.5788,-1,-1,-1
40,556,1821.57,412.67,98.01,407.76,0.5446,-1,-1,-1
40,557,1085.29,435.82,51.46,159.76,0.5077,-1,-1,-1
40,558,492.56,455.10,28.30,52.34,0.4908,-1,-1,-1
40,559,711.99,452.62,24.05,39.99,0.4824,-1,-1,-1
40,560,409.04,462.87,41.61,48.93,0.4820,-1,-1,-1
40,561,732.87,461.12,31.89,75.23,0.4767,-1,-1,-1
40,6,948.96,484.36,61.43,100.16,0.4499,-1,-1,-1
40,7,1307.85,430.36,31.12,115.86,0.4325,-1,-1,-1
40,5,714.23,483.40,39.63,89.86,0.3261,-1,-1,-1
41,1,1633.78,402.51,285.26,483.23,0.9379,-1,-1,-1
41,562,479.14,441.90,110.38,310.76,0.8820,-1,-1,-1
41,563,613.98,444.29,84.55,269.65,0.8697,-1,-1,-1
41,7,1456.77,431.33,61.10,125.16,0.8256,-1,-1,-1
41,564,1256.28,445.85,33.25,98.31,0.7840,-1,-1,-1
41,565,933.42,436.01,32.80,81.58,0.7691,-1,-1,-1
41,566,1005.45,440.23,41.66,86.23,0.7673,-1,-1,-1
41,567,675.77,462.27,63.19,200.18,0.7545,-1,-1,-1
41,568,578.46,454.61,41.19,134.04,0.6581,-1,-1,-1
41,569,732.81,461.08,32.87,76.36,0.5594,-1,-1,-1
41,570,1161.01,439.76,27.55,86.88,0.5511,-1,-1,-1
41,571,712.46,452.74,26.22,44.15,0.5230,-1,-1,-1
41,572,493.27,455.06,26.85,51.83,0.5055,-1,-1,-1
41,573,408.38,462.80,41.96,48.78,0.4832,-1,-1,-1
41,574,950.15,484.93,60.09,100.36,0.4575,-1,-1,-1
41,575,1307.98,430.45,31.24,116.16,0.4038,-1,-1,-1
41,576,373.82,444.69,28.22,63.04,0.3979,-1,-1,-1
41,2,577.96,424.02,18.97,44.59,0.3179,-1,-1,-1
41,6,1831.89,412.69,87.68,407.24,0.3106,-1,-1,-1
42,1,1641.11,397.71,278.57,488.85,0.9375,-1,-1,-1
42,577,479.20,441.91,110.40,312.96,0.8795,-1,-1,-1
42,578,615.02,444.13,85.41,269.82,0.8685,-1,-1,-1
42,7,1459.34,431.40,60.36,125.60,0.8367,-1,-1,-1
42,579,1256.47,445.86,32.77,98.17,0.7794,-1,-1,-1
42,580,934.06,436.48,32.01,81.12,0.7214,-1,-1,-1
42,6,1007.15,440.51,37.69,85.04,0.7022,-1,-1,-1
42,581,578.46,455.87,42.07,132.46,0.6829,-1,-1,-1
42,582,684.72,473.32,53.26,188.74,0.6199,-1,-1,-1
42,583,489.88,454.91,31.07,50.66,0.5585,-1,-1,-1
42,584,1778.45,386.19,141.24,437.05,0.5462,-1,-1,-1
42,585,1160.91,439.78,28.35,87.05,0.5008,-1,-1,-1
42,586,910.09,486.99,99.97,99.02,0.4543,-1,-1,-1
42,587,733.17,460.87,34.19,85.94,0.4540,-1,-1,-1
42,588,716.12,452.31,23.58,42.91,0.4399,-1,-1,-1
42,589,407.35,462.31,42.94,49.05,0.4375,-1,-1,-1
42,590,577.88,424.21,19.08,43.82,0.4167,-1,-1,-1
42,591,372.91,444.42,40.99,64.36,0.3732,-1,-1,-1
42,592,1099.92,435.55,36.76,113.24,0.3038,-1,-1,-1
43,1,1650.95,396.94,268.85,490.06,0.9431,-1,-1,-1
43,593,617.76,444.14,85.38,269.50,0.8812,-1,-1,-1
43,594,479.12,442.00,109.94,316.45,0.8756,-1,-1,-1
43,7,1463.98,431.39,55.97,124.41,0.8473,-1,-1,-1
43,595,1851.22,394.36,68.33,426.82,0.8430,-1,-1,-1
43,596,1256.59,446.16,32.91,97.73,0.7690,-1,-1,-1
43,597,578.65,454.96,41.38,133.46,0.7162,-1,-1,-1
43,598,933.82,436.24,32.06,81.52,0.7131,-1,-1,-1
43,599,1008.47,440.83,36.60,84.95,0.7072,-1,-1,-1
43,600,682.56,463.13,56.13,199.83,0.6232,-1,-1,-1
43,601,717.03,448.98,21.17,49.36,0.5985,-1,-1,-1
43,602,910.75,485.98,99.13,100.11,0.5781,-1,-1,-1
43,603,1161.57,439.54,27.59,87.17,0.5562,-1,-1,-1
43,604,490.96,454.82,29.41,51.03,0.5376,-1,-1,-1
43,605,1307.69,430.25,31.53,115.78,0.4977,-1,-1,-1
43,606,734.63,461.38,32.43,88.12,0.4962,-1,-1,-1
43,607,407.78,462.63,42.32,49.42,0.4848,-1,-1,-1
43,608,578.71,424.29,18.39,42.29,0.4150,-1,-1,-1
43,609,373.20,444.24,39.41,65.68,0.4022,-1,-1,-1
44,1,1669.26,393.97,250.28,492.81,0.9390,-1,-1,-1
44,610,618.48,444.21,84.66,269.32,0.8863,-1,-1,-1
44,611,478.06,442.08,111.42,318.16,0.8821,-1,-1,-1
44,7,1467.28,431.17,52.41,124.74,0.8431,-1,-1,-1
44,612,1256.65,446.17,32.68,97.86,0.7613,-1,-1,-1
44,613,577.95,454.20,42.71,134.57,0.7160,-1,-1,-1
44,614,734.71,461.16,33.85,95.28,0.6729,-1,-1,-1
44,615,1860.76,406.19,58.86,412.08,0.6696,-1,-1,-1
44,616,683.05,463.14,55.42,200.19,0.6661,-1,-1,-1
44,617,1006.56,441.42,41.05,84.50,0.6559,-1,-1,-1
44,618,935.30,437.27,30.49,80.47,0.6412,-1,-1,-1
44,619,1160.82,439.66,28.96,86.99,0.6236,-1,-1,-1
44,620,717.85,448.96,20.71,46.47,0.5927,-1,-1,-1
44,621,491.22,454.76,28.84,50.59,0.5611,-1,-1,-1
44,622,952.49,485.61,56.76,97.78,0.4535,-1,-1,-1
44,623,1307.96,430.43,31.27,116.12,0.4461,-1,-1,-1
44,624,407.74,462.66,41.91,49.75,0.4084,-1,-1,-1
44,625,578.64,424.10,18.58,41.71,0.4038,-1,-1,-1
44,626,1100.28,436.48,36.22,111.54,0.3144,-1,-1,-1
45,1,1690.53,391.49,229.04,495.66,0.9354,-1,-1,-1
45,3,618.94,444.61,85.43,269.05,0.8796,-1,-1,-1
45,4,478.46,441.59,110.80,319.32,0.8773,-1,-1,-1
45,7,1476.16,431.20,44.18,123.25,0.7724,-1,-1,-1
45,627,1256.84,446.37,34.15,97.74,0.7683,-1,-1,-1
45,628,933.70,436.50,31.91,80.77,0.7237,-1,-1,-1
45,629,1007.31,441.79,39.87,82.66,0.7046,-1,-1,-1
45,630,909.18,485.40,100.02,100.77,0.6683,-1,-1,-1
45,631,577.23,450.81,43.07,138.03,0.6298,-1,-1,-1
45,632,1160.82,439.66,30.54,87.01,0.5956,-1,-1,-1
45,633,717.77,448.43,20.93,47.77,0.5881,-1,-1,-1
45,634,687.74,462.86,53.05,200.84,0.5850,-1,-1,-1
45,635,733.50,461.14,34.75,93.48,0.5490,-1,-1,-1
45,6,489.16,454.74,30.24,51.30,0.5461,-1,-1,-1
45,636,1704.34,432.59,56.92,148.36,0.5434,-1,-1,-1
45,637,406.88,462.53,43.35,50.24,0.5385,-1,-1,-1
45,638,1308.00,430.30,31.14,116.01,0.4546,-1,-1,-1
45,76,578.21,424.03,18.90,41.87,0.3530,-1,-1,-1
45,639,373.65,444.13,33.51,65.41,0.3437,-1,-1,-1
46,1,1712.18,387.32,207.32,499.78,0.9284,-1,-1,-1
46,3,619.11,444.24,86.34,269.54,0.8779,-1,-1,-1
46,4,476.42,440.25,112.04,321.40,0.8633,-1,-1,-1
46,640,1257.31,446.25,33.88,97.62,0.7428,-1,-1,-1
46,641,1484.10,431.23,36.11,122.27,0.7207,-1,-1,-1
46,642,934.06,436.73,31.65,80.32,0.7024,-1,-1,-1
46,643,577.76,456.72,42.19,132.03,0.6638,-1,-1,-1
46,644,1008.74,442.53,35.18,81.61,0.6436,-1,-1,-1
46,645,717.95,448.63,21.99,47.95,0.6419,-1,-1,-1
46,646,1161.20,439.39,30.48,87.27,0.5842,-1,-1,-1
46,647,910.10,484.79,98.79,101.29,0.5769,-1,-1,-1
46,648,736.56,461.46,33.10,74.37,0.5687,-1,-1,-1
46,649,489.35,454.29,28.04,49.17,0.5122,-1,-1,-1
46,650,688.30,462.46,57.64,200.66,0.4744,-1,-1,-1
46,651,1879.59,420.95,39.97,394.45,0.4071,-1,-1,-1
46,652,577.50,423.96,19.44,41.04,0.3303,-1,-1,-1
46,653,1307.29,429.88,32.96,116.49,0.3109,-1,-1,-1
47,1,1734.19,384.15,185.35,502.14,0.9164,-1,-1,-1
47,3,618.95,444.47,86.55,268.76,0.8906,-1,-1,-1
47,4,476.67,439.53,111.63,322.16,0.8723,-1,-1,-1
47,654,1488.94,431.85,32.07,120.57,0.7552,-1,-1,-1
47,655,1257.23,446.28,34.27,97.76,0.7499,-1,-1,-1
47,656,576.98,456.76,43.02,131.86,0.6934,-1,-1,-1
47,657,1007.55,442.31,38.71,83.73,0.6762,-1,-1,-1
47,658,933.80,436.61,31.69,80.55,0.6616,-1,-1,-1
47,659,735.91,461.67,35.22,81.17,0.6455,-1,-1,-1
47,660,688.15,459.32,60.20,203.78,0.6441,-1,-1,-1
47,661,488.74,454.29,28.66,49.06,0.5763,-1,-1,-1
47,7,718.15,447.81,24.38,49.67,0.5715,-1,-1,-1
47,662,1162.17,439.59,29.57,87.03,0.5112,-1,-1,-1
47,663,952.86,484.09,56.45,98.86,0.4758,-1,-1,-1
47,664,1307.08,430.10,32.41,116.06,0.4326,-1,-1,-1
47,665,1085.51,483.25,41.24,111.48,0.3410,-1,-1,-1
47,666,577.53,424.06,19.36,40.48,0.3273,-1,-1,-1
47,6,372.47,444.22,37.35,65.69,0.3063,-1,-1,-1
47,5,608.45,460.05,25.63,76.11,0.3016,-1,-1,-1
48,1,1760.05,383.87,159.57,503.92,0.9063,-1,-1,-1
48,3,619.69,444.35,87.52,268.72,0.8888,-1,-1,-1
48,4,473.72,439.17,114.36,322.32,0.8658,-1,-1,-1
48,667,1258.75,446.08,33.38,97.73,0.7669,-1,-1,-1
48,668,688.45,464.18,57.34,198.74,0.7454,-1,-1,-1
48,669,576.30,447.96,44.44,140.46,0.6570,-1,-1,-1
48,6,1495.46,431.65,26.96,121.67,0.6514,-1,-1,-1
48,5,934.05,436.24,31.58,81.25,0.6442,-1,-1,-1
48,670,718.36,448.15,26.11,49.33,0.6151,-1,-1,-1
48,671,734.85,461.73,36.19,79.56,0.6120,-1,-1,-1
48,672,1085.72,484.84,42.86,111.78,0.5375,-1,-1,-1
48,673,1009.24,442.69,33.94,81.44,0.5334,-1,-1,-1
48,674,1160.67,438.93,28.95,87.85,0.5061,-1,-1,-1
48,675,952.69,486.00,56.57,96.07,0.4660,-1,-1,-1
48,676,489.39,454.39,28.03,47.46,0.4592,-1,-1,-1
48,677,373.63,444.22,38.07,66.11,0.3957,-1,-1,-1
48,678,1306.39,429.61,33.30,116.40,0.3525,-1,-1,-1
48,7,1036.47,466.53,16.23,61.13,0.3509,-1,-1,-1
48,76,578.27,423.98,18.18,41.88,0.3223,-1,-1,-1
49,1,1790.96,382.10,128.68,505.34,0.9093,-1,-1,-1
49,3,620.57,444.60,87.71,268.40,0.8844,-1,-1,-1
49,4,473.32,439.53,114.92,322.02,0.8594,-1,-1,-1
49,679,1259.91,446.22,32.97,97.67,0.7906,-1,-1,-1
49,680,688.93,456.78,57.28,206.12,0.7577,-1,-1,-1
49,681,934.06,436.11,31.43,81.27,0.7302,-1,-1,-1
49,682,737.19,461.28,36.58,76.76,0.6508,-1,-1,-1
49,6,1009.44,442.47,34.05,82.17,0.6320,-1,-1,-1
49,683,575.97,450.71,45.34,137.73,0.6227,-1,-1,-1
49,684,1162.01,439.30,27.83,87.37,0.6216,-1,-1,-1
49,685,952.79,485.53,56.69,96.91,0.5554,-1,-1,-1
49,686,488.50,454.63,28.30,46.10,0.5390,-1,-1,-1
49,687,720.46,448.58,24.71,48.97,0.4907,-1,-1,-1
49,688,1500.42,433.16,22.05,120.83,0.4761,-1,-1,-1
49,689,609.79,460.65,23.40,75.55,0.4677,-1,-1,-1
49,690,373.87,444.30,27.63,63.93,0.3492,-1,-1,-1
49,691,623.09,455.62,16.63,35.81,0.3476,-1,-1,-1
49,692,1086.19,485.04,41.49,110.29,0.3182,-1,-1,-1
50,693,620.61,444.00,90.27,269.03,0.8860,-1,-1,-1
50,694,473.15,439.23,114.58,322.66,0.8727,-1,-1,-1
50,695,1807.96,383.33,111.69,503.68,0.8592,-1,-1,-1
50,7,1259.86,446.49,33.73,97.43,0.7911,-1,-1,-1
50,696,934.68,436.10,31.40,81.39,0.7517,-1,-1,-1
50,697,690.55,456.40,58.46,206.78,0.7493,-1,-1,-1
50,698,1009.24,442.81,36.49,81.27,0.6808,-1,-1,-1
50,699,955.16,485.29,54.41,96.57,0.6174,-1,-1,-1
50,700,723.59,447.35,23.32,49.90,0.5970,-1,-1,-1
50,701,1162.01,439.30,27.31,87.23,0.5828,-1,-1,-1
50,702,739.01,461.32,38.56,71.90,0.5316,-1,-1,-1
50,703,581.92,452.09,39.33,136.36,0.5172,-1,-1,-1
50,704,488.65,454.49,28.30,45.78,0.5061,-1,-1,-1
50,705,1099.50,436.79,36.59,110.93,0.4215,-1,-1,-1
50,706,1307.74,429.90,32.58,116.33,0.4141,-1,-1,-1
50,707,1500.83,433.29,26.49,120.40,0.3743,-1,-1,-1
50,708,609.26,458.89,26.04,77.16,0.3484,-1,-1,-1
50,709,578.42,424.36,18.34,39.58,0.3480,-1,-1,-1
51,710,621.61,444.95,90.88,267.95,0.8906,-1,-1,-1
51,711,1819.66,382.48,99.96,503.23,0.8849,-1,-1,-1
51,712,471.19,439.29,116.58,322.17,0.8754,-1,-1,-1
51,713,689.15,456.37,58.36,206.94,0.7925,-1,-1,-1
51,714,1260.61,446.12,34.52,97.97,0.7576,-1,-1,-1
51,715,934.64,436.09,31.37,81.41,0.7456,-1,-1,-1
51,716,1008.12,442.72,36.45,81.53,0.7201,-1,-1,-1
51,2,954.35,486.25,56.15,96.94,0.5903,-1,-1,-1
51,717,725.51,448.02,21.33,50.41,0.5779,-1,-1,-1
51,6,1162.02,439.38,28.21,87.19,0.5676,-1,-1,-1
51,718,581.63,452.09,39.51,136.46,0.5496,-1,-1,-1
51,719,374.00,444.65,28.39,64.87,0.4996,-1,-1,-1
51,720,488.42,454.38,28.15,45.24,0.4725,-1,-1,-1
51,5,741.23,461.81,37.37,74.42,0.4701,-1,-1,-1
51,721,1517.63,445.40,27.03,107.68,0.4582,-1,-1,-1
51,722,1306.76,430.12,33.39,114.73,0.4287,-1,-1,-1
51,689,608.60,459.84,25.28,76.04,0.3896,-1,-1,-1
51,723,1099.81,436.76,36.77,110.22,0.3416,-1,-1,-1
51,76,578.18,423.29,17.53,40.91,0.3133,-1,-1,-1
51,7,1500.64,435.40,23.39,118.53,0.3082,-1,-1,-1
51,691,623.16,455.50,16.96,35.34,0.3077,-1,-1,-1
52,3,622.16,444.94,90.49,268.06,0.8831,-1,-1,-1
52,724,470.99,439.43,114.94,322.11,0.8798,-1,-1,-1
52,725,1822.96,383.90,96.69,501.57,0.8661,-1,-1,-1
52,726,689.22,456.49,65.30,206.64,0.8100,-1,-1,-1
52,727,1260.32,445.92,33.33,98.03,0.7795,-1,-1,-1
52,728,934.41,436.09,31.29,81.32,0.7452,-1,-1,-1
52,729,577.43,440.28,43.05,148.80,0.7137,-1,-1,-1
52,7,1007.32,441.39,38.11,83.88,0.6783,-1,-1,-1
52,730,954.61,486.18,55.47,96.62,0.6059,-1,-1,-1
52,6,1161.12,439.44,30.26,87.15,0.5359,-1,-1,-1
52,731,727.63,447.55,18.95,50.87,0.4877,-1,-1,-1
52,732,606.49,452.99,28.31,82.93,0.4741,-1,-1,-1
52,733,1519.15,446.66,39.20,104.71,0.3855,-1,-1,-1
52,734,1307.51,430.12,33.18,115.66,0.3369,-1,-1,-1
52,735,489.77,454.30,27.16,43.99,0.3301,-1,-1,-1
53,736,1822.92,385.28,96.62,501.63,0.8994,-1,-1,-1
53,737,623.50,444.42,90.31,269.31,0.8901,-1,-1,-1
53,738,471.15,438.83,113.59,323.15,0.8786,-1,-1,-1
53,2,689.17,457.13,68.01,206.07,0.8227,-1,-1,-1
53,7,1260.15,445.75,34.05,98.05,0.7682,-1,-1,-1
53,6,933.56,435.76,31.71,81.57,0.7518,-1,-1,-1
53,739,579.87,452.04,41.12,136.54,0.6931,-1,-1,-1
53,740,1161.72,439.22,30.30,87.31,0.6237,-1,-1,-1
53,741,727.60,447.09,18.65,51.71,0.5761,-1,-1,-1
53,742,1501.32,440.13,53.46,112.87,0.5721,-1,-1,-1
53,743,954.51,488.59,55.55,93.63,0.5315,-1,-1,-1
53,744,1008.44,441.31,36.19,84.21,0.4867,-1,-1,-1
53,745,1098.87,436.91,36.87,111.64,0.4866,-1,-1,-1
53,746,607.75,457.72,25.87,78.50,0.4384,-1,-1,-1
53,747,1307.87,429.64,32.08,116.33,0.4190,-1,-1,-1
53,76,489.44,454.28,27.63,43.44,0.4057,-1,-1,-1
53,5,742.39,461.32,37.94,97.44,0.3749,-1,-1,-1
54,748,624.80,445.36,88.88,268.06,0.8912,-1,-1,-1
54,749,471.26,437.89,113.59,323.80,0.8852,-1,-1,-1
54,750,1821.18,433.06,98.38,451.78,0.8452,-1,-1,-1
54,751,1260.10,446.68,35.80,97.33,0.7910,-1,-1,-1
54,752,690.83,457.03,65.79,207.83,0.7868,-1,-1,-1
54,6,933.51,435.92,32.12,81.90,0.7789,-1,-1,-1
54,2,580.41,443.74,40.58,145.27,0.7022,-1,-1,-1
54,753,1160.78,439.17,29.18,87.36,0.6262,-1,-1,-1
54,754,1501.45,433.60,58.70,119.23,0.5930,-1,-1,-1
54,755,728.77,446.70,21.44,51.11,0.5330,-1,-1,-1
54,756,954.00,485.81,56.34,96.72,0.5313,-1,-1,-1
54,757,1007.60,441.61,35.85,84.37,0.4688,-1,-1,-1
54,758,1307.23,430.14,32.73,114.98,0.4637,-1,-1,-1
54,759,489.53,454.29,27.97,43.03,0.3881,-1,-1,-1
54,760,623.17,455.71,16.82,36.13,0.3600,-1,-1,-1
54,7,1099.11,436.90,36.88,111.52,0.3571,-1,-1,-1
54,5,605.21,456.54,29.16,79.30,0.3410,-1,-1,-1
54,3,741.69,462.42,38.47,97.22,0.3194,-1,-1,-1
55,761,624.92,444.91,87.98,268.83,0.8936,-1,-1,-1
55,762,471.32,438.53,113.60,323.22,0.8747,-1,-1,-1
55,763,1822.23,427.64,97.31,458.79,0.8000,-1,-1,-1
55,764,695.39,456.84,62.03,207.55,0.7833,-1,-1,-1
55,765,1260.14,446.71,35.45,97.21,0.7769,-1,-1,-1
55,6,933.81,435.66,31.94,82.16,0.7642,-1,-1,-1
55,7,581.08,443.89,40.47,145.33,0.7000,-1,-1,-1
55,5,1160.92,439.41,30.40,87.04,0.6247,-1,-1,-1
55,766,1007.14,441.22,34.30,83.43,0.6247,-1,-1,-1
55,767,954.70,486.29,56.16,96.53,0.5736,-1,-1,-1
55,768,730.00,446.93,21.46,51.58,0.5223,-1,-1,-1
55,769,1099.05,436.67,36.82,111.75,0.5124,-1,-1,-1
55,1,1528.35,446.19,35.58,104.74,0.5116,-1,-1,-1
55,770,1307.57,429.49,32.04,115.88,0.4580,-1,-1,-1
55,771,489.58,454.35,28.32,43.22,0.4165,-1,-1,-1
55,772,373.89,444.45,40.37,65.03,0.3700,-1,-1,-1
55,773,743.94,463.39,38.40,96.29,0.3400,-1,-1,-1
55,3,611.88,456.92,23.47,78.98,0.3098,-1,-1,-1
56,3,624.77,444.43,89.69,269.91,0.8938,-1,-1,-1
56,4,470.50,437.81,115.09,324.38,0.8704,-1,-1,-1
56,774,694.24,457.35,63.44,209.78,0.8094,-1,-1,-1
56,775,1259.94,447.63,35.92,96.34,0.7857,-1,-1,-1
56,776,1823.05,404.47,96.39,482.21,0.7596,-1,-1,-1
56,7,934.16,435.59,31.53,81.73,0.7506,-1,-1,-1
56,2,582.33,454.17,39.83,134.77,0.6723,-1,-1,-1
56,777,1009.19,441.16,33.00,83.03,0.6481,-1,-1,-1
56,778,1160.30,439.23,30.88,87.40,0.6424,-1,-1,-1
56,779,954.11,485.93,56.70,97.30,0.5901,-1,-1,-1
56,780,1099.35,436.41,36.56,112.04,0.5495,-1,-1,-1
56,781,1533.61,450.98,32.36,99.02,0.5043,-1,-1,-1
56,782,730.79,447.17,20.89,49.89,0.4594,-1,-1,-1
56,783,601.61,461.86,31.70,74.06,0.4498,-1,-1,-1
56,784,488.42,454.34,30.75,43.81,0.4086,-1,-1,-1
56,785,1503.33,435.08,54.72,118.12,0.4076,-1,-1,-1
56,786,373.88,444.38,40.20,65.28,0.3593,-1,-1,-1
56,787,742.18,462.15,42.98,92.90,0.3414,-1,-1,-1
56,6,1307.09,428.69,33.01,116.76,0.3162,-1,-1,-1
56,5,1037.29,459.40,20.62,69.03,0.3136,-1,-1,-1
57,1,625.01,444.21,89.76,270.87,0.8986,-1,-1,-1
57,4,470.35,439.24,116.00,322.49,0.8729,-1,-1,-1
57,788,698.26,455.94,60.06,212.22,0.8025,-1,-1,-1
57,789,1824.16,474.98,95.38,410.77,0.7912,-1,-1,-1
57,790,1259.11,446.79,36.61,97.12,0.7667,-1,-1,-1
57,7,934.33,435.68,31.20,81.17,0.7482,-1,-1,-1
57,791,1534.92,452.06,31.62,98.96,0.7060,-1,-1,-1
57,792,1008.18,441.98,32.82,82.21,0.7002,-1,-1,-1
57,793,743.50,462.77,43.95,95.17,0.6406,-1,-1,-1
57,2,954.71,487.23,56.47,95.47,0.6336,-1,-1,-1
57,794,1161.57,439.29,27.70,87.04,0.6295,-1,-1,-1
57,795,582.08,452.45,40.60,136.11,0.6021,-1,-1,-1
57,796,488.45,454.59,31.15,46.82,0.5160,-1,-1,-1
57,797,730.73,447.03,22.28,50.00,0.4975,-1,-1,-1
57,798,373.63,444.36,40.26,65.04,0.4316,-1,-1,-1
57,799,1099.37,436.58,36.51,112.28,0.4074,-1,-1,-1
57,800,1502.35,448.18,21.65,104.30,0.3792,-1,-1,-1
57,801,1036.72,455.54,21.00,72.71,0.3763,-1,-1,-1
57,6,605.14,456.80,30.42,78.78,0.3425,-1,-1,-1
58,3,625.02,443.97,90.45,273.06,0.8988,-1,-1,-1
58,4,473.15,439.11,117.25,323.45,0.8738,-1,-1,-1
58,802,1259.26,447.81,37.19,95.98,0.7942,-1,-1,-1
58,803,697.44,455.71,60.35,215.30,0.7854,-1,-1,-1
58,804,934.41,435.52,31.51,81.30,0.7543,-1,-1,-1
58,805,581.87,455.23,41.88,133.71,0.7247,-1,-1,-1
58,806,1535.98,449.88,32.72,100.77,0.6782,-1,-1,-1
58,6,1009.08,442.24,31.28,82.33,0.6600,-1,-1,-1
58,807,490.30,454.69,30.94,46.18,0.6440,-1,-1,-1
58,808,1161.99,439.10,28.51,87.20,0.6173,-1,-1,-1
58,809,1035.96,452.55,21.73,76.91,0.5750,-1,-1,-1
58,810,954.32,486.71,55.95,95.34,0.5467,-1,-1,-1
58,811,732.96,447.64,20.26,48.71,0.5378,-1,-1,-1
58,812,1507.86,431.95,54.73,120.88,0.4425,-1,-1,-1
58,813,1826.59,602.84,93.02,284.58,0.3958,-1,-1,-1
58,7,745.04,464.54,44.22,92.43,0.3743,-1,-1,-1
58,814,374.31,444.71,28.05,63.26,0.3536,-1,-1,-1
59,3,625.21,443.96,90.24,274.45,0.8997,-1,-1,-1
59,4,472.78,438.37,123.84,324.10,0.8724,-1,-1,-1
59,815,1510.41,432.47,57.14,120.19,0.8080,-1,-1,-1
59,816,1259.86,447.87,36.72,95.85,0.7922,-1,-1,-1
59,817,934.79,435.89,31.31,80.81,0.7749,-1,-1,-1
59,818,699.62,454.89,61.50,210.85,0.7599,-1,-1,-1
59,819,1008.44,442.21,32.08,82.48,0.6528,-1,-1,-1
59,820,1162.51,439.18,25.91,87.07,0.6267,-1,-1,-1
59,821,489.49,454.80,32.50,51.21,0.6107,-1,-1,-1
59,822,953.26,485.94,56.96,97.42,0.6060,-1,-1,-1
59,823,1036.76,454.83,21.54,73.84,0.6011,-1,-1,-1
59,824,1539.95,449.20,29.78,91.13,0.4784,-1,-1,-1
59,825,584.46,455.34,39.36,133.28,0.4690,-1,-1,-1
59,826,1829.96,693.88,89.61,193.23,0.4600,-1,-1,-1
59,827,734.35,447.63,19.95,47.96,0.4321,-1,-1,-1
59,6,375.30,444.61,40.22,65.27,0.3431,-1,-1,-1
60,3,624.35,443.84,90.70,275.58,0.9042,-1,-1,-1
60,4,476.65,441.11,128.60,321.46,0.8424,-1,-1,-1
60,828,1260.23,447.10,36.82,96.52,0.8129,-1,-1,-1
60,829,700.42,455.67,61.24,215.64,0.7838,-1,-1,-1
60,7,934.92,435.80,31.06,81.15,0.7217,-1,-1,-1
60,830,1008.40,442.48,32.30,82.32,0.7071,-1,-1,-1
60,831,581.92,460.45,39.84,128.19,0.7037,-1,-1,-1
60,832,1162.70,438.97,28.18,87.40,0.6547,-1,-1,-1
60,6,487.68,454.87,35.85,54.36,0.6054,-1,-1,-1
60,833,911.63,486.10,98.98,99.88,0.5758,-1,-1,-1
60,823,1036.93,454.00,21.08,75.13,0.5709,-1,-1,-1
60,834,1541.81,444.39,29.17,106.57,0.5637,-1,-1,-1
60,835,745.88,465.22,45.44,94.37,0.5336,-1,-1,-1
60,836,734.74,446.48,21.63,49.72,0.3992,-1,-1,-1
60,837,607.68,452.72,26.95,83.28,0.3702,-1,-1,-1
60,838,1513.38,431.71,48.37,120.03,0.3661,-1,-1,-1
60,747,1308.33,429.82,31.72,115.96,0.3629,-1,-1,-1
60,5,374.85,444.74,42.30,65.42,0.3528,-1,-1,-1
60,76,622.84,453.63,16.89,39.51,0.3493,-1,-1,-1
61,3,623.08,444.67,91.71,276.31,0.9069,-1,-1,-1
61,4,477.58,441.51,135.55,321.08,0.8766,-1,-1,-1
61,839,1260.22,447.25,36.74,96.09,0.8121,-1,-1,-1
61,840,701.08,455.44,61.29,217.71,0.7806,-1,-1,-1
61,6,934.06,435.28,31.70,81.39,0.7324,-1,-1,-1
61,841,581.86,455.13,39.68,133.47,0.7051,-1,-1,-1
61,842,1006.17,443.38,33.90,81.21,0.6961,-1,-1,-1
61,820,1162.64,439.32,24.33,87.01,0.6390,-1,-1,-1
61,843,1036.61,454.75,20.58,74.06,0.5830,-1,-1,-1
61,2,910.97,485.66,98.58,100.47,0.5825,-1,-1,-1
61,844,734.55,447.04,21.82,50.56,0.5810,-1,-1,-1
61,845,483.09,454.75,40.70,59.00,0.5623,-1,-1,-1
61,846,1518.32,431.04,48.09,121.05,0.5217,-1,-1,-1
61,847,1838.94,757.50,80.60,131.23,0.4831,-1,-1,-1
61,848,747.54,465.34,46.62,93.77,0.4152,-1,-1,-1
61,849,608.54,452.73,28.12,83.39,0.3955,-1,-1,-1
61,1,1837.48,387.11,82.20,499.87,0.3572,-1,-1,-1
61,5,1099.62,436.17,36.84,113.46,0.3244,-1,-1,-1
61,7,622.83,454.20,16.36,36.14,0.3229,-1,-1,-1
62,3,622.05,444.38,92.61,278.92,0.9037,-1,-1,-1
62,4,480.12,440.96,139.75,322.33,0.8790,-1,-1,-1
62,850,702.29,456.31,61.15,216.16,0.7983,-1,-1,-1
62,851,1258.26,446.57,37.64,97.29,0.7781,-1,-1,-1
62,7,933.75,435.55,31.57,81.65,0.7585,-1,-1,-1
62,852,1006.06,443.85,33.43,80.16,0.7471,-1,-1,-1
62,853,582.14,456.32,39.30,132.17,0.6850,-1,-1,-1
62,6,1162.46,439.24,26.04,87.00,0.6400,-1,-1,-1
62,854,483.79,454.81,40.64,60.02,0.6235,-1,-1,-1
62,855,735.12,448.19,23.88,50.84,0.5235,-1,-1,-1
62,856,1524.87,430.20,37.65,120.32,0.5205,-1,-1,-1
62,857,950.78,484.15,59.20,99.60,0.4805,-1,-1,-1
62,858,1037.00,456.13,26.06,72.62,0.4578,-1,-1,-1
62,859,1307.46,428.99,31.79,116.29,0.4479,-1,-1,-1
62,860,610.31,452.58,26.78,83.01,0.3969,-1,-1,-1
62,861,984.83,458.28,17.64,24.35,0.3353,-1,-1,-1
62,862,576.68,418.04,18.93,40.09,0.3273,-1,-1,-1
63,3,620.68,446.13,92.56,284.00,0.9035,-1,-1,-1
63,4,476.62,441.47,148.86,322.31,0.9010,-1,-1,-1
63,863,1258.24,445.88,37.74,97.84,0.7876,-1,-1,-1
63,864,700.24,457.98,63.01,215.84,0.7863,-1,-1,-1
63,6,1005.17,443.65,34.79,80.96,0.7512,-1,-1,-1
63,865,933.00,436.00,32.40,81.43,0.7444,-1,-1,-1
63,866,1160.65,439.23,27.95,86.91,0.6784,-1,-1,-1
63,867,581.75,456.56,38.48,131.90,0.6770,-1,-1,-1
63,868,1037.82,454.49,27.04,73.79,0.5744,-1,-1,-1
63,869,735.13,448.33,26.42,52.47,0.5527,-1,-1,-1
63,870,1531.59,431.19,32.93,119.84,0.5108,-1,-1,-1
63,871,496.36,454.70,31.07,42.28,0.4931,-1,-1,-1
63,872,1098.61,437.08,36.85,110.63,0.4816,-1,-1,-1
63,873,910.35,485.00,98.63,100.71,0.4456,-1,-1,-1
63,874,1306.58,429.27,32.79,115.99,0.4309,-1,-1,-1
63,875,576.69,418.94,17.70,36.15,0.3682,-1,-1,-1
63,876,622.51,453.98,15.00,35.67,0.3335,-1,-1,-1
63,76,599.23,423.75,12.24,30.86,0.3060,-1,-1,-1
64,3,620.20,447.09,93.81,281.55,0.9036,-1,-1,-1
64,4,478.22,442.53,147.86,321.35,0.8791,-1,-1,-1
64,877,701.43,458.71,61.89,215.90,0.7870,-1,-1,-1
64,878,1005.18,444.16,34.45,80.28,0.7824,-1,-1,-1
64,879,1258.25,444.69,37.27,98.99,0.7647,-1,-1,-1
64,6,932.78,436.01,32.21,81.18,0.7433,-1,-1,-1
64,880,580.75,455.40,39.13,132.78,0.6926,-1,-1,-1
64,881,1161.49,439.22,25.93,87.03,0.6542,-1,-1,-1
64,882,495.83,454.77,31.00,39.84,0.5956,-1,-1,-1
64,76,734.63,448.72,28.35,50.65,0.5641,-1,-1,-1
64,883,1098.22,437.07,37.00,110.52,0.5361,-1,-1,-1
64,884,1306.16,429.63,32.63,115.54,0.5241,-1,-1,-1
64,885,1037.33,454.40,22.52,73.73,0.4692,-1,-1,-1
64,886,952.29,485.51,56.37,97.64,0.4062,-1,-1,-1
64,887,1535.04,430.13,31.26,120.36,0.3882,-1,-1,-1
64,888,576.55,419.23,17.65,34.94,0.3692,-1,-1,-1
64,889,1556.00,444.57,21.67,88.28,0.3114,-1,-1,-1
64,7,608.89,453.50,26.41,79.17,0.3060,-1,-1,-1
65,3,619.05,446.97,95.04,281.99,0.9037,-1,-1,-1
65,4,479.79,443.70,150.09,320.93,0.8645,-1,-1,-1
65,890,701.47,458.29,61.63,216.57,0.8092,-1,-1,-1
65,891,1003.99,444.20,34.84,79.83,0.8042,-1,-1,-1
65,892,932.52,436.04,32.39,81.21,0.7689,-1,-1,-1
65,893,1258.15,444.40,37.56,99.64,0.7545,-1,-1,-1
65,894,1160.69,438.80,26.28,87.42,0.6444,-1,-1,-1
65,895,737.06,449.05,25.76,50.85,0.5857,-1,-1,-1
65,896,494.60,454.97,35.15,42.14,0.5494,-1,-1,-1
65,897,1097.86,436.99,37.02,111.09,0.5467,-1,-1,-1
65,898,583.63,455.49,35.78,132.77,0.5385,-1,-1,-1
65,899,909.59,485.98,98.72,99.50,0.4689,-1,-1,-1
65,900,1305.67,429.88,33.04,115.70,0.4616,-1,-1,-1
65,6,1035.03,455.10,28.52,73.40,0.4602,-1,-1,-1
65,901,1536.18,430.30,31.13,120.78,0.4541,-1,-1,-1
65,902,750.40,465.58,41.17,95.38,0.4076,-1,-1,-1
65,903,607.20,453.43,28.06,76.78,0.3549,-1,-1,-1
66,3,618.66,446.50,94.97,283.95,0.9061,-1,-1,-1
66,4,481.51,442.73,160.24,324.20,0.8823,-1,-1,-1
66,2,701.20,456.62,64.12,218.32,0.8178,-1,-1,-1
66,6,1004.35,444.25,33.87,80.11,0.7864,-1,-1,-1
66,904,932.52,436.18,32.07,80.62,0.7757,-1,-1,-1
66,905,1258.10,444.71,37.68,98.87,0.7754,-1,-1,-1
66,906,738.42,450.05,23.99,49.54,0.6861,-1,-1,-1
66,907,1160.97,439.10,26.28,87.19,0.6159,-1,-1,-1
66,5,494.55,454.88,34.32,44.41,0.6062,-1,-1,-1
66,908,581.53,456.30,38.05,131.65,0.5920,-1,-1,-1
66,909,1098.12,437.04,36.74,110.38,0.5519,-1,-1,-1
66,910,1536.27,431.20,31.43,120.58,0.5361,-1,-1,-1
66,911,371.65,444.29,30.21,61.51,0.4779,-1,-1,-1
66,7,1034.74,451.45,27.49,77.77,0.4452,-1,-1,-1
66,912,1305.71,429.52,32.96,115.58,0.3829,-1,-1,-1
66,913,415.68,459.54,33.74,50.08,0.3186,-1,-1,-1
67,3,618.47,446.71,96.23,285.05,0.9027,-1,-1,-1
67,4,490.68,442.67,152.05,324.53,0.8665,-1,-1,-1
67,2,702.47,457.13,62.81,218.44,0.8140,-1,-1,-1
67,7,1003.07,444.01,36.18,80.14,0.7975,-1,-1,-1
67,914,1258.24,445.52,37.46,98.12,0.7890,-1,-1,-1
67,915,932.84,436.06,32.22,80.99,0.7715,-1,-1,-1
67,916,739.70,451.29,23.25,48.39,0.6511,-1,-1,-1
67,917,1098.31,436.98,36.90,110.44,0.6316,-1,-1,-1
67,918,1161.38,438.74,26.66,87.55,0.6223,-1,-1,-1
67,919,493.88,454.65,34.18,52.30,0.5257,-1,-1,-1
67,920,1538.76,431.57,33.79,119.31,0.4952,-1,-1,-1
67,921,371.73,444.24,30.07,61.81,0.4927,-1,-1,-1
67,922,1305.92,429.76,32.53,115.42,0.4017,-1,-1,-1
67,5,982.97,457.73,19.67,53.00,0.3992,-1,-1,-1
67,1,1034.56,452.05,30.67,76.40,0.3840,-1,-1,-1
67,923,585.08,453.37,34.30,134.14,0.3767,-1,-1,-1
67,6,415.89,459.64,34.00,49.46,0.3132,-1,-1,-1
68,3,616.70,445.25,96.40,286.75,0.8966,-1,-1,-1
68,4,493.51,443.75,149.87,323.56,0.8861,-1,-1,-1
68,2,701.65,456.53,65.48,219.02,0.8355,-1,-1,-1
68,6,1003.57,443.50,35.37,80.07,0.8045,-1,-1,-1
68,924,1258.35,448.08,36.43,95.54,0.7961,-1,-1,-1
68,925,933.13,436.08,32.14,81.20,0.7483,-1,-1,-1
68,926,1159.85,439.35,27.11,86.81,0.6793,-1,-1,-1
68,927,740.94,450.89,25.12,48.24,0.6502,-1,-1,-1
68,928,1098.76,436.64,36.71,110.95,0.6340,-1,-1,-1
68,929,951.68,485.02,57.59,97.70,0.6186,-1,-1,-1
68,930,1542.86,432.07,29.67,119.16,0.5894,-1,-1,-1
68,931,496.01,454.45,33.11,55.14,0.4897,-1,-1,-1
68,932,1307.08,430.52,31.89,114.62,0.4002,-1,-1,-1
68,933,369.77,444.46,46.56,63.89,0.3727,-1,-1,-1
68,934,1034.22,449.58,32.56,78.50,0.3133,-1,-1,-1
69,3,615.72,445.04,96.75,287.70,0.9030,-1,-1,-1
69,4,497.28,443.49,145.54,324.65,0.8977,-1,-1,-1
69,2,701.31,456.74,65.72,218.73,0.8207,-1,-1,-1
69,935,1258.38,448.04,36.24,95.56,0.7947,-1,-1,-1
69,936,1003.66,443.18,31.92,80.67,0.7762,-1,-1,-1
69,6,933.27,436.15,31.93,81.05,0.7548,-1,-1,-1
69,937,1160.80,439.32,26.47,87.06,0.6736,-1,-1,-1
69,938,740.67,449.34,26.25,48.93,0.6453,-1,-1,-1
69,769,1098.88,436.57,37.22,111.72,0.6233,-1,-1,-1
69,939,953.05,485.46,56.55,97.33,0.5874,-1,-1,-1
69,7,1544.25,431.38,38.65,119.24,0.4958,-1,-1,-1
69,940,1306.37,430.79,31.05,114.85,0.4760,-1,-1,-1
69,941,496.31,454.56,32.11,56.47,0.4554,-1,-1,-1
69,942,1035.66,451.11,32.86,75.20,0.4083,-1,-1,-1
69,943,369.77,444.57,33.54,63.86,0.3828,-1,-1,-1
70,3,615.80,445.11,96.36,287.65,0.9070,-1,-1,-1
70,4,496.94,444.01,145.85,323.95,0.8779,-1,-1,-1
70,2,701.30,456.86,67.25,218.08,0.7964,-1,-1,-1
70,944,1258.33,447.31,35.40,96.20,0.7906,-1,-1,-1
70,945,1003.16,443.09,35.10,80.74,0.7630,-1,-1,-1
70,6,933.28,436.14,31.94,81.03,0.7599,-1,-1,-1
70,5,1160.92,439.33,26.19,87.04,0.6687,-1,-1,-1
70,946,1098.94,436.63,37.21,111.51,0.6239,-1,-1,-1
70,947,1543.67,430.76,36.36,119.74,0.5892,-1,-1,-1
70,7,953.03,487.12,56.39,95.87,0.5829,-1,-1,-1
70,948,743.49,449.17,25.58,49.68,0.5723,-1,-1,-1
70,949,496.34,454.62,32.89,58.58,0.4914,-1,-1,-1
70,950,369.33,444.47,48.74,63.86,0.4534,-1,-1,-1
70,951,1037.62,451.51,31.72,59.33,0.3985,-1,-1,-1
70,952,1306.94,430.02,31.60,116.15,0.3629,-1,-1,-1
71,3,614.16,443.86,97.05,288.76,0.9024,-1,-1,-1
71,4,501.83,444.31,140.69,323.91,0.8639,-1,-1,-1
71,2,701.09,455.32,68.59,219.30,0.8053,-1,-1,-1
71,953,1002.60,442.85,35.81,81.23,0.7845,-1,-1,-1
71,954,1258.38,448.13,36.13,95.34,0.7788,-1,-1,-1
71,7,932.93,436.42,32.27,80.85,0.7691,-1,-1,-1
71,6,1160.48,439.39,26.38,86.77,0.6534,-1,-1,-1
71,955,1545.17,431.72,39.18,118.93,0.6310,-1,-1,-1
71,956,1098.60,436.73,36.99,109.89,0.6199,-1,-1,-1
71,957,744.88,451.41,24.40,46.74,0.5013,-1,-1,-1
71,958,496.04,454.66,33.13,75.98,0.4876,-1,-1,-1
71,959,369.02,444.51,45.91,63.39,0.4217,-1,-1,-1
71,960,1041.95,452.59,27.39,55.46,0.4114,-1,-1,-1
71,961,1307.32,430.63,31.05,115.47,0.3759,-1,-1,-1
71,962,762.16,468.41,37.78,39.77,0.3553,-1,-1,-1
72,3,613.12,443.66,97.19,288.77,0.8957,-1,-1,-1
72,4,507.50,442.97,134.63,324.87,0.8745,-1,-1,-1
72,2,701.02,455.00,70.19,219.91,0.8161,-1,-1,-1
72,963,1258.44,446.07,37.27,97.50,0.7770,-1,-1,-1
72,964,932.67,436.28,32.61,80.80,0.7744,-1,-1,-1
72,5,1003.70,443.05,33.77,81.05,0.7632,-1,-1,-1
72,7,1160.25,439.37,26.89,86.81,0.6677,-1,-1,-1
72,965,1098.83,436.70,36.76,110.40,0.6390,-1,-1,-1
72,966,1043.79,453.74,30.21,53.67,0.5750,-1,-1,-1
72,967,370.42,444.74,30.58,63.03,0.5191,-1,-1,-1
72,968,750.20,447.60,22.36,52.03,0.5188,-1,-1,-1
72,969,1545.65,430.40,38.53,120.68,0.4883,-1,-1,-1
72,970,953.18,484.60,55.57,97.90,0.4480,-1,-1,-1
72,971,496.11,454.62,32.90,76.02,0.4296,-1,-1,-1
72,972,478.14,467.36,27.93,99.43,0.4265,-1,-1,-1
72,6,1307.47,430.47,31.43,115.62,0.3873,-1,-1,-1
73,3,510.28,441.84,131.63,325.94,0.8891,-1,-1,-1
73,4,615.92,443.82,93.94,288.10,0.8848,-1,-1,-1
73,2,700.90,454.94,68.68,220.12,0.8062,-1,-1,-1
73,973,1004.02,442.99,33.33,80.66,0.7752,-1,-1,-1
73,974,1258.46,445.24,36.77,98.34,0.7569,-1,-1,-1
73,975,933.05,436.34,32.06,80.59,0.7473,-1,-1,-1
73,6,1160.19,439.34,26.97,86.80,0.6750,-1,-1,-1
73,976,476.64,466.22,29.05,102.13,0.6383,-1,-1,-1
73,977,1098.77,436.66,36.84,110.53,0.6344,-1,-1,-1
73,978,1043.06,454.42,30.69,53.03,0.6091,-1,-1,-1
73,979,1546.79,432.28,36.94,118.13,0.5629,-1,-1,-1
73,980,751.06,448.79,20.86,60.39,0.5124,-1,-1,-1
73,981,369.76,444.51,32.42,63.30,0.4663,-1,-1,-1
73,982,496.37,454.93,32.79,87.16,0.3992,-1,-1,-1
73,983,1307.14,430.36,31.76,115.56,0.3521,-1,-1,-1
73,7,417.45,459.40,31.90,49.70,0.3480,-1,-1,-1
74,4,512.47,439.78,129.19,327.93,0.8890,-1,-1,-1
74,3,619.26,443.89,90.77,287.75,0.8761,-1,-1,-1
74,2,701.48,455.02,67.57,219.83,0.8117,-1,-1,-1
74,984,1003.68,443.06,35.35,79.92,0.7959,-1,-1,-1
74,985,1258.05,447.74,38.40,96.33,0.7836,-1,-1,-1
74,6,932.91,436.45,31.85,80.58,0.7167,-1,-1,-1
74,986,473.35,466.98,30.97,100.22,0.6341,-1,-1,-1
74,987,1160.55,439.37,26.91,86.85,0.6209,-1,-1,-1
74,988,750.96,449.61,21.24,54.50,0.5232,-1,-1,-1
74,989,1043.02,453.55,31.25,53.14,0.5016,-1,-1,-1
74,990,910.22,483.80,98.46,101.53,0.4958,-1,-1,-1
74,991,1099.07,436.68,36.42,110.77,0.4836,-1,-1,-1
74,992,1547.49,432.00,38.03,118.51,0.4519,-1,-1,-1
74,993,371.63,444.57,31.46,64.18,0.4371,-1,-1,-1
74,994,495.79,454.65,33.26,93.57,0.4220,-1,-1,-1
74,995,1306.86,430.11,32.01,116.28,0.3530,-1,-1,-1
75,4,516.52,440.10,125.36,327.86,0.8829,-1,-1,-1
75,3,621.49,443.51,88.12,288.44,0.8809,-1,-1,-1
75,2,701.79,454.81,75.08,219.70,0.7926,-1,-1,-1
75,996,1258.19,448.13,38.09,95.89,0.7902,-1,-1,-1
75,997,1003.38,443.25,35.03,79.66,0.7724,-1,-1,-1
75,6,932.86,436.47,32.41,80.37,0.7361,-1,-1,-1
75,998,1044.15,453.65,30.40,54.97,0.6437,-1,-1,-1
75,999,470.57,467.46,34.87,100.91,0.6343,-1,-1,-1
75,1000,1161.25,439.45,25.32,86.81,0.5829,-1,-1,-1
75,7,1099.14,436.71,36.52,110.54,0.5641,-1,-1,-1
75,1001,751.41,449.71,22.73,48.67,0.5592,-1,-1,-1
75,1002,496.20,454.93,31.73,60.18,0.5518,-1,-1,-1
75,1003,370.95,444.58,31.43,63.94,0.4268,-1,-1,-1
75,1004,1306.89,430.96,31.95,114.39,0.3674,-1,-1,-1
75,1005,982.83,455.80,22.77,54.35,0.3503,-1,-1,-1
75,1006,941.45,484.64,67.54,98.47,0.3441,-1,-1,-1
76,4,519.32,441.49,122.82,326.99,0.8740,-1,-1,-1
76,3,622.71,443.17,86.52,289.23,0.8713,-1,-1,-1
76,2,702.56,454.22,71.91,220.69,0.8345,-1,-1,-1
76,1007,1258.11,448.71,38.55,95.35,0.7948,-1,-1,-1
76,1008,1004.21,443.93,32.87,79.45,0.7658,-1,-1,-1
76,6,932.93,436.49,32.41,80.35,0.7399,-1,-1,-1
76,1009,470.97,467.14,33.94,103.89,0.6798,-1,-1,-1
76,1010,1046.40,453.78,28.07,55.56,0.6153,-1,-1,-1
76,1011,1161.24,439.46,25.40,86.82,0.5881,-1,-1,-1
76,5,1099.06,436.72,36.55,110.51,0.5541,-1,-1,-1
76,1012,751.86,450.23,23.00,48.27,0.5030,-1,-1,-1
76,1013,496.23,454.98,31.54,58.69,0.4844,-1,-1,-1
76,1014,983.96,458.17,21.03,52.07,0.4393,-1,-1,-1
76,1015,1306.80,430.95,32.07,114.66,0.4320,-1,-1,-1
76,1016,370.84,444.41,31.50,63.14,0.3757,-1,-1,-1
76,1017,1030.69,466.80,12.94,48.33,0.3099,-1,-1,-1
77,4,526.06,440.15,116.95,329.46,0.8850,-1,-1,-1
77,3,703.15,453.53,76.72,221.54,0.8817,-1,-1,-1
77,2,623.71,442.32,85.93,289.91,0.8597,-1,-1,-1
77,7,1258.11,448.73,38.54,95.35,0.7970,-1,-1,-1
77,1018,932.79,436.46,32.56,80.35,0.7490,-1,-1,-1
77,1019,1003.21,444.10,33.45,79.24,0.7382,-1,-1,-1
77,1020,470.27,465.96,31.04,98.92,0.6228,-1,-1,-1
77,1021,1161.08,439.45,25.59,86.83,0.5958,-1,-1,-1
77,1022,1047.44,454.27,26.94,55.82,0.5699,-1,-1,-1
77,6,1099.08,436.77,36.53,110.43,0.5634,-1,-1,-1
77,5,752.49,449.63,23.85,51.21,0.4970,-1,-1,-1
77,1023,1306.73,430.99,31.76,114.44,0.4583,-1,-1,-1
77,1024,494.67,454.86,33.56,98.53,0.3957,-1,-1,-1
77,1025,370.92,444.42,31.35,62.34,0.3719,-1,-1,-1
77,1026,517.31,444.85,64.27,116.15,0.3485,-1,-1,-1
78,1027,704.38,454.82,82.83,220.98,0.8892,-1,-1,-1
78,1028,624.42,442.24,83.66,290.19,0.8656,-1,-1,-1
78,3,530.16,439.90,114.03,329.82,0.8553,-1,-1,-1
78,7,1258.24,447.21,38.17,96.85,0.8093,-1,-1,-1
78,1029,1000.92,444.80,39.13,78.61,0.7691,-1,-1,-1
78,1030,932.94,436.38,32.28,80.46,0.7004,-1,-1,-1
78,1020,470.18,467.02,30.60,95.89,0.6791,-1,-1,-1
78,1031,753.97,448.57,23.26,48.56,0.5737,-1,-1,-1
78,1032,1163.89,439.55,24.64,86.61,0.5433,-1,-1,-1
78,1033,517.02,445.92,66.55,117.03,0.4974,-1,-1,-1
78,1034,495.86,455.11,30.23,59.45,0.4807,-1,-1,-1
78,1035,1048.33,453.94,25.66,54.45,0.4625,-1,-1,-1
78,1036,983.91,453.01,19.78,58.34,0.4552,-1,-1,-1
78,1037,1306.91,431.24,31.98,114.05,0.4222,-1,-1,-1
78,1038,1099.56,436.48,35.82,157.73,0.3029,-1,-1,-1
79,1039,705.69,454.79,90.51,221.11,0.8778,-1,-1,-1
79,3,625.32,442.28,83.24,290.41,0.8662,-1,-1,-1
79,4,531.46,441.15,115.17,330.09,0.8539,-1,-1,-1
79,7,1257.99,448.01,38.19,96.06,0.8106,-1,-1,-1
79,5,1002.69,444.94,35.85,78.39,0.7183,-1,-1,-1
79,6,933.73,436.36,31.81,80.14,0.6692,-1,-1,-1
79,1020,469.31,466.61,31.16,96.55,0.6538,-1,-1,-1
79,1040,496.05,454.99,30.35,61.00,0.6198,-1,-1,-1
79,1041,1162.51,439.45,27.14,86.82,0.5650,-1,-1,-1
79,1042,756.47,446.86,22.07,50.63,0.4923,-1,-1,-1
79,1043,983.71,452.23,20.00,59.28,0.4785,-1,-1,-1
79,1044,518.15,446.97,67.91,114.34,0.4725,-1,-1,-1
79,1045,1307.20,431.46,31.68,113.72,0.3914,-1,-1,-1
79,1046,1049.16,453.92,25.39,53.63,0.3483,-1,-1,-1
79,1047,519.50,459.87,29.94,57.31,0.3306,-1,-1,-1
80,2,707.11,455.95,94.84,219.85,0.8943,-1,-1,-1
80,1048,534.14,439.81,114.98,334.77,0.8654,-1,-1,-1
80,3,627.38,441.65,79.57,290.81,0.8571,-1,-1,-1
80,7,1258.28,448.34,37.91,95.52,0.8046,-1,-1,-1
80,1049,932.94,436.02,32.64,80.53,0.7338,-1,-1,-1
80,5,1003.46,445.00,33.52,78.26,0.6642,-1,-1,-1
80,1050,1161.07,439.29,28.12,87.01,0.6237,-1,-1,-1
80,1051,469.42,467.02,29.87,97.14,0.6184,-1,-1,-1
80,1052,496.19,454.92,30.51,59.92,0.5672,-1,-1,-1
80,1053,518.15,460.01,34.77,58.15,0.4566,-1,-1,-1
80,1054,983.51,449.42,21.29,61.94,0.4478,-1,-1,-1
80,1055,757.79,446.77,21.53,48.26,0.4323,-1,-1,-1
80,1056,517.38,444.48,71.64,117.63,0.4243,-1,-1,-1
80,1057,678.02,456.53,27.34,38.98,0.3665,-1,-1,-1
80,1058,910.78,500.28,100.97,85.63,0.3616,-1,-1,-1
80,6,1307.35,431.53,31.99,113.67,0.3412,-1,-1,-1
80,4,517.76,445.43,72.43,284.81,0.3055,-1,-1,-1
81,3,709.11,455.45,99.18,220.70,0.9042,-1,-1,-1
81,1059,535.63,439.32,114.32,338.20,0.8577,-1,-1,-1
81,1060,630.16,441.64,76.53,290.36,0.8575,-1,-1,-1
81,7,1258.27,446.78,37.59,97.15,0.7947,-1,-1,-1
81,1061,932.84,436.05,32.88,80.71,0.7500,-1,-1,-1
81,5,1003.04,444.92,32.26,78.16,0.7033,-1,-1,-1
81,1062,469.19,466.71,29.63,96.14,0.6733,-1,-1,-1
81,1063,1161.32,439.33,28.24,86.95,0.5687,-1,-1,-1
81,1064,910.94,491.17,101.32,94.98,0.5481,-1,-1,-1
81,1065,983.63,449.55,21.87,61.64,0.4524,-1,-1,-1
81,1066,758.33,447.38,21.63,48.63,0.4521,-1,-1,-1
81,1067,495.18,454.39,32.41,83.66,0.4417,-1,-1,-1
81,1068,520.76,444.88,67.84,114.71,0.3907,-1,-1,-1
81,1069,1306.92,431.15,31.96,114.08,0.3898,-1,-1,-1
81,1070,677.63,457.18,28.00,38.22,0.3576,-1,-1,-1
81,6,1100.12,436.79,36.12,111.65,0.3354,-1,-1,-1
81,2,370.89,444.14,37.82,63.40,0.3125,-1,-1,-1
81,4,520.87,444.00,69.41,294.30,0.3016,-1,-1,-1
82,2,711.85,456.14,99.16,219.77,0.8987,-1,-1,-1
82,4,537.59,441.25,114.74,340.26,0.8869,-1,-1,-1
82,3,631.87,441.69,73.34,289.74,0.8635,-1,-1,-1
82,7,1259.28,447.27,38.08,96.58,0.7871,-1,-1,-1
82,6,933.23,436.13,32.64,81.05,0.7597,-1,-1,-1
82,5,1004.85,445.13,33.41,78.59,0.7312,-1,-1,-1
82,1071,1163.40,439.12,24.90,87.15,0.6648,-1,-1,-1
82,1072,468.77,466.71,29.79,98.57,0.6317,-1,-1,-1
82,1073,494.53,454.24,33.08,90.51,0.5330,-1,-1,-1
82,1074,1100.42,436.67,35.71,111.49,0.4763,-1,-1,-1
82,1075,759.56,447.44,22.24,48.25,0.4611,-1,-1,-1
82,1076,519.50,445.45,70.87,289.06,0.3833,-1,-1,-1
82,1056,519.79,445.16,69.47,121.64,0.3737,-1,-1,-1
82,1077,983.41,449.68,22.10,61.27,0.3733,-1,-1,-1
82,1078,682.91,457.27,25.29,38.81,0.3536,-1,-1,-1
82,1079,1307.24,430.53,31.80,115.44,0.3489,-1,-1,-1
83,2,714.86,457.43,97.47,220.19,0.9023,-1,-1,-1
83,4,541.25,440.33,114.02,343.07,0.8783,-1,-1,-1
83,3,635.39,441.34,73.47,290.90,0.8454,-1,-1,-1
83,7,1259.44,447.97,37.83,96.24,0.8137,-1,-1,-1
83,1080,1004.67,444.54,35.23,79.33,0.7629,-1,-1,-1
83,5,933.87,436.20,32.06,81.19,0.7414,-1,-1,-1
83,1081,467.97,466.99,30.96,97.29,0.6632,-1,-1,-1
83,1082,1162.21,438.94,25.75,87.56,0.6548,-1,-1,-1
83,1083,759.90,447.33,24.15,48.24,0.5215,-1,-1,-1
83,1084,517.98,446.30,72.87,293.15,0.4735,-1,-1,-1
83,1085,496.16,454.56,30.07,64.54,0.4486,-1,-1,-1
83,1086,1100.11,436.73,36.34,111.05,0.4460,-1,-1,-1
83,1087,910.28,484.40,100.02,101.44,0.3956,-1,-1,-1
83,1088,1307.93,431.03,30.82,114.45,0.3798,-1,-1,-1
83,6,684.40,457.30,29.70,39.64,0.3158,-1,-1,-1
84,2,717.42,457.02,94.82,221.54,0.9003,-1,-1,-1
84,4,541.93,440.41,114.14,344.28,0.8645,-1,-1,-1
84,3,636.25,441.22,73.53,290.87,0.8551,-1,-1,-1
84,7,1259.63,447.98,37.89,96.16,0.8168,-1,-1,-1
84,6,1005.11,444.66,36.30,79.55,0.7785,-1,-1,-1
84,5,934.03,436.21,31.94,81.35,0.7533,-1,-1,-1
84,1089,467.58,466.51,31.95,99.59,0.6859,-1,-1,-1
84,1090,1163.70,438.83,24.50,87.49,0.6711,-1,-1,-1
84,1091,1100.20,436.92,36.34,110.84,0.5430,-1,-1,-1
84,1092,519.53,445.76,71.56,290.19,0.5324,-1,-1,-1
84,1093,761.65,447.44,23.33,45.67,0.5159,-1,-1,-1
84,1094,496.39,454.47,31.41,67.30,0.4838,-1,-1,-1
84,1095,372.98,444.55,34.11,65.45,0.4273,-1,-1,-1
84,1096,1308.42,430.99,31.11,114.30,0.3909,-1,-1,-1
84,1097,910.02,485.71,100.34,99.77,0.3854,-1,-1,-1
85,2,719.75,456.25,93.64,222.82,0.8995,-1,-1,-1
85,4,544.34,441.56,112.88,343.79,0.8596,-1,-1,-1
85,3,637.00,441.22,75.79,290.66,0.8565,-1,-1,-1
85,7,1260.85,447.68,36.70,96.03,0.8200,-1,-1,-1
85,6,1004.29,444.89,36.76,79.04,0.8081,-1,-1,-1
85,1,910.95,484.36,98.80,101.42,0.7033,-1,-1,-1
85,1098,934.95,436.31,31.04,80.88,0.6817,-1,-1,-1
85,5,1163.16,438.89,26.82,87.58,0.6186,-1,-1,-1
85,1099,465.94,467.64,30.94,85.59,0.5768,-1,-1,-1
85,1100,761.97,447.73,23.50,45.41,0.5272,-1,-1,-1
85,1101,503.04,448.05,88.71,287.65,0.4556,-1,-1,-1
85,1102,494.73,454.71,33.72,67.00,0.4548,-1,-1,-1
85,1103,685.14,456.14,30.08,68.38,0.4261,-1,-1,-1
85,1104,1100.28,436.57,36.87,112.00,0.4041,-1,-1,-1
85,1105,1308.53,430.89,30.75,115.21,0.3419,-1,-1,-1
86,2,721.26,455.12,93.51,224.99,0.8900,-1,-1,-1
86,4,636.89,441.86,80.58,290.14,0.8591,-1,-1,-1
86,3,544.86,441.62,112.01,342.17,0.8582,-1,-1,-1
86,7,1261.10,447.23,36.00,96.50,0.8080,-1,-1,-1
86,6,1004.27,445.26,36.25,79.01,0.7859,-1,-1,-1
86,1106,934.47,436.06,31.48,81.55,0.7347,-1,-1,-1
86,1107,911.16,484.66,97.96,101.17,0.7111,-1,-1,-1
86,1108,465.51,467.61,32.35,98.16,0.6563,-1,-1,-1
86,1109,1162.97,438.69,25.56,87.84,0.6560,-1,-1,-1
86,1110,522.57,447.62,69.52,293.47,0.5673,-1,-1,-1
86,1111,686.88,455.59,29.18,71.05,0.4919,-1,-1,-1
86,5,493.76,454.52,31.93,83.09,0.4469,-1,-1,-1
86,1112,711.31,462.58,33.90,99.49,0.4224,-1,-1,-1
86,1113,1101.22,437.28,35.55,111.64,0.4164,-1,-1,-1
86,1114,1308.18,430.63,31.29,114.94,0.3887,-1,-1,-1
86,1052,508.25,464.87,40.88,71.75,0.3010,-1,-1,-1
87,1115,638.11,441.58,83.48,292.10,0.8819,-1,-1,-1
87,3,721.62,455.91,92.78,223.75,0.8797,-1,-1,-1
87,4,546.11,442.24,111.93,341.20,0.8607,-1,-1,-1
87,7,1261.07,448.19,35.97,95.72,0.8040,-1,-1,-1
87,6,1004.89,444.45,35.77,79.66,0.7941,-1,-1,-1
87,1116,464.48,467.88,33.03,97.90,0.7420,-1,-1,-1
87,1117,933.78,435.98,32.19,81.75,0.7339,-1,-1,-1
87,1118,522.84,447.54,70.45,300.36,0.5597,-1,-1,-1
87,1119,1163.07,439.16,24.44,87.22,0.5480,-1,-1,-1
87,1120,1100.91,436.78,35.96,111.82,0.4600,-1,-1,-1
87,1121,1307.89,430.63,31.38,114.91,0.4306,-1,-1,-1
87,1122,944.43,484.58,64.45,98.48,0.4302,-1,-1,-1
87,1123,494.14,454.51,30.84,86.30,0.4205,-1,-1,-1
87,1124,373.51,444.84,29.94,63.78,0.3884,-1,-1,-1
87,1125,711.40,464.87,36.36,94.35,0.3800,-1,-1,-1
87,5,688.73,455.79,27.38,66.92,0.3562,-1,-1,-1
87,1056,522.82,450.02,67.66,113.04,0.3244,-1,-1,-1
87,2,1886.07,409.62,33.47,213.55,0.3227,-1,-1,-1
88,1126,722.69,454.74,92.38,224.99,0.8769,-1,-1,-1
88,1127,638.36,442.63,86.77,290.59,0.8702,-1,-1,-1
88,4,541.83,441.30,117.36,343.17,0.8252,-1,-1,-1
88,1128,1004.74,444.61,35.59,79.28,0.7962,-1,-1,-1
88,1129,1261.10,447.74,35.51,95.79,0.7909,-1,-1,-1
88,1130,522.00,447.21,69.80,301.14,0.7470,-1,-1,-1
88,7,934.38,436.22,31.80,81.63,0.7380,-1,-1,-1
88,1131,464.61,467.33,33.15,97.96,0.6591,-1,-1,-1
88,6,1161.30,439.09,26.78,87.25,0.5863,-1,-1,-1
88,1132,496.29,454.84,28.89,61.32,0.5123,-1,-1,-1
88,1133,1100.57,436.90,36.34,112.50,0.4783,-1,-1,-1
88,1134,945.86,483.97,63.03,98.65,0.4038,-1,-1,-1
88,1135,509.15,463.84,39.03,77.20,0.3633,-1,-1,-1
88,1136,1308.14,430.78,31.85,114.99,0.3361,-1,-1,-1
88,1137,713.37,467.71,37.51,94.64,0.3206,-1,-1,-1
89,1138,638.88,441.55,89.81,291.89,0.8809,-1,-1,-1
89,1139,724.40,453.55,91.43,226.36,0.8712,-1,-1,-1
89,4,543.69,442.11,116.30,343.42,0.8340,-1,-1,-1
89,1140,1005.10,445.15,35.29,79.19,0.7937,-1,-1,-1
89,1141,1261.11,447.33,36.02,96.20,0.7882,-1,-1,-1
89,1142,934.20,436.40,31.99,81.25,0.7355,-1,-1,-1
89,1143,516.77,448.70,73.81,299.09,0.7145,-1,-1,-1
89,6,373.71,444.64,41.35,65.35,0.6160,-1,-1,-1
89,5,1161.75,439.02,25.69,87.27,0.6007,-1,-1,-1
89,1144,495.34,454.59,29.35,78.38,0.5214,-1,-1,-1
89,1145,430.65,460.39,32.14,61.37,0.5127,-1,-1,-1
89,1146,463.95,468.05,32.26,89.25,0.4937,-1,-1,-1
89,1147,943.77,484.68,65.27,97.72,0.4292,-1,-1,-1
89,1148,1308.27,430.83,31.36,114.81,0.4232,-1,-1,-1
89,1111,691.04,455.17,32.73,77.42,0.3913,-1,-1,-1
89,3,1101.06,437.12,36.02,111.79,0.3739,-1,-1,-1
89,1052,507.97,464.09,38.25,78.48,0.3722,-1,-1,-1
89,7,716.12,447.91,51.26,117.18,0.3510,-1,-1,-1
90,1149,727.70,452.34,90.29,227.22,0.8808,-1,-1,-1
90,1150,639.25,441.86,93.11,292.02,0.8744,-1,-1,-1
90,4,542.49,441.84,118.74,345.34,0.8180,-1,-1,-1
90,5,1006.05,444.99,33.34,79.60,0.7881,-1,-1,-1
90,7,1261.06,447.02,36.11,96.00,0.7880,-1,-1,-1
90,1151,520.40,448.56,68.89,298.30,0.7231,-1,-1,-1
90,1152,934.85,436.49,31.27,80.67,0.6928,-1,-1,-1
90,1153,430.80,444.82,33.59,77.32,0.6714,-1,-1,-1
90,1020,1161.03,439.12,26.85,87.19,0.6007,-1,-1,-1
90,6,496.08,454.69,28.51,67.99,0.5719,-1,-1,-1
90,1154,373.88,444.42,40.39,65.16,0.4690,-1,-1,-1
90,1155,1856.43,526.30,47.88,129.79,0.4652,-1,-1,-1
90,1156,463.90,467.79,32.11,97.49,0.4223,-1,-1,-1
90,1157,944.07,484.78,64.90,98.20,0.3891,-1,-1,-1
90,1158,1308.32,430.56,31.46,115.63,0.3533,-1,-1,-1
90,3,717.61,453.08,42.90,110.64,0.3069,-1,-1,-1
90,2,1886.54,410.96,33.00,213.78,0.3043,-1,-1,-1
90,1056,693.48,456.20,30.91,57.63,0.3001,-1,-1,-1
91,1159,640.04,442.62,94.53,291.46,0.8776,-1,-1,-1
91,1160,729.64,451.57,88.62,227.88,0.8759,-1,-1,-1
91,1161,911.79,485.46,98.35,100.48,0.8258,-1,-1,-1
91,1162,541.30,442.11,121.09,348.09,0.7986,-1,-1,-1
91,1163,1005.66,445.37,35.50,78.87,0.7929,-1,-1,-1
91,1164,1260.13,447.00,36.99,96.78,0.7832,-1,-1,-1
91,1165,934.58,436.50,31.77,81.19,0.7561,-1,-1,-1
91,1166,522.77,448.42,65.09,298.03,0.7352,-1,-1,-1
91,1167,462.77,466.96,31.27,99.37,0.7038,-1,-1,-1
91,6,431.24,450.45,33.06,70.07,0.5988,-1,-1,-1
91,1168,1161.79,438.74,27.26,87.70,0.5369,-1,-1,-1
91,1169,496.89,455.02,27.89,60.62,0.5032,-1,-1,-1
91,1170,1097.36,436.44,39.63,144.92,0.4032,-1,-1,-1
91,1171,1855.44,521.90,49.71,134.58,0.3947,-1,-1,-1
91,1172,374.12,444.46,39.66,64.02,0.3898,-1,-1,-1
91,1173,1308.20,430.55,31.58,115.32,0.3817,-1,-1,-1
92,3,641.16,444.35,95.12,291.93,0.8817,-1,-1,-1
92,2,733.65,451.29,85.77,228.56,0.8604,-1,-1,-1
92,1174,1005.71,445.96,35.18,78.24,0.7919,-1,-1,-1
92,1175,1259.03,445.67,37.21,98.03,0.7763,-1,-1,-1
92,1176,540.91,441.22,123.26,351.57,0.7587,-1,-1,-1
92,1177,934.81,436.57,31.59,81.18,0.7547,-1,-1,-1
92,1178,521.88,448.01,68.37,298.80,0.7512,-1,-1,-1
92,1179,462.05,467.44,31.56,99.97,0.6532,-1,-1,-1
92,1180,431.47,456.98,32.63,64.13,0.6504,-1,-1,-1
92,1181,1162.63,438.32,26.37,88.08,0.5712,-1,-1,-1
92,1182,911.68,485.41,98.26,100.01,0.5268,-1,-1,-1
92,1183,493.29,454.86,30.96,94.32,0.5242,-1,-1,-1
92,1184,373.85,444.29,41.59,66.23,0.4584,-1,-1,-1
92,1185,1100.19,436.72,37.00,112.98,0.4446,-1,-1,-1
92,1186,1856.87,525.95,47.66,130.13,0.4057,-1,-1,-1
92,1187,696.68,456.46,30.60,70.90,0.3569,-1,-1,-1
93,3,641.68,444.26,94.79,293.45,0.8683,-1,-1,-1
93,2,735.79,450.78,84.29,229.52,0.8554,-1,-1,-1
93,1188,543.16,441.30,119.73,351.98,0.8124,-1,-1,-1
93,1189,1005.44,446.35,35.37,78.27,0.8039,-1,-1,-1
93,1190,1257.15,445.45,39.42,98.11,0.7517,-1,-1,-1
93,1191,934.80,436.68,31.64,81.01,0.7467,-1,-1,-1
93,1192,911.11,485.14,98.07,100.71,0.6802,-1,-1,-1
93,1193,517.28,448.53,72.93,298.47,0.6536,-1,-1,-1
93,1020,459.11,466.87,33.45,100.24,0.6451,-1,-1,-1
93,1194,1162.38,438.27,26.38,88.16,0.5957,-1,-1,-1
93,1195,373.76,444.50,42.06,64.69,0.4776,-1,-1,-1
93,6,433.79,457.16,28.74,58.41,0.4290,-1,-1,-1
93,1196,496.34,454.83,27.96,73.37,0.4167,-1,-1,-1
93,1197,1099.24,436.46,37.87,154.16,0.3901,-1,-1,-1
93,1198,1856.80,524.44,48.00,131.74,0.3786,-1,-1,-1
93,1199,724.68,446.51,42.73,116.31,0.3234,-1,-1,-1
94,3,642.60,444.56,94.65,295.23,0.8725,-1,-1,-1
94,2,738.08,451.49,82.12,228.34,0.8562,-1,-1,-1
94,1200,1005.60,447.14,34.13,77.47,0.7939,-1,-1,-1
94,1201,546.74,441.98,116.45,358.46,0.7873,-1,-1,-1
94,1202,934.75,436.59,31.72,81.07,0.7662,-1,-1,-1
94,1203,1256.97,445.80,38.95,97.65,0.7649,-1,-1,-1
94,1204,911.98,484.63,97.32,101.13,0.6744,-1,-1,-1
94,1205,519.30,448.94,73.05,299.15,0.6701,-1,-1,-1
94,1206,1162.22,438.22,26.51,88.19,0.5988,-1,-1,-1
94,1207,457.62,467.98,36.05,98.77,0.5299,-1,-1,-1
94,1208,496.72,455.21,26.16,61.88,0.5284,-1,-1,-1
94,1209,1097.02,436.57,39.72,154.81,0.4916,-1,-1,-1
94,1210,373.46,444.43,39.34,63.88,0.4215,-1,-1,-1
94,1211,1856.81,525.86,47.58,130.10,0.4100,-1,-1,-1
94,1212,436.09,457.19,26.91,58.37,0.3858,-1,-1,-1
94,7,725.07,445.83,44.61,117.90,0.3814,-1,-1,-1
95,3,643.41,443.87,93.81,297.86,0.8787,-1,-1,-1
95,2,742.92,450.93,77.26,229.63,0.8583,-1,-1,-1
95,1213,1005.40,447.22,33.86,77.63,0.8119,-1,-1,-1
95,1214,544.50,441.47,118.91,361.22,0.7921,-1,-1,-1
95,1215,1256.24,446.05,40.09,97.45,0.7726,-1,-1,-1
95,1216,934.62,436.61,31.89,81.13,0.7348,-1,-1,-1
95,1217,518.66,447.94,71.54,299.46,0.6221,-1,-1,-1
95,1218,950.56,484.39,58.85,99.34,0.5966,-1,-1,-1
95,1219,457.20,468.28,35.09,98.85,0.5872,-1,-1,-1
95,1220,1162.54,438.77,26.08,87.56,0.5791,-1,-1,-1
95,1221,496.03,455.11,26.74,61.18,0.5636,-1,-1,-1
95,1222,728.73,445.74,42.32,117.59,0.4614,-1,-1,-1
95,1223,372.59,444.57,41.02,65.52,0.4174,-1,-1,-1
95,1224,438.09,457.55,25.82,61.30,0.3560,-1,-1,-1
95,1225,1856.40,525.63,47.62,130.11,0.3495,-1,-1,-1
95,1226,1307.60,430.66,32.28,112.74,0.3328,-1,-1,-1
95,6,1099.99,436.46,36.80,156.68,0.3310,-1,-1,-1
96,3,644.11,444.64,93.67,296.96,0.8797,-1,-1,-1
96,2,747.01,450.79,76.22,231.46,0.8533,-1,-1,-1
96,7,910.13,483.91,100.05,102.02,0.8393,-1,-1,-1
96,1227,1005.22,447.21,33.21,77.42,0.8074,-1,-1,-1
96,1228,551.28,441.53,111.61,363.87,0.7753,-1,-1,-1
96,1229,1253.53,446.02,41.45,97.36,0.7473,-1,-1,-1
96,1230,456.29,468.57,35.57,98.99,0.7133,-1,-1,-1
96,1231,935.72,436.84,30.70,80.38,0.6639,-1,-1,-1
96,1232,1161.71,438.81,27.45,87.53,0.5960,-1,-1,-1
96,1233,514.74,449.00,77.21,298.79,0.5923,-1,-1,-1
96,1234,732.29,447.44,42.60,115.59,0.5589,-1,-1,-1
96,1235,1308.06,430.56,31.89,114.36,0.4094,-1,-1,-1
96,1236,1099.53,435.64,37.27,155.57,0.3984,-1,-1,-1
96,1237,495.67,455.06,25.22,61.72,0.3943,-1,-1,-1
96,1238,705.58,454.26,27.87,43.40,0.3648,-1,-1,-1
96,1239,373.06,444.62,35.27,64.80,0.3459,-1,-1,-1
97,3,644.58,443.39,95.60,297.98,0.8739,-1,-1,-1
97,2,749.18,451.83,75.68,232.21,0.8554,-1,-1,-1
97,5,910.12,484.45,99.81,101.59,0.8097,-1,-1,-1
97,1240,1005.05,447.20,33.22,77.32,0.8003,-1,-1,-1
97,1241,541.98,440.09,120.97,363.91,0.8000,-1,-1,-1
97,1242,1253.38,445.59,42.42,97.84,0.7647,-1,-1,-1
97,1243,456.54,468.52,33.20,99.52,0.7444,-1,-1,-1
97,7,935.61,436.86,30.76,81.13,0.6647,-1,-1,-1
97,1244,1162.12,438.86,26.28,87.42,0.6323,-1,-1,-1
97,1245,512.14,448.64,80.89,298.02,0.5329,-1,-1,-1
97,1246,437.46,457.21,25.18,62.66,0.4510,-1,-1,-1
97,1247,496.38,455.16,25.16,59.80,0.4209,-1,-1,-1
97,1248,734.83,446.68,42.52,117.09,0.3958,-1,-1,-1
97,1249,1099.25,436.33,37.46,157.26,0.3723,-1,-1,-1
97,1250,373.10,444.63,36.48,64.86,0.3507,-1,-1,-1
97,1251,1308.15,430.21,31.56,115.13,0.3320,-1,-1,-1
97,6,708.25,455.30,28.28,48.96,0.3150,-1,-1,-1
98,3,644.96,442.28,95.07,299.51,0.8866,-1,-1,-1
98,2,751.48,451.23,76.12,235.64,0.8772,-1,-1,-1
98,4,909.34,484.17,102.31,101.80,0.8564,-1,-1,-1
98,1252,541.60,439.25,121.24,365.35,0.8397,-1,-1,-1
98,1253,1004.06,447.28,34.23,77.10,0.7794,-1,-1,-1
98,7,1252.24,446.01,42.98,97.17,0.7502,-1,-1,-1
98,1020,456.37,468.17,33.26,99.29,0.7200,-1,-1,-1
98,6,934.96,436.72,31.48,80.81,0.7076,-1,-1,-1
98,5,1161.93,439.08,26.40,87.22,0.6384,-1,-1,-1
98,1254,373.55,444.38,36.29,66.54,0.5207,-1,-1,-1
98,1255,507.93,447.82,85.00,299.03,0.5180,-1,-1,-1
98,1256,1307.89,430.71,33.01,114.58,0.4329,-1,-1,-1
98,1257,1093.83,437.10,42.77,155.79,0.3728,-1,-1,-1
98,1258,709.79,456.02,28.88,47.77,0.3553,-1,-1,-1
98,1259,496.03,455.09,25.04,59.99,0.3406,-1,-1,-1
99,3,646.68,441.31,98.71,300.12,0.8746,-1,-1,-1
99,2,753.22,452.30,75.38,236.03,0.8645,-1,-1,-1
99,1260,537.46,438.72,125.80,365.74,0.8521,-1,-1,-1
99,1261,910.59,484.38,99.37,101.72,0.8383,-1,-1,-1
99,1262,1002.72,446.98,35.66,77.70,0.8114,-1,-1,-1
99,1263,934.56,436.45,32.38,81.02,0.7769,-1,-1,-1
99,1264,1251.73,446.43,41.61,96.58,0.7648,-1,-1,-1
99,1265,456.77,468.58,34.46,98.55,0.6956,-1,-1,-1
99,4,1162.22,438.40,25.87,87.88,0.6231,-1,-1,-1
99,1266,504.78,447.84,88.53,300.34,0.5076,-1,-1,-1
99,1267,1100.77,436.74,36.48,113.34,0.4647,-1,-1,-1
99,1268,374.06,444.79,34.06,65.48,0.4367,-1,-1,-1
99,1269,737.79,446.38,52.54,120.29,0.3330,-1,-1,-1
99,1270,714.19,456.70,27.20,45.41,0.3108,-1,-1,-1
100,3,648.61,441.06,103.45,299.83,0.8689,-1,-1,-1
100,2,754.74,452.18,72.77,232.92,0.8599,-1,-1,-1
100,1271,538.15,438.06,125.82,366.63,0.8467,-1,-1,-1
100,1272,1002.89,447.14,35.68,77.59,0.8081,-1,-1,-1
100,7,910.75,483.97,99.31,102.41,0.7812,-1,-1,-1
100,1273,1252.26,446.51,40.87,96.63,0.7606,-1,-1,-1
100,1274,935.12,436.37,32.35,80.97,0.7380,-1,-1,-1
100,1275,456.14,468.69,36.46,98.65,0.6834,-1,-1,-1
100,1276,507.51,446.88,84.14,298.56,0.5275,-1,-1,-1
100,1277,1164.54,438.91,24.70,87.38,0.4430,-1,-1,-1
100,1278,717.33,456.97,28.59,43.46,0.4144,-1,-1,-1
100,1279,1100.53,436.93,36.58,154.91,0.4052,-1,-1,-1
101,3,650.40,441.25,102.43,300.37,0.8588,-1,-1,-1
101,1280,538.38,437.74,123.86,367.65,0.8439,-1,-1,-1
101,1281,756.07,452.27,69.15,237.66,0.8296,-1,-1,-1
101,1282,911.55,483.37,98.66,103.23,0.8156,-1,-1,-1
101,1283,1003.74,447.62,34.52,76.44,0.7987,-1,-1,-1
101,1284,935.41,436.48,32.54,81.32,0.7587,-1,-1,-1
101,1285,1251.54,446.58,40.18,96.58,0.7350,-1,-1,-1
101,1020,456.66,469.39,32.29,98.01,0.6396,-1,-1,-1
101,1286,1163.07,439.11,27.24,87.18,0.5660,-1,-1,-1
101,1287,374.05,445.15,33.51,64.72,0.5375,-1,-1,-1
101,1288,504.37,446.88,88.04,299.72,0.4610,-1,-1,-1
101,1289,1101.32,436.41,36.20,111.50,0.4605,-1,-1,-1
101,4,488.52,455.30,31.96,97.00,0.3309,-1,-1,-1
101,6,720.45,457.94,26.40,46.99,0.3140,-1,-1,-1
102,3,651.77,440.55,102.14,300.99,0.8761,-1,-1,-1
102,1290,539.86,438.13,124.15,366.21,0.8527,-1,-1,-1
102,1291,757.38,452.85,76.88,233.51,0.8465,-1,-1,-1
102,1292,1004.51,447.77,33.75,76.04,0.8198,-1,-1,-1
102,1293,912.17,482.36,97.24,103.95,0.8082,-1,-1,-1
102,1294,935.43,436.46,32.64,81.86,0.7558,-1,-1,-1
102,1295,1252.90,446.45,35.91,96.75,0.7334,-1,-1,-1
102,5,456.44,468.41,32.47,99.26,0.5442,-1,-1,-1
102,1296,1163.18,439.15,26.22,87.08,0.5428,-1,-1,-1
102,1297,374.40,445.05,32.33,64.64,0.5199,-1,-1,-1
102,1298,1101.89,436.95,35.70,113.04,0.3985,-1,-1,-1
102,1299,488.40,455.02,33.04,94.06,0.3980,-1,-1,-1
102,4,502.65,446.51,90.19,300.74,0.3975,-1,-1,-1
102,1020,442.70,457.20,26.43,58.41,0.3945,-1,-1,-1
102,1056,525.59,444.74,63.07,126.60,0.3758,-1,-1,-1
102,7,747.29,444.86,39.63,123.79,0.3599,-1,-1,-1
102,2,1308.84,429.89,33.56,115.72,0.3578,-1,-1,-1
102,6,723.83,457.58,25.16,50.06,0.3116,-1,-1,-1
103,3,652.90,440.34,101.91,301.22,0.8880,-1,-1,-1
103,4,539.45,439.04,124.94,365.68,0.8557,-1,-1,-1
103,1300,1004.03,446.59,34.24,77.64,0.8259,-1,-1,-1
103,1301,757.94,453.59,76.68,234.26,0.8214,-1,-1,-1
103,1302,1251.25,446.03,37.76,97.36,0.7536,-1,-1,-1
103,7,912.33,482.99,96.40,103.07,0.7366,-1,-1,-1
103,1303,935.45,436.92,32.28,81.02,0.7145,-1,-1,-1
103,2,526.51,444.27,63.82,128.39,0.6189,-1,-1,-1
103,6,1161.96,439.13,28.30,87.20,0.5453,-1,-1,-1
103,1020,455.09,466.21,31.82,101.42,0.4644,-1,-1,-1
103,1304,1308.72,430.60,32.04,114.76,0.4075,-1,-1,-1
103,1305,1100.74,436.93,36.56,151.77,0.3643,-1,-1,-1
103,1306,490.64,473.73,48.51,119.97,0.3447,-1,-1,-1
103,1307,725.37,457.30,26.74,52.64,0.3031,-1,-1,-1
104,3,655.72,439.94,99.42,301.48,0.8833,-1,-1,-1
104,4,538.43,436.61,126.83,369.47,0.8507,-1,-1,-1
104,1308,759.05,453.61,78.79,238.91,0.8411,-1,-1,-1
104,1309,1004.70,446.00,33.24,78.36,0.8114,-1,-1,-1
104,1310,1250.40,446.44,39.49,97.20,0.7374,-1,-1,-1
104,1311,935.28,436.87,32.40,80.38,0.7185,-1,-1,-1
104,1312,910.61,485.01,97.47,101.46,0.7047,-1,-1,-1
104,1313,1160.98,439.11,28.74,87.31,0.6616,-1,-1,-1
104,1314,526.74,444.78,65.65,126.67,0.5755,-1,-1,-1
104,1315,1100.78,437.08,36.43,112.36,0.5724,-1,-1,-1
104,1316,1307.37,430.00,32.67,115.59,0.4395,-1,-1,-1
104,1317,451.90,468.02,35.87,99.67,0.4204,-1,-1,-1
104,1318,726.50,456.20,26.84,62.53,0.3619,-1,-1,-1
104,1319,374.20,444.25,29.13,65.25,0.3381,-1,-1,-1
104,6,486.18,454.85,36.97,93.15,0.3051,-1,-1,-1
105,3,657.47,440.01,102.37,301.78,0.8880,-1,-1,-1
105,4,539.58,436.75,125.33,368.79,0.8525,-1,-1,-1
105,1320,910.12,485.06,98.16,101.41,0.8498,-1,-1,-1
105,1321,759.86,453.69,77.21,240.93,0.8258,-1,-1,-1
105,1322,1004.59,445.87,33.35,78.43,0.8006,-1,-1,-1
105,1323,1250.27,446.71,35.07,96.89,0.7123,-1,-1,-1
105,1324,935.10,436.57,32.80,80.10,0.7088,-1,-1,-1
105,1325,1162.35,439.47,26.61,86.82,0.6429,-1,-1,-1
105,1326,1100.96,436.35,35.78,116.90,0.6165,-1,-1,-1
105,1327,527.40,446.85,65.91,123.84,0.5800,-1,-1,-1
105,6,1308.27,431.44,31.36,114.13,0.5062,-1,-1,-1
105,1328,446.83,465.45,36.63,102.65,0.4730,-1,-1,-1
105,1329,728.31,455.44,26.37,57.34,0.4271,-1,-1,-1
106,3,659.38,440.17,104.25,302.14,0.8846,-1,-1,-1
106,4,540.40,436.13,126.74,369.49,0.8657,-1,-1,-1
106,1330,909.89,485.05,98.93,101.51,0.8583,-1,-1,-1
106,1331,760.78,454.24,74.02,241.34,0.8235,-1,-1,-1
106,1332,1005.00,446.21,32.97,78.00,0.7977,-1,-1,-1
106,1333,1249.73,446.02,34.77,97.82,0.7277,-1,-1,-1
106,7,934.84,436.50,32.80,80.25,0.7203,-1,-1,-1
106,5,1162.00,439.59,27.34,86.74,0.6692,-1,-1,-1
106,1334,445.50,465.97,37.10,102.24,0.6030,-1,-1,-1
106,1335,528.68,448.74,64.95,124.56,0.5480,-1,-1,-1
106,1336,1099.47,435.98,37.04,154.36,0.5029,-1,-1,-1
106,1337,731.18,455.39,30.23,62.17,0.3596,-1,-1,-1
106,1338,373.06,444.51,32.28,65.30,0.3513,-1,-1,-1
106,6,1308.95,431.08,30.65,114.42,0.3446,-1,-1,-1
106,2,504.82,452.02,83.53,295.73,0.3377,-1,-1,-1
107,3,660.56,439.38,103.82,302.40,0.8790,-1,-1,-1
107,4,540.84,435.47,131.97,370.28,0.8758,-1,-1,-1
107,1330,909.61,483.86,99.72,102.53,0.8329,-1,-1,-1
107,2,762.12,454.52,75.85,242.87,0.8074,-1,-1,-1
107,5,1005.49,447.01,32.66,76.82,0.7960,-1,-1,-1
107,7,1240.92,446.39,44.03,97.40,0.7426,-1,-1,-1
107,6,934.77,436.90,34.55,80.67,0.7381,-1,-1,-1
107,1020,1162.07,439.05,26.61,87.34,0.5332,-1,-1,-1
107,1339,733.49,455.09,28.82,67.27,0.5007,-1,-1,-1
107,1056,529.11,449.48,65.80,124.36,0.4590,-1,-1,-1
107,1340,446.38,466.95,35.91,100.25,0.4563,-1,-1,-1
107,1341,1308.31,430.33,31.23,115.24,0.3788,-1,-1,-1
107,1342,506.30,450.61,88.06,296.38,0.3667,-1,-1,-1
107,1113,1101.51,436.68,35.63,112.41,0.3568,-1,-1,-1
107,1338,374.11,444.51,30.63,65.48,0.3491,-1,-1,-1
108,3,539.18,436.15,135.23,368.54,0.8858,-1,-1,-1
108,1343,661.63,439.04,101.29,304.01,0.8809,-1,-1,-1
108,7,909.15,484.19,100.01,102.22,0.8554,-1,-1,-1
108,2,761.74,454.33,74.97,243.69,0.8133,-1,-1,-1
108,5,1005.87,448.47,32.49,75.65,0.7547,-1,-1,-1
108,1344,934.26,436.84,37.07,80.83,0.7282,-1,-1,-1
108,1345,1241.18,446.18,43.89,97.43,0.7157,-1,-1,-1
108,6,1162.03,439.06,26.89,87.37,0.5368,-1,-1,-1
108,1346,502.50,451.33,93.36,295.41,0.3919,-1,-1,-1
108,1347,1308.35,431.00,31.52,114.33,0.3838,-1,-1,-1
108,1348,735.49,454.62,28.12,61.33,0.3743,-1,-1,-1
108,1349,442.76,456.43,23.94,60.97,0.3610,-1,-1,-1
108,1350,1101.62,436.93,35.43,111.07,0.3283,-1,-1,-1
109,1351,538.05,436.38,141.79,370.33,0.8976,-1,-1,-1
109,3,662.82,438.90,101.64,307.28,0.8925,-1,-1,-1
109,1352,763.67,454.17,73.06,243.39,0.8470,-1,-1,-1
109,1353,910.07,484.17,99.28,102.31,0.8441,-1,-1,-1
109,5,1005.76,447.65,32.95,76.43,0.8135,-1,-1,-1
109,1354,934.42,436.85,35.33,80.44,0.7382,-1,-1,-1
109,1355,1241.28,446.25,43.60,97.37,0.6383,-1,-1,-1
109,7,1161.55,439.06,27.95,87.28,0.5708,-1,-1,-1
109,1356,1101.56,436.57,35.15,104.65,0.4068,-1,-1,-1
109,1357,1308.06,430.49,31.20,114.83,0.3783,-1,-1,-1
109,6,1004.63,453.22,15.54,70.35,0.3660,-1,-1,-1
109,1358,531.37,450.73,64.95,121.80,0.3322,-1,-1,-1
110,3,663.76,438.72,100.25,309.91,0.8907,-1,-1,-1
110,1359,537.48,435.35,146.66,371.48,0.8895,-1,-1,-1
110,1360,1004.85,448.02,34.16,76.71,0.8313,-1,-1,-1
110,1361,763.86,452.69,74.72,244.93,0.8294,-1,-1,-1
110,1362,909.26,485.58,100.83,100.77,0.8144,-1,-1,-1
110,6,934.02,437.04,35.81,80.48,0.7302,-1,-1,-1
110,7,1242.74,446.55,42.11,97.73,0.6252,-1,-1,-1
110,2,1101.75,436.37,35.19,110.58,0.5631,-1,-1,-1
110,1363,1162.16,439.39,27.18,86.95,0.5447,-1,-1,-1
110,1364,557.57,451.15,38.85,45.74,0.4936,-1,-1,-1
110,1316,1307.62,429.97,32.29,115.52,0.4676,-1,-1,-1
110,1365,374.31,444.70,32.56,65.04,0.4503,-1,-1,-1
110,1052,500.47,464.13,35.60,95.59,0.4036,-1,-1,-1
110,5,739.27,453.67,30.67,63.42,0.3303,-1,-1,-1
110,1020,530.57,451.00,29.45,68.23,0.3027,-1,-1,-1
111,3,665.79,439.22,101.18,311.63,0.8878,-1,-1,-1
111,1366,537.24,434.89,151.64,371.86,0.8821,-1,-1,-1
111,1367,1004.31,448.70,35.32,75.70,0.8351,-1,-1,-1
111,1368,763.82,452.36,74.33,245.34,0.8335,-1,-1,-1
111,1369,934.35,436.87,37.01,82.24,0.7777,-1,-1,-1
111,7,909.44,485.41,100.53,100.94,0.6973,-1,-1,-1
111,2,1247.18,446.68,36.66,97.27,0.6958,-1,-1,-1
111,1370,529.58,451.75,31.83,71.89,0.6281,-1,-1,-1
111,1371,501.60,463.53,33.99,97.45,0.6212,-1,-1,-1
111,1372,558.16,449.90,38.80,46.46,0.5938,-1,-1,-1
111,1373,1101.50,436.47,35.36,110.39,0.5863,-1,-1,-1
111,1374,1161.91,439.41,27.19,86.94,0.5308,-1,-1,-1
111,1020,443.91,466.39,40.43,100.66,0.4937,-1,-1,-1
111,1080,1002.86,454.02,17.68,69.91,0.4368,-1,-1,-1
111,5,1307.83,431.47,31.95,114.10,0.4066,-1,-1,-1
111,6,741.15,453.55,30.04,66.43,0.3673,-1,-1,-1
112,3,667.10,439.38,102.30,311.79,0.8896,-1,-1,-1
112,4,539.62,434.65,148.88,374.52,0.8755,-1,-1,-1
112,1375,764.46,452.68,74.38,244.98,0.8350,-1,-1,-1
112,1376,1004.98,448.65,34.94,75.91,0.8176,-1,-1,-1
112,1377,909.21,484.65,100.71,101.67,0.7672,-1,-1,-1
112,1378,934.22,436.70,36.86,81.49,0.7574,-1,-1,-1
112,2,1247.14,446.24,36.59,97.51,0.7040,-1,-1,-1
112,1379,529.49,452.35,29.59,73.03,0.6388,-1,-1,-1
112,1380,499.77,460.80,35.01,98.94,0.5859,-1,-1,-1
112,6,559.43,449.37,38.47,47.00,0.5488,-1,-1,-1
112,1381,444.24,467.55,39.68,100.22,0.5292,-1,-1,-1
112,1382,1162.22,439.30,26.64,87.04,0.5200,-1,-1,-1
112,1383,1077.17,471.45,50.13,125.23,0.4988,-1,-1,-1
112,1384,1102.30,436.53,34.39,106.26,0.4945,-1,-1,-1
112,1385,742.85,453.74,32.81,65.48,0.3681,-1,-1,-1
112,7,1308.07,431.74,31.57,113.42,0.3301,-1,-1,-1
113,3,667.34,439.39,102.66,315.67,0.8871,-1,-1,-1
113,4,541.06,434.89,146.99,377.30,0.8556,-1,-1,-1
113,1386,766.10,451.87,75.15,245.81,0.8397,-1,-1,-1
113,1387,1004.53,449.31,35.18,75.16,0.7994,-1,-1,-1
113,1388,1241.68,446.06,41.51,97.61,0.7777,-1,-1,-1
113,5,934.09,436.74,37.03,81.52,0.7648,-1,-1,-1
113,1389,909.62,485.93,100.15,100.32,0.7600,-1,-1,-1
113,6,529.98,455.19,28.50,71.52,0.6831,-1,-1,-1
113,1020,496.14,456.93,38.07,112.91,0.6140,-1,-1,-1
113,1390,440.77,462.13,38.58,105.75,0.6060,-1,-1,-1
113,1391,1162.11,439.44,26.58,86.85,0.5059,-1,-1,-1
113,7,1102.00,435.72,34.58,110.70,0.5053,-1,-1,-1
113,1392,374.28,444.81,30.12,64.83,0.4080,-1,-1,-1
113,1393,560.63,447.93,38.01,49.48,0.4013,-1,-1,-1
113,1394,745.07,453.95,29.28,70.37,0.3673,-1,-1,-1
113,1395,1308.50,430.81,31.00,114.65,0.3445,-1,-1,-1
114,3,668.49,439.24,99.29,315.46,0.8823,-1,-1,-1
114,4,537.75,434.99,150.89,376.01,0.8632,-1,-1,-1
114,2,765.27,450.56,77.00,246.82,0.8318,-1,-1,-1
114,5,1004.08,448.84,36.39,75.84,0.7630,-1,-1,-1
114,1396,1247.31,446.52,34.01,97.08,0.7498,-1,-1,-1
114,7,934.89,436.42,36.96,82.16,0.7395,-1,-1,-1
114,1397,530.23,456.54,28.34,70.17,0.7152,-1,-1,-1
114,1398,909.68,484.83,100.81,101.32,0.6209,-1,-1,-1
114,6,495.25,455.90,38.92,113.01,0.5333,-1,-1,-1
114,1399,1163.15,439.38,28.49,86.96,0.5025,-1,-1,-1
114,1400,442.73,462.45,40.99,103.54,0.4487,-1,-1,-1
114,1113,1102.42,436.64,34.76,111.42,0.3758,-1,-1,-1
114,1401,745.99,453.43,33.69,66.51,0.3753,-1,-1,-1
114,1402,1680.83,430.24,100.51,205.95,0.3741,-1,-1,-1
114,1403,563.38,448.15,36.14,49.96,0.3657,-1,-1,-1
115,3,668.99,439.61,99.87,315.25,0.8850,-1,-1,-1
115,4,539.94,436.11,149.30,374.80,0.8620,-1,-1,-1
115,2,764.41,450.87,78.02,246.62,0.8287,-1,-1,-1
115,1404,530.66,456.32,27.92,69.30,0.7317,-1,-1,-1
115,1405,1007.77,448.72,32.85,75.88,0.7201,-1,-1,-1
115,6,935.51,436.20,36.43,82.97,0.7193,-1,-1,-1
115,1406,1246.28,447.08,34.12,96.19,0.6834,-1,-1,-1
115,1407,442.11,463.54,43.02,103.91,0.6524,-1,-1,-1
115,1020,497.07,458.22,38.13,116.16,0.5781,-1,-1,-1
115,1408,1163.94,439.41,25.90,86.86,0.4730,-1,-1,-1
115,1409,748.35,453.69,33.54,67.13,0.4111,-1,-1,-1
115,1410,911.38,485.17,99.29,100.27,0.3439,-1,-1,-1
116,3,670.61,440.09,98.59,315.57,0.8903,-1,-1,-1
116,4,539.75,436.35,151.19,376.60,0.8881,-1,-1,-1
116,2,766.86,451.03,80.03,247.00,0.8479,-1,-1,-1
116,1411,1007.74,448.37,33.16,76.07,0.7619,-1,-1,-1
116,1412,530.86,457.35,27.59,68.59,0.7602,-1,-1,-1
116,1413,1238.26,446.60,41.01,96.39,0.7300,-1,-1,-1
116,1414,936.26,436.78,36.76,83.46,0.7188,-1,-1,-1
116,1415,495.64,455.10,38.89,108.10,0.6614,-1,-1,-1
116,1020,443.52,457.38,40.36,111.02,0.6326,-1,-1,-1
116,1416,911.74,485.25,99.74,100.18,0.4740,-1,-1,-1
116,1417,750.56,454.76,31.76,62.84,0.3900,-1,-1,-1
116,1418,1163.55,439.34,26.57,87.02,0.3885,-1,-1,-1
117,3,670.69,441.26,98.60,317.64,0.8865,-1,-1,-1
117,4,541.71,436.86,151.41,376.99,0.8854,-1,-1,-1
117,2,768.57,451.66,83.35,246.27,0.8693,-1,-1,-1
117,1419,1237.62,446.26,38.87,96.87,0.7587,-1,-1,-1
117,1420,1007.91,448.63,32.78,75.96,0.7543,-1,-1,-1
117,1421,530.84,457.25,27.96,69.46,0.7529,-1,-1,-1
117,1422,936.64,436.91,36.97,84.19,0.7378,-1,-1,-1
117,1423,911.67,488.80,99.32,97.32,0.7337,-1,-1,-1
117,1424,495.71,455.23,38.16,113.65,0.6537,-1,-1,-1
117,1425,438.83,458.21,43.23,110.42,0.5520,-1,-1,-1
117,1426,1085.48,435.70,51.61,158.40,0.4175,-1,-1,-1
117,1427,1163.97,439.45,26.04,86.75,0.4139,-1,-1,-1
117,6,981.01,456.97,22.48,54.39,0.3854,-1,-1,-1
118,3,670.38,441.66,98.45,316.14,0.8911,-1,-1,-1
118,4,542.00,438.07,151.06,379.15,0.8796,-1,-1,-1
118,2,768.66,451.58,83.60,246.47,0.8716,-1,-1,-1
118,1428,1237.49,446.26,38.26,96.97,0.8067,-1,-1,-1
118,1429,530.12,457.69,28.77,68.93,0.7504,-1,-1,-1
118,1430,936.79,436.99,37.38,85.04,0.7432,-1,-1,-1
118,1431,1009.90,448.53,30.88,75.82,0.7417,-1,-1,-1
118,1432,493.76,455.14,40.15,116.30,0.6682,-1,-1,-1
118,1433,910.35,485.94,99.89,99.91,0.6240,-1,-1,-1
118,1434,557.57,454.98,24.67,49.03,0.5663,-1,-1,-1
118,1435,1084.70,436.21,52.11,155.87,0.5366,-1,-1,-1
118,1436,374.57,445.15,34.18,65.27,0.4753,-1,-1,-1
118,7,578.14,438.72,32.91,55.26,0.4427,-1,-1,-1
118,1020,439.05,458.11,40.40,110.41,0.4206,-1,-1,-1
118,5,1164.00,439.52,27.64,86.72,0.3995,-1,-1,-1
118,6,983.29,457.66,21.62,52.53,0.3415,-1,-1,-1
119,3,770.98,451.47,87.29,246.87,0.8855,-1,-1,-1
119,1437,672.10,441.87,98.06,319.14,0.8814,-1,-1,-1
119,1438,540.64,438.04,149.85,385.31,0.8706,-1,-1,-1
119,7,1238.05,446.89,36.09,96.34,0.8145,-1,-1,-1
119,1439,530.19,457.91,28.47,68.21,0.7641,-1,-1,-1
119,1440,937.16,436.90,38.11,85.87,0.7597,-1,-1,-1
119,6,1012.20,447.64,28.58,75.93,0.7405,-1,-1,-1
119,1441,492.48,455.25,41.68,116.59,0.6908,-1,-1,-1
119,1442,436.90,460.45,41.46,106.34,0.5698,-1,-1,-1
119,1443,560.35,454.69,23.52,53.08,0.4705,-1,-1,-1
119,5,1163.31,439.43,28.23,86.86,0.4171,-1,-1,-1
119,1444,1082.80,436.76,53.86,155.49,0.4072,-1,-1,-1
119,1445,952.48,483.86,58.24,100.11,0.3461,-1,-1,-1
119,1020,374.49,445.27,30.13,64.58,0.3138,-1,-1,-1
120,3,772.34,452.36,91.78,246.83,0.8949,-1,-1,-1
120,1446,673.57,442.32,98.49,318.91,0.8724,-1,-1,-1
120,1447,538.82,439.29,153.78,385.04,0.8616,-1,-1,-1
120,1448,530.22,458.24,27.80,67.72,0.7644,-1,-1,-1
120,1449,937.72,437.42,38.09,86.24,0.7636,-1,-1,-1
120,5,1012.34,448.04,28.70,75.22,0.7390,-1,-1,-1
120,7,911.47,484.41,98.77,101.42,0.7356,-1,-1,-1
120,1450,1237.53,446.86,35.15,96.63,0.7209,-1,-1,-1
120,1451,492.09,455.08,41.61,118.04,0.6501,-1,-1,-1
120,1452,435.51,462.15,40.86,105.66,0.6200,-1,-1,-1
120,1453,557.57,454.15,28.78,56.95,0.5790,-1,-1,-1
120,1454,583.08,438.66,28.79,54.17,0.5437,-1,-1,-1
120,1455,1082.18,436.89,54.46,155.79,0.5097,-1,-1,-1
120,1456,1163.07,439.43,28.17,86.94,0.4083,-1,-1,-1
120,6,759.33,452.82,33.91,68.70,0.3699,-1,-1,-1
121,2,773.78,453.04,97.72,245.45,0.9037,-1,-1,-1
121,3,675.83,442.55,95.75,319.04,0.8692,-1,-1,-1
121,4,543.11,440.26,149.68,385.76,0.8497,-1,-1,-1
121,1457,938.00,437.60,38.94,86.52,0.7414,-1,-1,-1
121,1458,530.14,457.72,28.01,67.93,0.7405,-1,-1,-1
121,5,1012.36,448.09,28.51,75.33,0.7364,-1,-1,-1
121,1459,1236.54,447.53,35.54,95.81,0.6975,-1,-1,-1
121,1460,492.30,454.92,40.56,118.13,0.6690,-1,-1,-1
121,1461,435.42,461.70,43.18,106.16,0.6293,-1,-1,-1
121,1462,911.31,483.36,98.32,102.60,0.6189,-1,-1,-1
121,1463,586.21,439.09,26.47,54.40,0.5182,-1,-1,-1
121,1464,1162.33,439.47,28.92,86.89,0.4643,-1,-1,-1
121,1465,824.21,442.33,59.25,123.87,0.4335,-1,-1,-1
121,1466,557.65,454.19,27.69,59.06,0.3844,-1,-1,-1
121,7,764.22,452.03,30.96,70.89,0.3118,-1,-1,-1
121,6,1086.20,436.85,50.54,154.12,0.3017,-1,-1,-1
122,2,775.22,453.09,100.97,246.91,0.9076,-1,-1,-1
122,1467,544.97,441.13,149.11,386.60,0.8595,-1,-1,-1
122,1468,678.45,441.68,96.36,320.31,0.8464,-1,-1,-1
122,1469,1237.73,447.39,32.17,95.53,0.7740,-1,-1,-1
122,1470,1012.42,448.23,28.68,75.22,0.7429,-1,-1,-1
122,1471,530.20,456.40,27.64,68.97,0.7381,-1,-1,-1
122,1472,939.96,437.55,38.47,87.03,0.7067,-1,-1,-1
122,1473,491.60,454.66,40.11,120.07,0.6966,-1,-1,-1
122,1474,557.71,453.68,29.47,62.27,0.6041,-1,-1,-1
122,1475,588.83,438.73,26.14,54.97,0.5747,-1,-1,-1
122,1476,766.49,449.07,31.90,77.31,0.5151,-1,-1,-1
122,1477,1081.41,437.77,55.06,154.94,0.4972,-1,-1,-1
122,1478,1162.30,439.34,26.24,87.08,0.4308,-1,-1,-1
122,1479,948.75,484.25,61.49,98.87,0.3638,-1,-1,-1
122,1480,435.71,462.78,43.04,104.81,0.3448,-1,-1,-1
123,2,777.60,453.14,103.30,246.76,0.9103,-1,-1,-1
123,1481,542.27,439.57,153.02,390.29,0.8716,-1,-1,-1
123,3,678.97,440.06,96.52,322.24,0.8666,-1,-1,-1
123,1482,1234.80,447.57,35.44,94.66,0.7607,-1,-1,-1
123,1483,942.52,437.33,37.89,87.55,0.7597,-1,-1,-1
123,1484,491.71,454.70,38.97,119.07,0.7335,-1,-1,-1
123,1485,1011.46,448.79,29.71,75.02,0.7312,-1,-1,-1
123,1404,531.12,456.35,27.25,69.18,0.7002,-1,-1,-1
123,1486,766.26,449.46,33.94,71.21,0.6066,-1,-1,-1
123,1487,1082.30,437.67,54.55,156.84,0.5402,-1,-1,-1
123,7,954.60,483.14,55.58,100.26,0.4474,-1,-1,-1
123,1488,557.67,451.89,34.09,71.40,0.4279,-1,-1,-1
123,1489,590.00,438.01,28.56,55.92,0.4275,-1,-1,-1
123,1490,434.78,464.92,43.47,103.21,0.3715,-1,-1,-1
123,1491,375.29,444.89,32.99,64.56,0.3572,-1,-1,-1
123,5,1163.01,438.91,25.22,87.44,0.3201,-1,-1,-1
123,6,1055.06,480.63,35.38,82.54,0.3058,-1,-1,-1
123,1020,828.31,444.33,41.80,119.12,0.3034,-1,-1,-1
124,2,778.62,454.39,103.71,246.39,0.8931,-1,-1,-1
124,4,549.35,437.94,147.33,395.78,0.8820,-1,-1,-1
124,3,681.91,438.75,94.65,323.44,0.8634,-1,-1,-1
124,7,1236.89,449.10,31.51,93.84,0.7733,-1,-1,-1
124,1492,491.12,454.54,40.04,120.64,0.7602,-1,-1,-1
124,1493,942.93,437.37,38.47,87.62,0.7393,-1,-1,-1
124,1494,531.52,456.94,27.57,67.96,0.7167,-1,-1,-1
124,1495,1011.21,449.38,30.02,74.73,0.6958,-1,-1,-1
124,1496,1081.59,439.03,55.53,155.52,0.6248,-1,-1,-1
124,1497,767.04,448.63,36.10,71.75,0.5675,-1,-1,-1
124,1498,954.34,483.29,56.22,99.48,0.5317,-1,-1,-1
124,1499,557.72,452.12,35.29,79.60,0.4894,-1,-1,-1
124,1500,431.50,467.63,41.50,100.71,0.4311,-1,-1,-1
124,1501,376.24,444.77,32.86,64.73,0.4198,-1,-1,-1
124,1502,830.44,445.33,56.62,124.37,0.3709,-1,-1,-1
124,5,1163.51,438.83,26.29,87.48,0.3176,-1,-1,-1
125,2,779.91,455.25,102.94,248.29,0.8959,-1,-1,-1
125,4,553.15,437.95,146.42,394.93,0.8940,-1,-1,-1
125,3,683.63,438.31,92.03,323.79,0.8659,-1,-1,-1
125,1503,944.73,436.69,36.56,88.50,0.7976,-1,-1,-1
125,1504,1232.52,448.79,35.20,95.26,0.7749,-1,-1,-1
125,1505,530.87,456.57,27.06,67.99,0.7452,-1,-1,-1
125,1506,911.48,482.58,99.76,103.05,0.7425,-1,-1,-1
125,1507,1012.41,450.11,28.83,74.02,0.7095,-1,-1,-1
125,1508,492.78,454.35,37.53,117.70,0.6808,-1,-1,-1
125,1509,1081.03,442.79,55.78,152.85,0.6309,-1,-1,-1
125,1510,558.30,453.36,33.83,65.27,0.5077,-1,-1,-1
125,1511,767.40,447.71,39.57,72.99,0.5061,-1,-1,-1
125,1512,592.73,437.58,30.21,56.17,0.4801,-1,-1,-1
125,1513,831.84,446.24,59.56,123.79,0.4209,-1,-1,-1
125,1514,1055.36,480.64,35.38,82.25,0.3764,-1,-1,-1
125,5,1163.19,438.57,24.65,87.59,0.3132,-1,-1,-1
126,2,782.45,454.46,99.64,249.96,0.8914,-1,-1,-1
126,4,554.74,436.46,148.19,397.58,0.8777,-1,-1,-1
126,3,686.35,437.53,93.29,324.28,0.8632,-1,-1,-1
126,1515,1226.06,450.98,40.98,93.08,0.8092,-1,-1,-1
126,1516,945.72,436.47,36.92,90.32,0.7858,-1,-1,-1
126,1517,530.57,455.56,25.44,69.42,0.7356,-1,-1,-1
126,1518,1012.67,450.26,27.96,73.71,0.7069,-1,-1,-1
126,1519,491.07,454.06,38.97,119.47,0.7053,-1,-1,-1
126,1520,911.46,481.68,99.76,103.83,0.5642,-1,-1,-1
126,1521,1081.18,440.30,55.16,153.16,0.5596,-1,-1,-1
126,1522,557.87,453.87,33.44,64.77,0.4983,-1,-1,-1
126,1523,831.15,445.77,62.76,219.60,0.4649,-1,-1,-1
126,1524,1055.83,480.60,34.55,82.39,0.4507,-1,-1,-1
126,1525,592.62,438.78,30.42,55.82,0.4442,-1,-1,-1
126,1526,767.22,448.45,40.58,72.98,0.4326,-1,-1,-1
126,5,1162.91,438.68,25.47,87.58,0.3084,-1,-1,-1
127,2,783.88,455.55,97.40,249.88,0.8885,-1,-1,-1
127,4,554.69,435.21,150.16,399.23,0.8839,-1,-1,-1
127,3,686.25,437.02,89.32,324.59,0.8422,-1,-1,-1
127,1527,1223.85,447.87,42.75,96.42,0.8016,-1,-1,-1
127,1528,945.97,436.59,37.84,90.19,0.7901,-1,-1,-1
127,1020,489.63,454.43,40.32,119.92,0.7765,-1,-1,-1
127,1529,529.31,454.97,27.70,69.30,0.7641,-1,-1,-1
127,1530,1012.41,450.16,28.07,73.78,0.7406,-1,-1,-1
127,1531,954.12,483.13,55.65,100.30,0.6434,-1,-1,-1
127,7,1080.81,437.77,55.21,157.10,0.5125,-1,-1,-1
127,1532,1055.49,481.10,35.56,83.86,0.4400,-1,-1,-1
127,1533,557.00,454.16,30.91,67.00,0.4270,-1,-1,-1
127,1534,835.97,441.43,53.58,129.84,0.4183,-1,-1,-1
127,1535,781.87,448.62,28.58,65.04,0.3486,-1,-1,-1
127,1536,1161.57,439.60,29.53,86.74,0.3462,-1,-1,-1
127,1537,592.99,443.31,32.78,50.89,0.3275,-1,-1,-1
128,2,786.26,454.89,96.56,251.96,0.8887,-1,-1,-1
128,4,558.03,435.78,149.29,398.49,0.8633,-1,-1,-1
128,3,686.59,436.70,96.81,325.31,0.8363,-1,-1,-1
128,7,1220.73,447.93,45.74,96.55,0.8109,-1,-1,-1
128,1538,489.43,454.18,40.94,120.28,0.7848,-1,-1,-1
128,1539,947.76,437.04,36.06,89.86,0.7824,-1,-1,-1
128,1540,528.97,454.92,27.46,70.40,0.7686,-1,-1,-1
128,1541,1014.16,450.16,26.29,73.58,0.7239,-1,-1,-1
128,1542,429.87,465.86,44.69,103.62,0.7105,-1,-1,-1
128,1543,782.14,447.89,31.15,73.27,0.5063,-1,-1,-1
128,1544,951.25,480.40,58.25,102.16,0.4591,-1,-1,-1
128,1545,556.86,454.63,27.35,71.74,0.4424,-1,-1,-1
128,1546,1055.26,481.31,35.29,81.56,0.4351,-1,-1,-1
128,1547,1081.58,442.46,55.36,151.25,0.3597,-1,-1,-1
128,1548,593.20,446.30,34.49,49.34,0.3496,-1,-1,-1
128,1549,1162.59,439.54,26.31,86.88,0.3371,-1,-1,-1
128,1020,838.60,443.05,55.03,227.13,0.3193,-1,-1,-1
129,2,789.13,454.95,93.52,252.04,0.9008,-1,-1,-1
129,4,686.54,436.10,94.43,325.59,0.8392,-1,-1,-1
129,3,563.20,434.60,146.78,399.26,0.8323,-1,-1,-1
129,1550,528.74,454.37,30.08,71.38,0.7996,-1,-1,-1
129,1551,489.43,454.33,41.24,118.10,0.7925,-1,-1,-1
129,1552,947.97,436.65,37.76,89.73,0.7915,-1,-1,-1
129,1553,1219.89,447.55,46.31,96.55,0.7763,-1,-1,-1
129,6,1013.10,449.81,27.27,74.53,0.7473,-1,-1,-1
129,1554,429.99,466.45,43.63,103.17,0.7432,-1,-1,-1
129,1555,788.04,449.23,28.62,57.70,0.6003,-1,-1,-1
129,1556,1083.02,438.85,55.91,157.59,0.5698,-1,-1,-1
129,1557,842.59,439.76,53.44,230.30,0.5614,-1,-1,-1
129,1558,557.78,454.84,25.57,70.09,0.5561,-1,-1,-1
129,1559,1162.26,439.34,26.54,87.13,0.4374,-1,-1,-1
129,1560,910.42,480.94,99.41,104.77,0.4219,-1,-1,-1
129,1561,1055.26,481.31,35.67,83.89,0.3734,-1,-1,-1
129,5,763.87,473.84,31.88,59.66,0.3559,-1,-1,-1
129,1548,592.39,446.80,36.73,49.30,0.3070,-1,-1,-1
130,2,791.01,455.86,91.92,251.05,0.8860,-1,-1,-1
130,1562,565.25,432.61,147.28,400.60,0.8455,-1,-1,-1
130,1563,686.76,435.80,94.78,325.82,0.8411,-1,-1,-1
130,1564,1218.69,447.31,47.57,96.87,0.7952,-1,-1,-1
130,1565,949.50,436.47,36.37,89.33,0.7943,-1,-1,-1
130,1566,528.71,454.99,29.42,70.48,0.7936,-1,-1,-1
130,1567,490.10,454.61,40.69,117.98,0.7773,-1,-1,-1
130,6,1011.37,449.78,29.01,74.57,0.7509,-1,-1,-1
130,1020,429.87,466.42,43.50,103.42,0.7482,-1,-1,-1
130,1568,557.62,454.56,26.20,70.61,0.6074,-1,-1,-1
130,1569,789.35,449.46,28.95,61.50,0.5726,-1,-1,-1
130,1570,1082.87,438.87,57.92,156.85,0.5440,-1,-1,-1
130,1571,951.64,480.21,57.97,102.50,0.4564,-1,-1,-1
130,1572,766.22,475.33,29.84,87.75,0.4151,-1,-1,-1
130,1573,1055.53,481.45,35.60,82.53,0.4046,-1,-1,-1
130,1574,592.75,446.81,36.94,50.93,0.3645,-1,-1,-1
130,1575,844.99,438.83,61.91,231.89,0.3588,-1,-1,-1
130,7,1161.96,439.56,26.77,86.68,0.3432,-1,-1,-1
131,2,794.32,454.70,89.85,252.10,0.8831,-1,-1,-1
131,1576,687.37,435.52,98.12,326.17,0.8637,-1,-1,-1
131,1577,564.73,432.43,148.94,401.10,0.8460,-1,-1,-1
131,1578,1219.36,448.34,46.74,95.41,0.8044,-1,-1,-1
131,1579,950.81,437.07,35.28,88.41,0.7918,-1,-1,-1
131,1580,528.77,454.96,30.01,70.65,0.7900,-1,-1,-1
131,1581,490.45,454.05,39.95,119.06,0.7869,-1,-1,-1
131,7,1009.90,449.30,30.63,74.66,0.7472,-1,-1,-1
131,1582,910.96,479.08,98.72,107.44,0.7368,-1,-1,-1
131,1583,429.81,468.55,43.71,100.97,0.5442,-1,-1,-1
131,1584,847.80,440.28,57.90,131.07,0.4621,-1,-1,-1
131,1585,1083.35,437.97,58.00,156.38,0.4504,-1,-1,-1
131,1586,558.08,454.63,23.41,68.50,0.4386,-1,-1,-1
131,1587,1162.74,439.55,26.44,86.79,0.4080,-1,-1,-1
131,1588,789.04,449.44,32.29,116.65,0.3837,-1,-1,-1
131,1589,1055.35,481.22,36.17,81.28,0.3380,-1,-1,-1
132,2,797.41,451.47,88.94,255.25,0.8817,-1,-1,-1
132,3,689.72,435.30,92.87,326.61,0.8607,-1,-1,-1
132,4,566.52,431.98,149.31,400.38,0.8494,-1,-1,-1
132,7,1218.53,448.23,47.61,95.99,0.8144,-1,-1,-1
132,1590,489.75,453.99,40.04,118.40,0.7873,-1,-1,-1
132,6,529.00,454.20,29.70,71.55,0.7821,-1,-1,-1
132,1591,952.25,437.05,35.87,88.18,0.7688,-1,-1,-1
132,5,1009.66,449.11,30.60,75.16,0.7204,-1,-1,-1
132,1592,428.47,468.06,43.12,101.58,0.6591,-1,-1,-1
132,1593,1084.37,455.88,52.04,139.90,0.5227,-1,-1,-1
132,1020,851.67,438.41,54.35,130.92,0.5129,-1,-1,-1
132,1594,592.26,445.23,37.82,53.83,0.5046,-1,-1,-1
132,1595,1163.61,439.18,26.43,87.11,0.4450,-1,-1,-1
132,1596,559.10,455.32,19.85,65.77,0.4226,-1,-1,-1
132,1597,910.54,479.90,99.07,106.65,0.3521,-1,-1,-1
132,1598,1055.51,480.82,36.51,84.12,0.3488,-1,-1,-1
133,2,798.89,451.15,88.80,255.56,0.8807,-1,-1,-1
133,3,690.96,434.67,93.08,327.12,0.8752,-1,-1,-1
133,4,572.59,431.84,144.23,402.20,0.8565,-1,-1,-1
133,5,1217.96,448.66,46.61,95.80,0.7975,-1,-1,-1
133,1599,489.66,454.11,39.45,117.96,0.7902,-1,-1,-1
133,1600,952.66,436.70,35.48,89.10,0.7805,-1,-1,-1
133,1601,1010.05,448.76,30.49,74.54,0.7799,-1,-1,-1
133,1602,528.96,454.31,30.09,71.13,0.7583,-1,-1,-1
133,1603,428.59,467.10,42.62,102.45,0.7434,-1,-1,-1
133,1604,558.98,455.26,19.45,67.89,0.6007,-1,-1,-1
133,1605,1084.56,438.47,55.59,157.35,0.5833,-1,-1,-1
133,1606,946.90,480.41,63.14,101.64,0.5092,-1,-1,-1
133,1607,1162.25,439.19,26.52,87.12,0.5046,-1,-1,-1
133,1608,797.57,447.62,28.33,76.33,0.4987,-1,-1,-1
133,1609,765.85,474.78,27.74,71.78,0.3805,-1,-1,-1
133,1610,853.83,436.57,48.19,231.85,0.3655,-1,-1,-1
133,7,1055.54,480.73,37.03,83.10,0.3270,-1,-1,-1
133,6,592.72,444.91,38.50,54.44,0.3121,-1,-1,-1
134,2,800.85,449.65,89.86,257.51,0.8824,-1,-1,-1
134,4,575.76,431.66,142.51,404.54,0.8645,-1,-1,-1
134,3,691.60,434.13,93.02,327.72,0.8440,-1,-1,-1
134,7,1218.00,448.19,46.41,96.39,0.8182,-1,-1,-1
134,6,490.38,453.49,38.86,120.21,0.7811,-1,-1,-1
134,1611,953.21,436.33,35.20,89.85,0.7655,-1,-1,-1
134,5,1009.14,448.66,30.86,74.89,0.7437,-1,-1,-1
134,1612,529.18,454.43,27.89,70.60,0.7291,-1,-1,-1
134,1020,428.32,467.82,43.47,101.85,0.7200,-1,-1,-1
134,1613,559.05,455.23,21.52,69.25,0.6776,-1,-1,-1
134,1614,911.43,480.49,98.84,105.47,0.6690,-1,-1,-1
134,1615,856.08,436.12,47.47,233.99,0.6625,-1,-1,-1
134,1616,798.84,447.42,28.91,74.65,0.4476,-1,-1,-1
134,1617,1086.01,436.84,55.53,158.95,0.4341,-1,-1,-1
134,1618,1162.27,439.42,25.52,86.78,0.4134,-1,-1,-1
134,1619,593.08,443.61,39.65,54.72,0.3147,-1,-1,-1
135,2,803.83,448.62,87.73,258.82,0.8780,-1,-1,-1
135,1620,573.60,431.94,145.38,408.18,0.8735,-1,-1,-1
135,1621,692.56,434.37,92.44,326.78,0.8599,-1,-1,-1
135,6,1217.80,447.62,45.36,97.26,0.8271,-1,-1,-1
135,5,489.46,454.31,39.35,119.93,0.7929,-1,-1,-1
135,1020,953.11,436.53,36.61,90.02,0.7840,-1,-1,-1
135,7,1008.63,448.47,31.65,75.33,0.7399,-1,-1,-1
135,1404,528.87,455.90,27.46,69.28,0.7341,-1,-1,-1
135,1622,558.39,455.20,24.11,69.48,0.6925,-1,-1,-1
135,1623,427.34,467.56,40.73,101.94,0.5648,-1,-1,-1
135,1624,857.59,434.87,47.47,231.73,0.5381,-1,-1,-1
135,1625,1089.19,437.02,54.35,159.04,0.5147,-1,-1,-1
135,1626,803.07,446.88,28.69,71.37,0.4958,-1,-1,-1
135,1627,954.41,480.79,55.07,100.21,0.4530,-1,-1,-1
135,1628,1163.03,438.55,24.70,87.67,0.4056,-1,-1,-1
135,1629,458.47,457.69,22.24,42.64,0.3269,-1,-1,-1
135,4,374.05,444.36,26.68,63.96,0.3243,-1,-1,-1
135,3,764.83,476.35,27.40,60.32,0.3051,-1,-1,-1
136,1630,573.77,431.59,145.46,414.17,0.8838,-1,-1,-1
136,1631,806.85,448.19,85.56,259.35,0.8779,-1,-1,-1
136,3,697.60,434.37,88.52,326.95,0.8557,-1,-1,-1
136,5,1217.83,447.79,44.15,96.79,0.8197,-1,-1,-1
136,1632,953.14,436.37,36.93,90.61,0.7947,-1,-1,-1
136,1633,488.94,453.55,40.39,120.83,0.7697,-1,-1,-1
136,1634,528.20,455.70,27.42,69.31,0.7523,-1,-1,-1
136,1635,1007.69,448.20,32.04,75.76,0.7335,-1,-1,-1
136,1636,558.28,455.17,23.71,69.86,0.7071,-1,-1,-1
136,1637,424.35,467.30,42.86,102.19,0.6776,-1,-1,-1
136,1638,860.04,435.95,44.78,233.33,0.5915,-1,-1,-1
136,1639,945.34,480.22,64.21,102.04,0.5283,-1,-1,-1
136,6,804.16,446.63,29.67,73.42,0.4518,-1,-1,-1
136,1640,1162.44,438.23,25.38,88.16,0.4270,-1,-1,-1
136,7,1091.30,437.48,49.77,157.41,0.4114,-1,-1,-1
136,1641,458.80,457.20,22.35,48.57,0.3664,-1,-1,-1
136,4,373.73,444.66,26.98,64.05,0.3632,-1,-1,-1
136,2,592.93,443.09,40.85,56.76,0.3501,-1,-1,-1
137,1642,811.44,447.13,83.83,260.45,0.8782,-1,-1,-1
137,1643,572.69,431.66,147.01,424.20,0.8662,-1,-1,-1
137,3,698.79,434.27,88.95,327.53,0.8605,-1,-1,-1
137,7,1217.50,447.30,42.13,97.92,0.7829,-1,-1,-1
137,1644,955.10,436.97,34.27,89.88,0.7661,-1,-1,-1
137,1645,486.48,454.06,43.15,121.36,0.7537,-1,-1,-1
137,1646,528.21,455.34,27.78,70.00,0.7384,-1,-1,-1
137,1647,1009.82,448.45,29.75,75.31,0.7171,-1,-1,-1
137,5,557.07,454.61,26.83,71.75,0.7061,-1,-1,-1
137,1020,422.45,467.63,43.38,101.57,0.5558,-1,-1,-1
137,2,861.73,436.33,50.84,230.47,0.5529,-1,-1,-1
137,1648,459.67,455.97,24.11,53.94,0.4833,-1,-1,-1
137,1649,1162.19,439.21,27.22,87.10,0.4545,-1,-1,-1
137,1650,946.71,479.43,62.92,103.03,0.4262,-1,-1,-1
137,1651,801.73,445.31,35.24,77.66,0.3978,-1,-1,-1
137,1652,1086.56,437.47,54.54,155.60,0.3816,-1,-1,-1
138,1653,812.07,447.47,82.43,259.79,0.8682,-1,-1,-1
138,1654,695.36,434.04,95.85,327.42,0.8646,-1,-1,-1
138,1655,571.17,432.29,148.96,427.87,0.8542,-1,-1,-1
138,7,1217.62,446.95,39.12,97.61,0.7936,-1,-1,-1
138,3,956.16,437.21,36.22,88.93,0.7810,-1,-1,-1
138,1020,480.56,454.30,49.20,120.66,0.7769,-1,-1,-1
138,1404,528.17,455.86,26.23,69.62,0.7346,-1,-1,-1
138,6,1007.89,448.42,32.53,75.65,0.7087,-1,-1,-1
138,5,557.70,455.03,26.29,70.84,0.7026,-1,-1,-1
138,1637,421.94,467.00,43.20,102.93,0.6964,-1,-1,-1
138,2,864.36,437.32,64.69,232.09,0.6289,-1,-1,-1
138,1656,946.03,481.30,64.70,101.83,0.4930,-1,-1,-1
138,1657,810.12,443.91,31.07,73.22,0.4344,-1,-1,-1
139,1658,571.76,431.22,148.77,428.09,0.8851,-1,-1,-1
139,2,812.61,447.68,84.58,261.32,0.8768,-1,-1,-1
139,1659,697.30,434.11,98.55,327.28,0.8743,-1,-1,-1
139,1660,956.81,437.29,34.50,88.69,0.7976,-1,-1,-1
139,1661,1217.65,446.95,37.36,97.68,0.7893,-1,-1,-1
139,1637,482.93,461.12,44.57,115.00,0.7707,-1,-1,-1
139,6,528.42,455.57,25.57,70.18,0.7222,-1,-1,-1
139,7,1006.17,448.07,34.62,74.96,0.6914,-1,-1,-1
139,5,558.07,454.90,27.15,70.52,0.6658,-1,-1,-1
139,1020,424.70,467.79,40.55,102.14,0.6160,-1,-1,-1
139,1662,463.56,455.44,23.47,55.03,0.4813,-1,-1,-1
139,1663,809.39,442.66,33.63,80.77,0.4530,-1,-1,-1
139,1664,1163.97,438.60,23.26,87.37,0.3663,-1,-1,-1
140,1665,699.27,434.01,104.20,327.51,0.8873,-1,-1,-1
140,1666,814.80,448.54,84.82,263.20,0.8798,-1,-1,-1
140,1667,573.77,431.13,147.18,429.24,0.8738,-1,-1,-1
140,1668,1217.13,447.73,35.28,96.51,0.8138,-1,-1,-1
140,1669,957.03,437.47,35.59,88.10,0.7918,-1,-1,-1
140,1637,527.57,456.18,25.63,69.11,0.7493,-1,-1,-1
140,6,482.12,457.23,45.65,116.63,0.7337,-1,-1,-1
140,1670,555.76,454.17,27.98,71.68,0.7316,-1,-1,-1
140,1671,1008.66,448.22,31.94,75.32,0.7031,-1,-1,-1
140,1020,426.25,471.23,38.38,98.57,0.4401,-1,-1,-1
140,1672,594.44,442.45,44.77,63.20,0.4264,-1,-1,-1
140,1673,804.98,453.80,19.90,73.08,0.4010,-1,-1,-1
140,1674,1163.50,438.55,24.66,87.52,0.3893,-1,-1,-1
140,1404,465.88,456.09,22.68,55.66,0.3815,-1,-1,-1
140,5,375.94,445.10,29.15,62.92,0.3566,-1,-1,-1
140,7,1056.15,481.57,35.34,80.67,0.3529,-1,-1,-1
140,2,870.52,438.63,43.81,155.05,0.3398,-1,-1,-1
140,3,820.34,442.55,24.43,58.47,0.3058,-1,-1,-1
141,1675,571.71,432.29,149.09,428.84,0.9094,-1,-1,-1
141,3,699.31,434.40,111.11,327.68,0.8932,-1,-1,-1
141,1676,816.39,448.53,84.20,266.85,0.8807,-1,-1,-1
141,1677,956.28,437.77,35.95,88.25,0.7953,-1,-1,-1
141,1678,1215.69,447.71,33.11,96.95,0.7949,-1,-1,-1
141,1020,527.83,454.95,25.08,69.75,0.7452,-1,-1,-1
141,1679,1008.43,448.32,32.13,75.13,0.7396,-1,-1,-1
141,1680,556.89,454.29,24.33,70.81,0.7244,-1,-1,-1
141,1681,479.59,467.26,44.92,108.17,0.6583,-1,-1,-1
141,1682,1084.37,436.72,48.26,157.27,0.5363,-1,-1,-1
141,1683,593.88,442.22,46.08,64.05,0.5336,-1,-1,-1
141,1684,421.62,467.33,42.29,102.22,0.5094,-1,-1,-1
141,1685,809.15,441.04,38.75,88.43,0.5014,-1,-1,-1
141,6,498.49,454.25,31.87,88.19,0.4263,-1,-1,-1
141,5,1163.78,438.58,23.71,87.50,0.3917,-1,-1,-1
141,7,1055.85,481.63,36.28,82.26,0.3914,-1,-1,-1
141,2,466.88,456.49,20.91,54.67,0.3098,-1,-1,-1
142,1686,569.92,430.99,150.45,429.79,0.9204,-1,-1,-1
142,3,698.61,434.98,117.43,327.92,0.8931,-1,-1,-1
142,1687,817.96,450.02,82.62,268.52,0.8699,-1,-1,-1
142,1688,1214.17,447.85,29.74,96.71,0.8069,-1,-1,-1
142,1689,956.18,437.74,36.25,87.54,0.7914,-1,-1,-1
142,1690,1008.00,448.69,32.47,75.05,0.7582,-1,-1,-1
142,1691,526.80,455.09,25.92,69.80,0.7559,-1,-1,-1
142,5,556.65,453.99,25.63,70.61,0.7250,-1,-1,-1
142,1692,479.11,469.07,43.35,106.99,0.7083,-1,-1,-1
142,1693,811.00,441.40,40.11,89.76,0.6485,-1,-1,-1
142,1694,1084.15,434.55,48.31,159.45,0.5767,-1,-1,-1
142,1695,498.62,454.31,31.94,104.55,0.5660,-1,-1,-1
142,1696,593.50,442.58,46.49,63.28,0.5122,-1,-1,-1
142,1697,1163.58,438.65,23.63,87.47,0.4400,-1,-1,-1
142,1698,468.17,451.50,19.88,60.75,0.4222,-1,-1,-1
142,1699,420.16,467.28,42.19,101.67,0.3703,-1,-1,-1
142,1700,1055.91,481.84,36.10,81.03,0.3142,-1,-1,-1
142,6,805.42,454.25,22.82,71.54,0.3069,-1,-1,-1
143,4,569.67,430.97,150.26,436.45,0.9076,-1,-1,-1
143,3,696.81,434.71,125.62,328.11,0.8889,-1,-1,-1
143,2,821.38,447.76,79.13,271.19,0.8678,-1,-1,-1
143,1701,956.99,438.13,35.76,87.05,0.7852,-1,-1,-1
143,1702,1213.37,447.77,30.15,96.32,0.7610,-1,-1,-1
143,1703,1006.95,448.61,33.96,75.00,0.7486,-1,-1,-1
143,1704,556.20,453.80,27.00,70.46,0.7375,-1,-1,-1
143,5,526.92,452.25,26.13,73.06,0.7313,-1,-1,-1
143,1020,498.08,454.58,32.91,103.88,0.6760,-1,-1,-1
143,1705,1084.06,435.34,48.88,159.25,0.5439,-1,-1,-1
143,1706,805.09,454.24,26.63,72.37,0.5108,-1,-1,-1
143,1707,1163.46,439.32,24.26,86.82,0.5045,-1,-1,-1
143,1708,928.37,483.56,82.44,100.87,0.4287,-1,-1,-1
144,1709,700.40,435.50,127.64,328.30,0.8888,-1,-1,-1
144,1710,569.01,434.16,150.31,437.56,0.8857,-1,-1,-1
144,2,822.43,448.48,78.27,268.52,0.8816,-1,-1,-1
144,1711,955.49,438.87,37.05,86.22,0.7984,-1,-1,-1
144,1712,878.29,438.25,73.00,239.95,0.7484,-1,-1,-1
144,5,1008.05,448.94,32.04,75.07,0.7467,-1,-1,-1
144,1713,1211.78,447.34,26.73,96.57,0.7378,-1,-1,-1
144,1020,475.39,465.36,43.57,111.66,0.7117,-1,-1,-1
144,1637,556.56,453.74,23.22,70.91,0.7063,-1,-1,-1
144,1714,526.02,456.63,25.01,68.18,0.6563,-1,-1,-1
144,1695,497.52,454.49,31.95,105.79,0.6332,-1,-1,-1
144,1715,1124.73,451.50,26.89,90.55,0.5250,-1,-1,-1
144,1716,801.80,455.31,31.71,89.50,0.4814,-1,-1,-1
144,3,830.84,441.44,25.29,57.37,0.4414,-1,-1,-1
144,7,1084.40,440.43,47.78,154.03,0.4342,-1,-1,-1
144,6,374.12,444.89,29.34,64.36,0.4251,-1,-1,-1
144,1618,1162.58,439.29,24.70,86.89,0.3923,-1,-1,-1
145,1717,701.67,436.17,130.58,328.07,0.8943,-1,-1,-1
145,1718,567.71,432.11,151.39,439.50,0.8938,-1,-1,-1
145,2,824.95,448.13,77.56,269.86,0.8683,-1,-1,-1
145,1719,880.59,438.30,71.29,239.95,0.8038,-1,-1,-1
145,1720,956.78,439.18,35.52,85.86,0.7983,-1,-1,-1
145,1721,555.15,453.93,27.21,70.94,0.7565,-1,-1,-1
145,1722,1209.48,447.68,26.24,96.97,0.7473,-1,-1,-1
145,1723,1007.51,448.96,32.46,75.22,0.7351,-1,-1,-1
145,1724,498.37,454.51,31.54,104.87,0.7313,-1,-1,-1
145,1725,476.71,465.79,41.35,110.51,0.7009,-1,-1,-1
145,1726,527.78,456.36,24.51,68.25,0.6925,-1,-1,-1
145,7,1125.92,451.36,28.05,89.74,0.6351,-1,-1,-1
145,1637,590.68,456.14,30.88,50.60,0.4406,-1,-1,-1
145,3,374.15,444.91,29.08,64.43,0.4049,-1,-1,-1
145,5,1162.96,439.37,24.14,86.37,0.3744,-1,-1,-1
145,6,831.54,441.86,29.22,57.71,0.3382,-1,-1,-1
145,1020,1083.73,442.67,48.09,152.27,0.3229,-1,-1,-1
146,3,702.02,435.87,132.98,331.85,0.9023,-1,-1,-1
146,4,562.75,433.90,155.83,442.09,0.8905,-1,-1,-1
146,2,827.10,448.80,77.57,269.54,0.8654,-1,-1,-1
146,1727,955.59,439.45,37.59,85.93,0.7765,-1,-1,-1
146,1728,1207.77,447.30,27.49,96.92,0.7670,-1,-1,-1
146,1729,1007.87,448.65,32.69,75.38,0.7652,-1,-1,-1
146,1730,477.32,465.72,41.64,110.66,0.7535,-1,-1,-1
146,1731,881.34,437.49,70.68,240.80,0.7519,-1,-1,-1
146,1020,497.46,455.23,32.99,104.28,0.7282,-1,-1,-1
146,1732,556.03,453.64,25.28,71.00,0.7259,-1,-1,-1
146,1733,1125.83,451.07,29.06,90.12,0.7007,-1,-1,-1
146,1734,526.98,456.19,24.65,68.66,0.6943,-1,-1,-1
146,1735,590.18,455.25,33.79,52.55,0.6687,-1,-1,-1
146,1736,1083.73,438.06,47.14,156.34,0.5121,-1,-1,-1
146,1737,374.36,445.00,27.12,64.63,0.4664,-1,-1,-1
146,1738,830.44,442.43,32.47,57.34,0.4335,-1,-1,-1
146,1739,1162.44,439.51,24.85,86.25,0.3784,-1,-1,-1
146,7,966.52,486.10,43.63,74.43,0.3584,-1,-1,-1
146,5,801.21,455.75,32.13,98.33,0.3493,-1,-1,-1
146,6,547.61,455.33,13.79,57.84,0.3144,-1,-1,-1
147,3,705.90,436.73,129.87,331.94,0.9137,-1,-1,-1
147,4,562.02,436.18,155.60,447.74,0.8971,-1,-1,-1
147,2,828.39,446.84,78.24,273.54,0.8606,-1,-1,-1
147,1740,1207.13,447.74,27.75,96.46,0.7913,-1,-1,-1
147,1741,955.35,439.79,37.75,84.50,0.7778,-1,-1,-1
147,1742,882.50,438.06,69.04,240.32,0.7771,-1,-1,-1
147,1743,474.89,464.68,43.17,111.49,0.7722,-1,-1,-1
147,1744,1010.13,448.98,30.39,75.06,0.7634,-1,-1,-1
147,1732,556.42,453.91,25.54,71.23,0.7092,-1,-1,-1
147,1745,526.51,456.40,24.77,67.51,0.6993,-1,-1,-1
147,1746,497.39,454.98,36.38,102.91,0.6922,-1,-1,-1
147,1747,1125.96,451.10,30.61,90.94,0.6904,-1,-1,-1
147,5,590.15,454.91,33.35,52.24,0.6226,-1,-1,-1
147,1748,1083.83,436.56,47.59,157.87,0.5904,-1,-1,-1
147,1749,1161.61,439.47,25.83,86.19,0.4645,-1,-1,-1
147,1750,374.47,444.81,34.04,64.68,0.4169,-1,-1,-1
147,1751,546.49,455.37,15.08,58.99,0.3735,-1,-1,-1
147,6,802.03,458.22,31.95,95.08,0.3709,-1,-1,-1
147,1637,963.14,484.81,46.57,76.45,0.3495,-1,-1,-1
148,3,706.68,437.82,128.63,331.43,0.9195,-1,-1,-1
148,4,556.94,433.72,161.27,455.72,0.8920,-1,-1,-1
148,2,829.40,445.44,80.92,276.38,0.8616,-1,-1,-1
148,1752,1205.48,447.48,28.66,97.04,0.8068,-1,-1,-1
148,1753,473.26,465.85,44.28,110.12,0.7759,-1,-1,-1
148,1754,956.08,440.27,36.96,83.74,0.7537,-1,-1,-1
148,1755,1009.57,448.07,29.66,76.50,0.7533,-1,-1,-1
148,7,1125.96,451.31,31.07,91.17,0.7346,-1,-1,-1
148,5,557.11,454.04,24.54,70.59,0.6972,-1,-1,-1
148,1756,884.11,437.41,67.08,240.86,0.6910,-1,-1,-1
148,1757,526.34,455.92,24.07,68.79,0.6899,-1,-1,-1
148,1758,497.48,454.56,37.07,104.92,0.6827,-1,-1,-1
148,1759,1083.28,437.51,47.71,156.82,0.6487,-1,-1,-1
148,1760,589.38,455.20,33.19,50.85,0.5932,-1,-1,-1
148,1761,546.56,455.66,14.59,58.96,0.4626,-1,-1,-1
148,1762,943.23,487.40,66.32,91.55,0.3844,-1,-1,-1
148,1763,1161.96,438.77,26.70,87.23,0.3806,-1,-1,-1
148,1764,374.40,444.99,27.85,64.52,0.3668,-1,-1,-1
149,3,710.55,438.30,125.31,334.50,0.9096,-1,-1,-1
149,4,554.02,434.77,159.28,455.99,0.8948,-1,-1,-1
149,2,829.93,450.38,80.01,273.64,0.8468,-1,-1,-1
149,7,1202.86,448.41,30.57,96.63,0.8036,-1,-1,-1
149,1765,885.12,436.79,67.75,241.84,0.7825,-1,-1,-1
149,1766,957.89,440.61,35.21,83.40,0.7794,-1,-1,-1
149,1767,1009.79,448.10,29.97,76.05,0.7552,-1,-1,-1
149,1768,556.72,453.38,25.08,70.72,0.6797,-1,-1,-1
149,5,526.39,456.28,24.51,68.32,0.6712,-1,-1,-1
149,1769,498.69,454.67,37.52,104.27,0.6676,-1,-1,-1
149,1770,1083.37,439.17,47.91,156.56,0.6529,-1,-1,-1
149,1771,1127.17,451.58,30.65,91.04,0.6484,-1,-1,-1
149,1772,475.00,465.97,41.31,110.44,0.5657,-1,-1,-1
149,1773,374.47,444.68,36.26,64.56,0.4577,-1,-1,-1
149,1774,545.27,456.35,15.82,59.98,0.4423,-1,-1,-1
149,1775,1162.83,438.76,25.41,87.18,0.4330,-1,-1,-1
149,1776,420.86,467.63,37.70,102.73,0.4149,-1,-1,-1
149,1777,588.82,456.08,32.28,46.95,0.4139,-1,-1,-1
149,1020,804.95,461.45,29.55,88.37,0.4124,-1,-1,-1
149,1637,964.52,486.41,45.20,74.37,0.3801,-1,-1,-1
149,6,1005.18,453.58,14.36,52.09,0.3175,-1,-1,-1
149,1610,1692.54,430.88,91.43,202.09,0.3017,-1,-1,-1
150,3,713.79,437.74,122.32,336.88,0.9088,-1,-1,-1
150,4,550.85,431.99,160.74,459.80,0.8940,-1,-1,-1
150,2,831.08,449.26,81.62,276.72,0.8299,-1,-1,-1
150,6,1199.89,448.25,33.36,96.69,0.8130,-1,-1,-1
150,1778,957.61,440.46,35.06,82.33,0.7896,-1,-1,-1
150,1779,889.80,435.30,69.72,243.33,0.7785,-1,-1,-1
150,1780,471.88,466.27,42.48,109.35,0.7470,-1,-1,-1
150,1781,1008.17,447.86,30.85,75.45,0.7401,-1,-1,-1
150,1782,1127.01,450.49,33.54,91.93,0.7021,-1,-1,-1
150,1783,556.15,453.68,25.11,70.38,0.6957,-1,-1,-1
150,1784,527.12,456.68,23.21,67.54,0.6821,-1,-1,-1
150,1785,502.05,454.63,34.06,104.28,0.6632,-1,-1,-1
150,1786,1082.37,436.47,48.34,158.69,0.6298,-1,-1,-1
150,1787,373.51,444.37,32.59,65.97,0.5506,-1,-1,-1
150,1788,416.22,466.81,42.31,103.63,0.5126,-1,-1,-1
150,1789,1162.50,439.21,27.67,86.83,0.4839,-1,-1,-1
150,1790,545.06,456.62,15.96,59.35,0.4453,-1,-1,-1
150,1791,586.38,455.60,34.29,46.89,0.3265,-1,-1,-1
150,5,958.81,484.57,50.41,77.29,0.3140,-1,-1,-1
151,3,717.18,437.30,119.30,338.34,0.9052,-1,-1,-1
151,4,545.73,429.40,163.54,463.86,0.8889,-1,-1,-1
151,2,832.51,451.03,80.73,278.26,0.8436,-1,-1,-1
151,7,1199.55,448.93,33.39,95.74,0.8202,-1,-1,-1
151,5,957.83,440.48,34.59,81.71,0.7813,-1,-1,-1
151,1792,889.90,434.12,83.71,244.34,0.7806,-1,-1,-1
151,1793,1007.31,446.59,31.66,77.84,0.7650,-1,-1,-1
151,1794,470.97,466.21,43.60,109.83,0.7490,-1,-1,-1
151,1795,1128.07,451.61,33.43,91.25,0.7372,-1,-1,-1
151,1796,504.23,455.06,31.90,103.84,0.7143,-1,-1,-1
151,1797,527.28,456.71,21.44,67.81,0.6830,-1,-1,-1
151,1798,555.99,454.27,22.76,70.91,0.6498,-1,-1,-1
151,1799,1082.36,439.01,48.81,155.72,0.6115,-1,-1,-1
151,1800,586.24,455.58,33.27,43.79,0.4675,-1,-1,-1
151,1801,1162.47,439.23,24.44,86.37,0.4138,-1,-1,-1
151,1802,544.81,456.76,16.31,59.44,0.4035,-1,-1,-1
151,1803,962.67,484.62,46.44,78.06,0.3932,-1,-1,-1
151,1804,373.37,444.30,35.90,65.54,0.3010,-1,-1,-1
152,3,716.61,436.14,119.36,339.02,0.9113,-1,-1,-1
152,4,541.60,426.73,165.63,466.69,0.8839,-1,-1,-1
152,2,834.25,451.80,81.45,276.53,0.8503,-1,-1,-1
152,6,1198.57,448.20,34.05,96.21,0.8179,-1,-1,-1
152,1805,889.85,432.62,82.33,245.57,0.8029,-1,-1,-1
152,1806,1007.37,446.63,30.07,77.50,0.7645,-1,-1,-1
152,1807,471.76,465.35,42.58,111.82,0.7551,-1,-1,-1
152,1808,1128.67,453.86,33.32,89.19,0.7507,-1,-1,-1
152,1809,957.93,440.46,34.04,82.25,0.7474,-1,-1,-1
152,1020,502.96,454.76,33.23,104.32,0.7226,-1,-1,-1
152,1404,526.97,457.06,21.05,67.21,0.6616,-1,-1,-1
152,5,556.59,454.60,22.40,70.16,0.6474,-1,-1,-1
152,7,1082.68,437.00,48.92,157.57,0.6066,-1,-1,-1
152,1810,415.46,467.38,42.78,103.76,0.5529,-1,-1,-1
152,1811,372.26,444.24,29.78,64.61,0.4903,-1,-1,-1
152,1812,1160.35,439.21,29.88,87.11,0.4689,-1,-1,-1
152,1813,966.85,485.55,43.24,76.85,0.3972,-1,-1,-1
152,1814,544.76,456.92,16.19,58.49,0.3953,-1,-1,-1
152,1637,586.10,455.56,31.37,41.65,0.3193,-1,-1,-1
153,3,718.85,435.65,118.13,339.82,0.9032,-1,-1,-1
153,4,537.30,428.89,167.63,464.59,0.8833,-1,-1,-1
153,2,836.00,448.41,81.13,280.60,0.8582,-1,-1,-1
153,1815,893.49,432.24,81.67,246.07,0.8181,-1,-1,-1
153,1816,1198.01,447.50,34.61,98.25,0.8087,-1,-1,-1
153,1817,1007.11,447.59,30.84,76.82,0.7847,-1,-1,-1
153,1818,958.37,440.46,35.30,82.43,0.7790,-1,-1,-1
153,1819,1129.13,454.04,31.48,88.69,0.7507,-1,-1,-1
153,1820,504.86,455.58,30.94,103.57,0.7416,-1,-1,-1
153,6,527.42,458.13,20.97,67.18,0.6659,-1,-1,-1
153,1821,1084.17,437.00,44.78,159.06,0.6363,-1,-1,-1
153,5,556.20,454.66,22.30,69.24,0.6286,-1,-1,-1
153,7,1161.39,438.94,27.42,87.29,0.4833,-1,-1,-1
153,1822,472.65,464.82,39.78,111.65,0.4494,-1,-1,-1
153,1823,584.80,455.96,27.73,39.57,0.3508,-1,-1,-1
153,1824,415.53,466.68,40.66,104.36,0.3162,-1,-1,-1
153,1825,544.95,455.79,15.11,58.05,0.3108,-1,-1,-1
154,3,722.50,434.56,114.77,341.14,0.9008,-1,-1,-1
154,4,537.58,428.71,166.88,462.92,0.8887,-1,-1,-1
154,2,836.97,447.27,83.94,282.27,0.8607,-1,-1,-1
154,1826,893.14,431.98,82.18,247.15,0.8455,-1,-1,-1
154,1827,1197.93,448.19,33.61,97.43,0.7889,-1,-1,-1
154,1828,1129.38,453.66,32.46,90.45,0.7679,-1,-1,-1
154,1829,959.33,440.68,34.20,82.14,0.7676,-1,-1,-1
154,1830,1006.99,447.56,30.34,75.98,0.7599,-1,-1,-1
154,1831,504.64,455.25,31.50,103.36,0.7469,-1,-1,-1
154,7,469.53,464.38,41.06,111.24,0.6397,-1,-1,-1
154,1832,1084.53,436.79,44.46,158.64,0.6368,-1,-1,-1
154,5,527.05,457.31,20.99,67.68,0.6362,-1,-1,-1
154,1833,556.51,455.12,21.35,62.42,0.6180,-1,-1,-1
154,1834,1163.03,439.09,23.29,86.92,0.4428,-1,-1,-1
154,1835,969.06,485.97,40.24,75.16,0.4087,-1,-1,-1
154,1836,671.16,471.23,52.75,318.06,0.3549,-1,-1,-1
154,1837,371.76,444.24,30.50,65.07,0.3459,-1,-1,-1
155,3,723.73,433.31,116.09,341.87,0.8971,-1,-1,-1
155,4,537.03,427.40,161.48,465.23,0.8867,-1,-1,-1
155,2,895.48,431.52,82.56,250.49,0.8677,-1,-1,-1
155,1642,836.98,447.19,83.72,281.86,0.8598,-1,-1,-1
155,7,1197.38,449.54,34.04,96.26,0.7975,-1,-1,-1
155,1838,1129.94,453.69,31.93,89.79,0.7783,-1,-1,-1
155,1839,504.65,455.79,31.50,103.22,0.7758,-1,-1,-1
155,1840,1007.32,447.85,29.38,75.65,0.7712,-1,-1,-1
155,1841,959.46,440.73,33.51,81.06,0.7376,-1,-1,-1
155,5,469.45,464.41,36.59,112.10,0.6978,-1,-1,-1
155,1842,670.15,445.56,63.20,344.03,0.6504,-1,-1,-1
155,1843,1084.88,436.67,44.59,159.14,0.6421,-1,-1,-1
155,1844,556.35,455.45,20.59,61.41,0.5675,-1,-1,-1
155,1845,527.72,458.55,20.05,66.49,0.5136,-1,-1,-1
155,1846,414.39,466.60,43.46,104.10,0.3960,-1,-1,-1
155,1847,1160.95,439.02,25.72,87.09,0.3889,-1,-1,-1
156,3,724.23,433.13,116.52,342.16,0.8972,-1,-1,-1
156,4,533.78,427.17,166.14,465.02,0.8849,-1,-1,-1
156,1848,838.40,446.93,82.15,282.32,0.8620,-1,-1,-1
156,1849,898.28,431.71,80.54,252.23,0.8522,-1,-1,-1
156,5,1193.83,450.36,36.92,96.62,0.8130,-1,-1,-1
156,1850,504.56,455.92,31.76,102.81,0.7799,-1,-1,-1
156,1851,1005.67,447.96,29.46,74.66,0.7732,-1,-1,-1
156,1852,1129.79,453.22,32.67,90.97,0.7481,-1,-1,-1
156,1853,959.11,441.18,33.46,80.96,0.7480,-1,-1,-1
156,1854,1084.17,435.33,44.24,160.87,0.6695,-1,-1,-1
156,1855,468.47,466.14,35.79,110.13,0.6478,-1,-1,-1
156,1856,670.35,443.88,63.98,345.50,0.6378,-1,-1,-1
156,1637,555.57,455.73,21.72,57.31,0.4972,-1,-1,-1
156,1857,1162.44,439.47,24.48,85.83,0.4432,-1,-1,-1
156,1858,415.60,466.96,43.28,103.88,0.4390,-1,-1,-1
156,1859,527.93,458.32,18.26,62.32,0.3901,-1,-1,-1
156,6,1001.96,450.39,15.42,70.52,0.3789,-1,-1,-1
157,3,725.65,433.06,117.87,342.36,0.8979,-1,-1,-1
157,4,531.70,427.01,167.24,464.88,0.8699,-1,-1,-1
157,2,840.97,447.54,81.12,281.62,0.8659,-1,-1,-1
157,1020,902.47,432.46,78.13,253.30,0.8001,-1,-1,-1
157,1860,1006.74,448.71,27.90,74.35,0.7812,-1,-1,-1
157,1861,1193.82,447.80,36.40,98.97,0.7809,-1,-1,-1
157,1862,665.61,443.52,69.55,346.38,0.7573,-1,-1,-1
157,1863,1130.19,453.53,31.81,89.40,0.7387,-1,-1,-1
157,1864,503.94,455.55,32.74,102.71,0.7380,-1,-1,-1
157,1865,1083.62,436.18,44.66,159.10,0.6608,-1,-1,-1
157,1866,468.91,457.37,33.86,118.48,0.6203,-1,-1,-1
157,1867,959.00,441.04,34.03,74.60,0.5829,-1,-1,-1
157,1868,1305.33,430.71,32.21,114.26,0.5735,-1,-1,-1
157,1869,555.48,455.31,22.52,56.47,0.5260,-1,-1,-1
157,1870,1162.32,439.46,25.22,86.08,0.5040,-1,-1,-1
157,1871,416.84,466.24,40.78,103.47,0.4994,-1,-1,-1
157,7,527.92,457.22,18.80,62.85,0.3524,-1,-1,-1
158,3,729.10,432.39,116.01,342.36,0.8906,-1,-1,-1
158,4,533.01,427.20,166.56,465.30,0.8816,-1,-1,-1
158,2,843.03,447.17,79.82,281.77,0.8569,-1,-1,-1
158,5,904.03,434.37,80.86,251.89,0.8364,-1,-1,-1
158,1872,1193.19,448.72,34.82,97.83,0.7919,-1,-1,-1
158,1873,663.97,442.53,71.95,347.62,0.7888,-1,-1,-1
158,1874,1131.98,451.87,32.37,91.19,0.7812,-1,-1,-1
158,1875,1006.04,448.85,28.64,74.87,0.7489,-1,-1,-1
158,1876,503.91,455.40,32.95,103.30,0.7005,-1,-1,-1
158,7,1084.77,436.11,44.25,159.51,0.6413,-1,-1,-1
158,1020,413.30,467.49,44.34,103.12,0.6089,-1,-1,-1
158,1877,554.86,454.90,22.87,56.99,0.6068,-1,-1,-1
158,1878,468.67,456.15,33.24,119.31,0.6036,-1,-1,-1
158,1879,1305.35,430.63,33.72,114.65,0.5719,-1,-1,-1
158,1880,960.03,440.81,33.80,72.19,0.5044,-1,-1,-1
158,1881,1163.55,439.85,22.61,86.04,0.4336,-1,-1,-1
158,1882,528.59,457.50,18.32,55.83,0.3130,-1,-1,-1
159,3,733.43,432.36,116.71,343.70,0.8910,-1,-1,-1
159,4,531.56,423.56,166.40,469.58,0.8883,-1,-1,-1
159,2,844.89,448.37,80.25,281.08,0.8431,-1,-1,-1
159,1883,666.22,442.86,74.88,347.29,0.8209,-1,-1,-1
159,1884,908.86,435.23,80.36,250.69,0.8204,-1,-1,-1
159,1885,1134.11,451.34,31.23,92.37,0.7719,-1,-1,-1
159,1886,1194.18,447.04,32.31,99.77,0.7661,-1,-1,-1
159,1887,1004.00,449.32,29.87,73.91,0.7499,-1,-1,-1
159,1888,1082.91,436.82,46.08,159.07,0.6866,-1,-1,-1
159,1889,503.54,455.90,32.65,104.45,0.6612,-1,-1,-1
159,1890,552.65,454.71,24.78,57.58,0.6398,-1,-1,-1
159,1891,416.01,468.56,41.51,102.18,0.5693,-1,-1,-1
159,1892,1163.94,439.50,23.01,86.28,0.5565,-1,-1,-1
159,1893,1305.40,430.52,33.26,113.60,0.4994,-1,-1,-1
159,1894,470.30,456.75,31.52,119.74,0.4709,-1,-1,-1
159,1895,372.23,444.56,29.98,64.53,0.4039,-1,-1,-1
159,1896,959.77,440.90,33.24,71.35,0.3447,-1,-1,-1
159,5,528.60,457.47,18.63,55.64,0.3189,-1,-1,-1
160,3,738.65,432.25,112.33,343.15,0.8995,-1,-1,-1
160,4,529.96,422.61,167.56,470.64,0.8932,-1,-1,-1
160,1897,667.53,444.18,76.56,346.00,0.8640,-1,-1,-1
160,1898,845.99,449.09,80.95,279.77,0.8541,-1,-1,-1
160,1899,911.75,436.27,81.86,249.84,0.8052,-1,-1,-1
160,1900,1192.07,445.93,31.67,100.50,0.7613,-1,-1,-1
160,1901,1134.57,451.04,31.67,92.59,0.7530,-1,-1,-1
160,5,1003.94,449.71,29.45,73.56,0.7374,-1,-1,-1
160,1902,1083.22,436.74,45.68,158.81,0.6609,-1,-1,-1
160,1903,469.31,457.50,32.87,118.30,0.6331,-1,-1,-1
160,1904,415.48,468.09,43.05,102.57,0.6247,-1,-1,-1
160,1905,504.54,455.85,32.22,102.39,0.6168,-1,-1,-1
160,1906,1305.24,430.45,33.64,114.56,0.5747,-1,-1,-1
160,1907,555.51,454.64,21.24,55.44,0.5567,-1,-1,-1
160,1908,372.41,444.57,29.14,64.16,0.4629,-1,-1,-1
160,1909,962.17,440.90,32.42,68.94,0.4624,-1,-1,-1
160,1910,1164.10,440.12,22.30,85.78,0.3396,-1,-1,-1
161,1911,528.14,422.62,169.77,470.42,0.8976,-1,-1,-1
161,1912,742.35,432.47,111.62,343.11,0.8868,-1,-1,-1
161,1913,847.02,448.60,83.03,280.23,0.8547,-1,-1,-1
161,1914,669.15,443.88,75.31,346.45,0.8502,-1,-1,-1
161,5,1003.57,449.42,29.06,73.35,0.7225,-1,-1,-1
161,1915,413.89,467.54,44.50,103.42,0.6922,-1,-1,-1
161,1916,1189.37,443.26,32.31,102.99,0.6890,-1,-1,-1
161,2,914.72,436.76,79.40,251.36,0.6796,-1,-1,-1
161,7,1084.44,436.45,44.50,159.36,0.6518,-1,-1,-1
161,1917,1135.56,455.01,31.02,88.16,0.6515,-1,-1,-1
161,1918,468.53,458.11,32.82,118.02,0.6136,-1,-1,-1
161,1020,503.51,455.73,33.59,103.11,0.5486,-1,-1,-1
161,1919,1305.31,430.44,33.74,114.22,0.4715,-1,-1,-1
161,1920,556.61,454.26,19.65,54.43,0.4489,-1,-1,-1
161,1921,372.33,444.55,31.21,64.05,0.4462,-1,-1,-1
161,1922,966.10,441.21,29.29,69.66,0.3965,-1,-1,-1
161,1923,1164.62,440.22,21.85,85.65,0.3106,-1,-1,-1
162,1924,529.68,422.31,169.45,471.16,0.8939,-1,-1,-1
162,1925,744.88,433.29,110.47,342.23,0.8867,-1,-1,-1
162,1926,848.50,446.05,86.35,283.00,0.8708,-1,-1,-1
162,1927,917.13,438.92,81.05,252.48,0.8433,-1,-1,-1
162,1928,665.56,444.88,80.65,348.77,0.8246,-1,-1,-1
162,1929,1004.86,449.20,27.67,73.77,0.7527,-1,-1,-1
162,1930,503.55,455.68,34.36,103.32,0.6848,-1,-1,-1
162,1931,468.53,459.46,32.91,116.20,0.6500,-1,-1,-1
162,7,1189.83,439.08,28.29,107.05,0.6355,-1,-1,-1
162,1932,1136.59,452.88,31.09,90.23,0.5908,-1,-1,-1
162,1933,413.81,467.54,42.70,102.64,0.5790,-1,-1,-1
162,1934,1082.85,435.41,46.12,159.25,0.5546,-1,-1,-1
162,1935,556.12,453.98,20.25,53.22,0.4767,-1,-1,-1
162,1936,1305.41,429.81,34.52,114.93,0.4494,-1,-1,-1
162,1937,969.28,440.93,25.79,68.10,0.4157,-1,-1,-1
162,1938,1165.23,439.75,21.54,85.70,0.3683,-1,-1,-1
162,1939,372.14,444.42,27.55,63.75,0.3590,-1,-1,-1
163,4,529.60,422.92,173.30,471.11,0.9019,-1,-1,-1
163,2,850.67,445.79,93.86,283.20,0.8869,-1,-1,-1
163,3,747.71,433.38,109.91,342.28,0.8852,-1,-1,-1
163,1940,922.60,437.90,79.45,257.07,0.8222,-1,-1,-1
163,1941,666.68,445.82,76.72,350.93,0.7672,-1,-1,-1
163,1942,1003.39,448.97,28.76,73.62,0.7554,-1,-1,-1
163,1943,1189.28,444.73,28.67,101.69,0.7103,-1,-1,-1
163,1944,465.85,458.70,36.80,116.60,0.6918,-1,-1,-1
163,1945,414.26,467.02,43.87,103.12,0.6904,-1,-1,-1
163,1946,505.35,455.99,34.69,102.57,0.6642,-1,-1,-1
163,1947,1136.16,451.78,32.47,91.52,0.6310,-1,-1,-1
163,1948,1082.87,436.60,46.52,158.43,0.5340,-1,-1,-1
163,1949,553.07,454.19,24.22,50.31,0.5003,-1,-1,-1
163,1950,1305.68,430.26,33.76,114.09,0.4668,-1,-1,-1
163,1951,971.80,441.19,22.65,62.83,0.3113,-1,-1,-1
163,1952,1166.24,439.44,20.76,86.83,0.3097,-1,-1,-1
164,4,529.51,423.46,176.14,471.32,0.9062,-1,-1,-1
164,1953,750.57,433.49,109.07,341.93,0.9013,-1,-1,-1
164,1954,852.99,446.56,100.45,282.86,0.8969,-1,-1,-1
164,1955,665.19,445.00,83.70,353.75,0.8341,-1,-1,-1
164,1956,924.20,438.12,84.93,256.34,0.8325,-1,-1,-1
164,5,1003.85,449.10,28.08,73.61,0.7609,-1,-1,-1
164,1957,1185.72,446.74,32.29,99.74,0.6978,-1,-1,-1
164,1020,507.21,456.05,32.62,101.92,0.6769,-1,-1,-1
164,1958,465.58,457.85,35.84,118.49,0.6538,-1,-1,-1
164,1959,414.75,466.52,43.16,104.75,0.6378,-1,-1,-1
164,1960,1140.18,451.84,29.24,91.29,0.6253,-1,-1,-1
164,7,1083.76,436.31,45.75,159.77,0.5573,-1,-1,-1
164,1961,1305.26,430.32,35.20,114.30,0.5032,-1,-1,-1
164,1962,553.80,454.00,23.14,53.04,0.4866,-1,-1,-1
164,1963,490.43,457.22,23.99,100.83,0.4407,-1,-1,-1
164,1964,372.55,444.45,28.32,64.36,0.4206,-1,-1,-1
164,6,1166.09,439.65,20.06,85.70,0.3713,-1,-1,-1
164,1404,528.11,457.04,19.41,54.00,0.3022,-1,-1,-1
165,1965,855.16,444.71,112.05,285.33,0.8974,-1,-1,-1
165,3,751.06,433.10,110.75,346.06,0.8951,-1,-1,-1
165,1966,529.36,421.83,185.48,475.55,0.8894,-1,-1,-1
165,1967,667.97,444.77,83.63,354.54,0.8570,-1,-1,-1
165,1968,926.87,437.80,75.27,257.10,0.8229,-1,-1,-1
165,2,1004.04,448.64,27.63,74.08,0.7462,-1,-1,-1
165,1969,466.45,460.30,35.75,115.13,0.6896,-1,-1,-1
165,5,506.99,455.22,33.50,103.70,0.6872,-1,-1,-1
165,1970,1184.87,448.19,33.26,98.55,0.6843,-1,-1,-1
165,1971,416.35,466.11,39.68,104.72,0.6324,-1,-1,-1
165,1972,552.94,454.27,23.84,55.80,0.5829,-1,-1,-1
165,6,1140.16,444.02,29.39,99.63,0.5409,-1,-1,-1
165,1973,374.18,444.21,29.51,64.50,0.4727,-1,-1,-1
165,1974,1084.65,437.26,45.37,157.39,0.4702,-1,-1,-1
165,1975,1054.16,481.54,38.48,81.61,0.4012,-1,-1,-1
165,1976,528.32,456.49,18.21,54.57,0.3799,-1,-1,-1
165,7,1306.95,430.17,32.09,114.81,0.3472,-1,-1,-1
165,1020,490.44,458.22,24.40,99.96,0.3150,-1,-1,-1
166,1977,857.39,444.62,115.50,285.77,0.9051,-1,-1,-1
166,3,753.67,434.03,109.77,348.72,0.8942,-1,-1,-1
166,1978,529.33,423.25,191.30,476.98,0.8812,-1,-1,-1
166,4,667.93,445.17,86.02,353.96,0.8616,-1,-1,-1
166,2,928.91,436.39,79.81,257.71,0.8323,-1,-1,-1
166,7,1004.74,448.34,26.89,74.04,0.7476,-1,-1,-1
166,1979,508.31,456.28,32.68,102.30,0.6793,-1,-1,-1
166,1980,1183.80,452.06,34.17,94.42,0.6503,-1,-1,-1
166,1981,468.03,459.67,35.37,115.65,0.6256,-1,-1,-1
166,1982,553.36,454.24,23.68,57.14,0.6153,-1,-1,-1
166,1983,419.20,466.60,36.93,104.56,0.5792,-1,-1,-1
166,1984,374.27,444.22,33.25,65.66,0.5691,-1,-1,-1
166,1985,1086.09,437.21,44.04,158.07,0.5685,-1,-1,-1
166,1986,1147.39,449.40,22.75,94.25,0.4603,-1,-1,-1
166,1987,1054.29,480.78,38.51,83.63,0.4224,-1,-1,-1
166,1988,1166.79,439.54,20.96,89.42,0.4153,-1,-1,-1
166,1989,488.28,457.64,28.08,100.72,0.3996,-1,-1,-1
166,5,527.96,456.44,20.06,54.64,0.3556,-1,-1,-1
167,2,858.84,445.69,122.70,284.39,0.9042,-1,-1,-1
167,3,755.59,433.78,109.82,348.45,0.8895,-1,-1,-1
167,4,529.61,424.51,200.15,474.13,0.8817,-1,-1,-1
167,1642,670.07,445.18,85.65,352.38,0.8557,-1,-1,-1
167,1956,932.31,434.21,76.38,260.20,0.8239,-1,-1,-1
167,5,1005.07,448.49,25.52,74.06,0.7096,-1,-1,-1
167,1990,1181.77,449.95,36.05,96.97,0.6824,-1,-1,-1
167,1991,508.61,456.08,33.42,102.60,0.6710,-1,-1,-1
167,1992,468.57,460.09,33.78,115.57,0.6563,-1,-1,-1
167,1993,553.13,454.18,24.08,57.54,0.6333,-1,-1,-1
167,1994,416.72,466.47,39.41,104.62,0.6060,-1,-1,-1
167,1995,374.28,444.23,32.98,65.50,0.5717,-1,-1,-1
167,1996,1085.74,437.33,44.57,157.60,0.5651,-1,-1,-1
167,6,1142.98,443.89,29.71,99.50,0.4841,-1,-1,-1
167,7,1054.30,480.83,38.49,83.50,0.3703,-1,-1,-1
167,1997,527.92,456.42,19.33,54.91,0.3333,-1,-1,-1
168,3,861.67,446.69,125.69,285.42,0.9113,-1,-1,-1
168,1998,532.70,423.53,203.38,472.75,0.8934,-1,-1,-1
168,1999,757.68,435.34,107.79,350.31,0.8860,-1,-1,-1
168,2000,933.12,432.35,75.72,261.88,0.8586,-1,-1,-1
168,2001,672.46,445.96,83.38,353.73,0.8428,-1,-1,-1
168,7,1004.51,447.54,25.93,75.09,0.7846,-1,-1,-1
168,2002,469.96,461.56,32.00,113.77,0.7149,-1,-1,-1
168,2003,549.86,453.94,27.25,59.07,0.6432,-1,-1,-1
168,2004,1141.29,449.41,30.65,94.76,0.6297,-1,-1,-1
168,2005,1086.20,437.84,44.19,158.02,0.5806,-1,-1,-1
168,6,374.04,444.35,35.37,65.17,0.5172,-1,-1,-1
168,2006,507.45,455.80,34.56,102.68,0.4999,-1,-1,-1
168,2007,1180.44,444.75,37.63,102.10,0.4991,-1,-1,-1
168,5,1166.70,439.83,19.87,88.96,0.3915,-1,-1,-1
169,3,863.07,447.18,127.31,286.09,0.9111,-1,-1,-1
169,2008,534.30,425.64,210.95,472.26,0.8981,-1,-1,-1
169,2009,758.79,435.45,106.85,351.91,0.8787,-1,-1,-1
169,2010,676.91,445.93,78.86,355.06,0.8587,-1,-1,-1
169,2011,936.70,433.02,72.16,261.17,0.8525,-1,-1,-1
169,5,1005.38,447.72,23.73,75.27,0.7684,-1,-1,-1
169,2012,469.30,459.69,31.29,115.66,0.6814,-1,-1,-1
169,1637,548.78,453.85,28.19,58.64,0.6659,-1,-1,-1
169,2013,1145.15,446.46,27.28,97.75,0.5907,-1,-1,-1
169,2014,1174.38,451.75,41.71,95.06,0.5238,-1,-1,-1
169,2015,509.10,455.43,36.65,102.98,0.5157,-1,-1,-1
169,2016,1084.63,438.36,45.57,157.77,0.5139,-1,-1,-1
169,2017,1166.63,439.70,20.43,94.63,0.4505,-1,-1,-1
169,2018,579.72,456.78,31.20,39.41,0.4036,-1,-1,-1
170,2019,536.23,425.81,215.97,471.84,0.9033,-1,-1,-1
170,2020,866.66,448.01,124.07,287.19,0.9006,-1,-1,-1
170,3,761.29,436.30,106.97,351.95,0.8916,-1,-1,-1
170,2021,939.24,432.10,71.89,262.11,0.8484,-1,-1,-1
170,2022,677.06,446.07,79.76,359.10,0.8436,-1,-1,-1
170,6,1005.13,447.59,22.69,75.40,0.7560,-1,-1,-1
170,1020,469.14,460.54,31.61,114.82,0.6860,-1,-1,-1
170,5,549.57,453.72,26.98,62.09,0.5909,-1,-1,-1
170,2023,489.37,457.78,26.42,98.79,0.5612,-1,-1,-1
170,2024,508.00,455.69,36.43,101.86,0.5544,-1,-1,-1
170,2025,1084.04,438.18,46.31,157.49,0.5498,-1,-1,-1
170,2026,1174.16,448.66,38.24,98.60,0.5224,-1,-1,-1
170,2027,579.29,456.91,36.38,41.23,0.4712,-1,-1,-1
170,2028,1146.63,449.08,26.33,94.84,0.4108,-1,-1,-1
170,7,373.16,444.24,32.19,62.51,0.3268,-1,-1,-1
171,2029,870.01,448.69,122.92,288.13,0.9101,-1,-1,-1
171,2030,538.81,425.93,221.02,473.07,0.9054,-1,-1,-1
171,3,761.00,436.35,110.19,353.95,0.8886,-1,-1,-1
171,2031,682.94,445.50,78.80,361.68,0.8479,-1,-1,-1
171,2032,943.27,431.60,73.05,263.16,0.8458,-1,-1,-1
171,2033,1169.73,449.77,42.98,97.27,0.7343,-1,-1,-1
171,1020,469.50,460.90,30.64,114.44,0.7075,-1,-1,-1
171,2034,1005.21,447.55,23.53,75.78,0.7027,-1,-1,-1
171,2035,578.14,456.42,36.49,44.82,0.6544,-1,-1,-1
171,2036,549.62,454.46,26.38,67.83,0.6142,-1,-1,-1
171,2037,1083.96,437.95,46.35,157.62,0.5975,-1,-1,-1
171,2038,490.86,458.41,26.37,98.97,0.5584,-1,-1,-1
171,2039,508.12,455.61,35.87,102.91,0.5297,-1,-1,-1
171,2040,1146.95,443.90,25.37,99.66,0.3981,-1,-1,-1
172,2041,539.69,429.06,222.38,471.42,0.9058,-1,-1,-1
172,2042,873.09,448.11,117.88,291.23,0.8973,-1,-1,-1
172,3,764.14,436.33,108.25,357.45,0.8775,-1,-1,-1
172,2043,683.59,446.04,80.10,367.93,0.8651,-1,-1,-1
172,2044,943.92,430.65,79.45,262.87,0.8583,-1,-1,-1
172,2045,1166.38,449.03,43.61,98.09,0.7182,-1,-1,-1
172,1020,469.34,461.34,30.51,114.83,0.7036,-1,-1,-1
172,2046,550.03,454.69,26.29,68.47,0.6885,-1,-1,-1
172,2047,489.90,458.15,27.38,98.09,0.6745,-1,-1,-1
172,2048,1005.31,447.81,23.25,75.03,0.6621,-1,-1,-1
172,2049,577.51,455.35,38.19,48.59,0.6402,-1,-1,-1
172,2050,509.58,456.29,36.46,103.19,0.6368,-1,-1,-1
172,2051,1146.51,463.51,25.02,79.51,0.5531,-1,-1,-1
172,6,1166.49,439.59,20.11,98.82,0.4208,-1,-1,-1
172,5,374.34,444.25,34.30,64.82,0.3982,-1,-1,-1
172,7,1083.17,440.54,47.03,155.83,0.3576,-1,-1,-1
173,2052,541.84,428.60,223.14,475.96,0.9111,-1,-1,-1
173,2053,874.23,447.32,117.66,292.73,0.8999,-1,-1,-1
173,3,765.21,436.62,112.17,356.16,0.8715,-1,-1,-1
173,2054,948.07,430.73,79.86,262.78,0.8429,-1,-1,-1
173,2055,685.34,445.20,64.41,368.03,0.7716,-1,-1,-1
173,7,1167.52,445.97,41.05,101.78,0.7691,-1,-1,-1
173,1020,490.63,457.74,27.37,98.22,0.7176,-1,-1,-1
173,2056,509.95,456.11,36.18,103.62,0.7150,-1,-1,-1
173,2057,577.41,451.99,41.14,55.97,0.6859,-1,-1,-1
173,2058,469.56,461.13,29.75,114.38,0.6858,-1,-1,-1
173,2059,550.54,455.40,24.32,66.50,0.6277,-1,-1,-1
173,2060,1082.42,452.17,46.82,144.54,0.4784,-1,-1,-1
173,2061,1147.09,465.83,24.10,76.27,0.4074,-1,-1,-1
173,2062,416.61,467.01,39.46,102.81,0.4049,-1,-1,-1
173,5,374.77,444.35,34.44,64.54,0.3074,-1,-1,-1
174,4,546.10,428.31,220.60,477.67,0.9107,-1,-1,-1
174,2,875.91,447.04,116.44,293.17,0.9016,-1,-1,-1
174,3,766.04,437.55,115.09,356.66,0.8834,-1,-1,-1
174,2063,950.77,430.83,78.33,261.47,0.8697,-1,-1,-1
174,2064,687.62,444.46,74.93,368.92,0.7607,-1,-1,-1
174,7,1165.11,449.20,43.12,98.62,0.7575,-1,-1,-1
174,1020,509.88,455.69,36.54,103.90,0.7539,-1,-1,-1
174,5,490.80,457.65,27.38,97.84,0.7162,-1,-1,-1
174,2065,470.00,461.65,29.54,113.88,0.6823,-1,-1,-1
174,2066,551.20,455.44,23.12,66.91,0.6680,-1,-1,-1
174,1637,576.77,454.54,44.48,57.80,0.6342,-1,-1,-1
174,2067,934.63,440.25,28.24,54.76,0.5168,-1,-1,-1
174,2068,416.58,467.08,39.11,102.59,0.4347,-1,-1,-1
174,2069,1083.37,451.95,46.36,144.52,0.3551,-1,-1,-1
174,2070,1148.26,467.35,24.42,76.62,0.3292,-1,-1,-1
174,6,1307.57,430.97,30.89,114.20,0.3126,-1,-1,-1
175,4,550.55,428.17,222.13,480.93,0.9318,-1,-1,-1
175,2,877.72,447.03,111.90,291.86,0.8943,-1,-1,-1
175,3,767.06,437.41,112.01,364.39,0.8745,-1,-1,-1
175,7,955.04,432.07,80.81,261.35,0.8669,-1,-1,-1
175,2064,693.22,444.57,75.00,368.43,0.7963,-1,-1,-1
175,2071,509.58,455.37,37.25,104.39,0.7734,-1,-1,-1
175,2072,1166.14,448.62,41.48,99.43,0.7596,-1,-1,-1
175,5,490.42,458.04,28.30,98.14,0.7216,-1,-1,-1
175,2073,470.47,461.70,28.71,113.82,0.6968,-1,-1,-1
175,1637,550.21,455.84,23.61,67.01,0.5946,-1,-1,-1
175,2074,418.00,467.84,36.49,102.19,0.4753,-1,-1,-1
175,2075,1085.24,441.19,46.63,155.18,0.4541,-1,-1,-1
175,2076,373.27,444.44,29.52,63.56,0.4261,-1,-1,-1
175,2077,938.71,440.58,24.85,54.48,0.3985,-1,-1,-1
175,2078,574.15,452.06,41.74,77.53,0.3773,-1,-1,-1
176,4,555.19,427.04,217.01,484.76,0.9109,-1,-1,-1
176,2,879.32,446.33,110.82,293.05,0.8925,-1,-1,-1
176,2079,957.70,431.32,91.64,261.84,0.8796,-1,-1,-1
176,2080,772.81,438.79,107.49,363.93,0.8708,-1,-1,-1
176,2081,1164.30,448.89,43.02,98.97,0.7409,-1,-1,-1
176,2082,509.47,455.89,36.47,103.97,0.7186,-1,-1,-1
176,2083,470.49,461.96,29.06,114.07,0.7122,-1,-1,-1
176,1020,490.37,458.35,28.32,98.29,0.7081,-1,-1,-1
176,1637,551.27,455.40,22.77,66.92,0.6702,-1,-1,-1
176,5,572.32,454.48,46.97,86.18,0.5719,-1,-1,-1
176,2084,417.07,467.54,38.04,102.41,0.5081,-1,-1,-1
176,2085,704.54,443.45,64.91,369.81,0.4820,-1,-1,-1
176,2086,571.02,460.75,20.89,41.59,0.3069,-1,-1,-1
177,4,559.17,428.44,212.68,484.17,0.9046,-1,-1,-1
177,2,881.47,446.67,110.39,293.79,0.8949,-1,-1,-1
177,2087,772.42,438.50,108.09,364.29,0.8789,-1,-1,-1
177,2088,959.85,431.79,96.14,263.52,0.8716,-1,-1,-1
177,2089,1163.93,448.84,42.39,98.45,0.7691,-1,-1,-1
177,1020,510.05,455.85,36.50,104.70,0.7273,-1,-1,-1
177,2090,550.28,455.25,23.89,66.88,0.7237,-1,-1,-1
177,2083,470.33,461.78,29.13,114.40,0.7031,-1,-1,-1
177,2091,415.50,467.27,38.27,103.27,0.6798,-1,-1,-1
177,2092,490.97,458.60,27.63,97.54,0.6653,-1,-1,-1
177,2093,572.18,453.99,54.44,87.68,0.6358,-1,-1,-1
177,2094,708.75,444.13,65.86,368.72,0.4713,-1,-1,-1
177,2095,1151.65,458.66,19.50,86.49,0.3781,-1,-1,-1
177,6,1307.45,431.44,31.68,113.78,0.3651,-1,-1,-1
177,5,372.70,444.30,29.88,64.98,0.3370,-1,-1,-1
177,7,1085.35,441.67,47.56,153.52,0.3107,-1,-1,-1
177,3,571.63,460.77,19.56,40.68,0.3060,-1,-1,-1
178,4,565.51,427.57,208.52,486.65,0.8963,-1,-1,-1
178,2,965.85,430.80,97.89,265.08,0.8879,-1,-1,-1
178,2096,887.22,444.40,106.91,296.34,0.8848,-1,-1,-1
178,2097,774.67,437.84,106.08,365.14,0.8741,-1,-1,-1
178,7,1160.53,447.24,45.04,100.86,0.7415,-1,-1,-1
178,1020,509.20,455.28,37.32,104.52,0.7360,-1,-1,-1
178,1637,549.99,455.13,23.45,66.90,0.7237,-1,-1,-1
178,5,490.50,458.54,27.88,99.83,0.6824,-1,-1,-1
178,2098,469.61,461.35,30.04,114.40,0.6747,-1,-1,-1
178,2068,416.27,467.12,39.37,103.41,0.6118,-1,-1,-1
178,2099,570.09,456.40,44.83,90.89,0.5296,-1,-1,-1
178,2100,1305.46,430.01,33.18,114.17,0.4135,-1,-1,-1
178,2101,371.46,444.22,35.46,65.54,0.3872,-1,-1,-1
179,2102,970.91,431.89,99.41,264.67,0.8996,-1,-1,-1
179,2103,891.85,444.35,103.74,296.09,0.8889,-1,-1,-1
179,2104,572.35,426.25,201.15,488.35,0.8846,-1,-1,-1
179,2105,775.84,437.55,106.61,365.40,0.8774,-1,-1,-1
179,3,1161.51,447.84,40.71,99.57,0.7559,-1,-1,-1
179,1020,509.03,454.95,37.08,105.09,0.7529,-1,-1,-1
179,2106,415.12,466.27,39.11,104.43,0.7388,-1,-1,-1
179,2047,489.05,458.47,28.85,99.27,0.6718,-1,-1,-1
179,1637,549.99,454.29,23.35,68.16,0.6621,-1,-1,-1
179,2107,569.82,456.66,52.87,95.80,0.6564,-1,-1,-1
179,2108,467.99,460.76,31.74,114.76,0.5990,-1,-1,-1
179,2109,1304.85,430.77,33.81,113.57,0.3856,-1,-1,-1
179,2110,1083.23,458.68,43.70,138.17,0.3627,-1,-1,-1
179,7,1153.40,439.92,25.73,99.19,0.3358,-1,-1,-1
179,5,371.31,444.39,32.16,64.02,0.3016,-1,-1,-1
180,2111,578.00,424.84,197.95,489.22,0.8872,-1,-1,-1
180,2112,971.99,434.81,101.04,263.51,0.8796,-1,-1,-1
180,2113,896.70,443.98,101.87,297.29,0.8758,-1,-1,-1
180,3,777.82,437.21,106.11,366.28,0.8711,-1,-1,-1
180,2114,508.76,455.43,37.69,104.77,0.7401,-1,-1,-1
180,1020,415.41,467.21,39.50,103.85,0.7369,-1,-1,-1
180,2115,1158.69,447.70,42.15,100.05,0.6992,-1,-1,-1
180,2116,570.29,456.35,40.73,104.36,0.6778,-1,-1,-1
180,2117,488.67,457.98,27.56,100.70,0.6689,-1,-1,-1
180,2118,465.29,459.95,34.71,115.97,0.6253,-1,-1,-1
180,2119,549.59,455.22,22.82,65.28,0.5328,-1,-1,-1
180,2120,1155.83,438.39,25.11,102.64,0.3223,-1,-1,-1
181,2121,578.42,422.63,196.01,492.76,0.8910,-1,-1,-1
181,2,973.78,433.98,100.30,266.08,0.8778,-1,-1,-1
181,2122,903.79,444.78,94.88,295.56,0.8751,-1,-1,-1
181,3,779.85,436.24,107.76,366.81,0.8511,-1,-1,-1
181,2123,1157.48,448.06,41.85,99.61,0.7412,-1,-1,-1
181,1020,416.35,467.26,38.45,103.68,0.7297,-1,-1,-1
181,2124,508.25,455.38,34.23,104.09,0.7251,-1,-1,-1
181,2125,489.42,457.99,26.43,100.66,0.6999,-1,-1,-1
181,2126,569.84,458.38,42.81,104.75,0.6813,-1,-1,-1
181,2127,466.12,461.28,34.05,114.04,0.6365,-1,-1,-1
181,1637,549.34,455.23,23.02,65.67,0.5514,-1,-1,-1
181,1951,975.70,442.28,21.74,38.47,0.3687,-1,-1,-1
181,5,1305.74,431.04,30.76,113.36,0.3177,-1,-1,-1
182,4,586.24,423.52,187.68,492.09,0.8990,-1,-1,-1
182,2,909.71,442.35,92.29,298.54,0.8866,-1,-1,-1
182,2128,781.86,434.21,106.92,368.88,0.8593,-1,-1,-1
182,2129,977.34,436.29,96.55,267.13,0.8318,-1,-1,-1
182,2130,509.43,455.64,34.77,104.33,0.7518,-1,-1,-1
182,2131,1156.92,449.41,38.06,98.29,0.7305,-1,-1,-1
182,2132,416.45,467.15,36.61,103.55,0.6968,-1,-1,-1
182,2133,568.88,458.28,54.34,116.37,0.6761,-1,-1,-1
182,2134,491.74,457.99,24.28,100.54,0.6748,-1,-1,-1
182,5,549.15,454.65,23.65,66.62,0.6503,-1,-1,-1
182,1020,465.53,460.48,35.13,114.75,0.4006,-1,-1,-1
182,2135,975.49,442.11,28.81,45.29,0.3179,-1,-1,-1
183,4,588.96,423.16,187.98,491.29,0.9085,-1,-1,-1
183,3,784.24,433.90,111.26,369.37,0.8837,-1,-1,-1
183,2136,916.45,441.85,87.86,300.54,0.8831,-1,-1,-1
183,2137,978.46,429.48,97.53,274.59,0.8407,-1,-1,-1
183,2138,569.48,458.99,54.60,131.59,0.7586,-1,-1,-1
183,2139,509.41,454.84,34.86,105.50,0.7335,-1,-1,-1
183,2140,549.07,454.82,23.62,65.92,0.7301,-1,-1,-1
183,2141,416.20,467.42,36.88,103.04,0.7109,-1,-1,-1
183,2142,1156.86,442.52,35.60,104.33,0.6924,-1,-1,-1
183,2143,491.02,458.54,25.86,100.78,0.6626,-1,-1,-1
183,2144,975.46,442.56,31.89,51.07,0.4768,-1,-1,-1
183,2145,464.97,461.22,34.56,114.18,0.3544,-1,-1,-1
183,5,1303.17,430.78,34.47,113.87,0.3196,-1,-1,-1
184,4,596.44,420.89,184.95,493.88,0.9137,-1,-1,-1
184,2146,919.45,442.68,88.49,304.27,0.8846,-1,-1,-1
184,2147,785.54,433.18,109.54,369.80,0.8815,-1,-1,-1
184,2,983.17,434.92,93.85,268.88,0.8141,-1,-1,-1
184,2148,1154.16,440.83,38.82,106.38,0.7795,-1,-1,-1
184,2149,509.58,454.99,34.16,105.34,0.7350,-1,-1,-1
184,2150,548.99,454.60,24.20,66.56,0.7307,-1,-1,-1
184,2151,416.45,467.59,36.42,103.00,0.7030,-1,-1,-1
184,2152,489.62,458.23,27.69,100.29,0.6557,-1,-1,-1
184,2153,568.92,458.43,55.93,135.28,0.6501,-1,-1,-1
184,2154,464.43,476.70,33.88,99.42,0.5359,-1,-1,-1
184,2155,977.32,442.69,31.71,56.59,0.4694,-1,-1,-1
185,4,603.00,421.65,179.16,493.12,0.9091,-1,-1,-1
185,2156,786.77,433.56,109.43,369.72,0.8803,-1,-1,-1
185,2157,923.36,443.36,85.65,307.12,0.8765,-1,-1,-1
185,2,981.34,435.60,97.86,268.66,0.8071,-1,-1,-1
185,2158,568.46,458.36,57.43,142.87,0.7745,-1,-1,-1
185,1637,549.06,454.69,23.66,66.11,0.7477,-1,-1,-1
185,5,510.05,455.31,33.64,105.20,0.7429,-1,-1,-1
185,1020,415.74,467.33,38.37,103.31,0.7135,-1,-1,-1
185,2159,491.58,457.43,25.86,100.25,0.6815,-1,-1,-1
185,2160,1153.96,449.68,37.57,98.16,0.6242,-1,-1,-1
185,2161,1300.55,430.79,37.27,114.04,0.3810,-1,-1,-1
185,2162,463.44,461.47,35.25,113.62,0.3752,-1,-1,-1
185,3,980.91,442.52,28.46,53.83,0.3344,-1,-1,-1
186,4,606.04,422.71,177.46,492.93,0.9017,-1,-1,-1
186,2163,788.62,433.73,109.00,368.71,0.8937,-1,-1,-1
186,2164,926.86,444.94,86.43,307.70,0.8670,-1,-1,-1
186,2,988.25,433.65,94.95,270.54,0.8284,-1,-1,-1
186,2165,567.78,458.20,59.59,149.59,0.7899,-1,-1,-1
186,2166,1152.15,440.35,50.37,107.10,0.7751,-1,-1,-1
186,1637,549.22,454.66,24.11,66.74,0.7525,-1,-1,-1
186,5,416.10,467.38,36.24,103.36,0.7219,-1,-1,-1
186,1020,509.53,454.84,34.95,105.86,0.6759,-1,-1,-1
186,2167,491.02,457.36,26.60,99.16,0.6265,-1,-1,-1
186,2168,465.09,462.72,34.20,112.97,0.5920,-1,-1,-1
186,2169,1100.10,437.57,34.00,154.32,0.3580,-1,-1,-1
186,3,1302.98,430.67,35.49,114.29,0.3499,-1,-1,-1
186,1951,659.64,463.72,19.63,30.68,0.3332,-1,-1,-1
187,4,610.32,422.12,175.56,494.57,0.8895,-1,-1,-1
187,3,790.20,433.51,108.20,369.20,0.8794,-1,-1,-1
187,2,929.51,444.88,84.37,308.97,0.8748,-1,-1,-1
187,7,993.97,431.77,89.81,273.00,0.8385,-1,-1,-1
187,2170,1151.57,440.56,53.84,107.02,0.8254,-1,-1,-1
187,2171,567.85,458.17,59.55,152.98,0.7754,-1,-1,-1
187,5,548.77,454.65,24.54,66.80,0.7582,-1,-1,-1
187,1637,416.26,467.37,35.52,103.39,0.7088,-1,-1,-1
187,1020,490.91,457.32,27.22,100.77,0.6824,-1,-1,-1
187,2172,510.10,454.87,34.18,105.57,0.6709,-1,-1,-1
187,2173,464.25,462.59,34.48,112.69,0.6200,-1,-1,-1
187,2174,659.63,463.89,21.12,31.53,0.4392,-1,-1,-1
188,2175,791.42,432.81,111.21,369.83,0.8902,-1,-1,-1
188,2176,933.50,444.70,91.37,305.71,0.8867,-1,-1,-1
188,2177,615.40,419.59,171.82,500.55,0.8765,-1,-1,-1
188,2,999.40,433.07,85.14,271.31,0.8455,-1,-1,-1
188,2178,1152.49,444.31,51.22,103.65,0.7724,-1,-1,-1
188,2179,567.99,458.48,60.51,157.04,0.7703,-1,-1,-1
188,1637,548.77,454.81,24.70,66.45,0.7616,-1,-1,-1
188,2180,510.18,455.17,33.04,104.79,0.7089,-1,-1,-1
188,5,490.39,457.35,27.92,100.53,0.7060,-1,-1,-1
188,2181,417.25,467.13,34.99,103.68,0.6946,-1,-1,-1
188,1020,464.13,462.28,33.82,112.69,0.5732,-1,-1,-1
188,2182,659.38,463.90,21.96,32.40,0.4627,-1,-1,-1
188,7,1099.18,435.68,35.32,158.54,0.4411,-1,-1,-1
189,4,937.52,445.25,97.45,304.62,0.8864,-1,-1,-1
189,2183,793.45,432.19,111.38,371.06,0.8732,-1,-1,-1
189,2184,618.83,416.64,171.15,513.25,0.8593,-1,-1,-1
189,2,1005.02,432.77,79.98,272.13,0.8457,-1,-1,-1
189,2185,567.74,455.76,60.69,159.60,0.7843,-1,-1,-1
189,2186,1151.57,441.35,54.24,106.23,0.7451,-1,-1,-1
189,5,548.92,455.25,24.86,65.96,0.7423,-1,-1,-1
189,2187,417.31,467.50,35.51,103.26,0.6962,-1,-1,-1
189,1637,510.49,454.80,33.70,106.47,0.6612,-1,-1,-1
189,2188,490.98,457.20,27.25,101.57,0.6480,-1,-1,-1
189,1020,463.85,463.40,34.32,112.05,0.6080,-1,-1,-1
189,2189,1098.54,435.87,36.54,107.00,0.5246,-1,-1,-1
189,3,1081.70,481.53,41.96,116.65,0.4142,-1,-1,-1
189,1951,659.52,463.78,21.62,35.15,0.4078,-1,-1,-1
190,2190,796.22,431.96,111.33,370.59,0.8849,-1,-1,-1
190,2191,941.52,445.21,106.31,305.47,0.8841,-1,-1,-1
190,2192,1006.71,431.46,81.01,273.39,0.8378,-1,-1,-1
190,2193,567.24,454.48,57.80,160.61,0.8344,-1,-1,-1
190,2194,620.56,417.84,172.66,520.28,0.8276,-1,-1,-1
190,2195,548.72,456.04,24.66,64.94,0.7643,-1,-1,-1
190,2172,510.96,454.79,33.64,105.61,0.6706,-1,-1,-1
190,2196,1099.37,436.71,36.16,107.53,0.6700,-1,-1,-1
190,1637,490.75,457.22,28.18,100.11,0.6323,-1,-1,-1
190,2197,1152.29,439.60,53.57,108.19,0.5761,-1,-1,-1
190,1020,463.98,462.57,33.56,112.57,0.4967,-1,-1,-1
190,2198,419.39,470.28,32.78,100.52,0.4923,-1,-1,-1
190,2199,659.99,463.54,21.67,35.98,0.4560,-1,-1,-1
190,5,611.18,460.69,14.67,37.95,0.3889,-1,-1,-1
190,4,1081.24,483.66,42.56,112.81,0.3138,-1,-1,-1
191,2200,944.44,446.38,107.60,304.19,0.8927,-1,-1,-1
191,2201,797.65,431.40,108.08,370.89,0.8732,-1,-1,-1
191,2202,565.86,453.89,58.87,161.12,0.8340,-1,-1,-1
191,2203,628.33,417.99,167.46,528.12,0.8138,-1,-1,-1
191,2204,548.33,455.81,25.00,65.08,0.7316,-1,-1,-1
191,2205,1007.98,431.38,82.66,274.09,0.7281,-1,-1,-1
191,2206,1099.40,436.52,36.09,108.13,0.7044,-1,-1,-1
191,2207,490.08,457.38,28.12,101.90,0.6806,-1,-1,-1
191,5,462.99,462.32,33.83,112.68,0.6177,-1,-1,-1
191,2208,510.49,455.10,34.78,105.35,0.5756,-1,-1,-1
191,1020,421.33,471.08,34.04,99.37,0.5754,-1,-1,-1
191,2209,1152.23,439.38,53.35,108.09,0.5192,-1,-1,-1
191,2210,659.89,463.76,21.68,38.02,0.4619,-1,-1,-1
191,2211,1302.03,429.75,36.86,115.02,0.3002,-1,-1,-1
192,2212,945.35,443.63,110.53,308.79,0.8963,-1,-1,-1
192,2213,799.21,431.22,110.55,370.44,0.8839,-1,-1,-1
192,2214,565.43,454.00,59.41,160.86,0.8413,-1,-1,-1
192,2215,1008.26,431.82,111.42,273.36,0.8261,-1,-1,-1
192,2216,489.09,457.52,29.21,101.62,0.7391,-1,-1,-1
192,2217,628.66,418.18,172.58,535.94,0.7313,-1,-1,-1
192,2218,1147.35,440.72,38.33,107.26,0.7170,-1,-1,-1
192,2219,1098.92,436.97,36.40,107.39,0.6928,-1,-1,-1
192,1020,460.70,463.49,35.94,112.79,0.6927,-1,-1,-1
192,2220,548.92,456.05,24.43,65.37,0.6490,-1,-1,-1
192,2083,420.21,467.95,34.73,102.98,0.6334,-1,-1,-1
192,2221,511.21,454.68,34.44,106.10,0.6278,-1,-1,-1
192,1951,659.75,463.90,21.61,40.08,0.4474,-1,-1,-1
192,2222,1301.73,430.31,35.73,114.38,0.4029,-1,-1,-1
193,2,945.96,444.81,111.33,311.63,0.8976,-1,-1,-1
193,3,801.30,431.14,110.17,369.90,0.8843,-1,-1,-1
193,2223,1013.24,433.06,106.87,271.36,0.8402,-1,-1,-1
193,2224,565.43,453.34,59.28,161.55,0.8103,-1,-1,-1
193,2225,1146.08,441.42,38.79,106.65,0.7433,-1,-1,-1
193,2226,489.29,457.28,28.12,102.14,0.7244,-1,-1,-1
193,2227,548.03,456.19,24.95,64.94,0.7087,-1,-1,-1
193,2228,1099.36,436.70,36.21,107.59,0.6901,-1,-1,-1
193,1020,419.06,468.42,35.78,102.01,0.6597,-1,-1,-1
193,2229,461.49,464.03,34.07,111.59,0.6549,-1,-1,-1
193,2230,683.08,495.01,97.33,464.81,0.5750,-1,-1,-1
193,2231,510.04,454.93,35.54,105.19,0.5123,-1,-1,-1
193,5,659.74,463.76,21.83,44.96,0.4582,-1,-1,-1
193,2232,632.73,417.87,174.27,405.85,0.4119,-1,-1,-1
193,6,1300.54,430.57,36.52,114.18,0.4096,-1,-1,-1
193,7,1179.95,451.24,27.22,95.01,0.3214,-1,-1,-1
194,2,946.76,446.61,113.28,310.00,0.8968,-1,-1,-1
194,3,803.24,431.88,118.01,371.61,0.8889,-1,-1,-1
194,2233,1020.07,430.88,100.89,276.39,0.8425,-1,-1,-1
194,2234,565.24,454.99,61.53,159.93,0.8256,-1,-1,-1
194,2235,1145.40,444.93,36.83,103.32,0.7440,-1,-1,-1
194,2236,634.59,417.43,165.88,545.73,0.7409,-1,-1,-1
194,2237,488.40,457.35,29.01,102.10,0.6808,-1,-1,-1
194,2206,1100.12,436.06,35.60,112.10,0.6798,-1,-1,-1
194,2238,460.61,464.51,34.93,111.00,0.6779,-1,-1,-1
194,2239,548.45,456.21,24.68,64.88,0.6720,-1,-1,-1
194,2240,421.61,472.45,33.50,97.85,0.5734,-1,-1,-1
194,2241,1171.01,453.85,35.99,92.68,0.5154,-1,-1,-1
194,2242,509.87,454.84,35.56,103.62,0.4578,-1,-1,-1
194,2243,659.84,463.62,20.78,49.06,0.4418,-1,-1,-1
194,1020,1301.28,429.95,35.95,114.96,0.4265,-1,-1,-1
194,7,371.10,444.91,32.50,64.41,0.3381,-1,-1,-1
195,2,946.94,447.77,117.22,312.85,0.9040,-1,-1,-1
195,3,806.77,432.36,125.60,371.87,0.8931,-1,-1,-1
195,2244,566.16,452.67,58.88,161.80,0.8340,-1,-1,-1
195,2245,1021.58,431.63,92.13,280.99,0.8034,-1,-1,-1
195,2246,458.82,464.79,37.33,111.34,0.7880,-1,-1,-1
195,2247,487.07,457.36,30.29,101.69,0.7291,-1,-1,-1
195,2248,1099.53,436.42,36.36,110.88,0.7011,-1,-1,-1
195,2249,416.30,467.40,36.15,103.08,0.6793,-1,-1,-1
195,2250,1144.78,443.80,36.14,104.37,0.6520,-1,-1,-1
195,1637,548.62,455.90,23.91,65.41,0.6048,-1,-1,-1
195,2251,659.91,463.69,22.29,55.14,0.4832,-1,-1,-1
195,2252,637.80,415.69,174.59,404.77,0.4248,-1,-1,-1
195,2253,960.55,444.22,23.76,68.62,0.4058,-1,-1,-1
195,2254,512.04,454.69,33.67,104.28,0.3798,-1,-1,-1
195,1020,1300.74,429.91,36.53,115.21,0.3396,-1,-1,-1
196,2255,807.64,432.72,137.59,371.71,0.8987,-1,-1,-1
196,2256,949.13,447.09,115.38,314.57,0.8987,-1,-1,-1
196,2257,1025.27,431.51,94.99,280.92,0.8497,-1,-1,-1
196,2258,566.58,454.64,61.43,160.53,0.8238,-1,-1,-1
196,2259,1144.10,449.52,33.16,99.11,0.7724,-1,-1,-1
196,2260,641.50,416.55,170.98,546.08,0.7512,-1,-1,-1
196,2261,487.04,457.79,30.36,101.62,0.7193,-1,-1,-1
196,2262,1099.19,437.18,37.12,110.26,0.7080,-1,-1,-1
196,2263,459.88,464.36,35.68,111.66,0.6795,-1,-1,-1
196,2264,416.10,466.66,39.35,104.51,0.6542,-1,-1,-1
196,2265,549.08,455.78,23.95,66.00,0.6457,-1,-1,-1
196,2266,659.89,463.74,21.85,63.68,0.6113,-1,-1,-1
196,2267,1174.94,450.84,31.60,95.51,0.5133,-1,-1,-1
196,7,370.75,444.82,33.14,64.92,0.5049,-1,-1,-1
196,2268,511.12,454.84,33.93,103.78,0.3902,-1,-1,-1
196,1020,1300.46,430.34,35.73,114.83,0.3821,-1,-1,-1
196,5,960.11,445.08,25.48,68.48,0.3118,-1,-1,-1
197,2269,812.58,433.41,142.21,370.87,0.9113,-1,-1,-1
197,2270,952.02,447.00,112.96,314.57,0.8943,-1,-1,-1
197,2271,1027.85,431.34,94.15,281.91,0.8587,-1,-1,-1
197,2272,567.38,453.93,60.81,160.89,0.8183,-1,-1,-1
197,2273,643.97,418.68,170.73,546.53,0.7804,-1,-1,-1
197,2274,1144.46,449.70,33.48,98.96,0.7677,-1,-1,-1
197,2275,486.41,457.62,30.79,100.63,0.7050,-1,-1,-1
197,2276,1101.33,436.60,35.09,113.51,0.6797,-1,-1,-1
197,2277,1179.20,451.70,31.31,94.52,0.6641,-1,-1,-1
197,2278,548.92,455.99,23.76,64.87,0.6622,-1,-1,-1
197,2279,659.90,463.94,22.26,64.79,0.6120,-1,-1,-1
197,2280,370.99,444.85,31.96,64.74,0.5528,-1,-1,-1
197,2281,418.43,468.75,35.08,102.07,0.5514,-1,-1,-1
197,2282,460.05,464.19,34.23,112.27,0.4791,-1,-1,-1
197,2283,512.46,455.35,32.33,61.85,0.3783,-1,-1,-1
198,3,815.31,434.79,148.29,369.58,0.9155,-1,-1,-1
198,2,958.52,445.04,106.25,316.85,0.8897,-1,-1,-1
198,7,1033.32,431.45,93.90,282.49,0.8847,-1,-1,-1
198,2224,568.10,455.89,65.67,159.04,0.8294,-1,-1,-1
198,2284,648.71,417.22,165.57,543.38,0.7882,-1,-1,-1
198,2285,1144.30,446.86,31.91,101.86,0.7480,-1,-1,-1
198,2286,1101.74,436.65,34.79,111.42,0.7222,-1,-1,-1
198,2287,549.33,455.85,22.17,64.13,0.6775,-1,-1,-1
198,2288,487.74,457.65,29.43,102.12,0.6631,-1,-1,-1
198,5,660.35,463.79,23.74,69.67,0.6458,-1,-1,-1
198,2289,460.58,465.38,33.63,110.31,0.5914,-1,-1,-1
198,2290,1183.06,452.57,23.75,93.45,0.5159,-1,-1,-1
198,2291,419.59,468.48,36.45,102.84,0.4992,-1,-1,-1
198,2292,966.13,445.88,27.54,74.10,0.4969,-1,-1,-1
198,2293,373.60,444.88,28.60,64.02,0.4191,-1,-1,-1
198,1020,512.57,455.48,32.03,91.40,0.3806,-1,-1,-1
199,3,815.36,433.82,155.81,372.26,0.9079,-1,-1,-1
199,2,1038.22,432.36,92.85,282.94,0.8703,-1,-1,-1
199,4,962.55,444.64,103.54,317.30,0.8698,-1,-1,-1
199,2294,652.75,418.40,161.96,544.08,0.8470,-1,-1,-1
199,2295,568.88,452.16,66.39,162.94,0.8368,-1,-1,-1
199,7,1143.34,448.58,32.43,100.78,0.7878,-1,-1,-1
199,2296,486.74,457.86,29.83,102.24,0.7284,-1,-1,-1
199,2297,1102.56,436.25,34.40,112.62,0.6977,-1,-1,-1
199,2298,660.14,463.82,23.79,74.19,0.6620,-1,-1,-1
199,2299,549.03,455.52,21.86,63.30,0.6442,-1,-1,-1
199,2300,459.03,465.81,35.39,109.27,0.5260,-1,-1,-1
199,2301,373.63,445.00,28.88,64.24,0.5131,-1,-1,-1
199,5,422.61,471.77,34.01,98.57,0.4746,-1,-1,-1
199,2302,967.51,446.86,28.58,75.72,0.4548,-1,-1,-1
199,2303,1183.57,448.76,30.82,97.17,0.4143,-1,-1,-1
199,1020,513.13,455.18,31.73,97.64,0.3622,-1,-1,-1
200,3,817.02,436.55,159.53,370.83,0.9072,-1,-1,-1
200,2304,970.30,446.26,98.47,315.62,0.8608,-1,-1,-1
200,2305,569.86,453.12,63.97,163.03,0.8400,-1,-1,-1
200,2306,1041.00,432.12,94.03,285.00,0.8312,-1,-1,-1
200,2307,656.08,420.12,165.66,540.61,0.8132,-1,-1,-1
200,2,1143.42,447.79,30.69,100.76,0.7887,-1,-1,-1
200,2308,486.30,458.11,29.46,101.68,0.7319,-1,-1,-1
200,2309,659.46,463.50,23.79,75.15,0.6698,-1,-1,-1
200,2310,1102.81,436.94,33.52,110.85,0.6644,-1,-1,-1
200,2311,548.80,455.75,22.24,63.24,0.6642,-1,-1,-1
200,2312,1183.33,448.45,33.20,97.80,0.5148,-1,-1,-1
200,2313,458.13,465.49,32.80,110.04,0.4976,-1,-1,-1
200,1020,421.13,470.93,32.16,99.93,0.4731,-1,-1,-1
200,2314,512.45,455.32,31.94,92.58,0.4336,-1,-1,-1
200,2315,968.79,444.82,32.76,79.12,0.3633,-1,-1,-1
200,2316,371.38,445.05,31.40,63.98,0.3514,-1,-1,-1
200,5,1164.79,441.11,20.59,88.27,0.3266,-1,-1,-1
201,3,825.87,436.38,150.55,373.19,0.9019,-1,-1,-1
201,2,976.99,445.96,93.01,316.01,0.8686,-1,-1,-1
201,2317,1043.75,433.28,92.15,286.87,0.8659,-1,-1,-1
201,2318,570.71,451.00,68.51,165.24,0.8558,-1,-1,-1
201,2319,659.19,421.50,168.22,541.95,0.8296,-1,-1,-1
201,2320,484.66,457.56,31.39,102.45,0.7555,-1,-1,-1
201,2321,1138.69,447.61,33.80,101.00,0.7536,-1,-1,-1
201,2322,548.37,454.96,20.56,64.44,0.6968,-1,-1,-1
201,2323,457.06,465.12,34.32,110.67,0.6914,-1,-1,-1
201,2324,1103.05,436.13,33.60,106.67,0.6325,-1,-1,-1
201,2325,1185.32,447.52,32.56,98.70,0.6009,-1,-1,-1
201,2326,659.55,463.42,22.20,75.32,0.5881,-1,-1,-1
201,1020,420.07,468.75,33.59,101.93,0.4827,-1,-1,-1
201,2327,512.78,455.53,31.94,105.04,0.4796,-1,-1,-1
201,2328,372.57,444.94,33.80,64.03,0.4282,-1,-1,-1
201,2329,1163.02,439.37,22.91,87.60,0.3804,-1,-1,-1
202,3,827.08,436.68,150.13,377.09,0.9173,-1,-1,-1
202,2,987.90,444.18,84.29,318.09,0.8696,-1,-1,-1
202,2330,572.22,454.31,68.41,161.94,0.8653,-1,-1,-1
202,2331,659.12,419.28,173.88,548.62,0.8191,-1,-1,-1
202,2332,1048.69,433.11,88.82,287.15,0.7849,-1,-1,-1
202,2333,1138.20,447.41,33.50,101.49,0.7465,-1,-1,-1
202,2334,484.66,457.51,31.61,102.53,0.7449,-1,-1,-1
202,1020,455.38,465.79,34.07,108.90,0.6945,-1,-1,-1
202,2335,1185.17,451.20,34.62,94.46,0.6475,-1,-1,-1
202,2336,513.48,454.60,32.21,106.18,0.6027,-1,-1,-1
202,2337,659.21,463.50,22.24,75.02,0.5767,-1,-1,-1
202,2338,419.37,466.85,36.50,104.53,0.5207,-1,-1,-1
202,2339,548.07,455.64,20.74,62.67,0.4581,-1,-1,-1
202,2340,371.86,444.86,29.70,63.71,0.4000,-1,-1,-1
202,2341,970.07,444.34,36.99,72.80,0.3067,-1,-1,-1
203,3,827.91,434.85,150.01,379.80,0.9169,-1,-1,-1
203,2,991.84,445.56,82.32,316.68,0.8673,-1,-1,-1
203,2342,1051.97,432.90,88.10,287.82,0.8660,-1,-1,-1
203,2343,573.25,458.03,68.35,159.62,0.8573,-1,-1,-1
203,2344,659.08,418.57,177.57,551.29,0.8570,-1,-1,-1
203,2345,1137.96,447.80,32.21,101.07,0.7487,-1,-1,-1
203,2346,484.20,457.33,31.05,103.26,0.7290,-1,-1,-1
203,2347,1185.39,449.51,34.11,97.20,0.6412,-1,-1,-1
203,2348,454.09,464.84,35.68,111.68,0.6245,-1,-1,-1
203,2349,369.97,444.93,32.38,64.34,0.5849,-1,-1,-1
203,2350,547.50,456.70,20.41,62.27,0.5843,-1,-1,-1
203,2351,418.09,467.70,36.54,103.47,0.5212,-1,-1,-1
203,1020,659.56,463.62,21.52,73.25,0.4868,-1,-1,-1
203,2352,1302.97,429.02,32.94,116.16,0.4116,-1,-1,-1
203,2353,970.28,443.76,39.51,75.85,0.3975,-1,-1,-1
203,5,511.59,455.10,31.97,63.96,0.3346,-1,-1,-1
203,1637,564.53,460.18,23.04,54.77,0.3005,-1,-1,-1
204,3,828.48,435.04,149.45,379.27,0.9180,-1,-1,-1
204,2,1055.64,433.01,86.90,287.83,0.8684,-1,-1,-1
204,2354,665.62,418.25,176.09,556.55,0.8666,-1,-1,-1
204,2355,574.54,455.91,67.02,163.21,0.8646,-1,-1,-1
204,2356,995.03,444.22,84.98,317.87,0.8327,-1,-1,-1
204,7,1136.77,447.76,32.42,101.23,0.7867,-1,-1,-1
204,2357,1185.19,446.56,34.04,100.12,0.7595,-1,-1,-1
204,2358,484.03,457.07,31.30,103.63,0.7002,-1,-1,-1
204,2359,453.56,464.68,35.70,111.44,0.6391,-1,-1,-1
204,2360,659.39,463.50,22.11,73.11,0.5330,-1,-1,-1
204,5,370.00,444.97,32.55,63.28,0.5126,-1,-1,-1
204,1020,419.51,468.78,35.94,102.53,0.4539,-1,-1,-1
204,2361,547.07,457.33,21.35,61.17,0.4356,-1,-1,-1
204,2362,1304.39,429.77,31.59,114.75,0.3635,-1,-1,-1
205,3,829.36,433.67,149.15,380.81,0.9196,-1,-1,-1
205,2363,669.73,417.51,171.48,564.07,0.8780,-1,-1,-1
205,2364,574.85,456.60,64.93,162.70,0.8623,-1,-1,-1
205,2365,1062.58,431.24,82.33,290.13,0.8585,-1,-1,-1
205,2366,999.08,444.59,84.53,317.27,0.8342,-1,-1,-1
205,2,1136.59,447.82,31.92,100.91,0.7294,-1,-1,-1
205,2367,1187.75,454.58,34.96,92.48,0.7068,-1,-1,-1
205,2368,484.28,456.79,32.36,102.83,0.6954,-1,-1,-1
205,5,547.32,458.04,20.19,60.34,0.5937,-1,-1,-1
205,2369,659.32,463.60,22.49,75.94,0.5668,-1,-1,-1
205,2370,450.46,463.79,38.14,111.96,0.5543,-1,-1,-1
205,1637,415.18,466.99,40.80,104.23,0.4600,-1,-1,-1
205,1020,512.56,455.21,31.00,73.10,0.3355,-1,-1,-1
205,2371,564.16,459.30,20.02,56.24,0.3045,-1,-1,-1
206,3,831.43,431.66,148.93,382.53,0.9114,-1,-1,-1
206,2372,672.76,417.13,169.41,570.20,0.8763,-1,-1,-1
206,2373,1065.87,430.98,80.36,290.71,0.8671,-1,-1,-1
206,2374,577.72,460.23,62.66,159.77,0.8473,-1,-1,-1
206,2,1002.73,444.83,95.51,316.42,0.8433,-1,-1,-1
206,2375,484.20,456.73,32.37,102.93,0.7271,-1,-1,-1
206,7,1137.01,447.84,31.09,100.57,0.7209,-1,-1,-1
206,2376,1188.55,448.51,33.78,98.57,0.7041,-1,-1,-1
206,2309,659.75,463.81,23.23,75.99,0.6283,-1,-1,-1
206,2377,548.22,455.90,19.13,62.78,0.5962,-1,-1,-1
206,2378,370.35,445.31,33.75,63.46,0.5610,-1,-1,-1
206,2379,972.22,443.92,35.64,75.01,0.5404,-1,-1,-1
206,5,452.79,464.79,35.10,110.38,0.4390,-1,-1,-1
206,2380,420.00,469.39,35.84,101.74,0.3688,-1,-1,-1
206,1637,568.43,460.73,20.22,55.15,0.3615,-1,-1,-1
206,1020,512.95,455.17,32.00,104.87,0.3259,-1,-1,-1
207,3,833.93,431.50,146.55,382.83,0.9134,-1,-1,-1
207,2381,1006.78,446.09,105.27,315.65,0.8846,-1,-1,-1
207,2382,1069.98,431.13,80.52,290.87,0.8727,-1,-1,-1
207,2383,675.58,418.81,169.76,573.28,0.8618,-1,-1,-1
207,2384,581.21,456.57,59.65,163.42,0.8252,-1,-1,-1
207,2385,484.46,456.53,32.14,103.13,0.7400,-1,-1,-1
207,2386,513.23,455.32,30.79,105.52,0.6951,-1,-1,-1
207,2387,449.63,463.88,37.43,111.71,0.6817,-1,-1,-1
207,2388,1137.88,448.02,30.84,99.97,0.6558,-1,-1,-1
207,2389,547.72,455.70,19.63,63.10,0.6515,-1,-1,-1
207,2390,659.28,463.66,24.00,75.14,0.6350,-1,-1,-1
207,2391,1191.03,458.60,33.41,88.75,0.5326,-1,-1,-1
207,5,371.29,445.40,29.79,63.31,0.4958,-1,-1,-1
207,2392,420.79,470.53,37.95,100.36,0.4640,-1,-1,-1
207,1020,973.47,444.06,34.33,74.28,0.4317,-1,-1,-1
207,1637,568.06,461.10,21.20,59.14,0.3286,-1,-1,-1
208,2393,1011.29,446.10,119.75,315.47,0.9050,-1,-1,-1
208,2394,836.06,430.70,150.31,383.41,0.8934,-1,-1,-1
208,2395,682.01,416.85,165.13,575.20,0.8792,-1,-1,-1
208,2396,1073.13,431.76,79.52,290.25,0.8481,-1,-1,-1
208,2397,1191.97,447.00,33.59,99.81,0.7755,-1,-1,-1
208,1020,513.08,455.10,31.53,106.13,0.7634,-1,-1,-1
208,2398,582.49,456.15,63.42,164.01,0.7610,-1,-1,-1
208,2399,547.68,455.27,20.36,64.95,0.7237,-1,-1,-1
208,2400,484.31,456.45,31.50,103.22,0.7177,-1,-1,-1
208,2401,659.48,463.57,23.61,74.95,0.6397,-1,-1,-1
208,2402,447.66,463.11,38.84,112.39,0.6351,-1,-1,-1
208,2403,571.26,462.99,18.51,60.03,0.5428,-1,-1,-1
208,2404,1140.35,448.06,27.86,98.60,0.5390,-1,-1,-1
208,5,370.92,445.04,30.21,62.81,0.4503,-1,-1,-1
208,2405,974.81,444.17,33.40,72.96,0.3562,-1,-1,-1
208,2406,673.02,486.95,44.69,85.02,0.3092,-1,-1,-1
209,2407,1015.40,447.31,135.07,314.67,0.8956,-1,-1,-1
209,2408,839.10,431.01,146.65,382.96,0.8950,-1,-1,-1
209,2409,683.92,414.61,163.30,577.78,0.8670,-1,-1,-1
209,2410,1080.70,430.00,74.94,289.98,0.8378,-1,-1,-1
209,2411,584.33,455.74,57.96,164.63,0.7894,-1,-1,-1
209,2412,1191.93,445.77,34.23,101.62,0.7755,-1,-1,-1
209,2413,514.09,455.43,30.15,105.77,0.7417,-1,-1,-1
209,1637,547.57,455.29,20.50,64.79,0.7319,-1,-1,-1
209,2414,483.51,456.61,31.84,102.91,0.6917,-1,-1,-1
209,2415,659.43,463.68,23.80,75.45,0.6400,-1,-1,-1
209,2416,446.28,463.48,37.68,112.77,0.6385,-1,-1,-1
209,2417,1013.56,443.28,32.88,70.26,0.6030,-1,-1,-1
209,2418,571.73,462.76,17.33,61.13,0.5857,-1,-1,-1
209,2419,973.87,444.59,34.02,73.85,0.4595,-1,-1,-1
209,2420,370.78,444.94,30.52,62.91,0.4551,-1,-1,-1
209,2421,1139.64,448.83,28.23,99.43,0.4450,-1,-1,-1
209,1020,673.91,490.08,43.37,81.70,0.4037,-1,-1,-1
210,2422,843.20,429.52,143.97,384.54,0.9025,-1,-1,-1
210,2423,1018.51,446.80,136.52,315.74,0.8826,-1,-1,-1
210,4,683.96,412.36,164.46,579.41,0.8674,-1,-1,-1
210,2424,585.92,454.68,55.84,165.11,0.8294,-1,-1,-1
210,2425,1084.71,429.50,74.87,291.51,0.7842,-1,-1,-1
210,2426,1192.49,447.22,36.19,99.87,0.7666,-1,-1,-1
210,2427,512.98,454.94,31.56,106.42,0.7512,-1,-1,-1
210,1637,480.79,456.84,34.95,103.67,0.6889,-1,-1,-1
210,2428,659.13,463.70,24.19,74.51,0.6480,-1,-1,-1
210,2429,547.80,455.82,18.75,63.34,0.6435,-1,-1,-1
210,2430,1015.34,443.38,32.93,75.46,0.5791,-1,-1,-1
210,2431,572.19,462.35,16.69,60.71,0.5606,-1,-1,-1
210,2432,674.88,488.77,43.86,81.77,0.5233,-1,-1,-1
210,2433,369.98,445.00,32.38,64.38,0.5083,-1,-1,-1
210,2434,1299.45,429.94,37.14,115.16,0.3305,-1,-1,-1
210,2435,438.39,464.46,42.61,110.15,0.3170,-1,-1,-1
210,5,720.14,456.01,22.45,55.00,0.3084,-1,-1,-1
210,1020,974.03,444.61,35.50,98.45,0.3047,-1,-1,-1
211,2436,1019.28,447.52,157.33,315.01,0.8949,-1,-1,-1
211,2437,681.83,412.34,170.28,579.43,0.8857,-1,-1,-1
211,2438,849.21,431.24,147.06,382.71,0.8742,-1,-1,-1
211,2439,588.34,450.42,53.99,169.50,0.8232,-1,-1,-1
211,2440,512.93,454.90,31.68,106.32,0.7795,-1,-1,-1
211,2391,1194.37,448.18,33.08,98.55,0.7668,-1,-1,-1
211,2441,1088.09,428.97,78.51,265.10,0.7586,-1,-1,-1
211,1020,480.17,457.55,34.72,102.77,0.6970,-1,-1,-1
211,2442,1015.21,445.28,37.59,81.00,0.6706,-1,-1,-1
211,2443,659.17,463.73,24.05,74.15,0.6439,-1,-1,-1
211,2444,443.98,464.65,39.16,111.37,0.5808,-1,-1,-1
211,2445,573.19,463.52,15.33,59.43,0.5594,-1,-1,-1
211,2446,370.14,445.06,31.84,64.40,0.5178,-1,-1,-1
211,2447,547.67,455.83,18.17,62.09,0.4769,-1,-1,-1
211,2448,675.36,484.79,44.64,86.04,0.4763,-1,-1,-1
211,2449,974.16,444.52,36.95,102.89,0.3640,-1,-1,-1
211,2450,587.20,452.55,16.30,38.76,0.3612,-1,-1,-1
211,5,422.24,473.31,43.58,97.90,0.3278,-1,-1,-1
211,7,1142.86,449.34,24.59,84.66,0.3018,-1,-1,-1
212,2451,1019.34,445.76,160.65,320.12,0.8919,-1,-1,-1
212,2452,683.75,412.92,171.64,579.64,0.8900,-1,-1,-1
212,2453,856.90,430.73,145.15,383.33,0.8609,-1,-1,-1
212,2,589.19,455.41,54.19,164.97,0.8264,-1,-1,-1
212,2454,513.35,454.84,31.80,106.26,0.7890,-1,-1,-1
212,2455,1095.55,431.30,75.26,281.88,0.7831,-1,-1,-1
212,2456,480.84,456.70,33.65,103.98,0.7360,-1,-1,-1
212,2457,1196.78,447.06,33.31,99.72,0.7285,-1,-1,-1
212,2458,444.05,465.18,39.54,110.73,0.6520,-1,-1,-1
212,2459,1016.17,446.73,40.04,80.50,0.6497,-1,-1,-1
212,2460,659.39,463.68,23.78,74.26,0.6399,-1,-1,-1
212,1637,572.01,461.71,17.77,61.85,0.6319,-1,-1,-1
212,2461,721.66,455.58,19.81,58.75,0.5408,-1,-1,-1
212,2462,370.19,445.10,31.64,63.52,0.5216,-1,-1,-1
212,2463,548.49,456.26,18.98,62.77,0.4723,-1,-1,-1
212,2464,674.61,485.29,46.19,84.99,0.4516,-1,-1,-1
212,2465,974.75,444.49,35.56,97.14,0.4247,-1,-1,-1
212,2466,587.19,451.85,16.07,44.42,0.4218,-1,-1,-1
213,2,1019.64,448.44,163.18,319.80,0.9004,-1,-1,-1
213,4,689.75,412.91,170.40,580.12,0.8757,-1,-1,-1
213,3,864.98,430.02,137.90,383.96,0.8736,-1,-1,-1
213,2467,1100.15,430.31,77.44,287.97,0.8142,-1,-1,-1
213,2468,590.31,454.02,54.38,167.38,0.8036,-1,-1,-1
213,2469,512.97,454.81,32.40,106.31,0.7846,-1,-1,-1
213,2470,480.41,456.80,33.86,103.86,0.7293,-1,-1,-1
213,2471,1018.87,445.82,42.57,81.27,0.6682,-1,-1,-1
213,2472,1198.12,448.08,33.63,96.98,0.6602,-1,-1,-1
213,2473,659.14,463.62,24.18,74.87,0.6345,-1,-1,-1
213,2474,569.59,460.48,20.97,63.21,0.6169,-1,-1,-1
213,2475,444.50,465.98,38.18,101.53,0.6028,-1,-1,-1
213,2476,720.37,454.84,26.24,61.46,0.5273,-1,-1,-1
213,2477,1160.93,439.73,29.33,86.01,0.4800,-1,-1,-1
213,2478,673.70,486.01,48.89,85.71,0.4761,-1,-1,-1
213,2479,975.16,445.09,34.45,95.27,0.4512,-1,-1,-1
213,2480,587.03,453.06,15.96,49.20,0.4438,-1,-1,-1
213,2481,1299.26,429.04,37.16,116.06,0.4393,-1,-1,-1
213,5,370.51,445.16,32.45,64.48,0.4269,-1,-1,-1
213,1020,422.01,470.94,30.67,99.12,0.3270,-1,-1,-1
214,2,1020.07,445.01,161.78,325.01,0.9120,-1,-1,-1
214,2482,874.84,429.31,131.38,385.14,0.8759,-1,-1,-1
214,2483,690.89,413.57,172.26,579.12,0.8700,-1,-1,-1
214,2484,512.46,454.56,33.06,106.52,0.7882,-1,-1,-1
214,3,592.05,446.83,54.28,174.02,0.7856,-1,-1,-1
214,2485,479.07,456.97,33.66,104.74,0.7206,-1,-1,-1
214,2486,1199.19,448.17,32.99,97.39,0.6817,-1,-1,-1
214,2487,1022.80,445.86,43.45,84.74,0.6733,-1,-1,-1
214,2488,658.87,463.93,24.31,74.34,0.6337,-1,-1,-1
214,2489,569.13,460.09,21.27,63.07,0.6229,-1,-1,-1
214,1020,444.18,466.55,37.89,96.81,0.6203,-1,-1,-1
214,2490,1100.36,432.43,81.56,283.06,0.5900,-1,-1,-1
214,2491,586.60,452.89,16.52,60.75,0.5710,-1,-1,-1
214,2492,370.39,445.27,33.30,65.00,0.5067,-1,-1,-1
214,2493,722.29,455.67,22.63,62.87,0.4824,-1,-1,-1
214,2494,673.75,484.29,50.22,86.43,0.4311,-1,-1,-1
214,2495,1163.41,439.77,25.82,86.01,0.3326,-1,-1,-1
214,2496,1303.58,429.06,33.78,115.78,0.3230,-1,-1,-1
214,5,976.31,446.52,31.10,66.93,0.3154,-1,-1,-1
215,2,1019.21,447.08,166.25,324.15,0.9130,-1,-1,-1
215,2497,880.07,428.58,126.37,389.22,0.8784,-1,-1,-1
215,2498,696.93,412.19,169.97,580.58,0.8526,-1,-1,-1
215,2499,512.47,454.62,32.82,106.39,0.7972,-1,-1,-1
215,3,593.47,444.35,55.91,177.20,0.7500,-1,-1,-1
215,1020,480.11,457.06,32.85,104.60,0.7474,-1,-1,-1
215,2500,659.11,463.38,24.63,76.32,0.6866,-1,-1,-1
215,2501,569.08,460.84,21.43,62.77,0.6463,-1,-1,-1
215,2502,585.95,452.12,17.13,65.70,0.6380,-1,-1,-1
215,2503,1025.65,444.60,47.04,85.58,0.6256,-1,-1,-1
215,2504,441.91,466.48,40.22,96.44,0.6188,-1,-1,-1
215,2505,1107.72,431.53,90.73,289.53,0.6147,-1,-1,-1
215,2506,1199.55,447.45,32.94,96.77,0.6038,-1,-1,-1
215,2507,722.53,455.08,24.48,62.71,0.5141,-1,-1,-1
215,2508,370.91,445.33,32.62,65.65,0.4554,-1,-1,-1
215,2509,1159.37,439.86,29.40,86.08,0.4353,-1,-1,-1
215,2510,674.51,477.35,49.66,93.28,0.3970,-1,-1,-1
215,2511,1002.10,450.00,19.02,56.57,0.3787,-1,-1,-1
215,2512,1305.39,429.89,31.09,114.45,0.3520,-1,-1,-1
216,2,1023.36,447.03,164.20,325.33,0.9185,-1,-1,-1
216,3,882.53,429.06,125.54,392.35,0.8955,-1,-1,-1
216,4,694.84,410.33,175.39,582.41,0.8582,-1,-1,-1
216,1020,510.76,454.34,34.63,106.79,0.7880,-1,-1,-1
216,7,594.90,446.65,59.74,176.43,0.7586,-1,-1,-1
216,2513,1119.29,431.19,98.93,290.64,0.7488,-1,-1,-1
216,2514,480.78,457.19,32.14,103.83,0.7095,-1,-1,-1
216,2515,440.76,464.94,41.72,110.03,0.6974,-1,-1,-1
216,2516,659.15,463.38,24.35,76.06,0.6569,-1,-1,-1
216,2517,567.81,459.12,24.23,64.14,0.6566,-1,-1,-1
216,2518,1205.33,448.86,29.85,97.59,0.6550,-1,-1,-1
216,2519,1028.13,443.97,46.54,87.95,0.6501,-1,-1,-1
216,2520,586.08,452.11,16.98,64.90,0.6123,-1,-1,-1
216,5,983.81,447.11,26.31,85.95,0.5406,-1,-1,-1
216,2521,1002.86,449.77,18.93,60.75,0.4058,-1,-1,-1
216,2522,674.93,489.60,44.89,80.59,0.4050,-1,-1,-1
216,2523,371.04,444.98,31.54,65.04,0.3794,-1,-1,-1
217,2,1026.50,446.20,160.69,325.30,0.9146,-1,-1,-1
217,3,883.97,428.29,125.42,394.74,0.8979,-1,-1,-1
217,4,698.88,410.43,175.15,582.15,0.8665,-1,-1,-1
217,1020,511.24,454.20,34.41,106.82,0.7848,-1,-1,-1
217,7,595.83,445.31,53.83,178.55,0.7757,-1,-1,-1
217,2524,480.37,457.68,33.50,103.48,0.7157,-1,-1,-1
217,2525,437.23,465.78,46.05,108.35,0.6958,-1,-1,-1
217,2526,567.95,459.94,23.90,63.20,0.6931,-1,-1,-1
217,2527,1206.69,448.57,30.25,97.92,0.6680,-1,-1,-1
217,2528,1125.34,431.49,103.88,291.38,0.6461,-1,-1,-1
217,2529,659.60,463.51,24.56,75.71,0.6251,-1,-1,-1
217,2530,586.87,452.19,15.44,64.27,0.5849,-1,-1,-1
217,2531,985.60,448.93,23.79,81.41,0.5203,-1,-1,-1
217,2532,1031.72,441.04,46.13,87.01,0.5000,-1,-1,-1
217,2533,1003.29,449.78,19.13,58.96,0.4913,-1,-1,-1
217,2534,675.08,489.94,45.04,80.23,0.4694,-1,-1,-1
217,2535,371.04,445.02,31.83,64.25,0.4424,-1,-1,-1
217,5,723.28,454.84,26.94,62.48,0.4152,-1,-1,-1
218,2,1031.64,445.00,155.70,326.49,0.9125,-1,-1,-1
218,7,885.80,428.19,125.42,397.07,0.8923,-1,-1,-1
218,3,698.21,408.55,186.20,583.58,0.8688,-1,-1,-1
218,2536,597.42,447.66,53.16,176.35,0.8079,-1,-1,-1
218,2537,511.70,454.11,33.78,107.14,0.7794,-1,-1,-1
218,2538,1100.95,431.13,134.49,295.23,0.7209,-1,-1,-1
218,2539,479.41,456.98,33.79,103.71,0.7139,-1,-1,-1
218,2540,1206.95,448.70,30.55,98.19,0.6897,-1,-1,-1
218,2541,568.90,459.02,22.03,64.55,0.6866,-1,-1,-1
218,2542,1033.14,442.29,51.78,79.47,0.6325,-1,-1,-1
218,2543,586.83,452.51,15.57,64.17,0.6296,-1,-1,-1
218,2544,659.20,463.27,24.49,74.76,0.6153,-1,-1,-1
218,2545,1003.69,449.91,19.12,57.80,0.4938,-1,-1,-1
218,2546,426.59,464.25,56.10,109.12,0.4875,-1,-1,-1
218,2547,723.90,454.71,26.25,62.42,0.4337,-1,-1,-1
218,1637,674.56,488.73,46.21,81.30,0.3684,-1,-1,-1
218,2548,986.36,448.83,23.38,74.97,0.3492,-1,-1,-1
218,1020,420.70,472.46,32.36,99.87,0.3376,-1,-1,-1
218,5,371.05,445.32,32.71,64.30,0.3202,-1,-1,-1
219,2,1038.78,444.08,148.13,326.81,0.9158,-1,-1,-1
219,7,891.23,428.51,119.79,401.48,0.8940,-1,-1,-1
219,3,705.79,406.64,187.84,585.46,0.8462,-1,-1,-1
219,2549,512.20,454.72,33.01,106.38,0.7919,-1,-1,-1
219,2550,597.57,444.33,54.70,180.32,0.7903,-1,-1,-1
219,2551,480.05,457.15,31.89,104.01,0.7566,-1,-1,-1
219,1637,569.70,459.64,21.08,63.63,0.6873,-1,-1,-1
219,2552,1212.23,448.17,31.17,99.02,0.6672,-1,-1,-1
219,2553,430.12,465.03,52.73,110.19,0.6126,-1,-1,-1
219,2554,659.37,463.33,23.78,72.90,0.5971,-1,-1,-1
219,2555,1128.25,437.74,110.08,290.91,0.5525,-1,-1,-1
219,2556,586.84,453.51,14.68,63.57,0.5502,-1,-1,-1
219,5,1035.01,442.89,50.74,77.86,0.5342,-1,-1,-1
219,2557,727.89,454.31,22.18,64.05,0.4422,-1,-1,-1
219,2558,674.90,486.85,45.30,83.47,0.4071,-1,-1,-1
220,2,1045.62,445.70,141.93,325.95,0.9045,-1,-1,-1
220,2559,694.12,406.83,205.98,585.73,0.8845,-1,-1,-1
220,2560,893.12,428.32,118.09,401.65,0.8844,-1,-1,-1
220,2561,1146.39,430.59,94.30,299.81,0.8538,-1,-1,-1
220,2562,598.70,446.65,53.91,179.35,0.7975,-1,-1,-1
220,2563,512.11,454.26,33.06,106.77,0.7850,-1,-1,-1
220,2564,569.62,459.69,21.30,63.06,0.6978,-1,-1,-1
220,5,1210.74,447.86,36.80,99.99,0.6788,-1,-1,-1
220,2565,475.72,457.32,35.56,103.25,0.6672,-1,-1,-1
220,2566,659.36,463.43,23.44,69.56,0.5674,-1,-1,-1
220,2567,1036.56,442.42,52.14,86.99,0.5556,-1,-1,-1
220,1637,586.60,453.43,14.82,64.65,0.5329,-1,-1,-1
220,2568,370.43,445.00,37.06,63.90,0.4312,-1,-1,-1
220,2569,434.76,461.80,47.21,112.84,0.4307,-1,-1,-1
220,2570,732.43,478.17,35.68,45.96,0.3332,-1,-1,-1
220,1020,674.33,486.39,46.74,85.06,0.3267,-1,-1,-1
221,2,1054.97,441.43,134.35,330.57,0.8897,-1,-1,-1
221,2571,893.56,428.23,121.99,408.74,0.8714,-1,-1,-1
221,2572,713.79,405.70,206.51,586.88,0.8628,-1,-1,-1
221,2573,1151.26,430.58,88.16,300.45,0.7942,-1,-1,-1
221,3,600.64,446.56,53.92,180.30,0.7714,-1,-1,-1
221,1020,510.65,454.35,34.43,106.71,0.7557,-1,-1,-1
221,2574,478.53,457.21,33.21,103.61,0.7208,-1,-1,-1
221,2575,569.61,458.72,21.32,64.02,0.7012,-1,-1,-1
221,2576,1212.70,447.90,42.13,99.58,0.6905,-1,-1,-1
221,2577,420.27,465.07,61.79,110.42,0.5552,-1,-1,-1
221,2578,659.24,463.20,22.60,66.72,0.5199,-1,-1,-1
221,2579,731.40,477.55,37.35,48.25,0.4870,-1,-1,-1
221,2580,370.69,445.15,35.66,64.33,0.4371,-1,-1,-1
221,2581,586.02,454.13,14.53,63.85,0.3503,-1,-1,-1
221,2582,674.23,487.99,47.18,82.32,0.3491,-1,-1,-1
221,7,1038.41,442.30,43.97,65.66,0.3160,-1,-1,-1
222,2,1068.39,438.53,120.11,333.25,0.8966,-1,-1,-1
222,2583,696.74,404.61,242.99,587.67,0.8914,-1,-1,-1
222,2584,894.17,429.26,122.88,406.60,0.8693,-1,-1,-1
222,7,1155.69,430.98,83.93,299.95,0.8522,-1,-1,-1
222,3,601.81,457.14,53.43,169.98,0.8144,-1,-1,-1
222,1020,511.18,454.24,33.76,106.85,0.7722,-1,-1,-1
222,2585,479.11,457.14,32.24,103.74,0.7383,-1,-1,-1
222,2586,1213.32,448.35,43.28,99.19,0.7353,-1,-1,-1
222,2587,570.22,458.63,20.36,64.62,0.6927,-1,-1,-1
222,2588,550.67,454.48,20.96,65.20,0.5791,-1,-1,-1
222,2589,658.88,462.75,22.92,66.19,0.5175,-1,-1,-1
222,2590,370.43,445.07,30.37,63.38,0.5064,-1,-1,-1
222,2591,729.59,478.12,38.60,48.56,0.4357,-1,-1,-1
222,2592,673.72,490.46,47.53,81.97,0.4317,-1,-1,-1
222,1637,585.93,454.46,14.37,64.99,0.3990,-1,-1,-1
222,2593,435.51,465.92,46.08,110.52,0.3873,-1,-1,-1
222,2224,1878.08,384.76,41.46,270.75,0.3752,-1,-1,-1
222,5,1040.10,445.61,49.17,84.10,0.3704,-1,-1,-1
223,2,1081.74,439.99,108.61,332.45,0.8913,-1,-1,-1
223,2594,706.86,404.35,251.88,587.61,0.8791,-1,-1,-1
223,2595,897.64,429.34,126.57,407.39,0.8713,-1,-1,-1
223,2596,603.69,454.90,52.75,172.84,0.8239,-1,-1,-1
223,2597,1161.30,431.93,78.70,297.86,0.8143,-1,-1,-1
223,7,511.28,454.41,34.28,106.78,0.7687,-1,-1,-1
223,1020,479.41,457.56,31.22,103.27,0.7600,-1,-1,-1
223,2598,1214.72,448.40,45.22,99.52,0.7556,-1,-1,-1
223,2599,570.79,458.33,19.18,63.98,0.6582,-1,-1,-1
223,2600,420.63,463.93,59.77,112.27,0.6531,-1,-1,-1
223,2601,550.24,454.62,21.43,63.84,0.5752,-1,-1,-1
223,2602,585.73,454.91,14.90,65.16,0.4872,-1,-1,-1
223,2603,370.41,445.07,30.84,64.47,0.4776,-1,-1,-1
223,2604,659.05,463.40,23.38,65.91,0.3387,-1,-1,-1
223,2605,674.25,489.65,47.20,81.35,0.3255,-1,-1,-1
223,2606,1041.91,443.75,46.96,87.05,0.3123,-1,-1,-1
223,3,994.86,446.37,27.15,75.91,0.3033,-1,-1,-1
224,2607,901.01,430.02,124.90,409.01,0.8895,-1,-1,-1
224,4,710.12,404.37,267.46,587.64,0.8893,-1,-1,-1
224,2608,1097.23,440.39,94.55,332.55,0.8822,-1,-1,-1
224,2609,1167.74,429.31,72.83,299.81,0.8652,-1,-1,-1
224,2610,605.12,453.53,52.74,174.12,0.8203,-1,-1,-1
224,3,511.61,454.42,34.51,106.55,0.7801,-1,-1,-1
224,2611,1219.68,447.99,44.23,100.14,0.7792,-1,-1,-1
224,2612,479.33,457.50,31.84,103.29,0.7548,-1,-1,-1
224,2613,419.99,464.28,61.05,111.92,0.7152,-1,-1,-1
224,2614,571.32,457.93,19.02,63.91,0.6834,-1,-1,-1
224,2615,550.86,454.41,21.27,63.83,0.5803,-1,-1,-1
224,2616,372.70,445.15,28.88,64.41,0.4729,-1,-1,-1
224,2617,726.31,477.38,42.49,49.98,0.4050,-1,-1,-1
224,1637,586.02,454.77,13.87,65.51,0.4023,-1,-1,-1
224,2618,675.10,489.61,47.80,83.98,0.3834,-1,-1,-1
224,2619,773.77,444.39,23.70,52.61,0.3011,-1,-1,-1
225,4,726.93,405.03,266.70,588.11,0.9045,-1,-1,-1
225,2620,1103.05,439.77,91.16,335.31,0.8836,-1,-1,-1
225,2621,902.72,430.29,122.89,414.16,0.8702,-1,-1,-1
225,2622,1171.65,427.20,68.37,302.84,0.8283,-1,-1,-1
225,2623,606.73,454.72,55.08,173.48,0.8027,-1,-1,-1
225,3,511.98,454.55,34.07,106.87,0.7765,-1,-1,-1
225,2624,478.94,457.98,33.28,103.87,0.7368,-1,-1,-1
225,2625,1221.89,447.93,40.98,100.46,0.7264,-1,-1,-1
225,2626,422.61,464.59,55.16,111.69,0.6965,-1,-1,-1
225,2627,570.65,457.80,20.73,63.15,0.6627,-1,-1,-1
225,1637,551.16,454.35,20.52,63.18,0.5530,-1,-1,-1
225,2628,1101.09,437.26,26.33,82.80,0.4218,-1,-1,-1
225,2629,724.30,477.09,44.18,68.14,0.3944,-1,-1,-1
225,2630,674.27,489.94,47.64,80.95,0.3559,-1,-1,-1
225,2631,593.90,452.41,17.89,69.66,0.3453,-1,-1,-1
225,2632,585.45,454.56,13.80,65.08,0.3424,-1,-1,-1
225,2,1877.39,387.79,42.15,268.81,0.3179,-1,-1,-1
226,2633,733.15,404.63,275.59,586.96,0.9148,-1,-1,-1
226,2634,904.11,430.09,125.97,415.37,0.8928,-1,-1,-1
226,2635,1107.90,438.65,90.35,343.86,0.8767,-1,-1,-1
226,7,1176.23,428.74,63.29,301.70,0.8366,-1,-1,-1
226,3,607.68,455.28,56.12,173.34,0.8093,-1,-1,-1
226,1020,511.25,454.94,34.34,106.05,0.7651,-1,-1,-1
226,2636,478.48,458.02,33.63,103.57,0.7522,-1,-1,-1
226,2637,422.69,464.33,54.29,111.59,0.7173,-1,-1,-1
226,2638,569.13,456.67,21.58,64.43,0.5770,-1,-1,-1
226,2639,1225.65,448.60,36.62,99.72,0.5229,-1,-1,-1
226,2640,1100.48,436.81,30.26,77.11,0.4674,-1,-1,-1
226,2641,722.61,477.05,46.21,78.72,0.4478,-1,-1,-1
226,2605,673.85,488.93,47.58,82.43,0.3998,-1,-1,-1
226,2642,741.81,437.85,63.17,119.67,0.3566,-1,-1,-1
226,2643,370.88,444.96,33.33,64.44,0.3553,-1,-1,-1
226,2644,550.73,454.66,20.07,62.85,0.3397,-1,-1,-1
226,2,659.02,463.50,21.10,39.78,0.3346,-1,-1,-1
226,1637,584.42,455.39,14.50,64.56,0.3186,-1,-1,-1
226,5,593.32,453.00,18.58,69.66,0.3074,-1,-1,-1
227,4,734.92,404.86,289.47,587.47,0.9203,-1,-1,-1
227,2645,908.90,430.32,123.63,415.99,0.8918,-1,-1,-1
227,2646,1180.60,426.64,60.77,303.60,0.8663,-1,-1,-1
227,2,1111.46,439.11,90.33,342.64,0.8623,-1,-1,-1
227,3,608.69,454.68,51.59,173.76,0.8180,-1,-1,-1
227,2647,422.77,464.56,55.62,111.96,0.7596,-1,-1,-1
227,1020,509.15,454.48,34.19,106.46,0.7577,-1,-1,-1
227,2648,477.69,457.73,32.70,104.56,0.7357,-1,-1,-1
227,7,747.20,441.69,61.73,119.11,0.6209,-1,-1,-1
227,2649,1226.36,449.23,35.79,99.22,0.5764,-1,-1,-1
227,2650,568.93,457.61,20.46,63.48,0.5633,-1,-1,-1
227,2651,369.35,445.09,33.65,63.80,0.5215,-1,-1,-1
227,2652,593.25,455.67,19.23,65.99,0.4870,-1,-1,-1
227,2653,674.52,488.57,46.46,83.49,0.4432,-1,-1,-1
227,2654,1303.21,430.93,34.72,113.54,0.4420,-1,-1,-1
227,2655,725.07,477.77,41.05,58.58,0.4258,-1,-1,-1
227,2656,583.56,455.93,14.90,63.13,0.4206,-1,-1,-1
227,5,1100.40,436.18,28.96,89.51,0.3606,-1,-1,-1
227,1637,1877.78,394.48,41.77,259.94,0.3194,-1,-1,-1
227,2557,751.56,448.62,21.10,50.40,0.3021,-1,-1,-1
228,4,736.63,402.65,295.02,589.40,0.9122,-1,-1,-1
228,3,910.13,428.91,124.81,417.26,0.8925,-1,-1,-1
228,2528,1184.30,424.53,63.62,306.03,0.8601,-1,-1,-1
228,2,1116.53,439.22,92.33,347.97,0.8262,-1,-1,-1
228,7,609.59,453.04,50.77,175.52,0.8111,-1,-1,-1
228,2657,422.94,464.58,51.70,111.66,0.7947,-1,-1,-1
228,1020,509.64,454.35,34.50,106.71,0.7719,-1,-1,-1
228,2658,745.40,436.09,68.24,137.80,0.7409,-1,-1,-1
228,2659,476.38,457.69,33.75,104.38,0.6856,-1,-1,-1
228,2660,568.98,457.41,20.70,63.77,0.5577,-1,-1,-1
228,2661,591.97,456.58,19.19,65.51,0.5315,-1,-1,-1
228,2662,550.50,454.93,20.08,62.47,0.4673,-1,-1,-1
228,2663,724.80,477.35,41.50,50.75,0.4023,-1,-1,-1
228,2664,1229.48,448.31,33.62,100.13,0.3882,-1,-1,-1
228,2665,1877.61,387.51,41.93,268.80,0.3843,-1,-1,-1
228,2666,1100.17,435.99,30.39,90.53,0.3647,-1,-1,-1
228,2667,1303.64,429.71,34.82,115.41,0.3644,-1,-1,-1
228,2668,583.38,456.13,14.76,63.83,0.3479,-1,-1,-1
228,2669,370.06,444.97,37.53,63.40,0.3232,-1,-1,-1
228,5,658.01,463.11,21.79,40.52,0.3105,-1,-1,-1
228,1637,674.56,488.33,46.17,83.63,0.3062,-1,-1,-1
228,2557,752.37,449.37,20.01,48.78,0.3014,-1,-1,-1
229,4,743.22,404.77,293.34,589.04,0.9026,-1,-1,-1
229,3,910.26,427.60,126.03,418.12,0.8786,-1,-1,-1
229,2381,1120.09,440.91,99.80,347.98,0.8710,-1,-1,-1
229,7,1188.06,422.91,65.85,307.95,0.8286,-1,-1,-1
229,2,611.43,452.13,50.24,176.57,0.8245,-1,-1,-1
229,1020,509.78,454.54,33.83,106.52,0.7827,-1,-1,-1
229,2670,746.37,435.82,72.19,144.78,0.7696,-1,-1,-1
229,2671,423.05,466.57,52.21,110.03,0.7351,-1,-1,-1
229,2672,477.61,457.77,30.38,103.64,0.6922,-1,-1,-1
229,2673,591.68,456.11,19.33,65.62,0.5678,-1,-1,-1
229,1637,569.06,457.55,20.77,63.85,0.5507,-1,-1,-1
229,5,725.20,476.43,39.49,51.14,0.4566,-1,-1,-1
229,2674,550.02,454.83,20.84,61.87,0.4149,-1,-1,-1
229,2675,1101.06,435.56,30.87,109.37,0.4089,-1,-1,-1
229,2676,1878.07,390.61,41.48,268.48,0.4018,-1,-1,-1
229,2677,1304.56,429.79,33.81,115.14,0.3725,-1,-1,-1
229,2678,583.24,455.94,14.69,62.49,0.3643,-1,-1,-1
230,4,747.33,407.02,288.83,587.09,0.9089,-1,-1,-1
230,2679,1125.72,440.99,107.74,348.93,0.8884,-1,-1,-1
230,2680,913.01,426.27,126.20,419.30,0.8735,-1,-1,-1
230,2681,613.22,449.23,53.17,179.45,0.8116,-1,-1,-1
230,2682,747.19,434.76,76.94,155.48,0.7915,-1,-1,-1
230,2683,510.77,454.41,32.35,106.66,0.7751,-1,-1,-1
230,2684,1195.58,422.65,64.67,307.94,0.7368,-1,-1,-1
230,2685,477.08,457.96,31.51,103.29,0.6983,-1,-1,-1
230,1020,423.93,464.90,49.51,111.08,0.6771,-1,-1,-1
230,5,591.07,456.30,19.23,65.25,0.5867,-1,-1,-1
230,1637,569.61,458.12,20.01,63.39,0.5800,-1,-1,-1
230,2686,1304.04,430.10,34.28,115.15,0.4759,-1,-1,-1
230,2687,752.00,448.53,22.25,55.16,0.4185,-1,-1,-1
230,2688,673.04,487.82,48.33,92.03,0.4058,-1,-1,-1
230,2689,725.18,475.57,39.02,53.74,0.3582,-1,-1,-1
230,2690,583.06,455.83,14.71,62.60,0.3367,-1,-1,-1
230,2691,1100.10,435.97,31.90,110.42,0.3128,-1,-1,-1
231,4,750.96,406.47,285.70,589.07,0.9067,-1,-1,-1
231,2692,1130.93,441.87,117.62,346.57,0.8979,-1,-1,-1
231,2693,914.66,426.07,125.56,419.79,0.8600,-1,-1,-1
231,2694,612.49,450.63,55.36,178.32,0.8395,-1,-1,-1
231,2695,423.05,464.14,50.05,111.97,0.8110,-1,-1,-1
231,1020,509.85,454.76,34.96,106.49,0.7672,-1,-1,-1
231,2696,747.42,434.60,84.49,160.54,0.7330,-1,-1,-1
231,2685,476.59,457.84,31.82,104.06,0.6786,-1,-1,-1
231,2697,1200.20,423.40,66.68,311.74,0.6217,-1,-1,-1
231,1637,590.94,456.24,20.08,65.51,0.6072,-1,-1,-1
231,2698,673.37,487.63,49.04,102.70,0.5454,-1,-1,-1
231,2699,569.43,458.26,21.72,63.21,0.5341,-1,-1,-1
231,2700,1100.24,436.62,35.12,111.27,0.5045,-1,-1,-1
231,2701,705.33,432.77,127.88,427.54,0.4454,-1,-1,-1
231,2702,369.60,445.10,35.12,63.72,0.4127,-1,-1,-1
231,2703,1305.07,430.45,32.76,114.78,0.3607,-1,-1,-1
231,2704,725.30,476.48,39.76,53.73,0.3436,-1,-1,-1
232,4,761.88,408.35,276.08,586.84,0.9152,-1,-1,-1
232,2,1132.38,441.59,134.22,349.30,0.8951,-1,-1,-1
232,3,917.14,425.30,126.05,420.56,0.8828,-1,-1,-1
232,7,614.24,451.47,57.22,177.36,0.8244,-1,-1,-1
232,2705,422.07,464.18,49.39,111.75,0.7842,-1,-1,-1
232,1020,511.01,455.70,33.26,105.38,0.7206,-1,-1,-1
232,2706,748.69,434.82,88.19,163.90,0.6805,-1,-1,-1
232,2685,477.69,457.98,30.60,103.58,0.6415,-1,-1,-1
232,2707,590.90,455.17,20.45,66.41,0.6225,-1,-1,-1
232,1637,567.62,458.26,23.98,63.38,0.5957,-1,-1,-1
232,2708,675.13,488.08,46.27,94.92,0.5478,-1,-1,-1
232,2709,1100.34,436.59,29.62,110.38,0.5165,-1,-1,-1
232,2710,1205.22,427.69,66.37,312.86,0.4862,-1,-1,-1
232,2711,369.44,444.95,36.10,63.83,0.4551,-1,-1,-1
232,2712,704.29,436.17,133.41,426.51,0.3664,-1,-1,-1
232,2713,726.36,473.49,39.37,52.49,0.3387,-1,-1,-1
232,2714,1304.81,430.49,32.52,114.73,0.3234,-1,-1,-1
232,5,1061.69,444.48,39.11,105.69,0.3152,-1,-1,-1
233,4,767.54,407.23,273.35,588.95,0.9040,-1,-1,-1
233,2,1132.96,442.80,134.26,349.78,0.9000,-1,-1,-1
233,3,920.08,424.93,126.28,422.57,0.8921,-1,-1,-1
233,7,618.57,449.04,54.99,179.42,0.8336,-1,-1,-1
233,2715,1209.17,424.83,68.22,313.58,0.7978,-1,-1,-1
233,2716,422.63,464.55,47.48,111.47,0.7696,-1,-1,-1
233,2717,510.47,455.02,33.59,106.11,0.7365,-1,-1,-1
233,1020,476.66,457.83,32.64,104.06,0.6202,-1,-1,-1
233,2718,591.66,454.10,19.32,67.38,0.5499,-1,-1,-1
233,2719,674.87,487.99,46.64,99.61,0.5364,-1,-1,-1
233,2720,723.34,433.33,120.73,429.75,0.5181,-1,-1,-1
233,2721,1100.41,436.08,29.91,111.03,0.5048,-1,-1,-1
233,2722,369.24,444.91,36.26,63.65,0.5048,-1,-1,-1
233,2723,570.41,458.22,21.70,63.27,0.4856,-1,-1,-1
233,2724,1879.37,386.51,40.18,267.33,0.4507,-1,-1,-1
233,2725,727.55,474.79,38.13,50.65,0.4303,-1,-1,-1
233,2726,606.60,456.32,17.30,57.91,0.3368,-1,-1,-1
233,1637,1124.03,445.43,20.47,100.60,0.3288,-1,-1,-1
233,2714,1305.03,430.39,32.39,114.74,0.3153,-1,-1,-1
233,5,1062.42,445.34,37.40,98.27,0.3115,-1,-1,-1
233,2696,751.62,434.24,92.15,169.46,0.3053,-1,-1,-1
234,2727,1133.66,443.82,137.45,350.61,0.9133,-1,-1,-1
234,2728,766.45,406.74,275.44,589.62,0.9026,-1,-1,-1
234,3,924.81,425.48,127.50,420.58,0.8706,-1,-1,-1
234,7,620.21,450.00,54.43,178.86,0.8542,-1,-1,-1
234,2729,1215.68,424.97,74.21,314.70,0.7600,-1,-1,-1
234,2730,510.25,454.93,34.32,106.32,0.7346,-1,-1,-1
234,2731,478.22,457.86,30.66,103.92,0.6275,-1,-1,-1
234,1020,422.95,464.52,45.03,111.05,0.6035,-1,-1,-1
234,2732,675.12,488.11,46.90,100.72,0.6015,-1,-1,-1
234,4,728.68,433.50,119.41,431.40,0.5966,-1,-1,-1
234,2733,591.32,455.58,20.09,66.03,0.5687,-1,-1,-1
234,2734,570.35,457.47,22.96,64.02,0.5336,-1,-1,-1
234,2735,606.88,456.70,17.88,55.94,0.5258,-1,-1,-1
234,2736,369.16,444.77,35.29,63.65,0.4709,-1,-1,-1
234,2737,1101.91,436.52,27.15,111.41,0.4622,-1,-1,-1
234,5,728.06,477.48,39.49,46.33,0.3951,-1,-1,-1
234,2738,580.65,455.20,16.12,55.02,0.3058,-1,-1,-1
235,2739,784.14,404.93,258.55,591.23,0.9109,-1,-1,-1
235,2740,1133.81,443.57,138.98,354.43,0.9089,-1,-1,-1
235,2741,621.88,451.39,55.96,177.05,0.8516,-1,-1,-1
235,2742,928.17,425.63,126.47,419.97,0.8511,-1,-1,-1
235,2743,510.69,454.56,33.10,106.48,0.7717,-1,-1,-1
235,2744,1218.24,426.11,83.57,316.34,0.7394,-1,-1,-1
235,2685,478.66,457.56,31.21,104.31,0.7004,-1,-1,-1
235,2745,550.93,455.33,19.60,60.70,0.6832,-1,-1,-1
235,3,735.89,433.79,117.99,428.00,0.6751,-1,-1,-1
235,2746,568.97,459.16,21.07,62.32,0.6439,-1,-1,-1
235,2747,676.02,488.03,49.96,104.76,0.5756,-1,-1,-1
235,2748,607.45,457.46,16.75,55.14,0.5526,-1,-1,-1
235,2749,591.01,454.79,20.91,66.49,0.5484,-1,-1,-1
235,2750,1102.67,436.21,29.00,111.48,0.5004,-1,-1,-1
235,2751,1123.97,446.81,21.56,99.91,0.4553,-1,-1,-1
235,2752,578.89,455.09,17.27,65.03,0.4187,-1,-1,-1
235,2753,728.42,477.15,37.95,45.72,0.3333,-1,-1,-1
235,1020,420.61,464.69,43.47,110.60,0.3213,-1,-1,-1
236,2754,1135.20,442.87,139.39,357.40,0.9079,-1,-1,-1
236,2755,788.91,403.24,252.97,592.30,0.9016,-1,-1,-1
236,2756,935.48,424.92,116.51,419.85,0.8838,-1,-1,-1
236,2757,622.81,450.37,57.81,178.25,0.8651,-1,-1,-1
236,2758,510.40,454.44,32.95,106.78,0.7702,-1,-1,-1
236,2759,550.24,455.12,20.15,62.75,0.7089,-1,-1,-1
236,2685,477.21,457.21,31.16,105.69,0.6777,-1,-1,-1
236,2760,749.59,434.72,110.15,428.84,0.6716,-1,-1,-1
236,2761,1224.09,427.02,87.90,318.71,0.6704,-1,-1,-1
236,2762,568.90,458.95,20.17,63.05,0.6516,-1,-1,-1
236,2763,607.65,457.30,16.67,55.82,0.5676,-1,-1,-1
236,2673,592.01,455.27,18.38,66.53,0.5233,-1,-1,-1
236,1637,579.02,454.81,17.02,65.01,0.4974,-1,-1,-1
236,2764,422.56,464.40,40.97,112.22,0.4830,-1,-1,-1
236,2751,1123.60,446.86,21.47,99.91,0.4616,-1,-1,-1
236,2765,1102.82,436.23,32.19,110.25,0.4409,-1,-1,-1
236,2766,370.32,444.86,36.27,65.12,0.4290,-1,-1,-1
236,1020,1304.41,429.16,31.87,114.77,0.4175,-1,-1,-1
236,3,677.51,486.51,44.96,117.68,0.3976,-1,-1,-1
236,5,726.53,477.38,41.30,46.35,0.3448,-1,-1,-1
236,7,756.31,435.07,101.25,179.87,0.3070,-1,-1,-1
237,2767,1137.04,442.26,137.50,358.32,0.9104,-1,-1,-1
237,2768,797.42,401.86,244.38,593.81,0.8932,-1,-1,-1
237,2769,623.55,449.13,62.63,179.66,0.8625,-1,-1,-1
237,2770,937.67,426.09,115.70,420.58,0.8601,-1,-1,-1
237,2771,1230.91,427.36,86.17,320.84,0.7993,-1,-1,-1
237,2772,510.64,454.51,32.73,107.12,0.7565,-1,-1,-1
237,2773,751.28,435.51,110.35,427.77,0.7348,-1,-1,-1
237,2774,550.63,455.16,20.45,63.62,0.6905,-1,-1,-1
237,2775,569.04,458.82,20.44,63.83,0.6657,-1,-1,-1
237,2685,477.46,457.42,30.23,104.06,0.6543,-1,-1,-1
237,2776,608.13,456.87,16.66,56.15,0.5648,-1,-1,-1
237,2777,368.99,444.69,37.58,66.24,0.5534,-1,-1,-1
237,2778,678.04,487.76,47.78,101.19,0.5531,-1,-1,-1
237,2779,591.87,454.13,17.99,67.90,0.5517,-1,-1,-1
237,2780,578.94,455.31,17.04,65.41,0.4685,-1,-1,-1
237,2781,1303.39,430.12,32.81,113.97,0.4484,-1,-1,-1
237,2782,725.15,478.04,40.86,45.42,0.4169,-1,-1,-1
237,2783,1158.01,439.18,27.38,86.32,0.4023,-1,-1,-1
237,3,1123.84,447.58,21.25,98.63,0.3945,-1,-1,-1
237,1637,1103.46,435.84,28.97,110.15,0.3592,-1,-1,-1
237,7,418.85,465.14,41.86,108.98,0.3475,-1,-1,-1
237,1020,1879.30,400.17,40.25,254.75,0.3159,-1,-1,-1
238,2,1142.76,439.67,133.47,361.72,0.9114,-1,-1,-1
238,4,800.20,401.57,241.14,594.51,0.9020,-1,-1,-1
238,2784,624.40,449.54,67.25,179.35,0.8711,-1,-1,-1
238,2785,756.30,435.92,119.02,428.56,0.8448,-1,-1,-1
238,2786,946.21,425.73,110.18,420.77,0.8283,-1,-1,-1
238,2787,1234.82,430.28,84.36,320.23,0.8184,-1,-1,-1
238,2788,510.56,454.11,33.03,107.23,0.7580,-1,-1,-1
238,2789,477.63,457.34,29.46,104.44,0.6906,-1,-1,-1
238,2790,568.45,458.49,19.58,64.20,0.6452,-1,-1,-1
238,2791,607.99,457.10,17.32,55.87,0.6435,-1,-1,-1
238,1637,551.38,454.97,19.05,63.35,0.5850,-1,-1,-1
238,2792,579.30,455.63,16.97,63.77,0.5762,-1,-1,-1
238,2793,678.21,487.46,48.04,103.90,0.5759,-1,-1,-1
238,5,725.82,477.57,38.36,45.68,0.5355,-1,-1,-1
238,2794,1158.10,438.93,27.35,87.22,0.5307,-1,-1,-1
238,2795,1123.63,447.73,21.08,98.50,0.4746,-1,-1,-1
238,2796,591.86,456.90,18.32,65.07,0.4745,-1,-1,-1
238,2797,1103.58,435.46,26.20,111.82,0.4217,-1,-1,-1
238,2798,370.41,444.85,35.56,63.23,0.3215,-1,-1,-1
239,2,1149.14,438.46,128.26,363.19,0.9000,-1,-1,-1
239,4,805.53,400.50,235.84,595.45,0.8909,-1,-1,-1
239,3,625.25,451.74,73.60,178.52,0.8714,-1,-1,-1
239,2799,954.98,424.81,103.46,420.19,0.8557,-1,-1,-1
239,2800,756.38,435.95,120.22,428.45,0.8107,-1,-1,-1
239,2801,1241.68,429.71,77.78,322.37,0.7736,-1,-1,-1
239,2802,510.52,454.28,32.65,107.41,0.7553,-1,-1,-1
239,2685,477.71,457.36,28.96,104.37,0.7255,-1,-1,-1
239,1637,579.26,456.09,16.93,62.67,0.6076,-1,-1,-1
239,2803,609.59,457.39,16.24,55.62,0.6074,-1,-1,-1
239,1020,567.70,459.02,19.16,62.35,0.6014,-1,-1,-1
239,2804,551.54,455.07,19.01,63.46,0.5786,-1,-1,-1
239,2805,591.62,456.37,20.54,65.79,0.5540,-1,-1,-1
239,2806,1123.73,447.03,21.58,99.38,0.5253,-1,-1,-1
239,2807,725.31,477.32,44.01,50.14,0.5183,-1,-1,-1
239,2808,679.16,484.50,51.41,111.74,0.4926,-1,-1,-1
239,2809,1105.48,435.88,29.81,112.66,0.4876,-1,-1,-1
239,2810,1157.97,438.68,26.79,86.98,0.4534,-1,-1,-1
239,2811,453.98,459.71,26.93,94.81,0.3628,-1,-1,-1
239,5,370.46,444.87,35.42,62.94,0.3614,-1,-1,-1
240,2812,814.59,400.40,228.06,594.65,0.9019,-1,-1,-1
240,2813,1154.65,437.52,122.79,363.89,0.8873,-1,-1,-1
240,7,627.37,452.45,75.42,177.79,0.8767,-1,-1,-1
240,2814,961.86,422.98,96.59,422.68,0.8561,-1,-1,-1
240,2815,759.55,435.56,117.54,429.11,0.8430,-1,-1,-1
240,2,1246.70,428.57,73.42,324.08,0.8087,-1,-1,-1
240,1020,509.44,454.96,33.39,106.79,0.7633,-1,-1,-1
240,4,477.33,457.28,28.88,104.29,0.6973,-1,-1,-1
240,1637,609.74,457.01,17.77,56.39,0.6301,-1,-1,-1
240,2673,591.26,455.02,20.00,67.05,0.6281,-1,-1,-1
240,2816,369.98,444.84,37.12,64.49,0.5921,-1,-1,-1
240,2792,579.15,456.23,16.96,62.86,0.5919,-1,-1,-1
240,2817,680.34,485.36,51.03,115.58,0.5285,-1,-1,-1
240,2818,1123.88,447.34,22.96,98.88,0.5189,-1,-1,-1
240,2819,571.52,459.02,15.33,62.12,0.5039,-1,-1,-1
240,2820,1103.91,436.57,28.68,109.53,0.4497,-1,-1,-1
240,2821,552.84,455.49,18.10,62.39,0.4495,-1,-1,-1
240,2810,1157.54,438.83,27.10,86.80,0.4468,-1,-1,-1
240,2822,452.96,460.32,30.48,93.71,0.3891,-1,-1,-1
240,5,725.90,475.92,43.74,51.13,0.3479,-1,-1,-1
240,3,1879.69,398.91,39.86,257.64,0.3373,-1,-1,-1
241,2823,822.38,401.49,219.38,594.57,0.9083,-1,-1,-1
241,2824,1165.06,437.03,114.98,364.72,0.8846,-1,-1,-1
241,3,629.42,452.62,73.84,178.15,0.8717,-1,-1,-1
241,2825,762.76,436.24,121.13,430.03,0.8468,-1,-1,-1
241,2826,968.24,422.80,91.53,421.43,0.8273,-1,-1,-1
241,2827,508.76,454.86,34.09,107.25,0.7610,-1,-1,-1
241,2828,1250.14,427.08,69.25,326.84,0.7476,-1,-1,-1
241,2,477.13,457.22,29.01,104.76,0.7312,-1,-1,-1
241,1637,609.70,456.13,19.77,56.81,0.6503,-1,-1,-1
241,2673,591.56,456.00,20.08,65.59,0.6295,-1,-1,-1
241,2829,568.30,457.91,18.43,62.79,0.6081,-1,-1,-1
241,2830,1123.81,447.83,20.55,98.38,0.6029,-1,-1,-1
241,2831,579.13,455.66,17.16,62.49,0.5950,-1,-1,-1
241,2832,683.00,488.19,46.97,109.32,0.5257,-1,-1,-1
241,2833,551.94,454.88,19.43,62.86,0.5204,-1,-1,-1
241,2834,1157.47,438.75,27.73,86.74,0.4871,-1,-1,-1
241,2835,725.20,476.25,46.15,84.15,0.4165,-1,-1,-1
241,2836,452.66,460.09,29.08,94.55,0.4106,-1,-1,-1
241,2837,765.67,449.32,19.07,69.94,0.3698,-1,-1,-1
241,2838,370.23,445.00,33.95,62.79,0.3273,-1,-1,-1
241,7,1878.84,399.06,40.71,257.54,0.3050,-1,-1,-1
242,4,831.79,401.68,210.68,594.29,0.9056,-1,-1,-1
242,2839,764.99,436.41,125.74,435.14,0.8751,-1,-1,-1
242,7,629.52,455.14,75.65,175.79,0.8691,-1,-1,-1
242,2840,1188.35,436.55,97.35,365.50,0.8483,-1,-1,-1
242,2841,1256.78,426.62,63.99,326.60,0.8185,-1,-1,-1
242,2842,973.56,425.41,88.14,420.68,0.7964,-1,-1,-1
242,2843,508.80,454.78,34.37,106.69,0.7201,-1,-1,-1
242,2,477.21,457.31,29.46,104.62,0.7148,-1,-1,-1
242,1637,610.12,456.54,19.80,57.05,0.6969,-1,-1,-1
242,2673,567.20,457.48,18.84,63.62,0.6268,-1,-1,-1
242,2844,591.96,456.55,20.13,65.02,0.6248,-1,-1,-1
242,2845,1124.11,447.54,23.14,99.49,0.6216,-1,-1,-1
242,2846,579.12,455.48,17.25,62.95,0.5826,-1,-1,-1
242,2847,683.75,487.58,42.68,108.15,0.5648,-1,-1,-1
242,2848,370.67,444.66,34.28,62.65,0.4986,-1,-1,-1
242,2849,553.15,455.28,18.20,62.68,0.4812,-1,-1,-1
242,2850,452.20,460.97,28.18,93.09,0.4730,-1,-1,-1
242,2851,767.09,451.21,18.26,70.87,0.4616,-1,-1,-1
242,2852,724.75,475.48,45.62,84.55,0.4423,-1,-1,-1
242,2853,1158.12,438.79,27.35,86.97,0.3912,-1,-1,-1
242,3,1878.80,387.96,40.75,265.81,0.3800,-1,-1,-1
242,1020,421.05,463.30,35.97,112.10,0.3001,-1,-1,-1
243,2854,631.05,455.92,72.76,175.79,0.8793,-1,-1,-1
243,2855,841.59,400.79,202.85,597.51,0.8718,-1,-1,-1
243,2856,766.73,436.90,127.80,434.25,0.8694,-1,-1,-1
243,2857,1188.29,436.21,102.77,365.84,0.8584,-1,-1,-1
243,2858,979.98,424.50,86.41,420.71,0.8086,-1,-1,-1
243,2859,1261.98,424.13,59.00,328.59,0.8067,-1,-1,-1
243,2860,509.45,454.90,33.64,106.45,0.7106,-1,-1,-1
243,2861,610.38,455.87,20.16,58.22,0.7031,-1,-1,-1
243,2862,1123.17,447.71,24.82,99.64,0.6977,-1,-1,-1
243,1020,476.89,457.09,29.48,104.62,0.6929,-1,-1,-1
243,2863,685.71,490.54,41.83,109.28,0.6304,-1,-1,-1
243,2864,567.34,457.90,18.67,62.93,0.6287,-1,-1,-1
243,1637,579.20,456.25,17.12,61.91,0.5892,-1,-1,-1
243,2865,592.41,458.57,19.96,62.82,0.5799,-1,-1,-1
243,2866,725.62,476.52,44.81,79.16,0.5184,-1,-1,-1
243,2867,371.23,444.76,30.16,63.55,0.4973,-1,-1,-1
243,2868,1158.80,439.89,27.10,85.18,0.4811,-1,-1,-1
243,2869,767.40,450.28,18.02,72.29,0.4620,-1,-1,-1
243,2870,450.28,461.50,27.18,89.91,0.4266,-1,-1,-1
243,2871,553.35,455.60,18.00,62.43,0.4113,-1,-1,-1
243,2872,422.27,464.92,30.44,50.78,0.3526,-1,-1,-1
243,5,1093.62,446.77,32.64,101.34,0.3278,-1,-1,-1
244,2873,1197.50,435.07,97.84,366.68,0.8731,-1,-1,-1
244,2874,632.28,460.41,71.61,171.86,0.8729,-1,-1,-1
244,2875,769.73,437.00,135.50,440.41,0.8635,-1,-1,-1
244,2876,855.06,402.16,187.75,606.58,0.8566,-1,-1,-1
244,2877,983.74,426.81,90.35,417.78,0.8295,-1,-1,-1
244,2878,1264.20,422.86,58.29,329.57,0.7647,-1,-1,-1
244,2879,610.80,455.51,19.99,59.44,0.7259,-1,-1,-1
244,2880,509.68,454.48,33.36,106.62,0.7214,-1,-1,-1
244,2881,1123.26,447.54,24.06,100.07,0.6990,-1,-1,-1
244,2,475.35,457.00,30.93,104.55,0.6936,-1,-1,-1
244,2882,592.07,458.88,20.53,62.53,0.6792,-1,-1,-1
244,2883,566.89,459.55,19.62,61.55,0.6737,-1,-1,-1
244,1637,552.64,455.61,17.98,62.07,0.5839,-1,-1,-1
244,2884,686.87,487.69,39.10,111.76,0.5611,-1,-1,-1
244,2885,579.22,456.26,16.57,61.77,0.5390,-1,-1,-1
244,2886,371.10,444.74,30.12,62.89,0.4592,-1,-1,-1
244,2887,1158.78,438.92,27.38,87.03,0.4501,-1,-1,-1
244,5,769.76,449.74,16.16,72.71,0.4347,-1,-1,-1
244,2888,1097.85,447.89,29.62,101.44,0.3987,-1,-1,-1
244,2889,725.52,476.31,45.58,116.72,0.3848,-1,-1,-1
244,2890,452.20,461.26,27.94,91.98,0.3131,-1,-1,-1
244,2891,717.42,454.23,18.61,64.50,0.3072,-1,-1,-1
245,2892,868.24,402.34,175.40,613.34,0.8702,-1,-1,-1
245,2893,633.28,461.01,70.56,171.02,0.8648,-1,-1,-1
245,4,773.95,435.58,137.44,438.29,0.8647,-1,-1,-1
245,2894,1201.99,434.51,99.69,366.67,0.8615,-1,-1,-1
245,3,992.11,429.64,87.93,409.78,0.7926,-1,-1,-1
245,2895,509.90,454.58,33.45,106.32,0.7170,-1,-1,-1
245,2896,1268.07,421.59,60.08,330.66,0.6949,-1,-1,-1
245,2897,610.97,455.29,19.91,59.58,0.6874,-1,-1,-1
245,2898,566.83,460.28,19.92,60.39,0.6792,-1,-1,-1
245,2899,591.55,458.68,21.43,62.74,0.6777,-1,-1,-1
245,2900,1122.19,447.77,25.00,99.43,0.6526,-1,-1,-1
245,2685,476.57,456.74,29.86,104.94,0.6349,-1,-1,-1
245,1637,552.63,455.31,18.24,61.87,0.5967,-1,-1,-1
245,2901,578.79,455.37,16.41,62.18,0.5626,-1,-1,-1
245,5,371.31,444.49,29.75,63.18,0.4670,-1,-1,-1
245,2902,770.17,449.59,15.53,72.85,0.4474,-1,-1,-1
245,2794,1158.10,438.97,27.53,86.94,0.4444,-1,-1,-1
245,2903,685.15,485.18,48.34,107.66,0.4246,-1,-1,-1
245,2904,1091.96,447.62,34.49,102.21,0.3968,-1,-1,-1
245,2905,717.38,454.87,17.32,61.44,0.3715,-1,-1,-1
245,2906,726.39,478.86,45.22,75.97,0.3690,-1,-1,-1
245,2907,528.22,454.75,18.46,48.59,0.3083,-1,-1,-1
245,1020,420.99,464.96,32.17,50.76,0.3050,-1,-1,-1
246,2908,1207.42,436.14,98.97,364.89,0.8740,-1,-1,-1
246,7,634.38,459.92,69.20,172.38,0.8700,-1,-1,-1
246,2909,872.18,399.98,172.42,625.76,0.8667,-1,-1,-1
246,2910,776.78,434.65,133.74,438.58,0.8562,-1,-1,-1
246,3,995.55,429.50,92.05,415.06,0.8091,-1,-1,-1
246,2911,1275.64,420.88,56.30,331.28,0.7845,-1,-1,-1
246,2912,566.34,458.98,20.43,61.72,0.6940,-1,-1,-1
246,2913,509.94,455.41,33.74,106.03,0.6670,-1,-1,-1
246,2914,612.26,455.73,20.36,58.71,0.6556,-1,-1,-1
246,2915,591.36,458.22,22.06,63.19,0.6543,-1,-1,-1
246,2916,474.29,456.60,32.27,105.21,0.6446,-1,-1,-1
246,2917,552.06,455.63,17.71,61.71,0.5827,-1,-1,-1
246,1637,578.60,455.12,16.55,62.30,0.5801,-1,-1,-1
246,2918,1123.11,447.87,20.15,99.80,0.5010,-1,-1,-1
246,2919,371.29,444.65,30.13,64.29,0.4997,-1,-1,-1
246,5,1157.26,439.19,27.95,86.50,0.3950,-1,-1,-1
246,1020,1088.30,445.38,40.09,103.37,0.3544,-1,-1,-1
246,2920,717.22,454.84,17.64,60.36,0.3295,-1,-1,-1
246,2921,419.94,464.77,32.10,51.48,0.3281,-1,-1,-1
246,2922,690.28,487.11,42.20,110.08,0.3278,-1,-1,-1
246,2923,726.61,479.19,44.37,114.23,0.3234,-1,-1,-1
247,2924,1212.00,436.04,111.21,366.84,0.8945,-1,-1,-1
247,2925,779.31,432.44,136.65,447.05,0.8705,-1,-1,-1
247,2926,634.59,457.86,69.37,174.33,0.8596,-1,-1,-1
247,2927,873.93,402.81,169.70,628.04,0.8534,-1,-1,-1
247,3,1000.38,431.60,96.43,414.97,0.8046,-1,-1,-1
247,2928,509.17,454.47,33.88,106.76,0.7484,-1,-1,-1
247,2929,1279.54,420.71,58.38,333.04,0.7387,-1,-1,-1
247,1020,472.01,456.67,33.75,105.79,0.6764,-1,-1,-1
247,2673,591.29,458.77,22.09,62.60,0.6739,-1,-1,-1
247,1637,612.99,455.27,20.23,59.46,0.6729,-1,-1,-1
247,2930,566.24,459.08,19.88,59.44,0.6590,-1,-1,-1
247,2931,1123.83,447.86,21.59,99.71,0.6454,-1,-1,-1
247,2917,551.72,456.00,18.24,61.47,0.5704,-1,-1,-1
247,2932,577.97,455.56,16.87,59.09,0.5451,-1,-1,-1
247,2933,761.50,447.71,28.47,75.74,0.4989,-1,-1,-1
247,2934,1157.94,439.04,28.13,86.97,0.4521,-1,-1,-1
247,2935,725.82,477.48,46.96,83.33,0.4328,-1,-1,-1
247,2936,687.11,485.73,43.30,112.33,0.4227,-1,-1,-1
247,2937,528.40,454.57,18.01,51.69,0.4208,-1,-1,-1
247,2938,716.99,454.90,17.97,61.96,0.3799,-1,-1,-1
247,2939,1087.64,440.66,40.76,108.43,0.3530,-1,-1,-1
247,7,1878.71,392.02,40.83,267.17,0.3357,-1,-1,-1
248,2,1216.74,434.03,130.02,369.63,0.9026,-1,-1,-1
248,2940,634.01,454.07,70.45,179.27,0.8666,-1,-1,-1
248,2941,781.65,432.52,133.42,445.94,0.8602,-1,-1,-1
248,2942,889.73,406.01,157.61,627.43,0.8013,-1,-1,-1
248,2943,508.78,455.29,34.06,106.70,0.7816,-1,-1,-1
248,2944,470.30,456.89,34.81,105.51,0.7158,-1,-1,-1
248,2945,566.43,459.34,19.51,60.15,0.6666,-1,-1,-1
248,2946,591.34,458.87,22.17,62.81,0.6574,-1,-1,-1
248,2673,613.84,456.13,20.26,58.95,0.6190,-1,-1,-1
248,2947,763.78,448.53,26.41,74.72,0.6039,-1,-1,-1
248,2948,690.32,488.09,40.15,100.77,0.5862,-1,-1,-1
248,2949,577.60,454.96,17.54,61.92,0.5812,-1,-1,-1
248,1637,551.00,456.23,19.27,61.40,0.5622,-1,-1,-1
248,2950,1088.22,439.57,45.81,109.37,0.5496,-1,-1,-1
248,2951,726.17,477.73,47.14,83.57,0.5387,-1,-1,-1
248,1020,1123.16,447.54,19.78,99.98,0.5363,-1,-1,-1
248,2952,1157.74,439.03,28.91,86.96,0.4607,-1,-1,-1
248,2953,416.12,464.91,35.41,108.58,0.4391,-1,-1,-1
248,2954,1879.20,390.31,40.34,268.08,0.4078,-1,-1,-1
248,2955,528.44,454.60,17.87,51.55,0.4051,-1,-1,-1
248,2956,1005.71,437.13,99.29,408.56,0.4017,-1,-1,-1
248,7,717.07,454.71,17.70,58.50,0.3701,-1,-1,-1
248,5,370.46,444.87,31.34,64.52,0.3448,-1,-1,-1
249,2,1219.14,436.99,145.78,366.90,0.8943,-1,-1,-1
249,2957,783.36,432.49,132.46,447.06,0.8655,-1,-1,-1
249,2958,639.72,449.92,64.76,182.24,0.8507,-1,-1,-1
249,2959,509.20,454.45,34.02,106.95,0.7338,-1,-1,-1
249,2960,898.28,405.27,150.62,636.06,0.6969,-1,-1,-1
249,2961,591.48,458.75,22.72,62.53,0.6672,-1,-1,-1
249,2962,471.88,456.77,33.32,105.23,0.6564,-1,-1,-1
249,2963,615.12,456.10,18.91,58.63,0.6461,-1,-1,-1
249,1637,567.16,458.42,18.76,61.16,0.6355,-1,-1,-1
249,2964,724.65,477.20,48.86,83.58,0.6054,-1,-1,-1
249,2965,577.59,455.23,17.29,63.53,0.5808,-1,-1,-1
249,2966,552.34,455.88,18.56,62.11,0.5765,-1,-1,-1
249,2967,765.53,448.28,25.11,74.31,0.5514,-1,-1,-1
249,2968,717.29,454.38,18.61,60.20,0.4966,-1,-1,-1
249,2969,414.93,463.03,35.24,110.78,0.4899,-1,-1,-1
249,1020,1090.01,444.81,42.96,103.23,0.4782,-1,-1,-1
249,2970,1158.12,438.95,27.76,87.14,0.4574,-1,-1,-1
249,2971,1272.39,420.61,77.85,329.72,0.4292,-1,-1,-1
249,2972,371.89,444.65,29.25,64.68,0.4257,-1,-1,-1
249,2973,691.16,488.13,39.04,108.61,0.4217,-1,-1,-1
249,2974,1123.90,448.05,21.05,99.45,0.4092,-1,-1,-1
249,2975,528.41,454.69,18.04,56.03,0.3640,-1,-1,-1
249,5,690.86,457.96,18.44,35.77,0.3572,-1,-1,-1
250,2,1221.51,436.95,169.75,367.85,0.9223,-1,-1,-1
250,2976,787.49,432.36,130.18,447.08,0.8869,-1,-1,-1
250,2977,643.75,450.73,62.50,181.84,0.8351,-1,-1,-1
250,2978,507.40,455.59,37.14,105.76,0.7499,-1,-1,-1
250,2979,592.03,459.03,21.83,62.03,0.6887,-1,-1,-1
250,2980,616.06,457.00,20.48,58.08,0.6739,-1,-1,-1
250,2981,1272.82,420.79,84.52,331.93,0.6734,-1,-1,-1
250,2982,469.78,456.92,35.90,105.06,0.6557,-1,-1,-1
250,1637,567.95,459.07,18.03,60.75,0.6556,-1,-1,-1
250,2983,905.67,404.75,144.46,637.54,0.6495,-1,-1,-1
250,2984,722.29,477.44,53.02,83.82,0.6353,-1,-1,-1
250,2673,578.17,454.92,17.39,61.97,0.6137,-1,-1,-1
250,2985,415.66,463.97,35.12,112.08,0.5900,-1,-1,-1
250,2986,553.58,456.19,17.79,62.09,0.5599,-1,-1,-1
250,2987,766.63,449.99,25.61,72.46,0.5512,-1,-1,-1
250,5,1158.32,439.76,28.75,86.42,0.5153,-1,-1,-1
250,2988,1008.82,435.60,111.74,414.52,0.4627,-1,-1,-1
250,2989,1852.45,394.38,67.08,386.62,0.3755,-1,-1,-1
250,2990,371.56,444.26,29.67,64.88,0.3466,-1,-1,-1
250,2991,1091.64,445.50,47.84,145.53,0.3440,-1,-1,-1
250,2992,528.84,454.77,17.91,57.07,0.3015,-1,-1,-1
251,2,1223.46,437.19,188.39,368.28,0.9196,-1,-1,-1
251,4,790.89,431.80,127.93,448.74,0.8843,-1,-1,-1
251,3,648.49,450.18,59.59,181.75,0.8305,-1,-1,-1
251,2993,912.63,400.92,153.72,641.48,0.7946,-1,-1,-1
251,2994,507.24,455.33,37.88,106.06,0.7484,-1,-1,-1
251,2995,415.20,464.09,35.33,111.36,0.6920,-1,-1,-1
251,2996,470.05,456.53,36.05,101.38,0.6812,-1,-1,-1
251,2997,592.32,458.70,24.11,62.02,0.6459,-1,-1,-1
251,2998,1272.58,421.64,97.70,330.95,0.6411,-1,-1,-1
251,2999,617.62,456.82,21.07,57.84,0.6400,-1,-1,-1
251,3000,766.75,449.82,26.09,73.69,0.6050,-1,-1,-1
251,1637,569.87,460.01,16.62,59.32,0.5913,-1,-1,-1
251,3001,578.51,454.68,16.95,63.09,0.5891,-1,-1,-1
251,3002,554.26,455.77,18.17,62.15,0.5001,-1,-1,-1
251,3003,726.34,478.53,49.67,81.34,0.4781,-1,-1,-1
251,5,1160.46,439.37,27.04,86.84,0.3788,-1,-1,-1
251,3004,1000.03,448.65,118.00,400.87,0.3393,-1,-1,-1
251,3005,719.22,455.51,17.01,60.35,0.3294,-1,-1,-1
252,2,1222.36,438.85,198.07,368.37,0.9186,-1,-1,-1
252,4,796.25,431.46,123.70,449.40,0.8702,-1,-1,-1
252,3006,917.02,399.83,170.02,643.46,0.8579,-1,-1,-1
252,3007,650.49,447.97,58.27,184.37,0.8501,-1,-1,-1
252,1020,508.60,455.01,35.96,106.36,0.7785,-1,-1,-1
252,3008,769.09,450.55,24.41,71.74,0.6603,-1,-1,-1
252,3009,618.44,456.75,20.00,58.17,0.6489,-1,-1,-1
252,3010,414.23,463.53,35.82,111.24,0.6081,-1,-1,-1
252,3011,592.18,459.40,24.10,61.33,0.5843,-1,-1,-1
252,3012,569.88,460.30,16.92,59.42,0.5670,-1,-1,-1
252,3013,468.90,456.63,36.35,101.56,0.5618,-1,-1,-1
252,3014,1017.07,443.13,110.85,406.64,0.5373,-1,-1,-1
252,3015,577.89,454.56,18.07,62.64,0.5278,-1,-1,-1
252,3016,1124.95,447.88,31.44,100.10,0.5092,-1,-1,-1
252,3,699.18,483.81,32.26,113.53,0.4229,-1,-1,-1
252,5,1160.41,439.34,27.46,86.93,0.3681,-1,-1,-1
252,3017,555.97,455.96,16.76,62.56,0.3523,-1,-1,-1
252,3018,719.43,455.37,16.65,60.40,0.3483,-1,-1,-1
252,7,722.77,479.54,53.61,117.24,0.3332,-1,-1,-1
252,1637,528.80,453.84,18.12,54.19,0.3147,-1,-1,-1
253,2,1223.34,439.40,203.51,370.99,0.9179,-1,-1,-1
253,4,799.94,431.63,119.42,449.41,0.8586,-1,-1,-1
253,3019,651.68,447.50,59.26,184.96,0.8443,-1,-1,-1
253,3020,919.19,400.04,181.86,642.51,0.8283,-1,-1,-1
253,1020,509.42,455.11,35.72,106.10,0.7849,-1,-1,-1
253,3021,1810.67,444.52,108.93,333.24,0.7434,-1,-1,-1
253,3022,619.38,457.54,20.56,58.22,0.6839,-1,-1,-1
253,3023,768.66,449.59,28.11,73.89,0.6646,-1,-1,-1
253,3024,413.25,464.28,36.38,111.21,0.6583,-1,-1,-1
253,1637,578.99,454.64,16.93,64.12,0.5673,-1,-1,-1
253,3025,469.56,456.29,36.08,97.67,0.5599,-1,-1,-1
253,3026,570.08,459.72,16.84,60.28,0.5593,-1,-1,-1
253,3027,1019.90,444.30,107.99,407.43,0.4987,-1,-1,-1
253,3028,592.01,465.06,19.66,56.06,0.4665,-1,-1,-1
253,3,702.25,484.95,29.60,103.92,0.3986,-1,-1,-1
253,5,1160.18,439.53,28.42,86.94,0.3983,-1,-1,-1
253,3029,725.79,479.93,50.59,82.47,0.3919,-1,-1,-1
253,3030,555.73,456.32,16.62,62.23,0.3905,-1,-1,-1
253,7,528.73,454.13,19.68,54.17,0.3008,-1,-1,-1
254,2,1223.21,441.23,204.12,370.19,0.9258,-1,-1,-1
254,3031,926.72,400.69,185.39,641.46,0.8754,-1,-1,-1
254,3032,1805.95,388.75,113.63,390.05,0.8620,-1,-1,-1
254,3033,804.82,431.68,117.22,448.77,0.8366,-1,-1,-1
254,3034,652.84,447.73,58.91,184.87,0.8315,-1,-1,-1
254,3035,509.01,455.12,36.22,106.16,0.7858,-1,-1,-1
254,3036,413.53,464.52,36.93,111.34,0.7640,-1,-1,-1
254,3037,619.27,457.46,21.44,58.45,0.6869,-1,-1,-1
254,3038,471.97,456.71,33.34,97.99,0.5611,-1,-1,-1
254,3,570.28,460.24,16.61,59.56,0.5467,-1,-1,-1
254,3039,578.75,454.87,17.55,62.82,0.5308,-1,-1,-1
254,3040,591.87,462.46,19.83,58.82,0.4971,-1,-1,-1
254,3041,726.04,480.56,50.77,79.54,0.4737,-1,-1,-1
254,3042,555.27,455.95,17.24,62.60,0.4350,-1,-1,-1
254,3043,1159.47,439.46,28.14,87.01,0.4131,-1,-1,-1
254,3044,772.87,447.97,25.03,74.21,0.4083,-1,-1,-1
254,3045,702.98,486.85,28.57,100.15,0.3464,-1,-1,-1
254,3046,528.48,453.62,19.53,54.41,0.3131,-1,-1,-1
255,2,1225.30,440.61,206.68,376.12,0.9264,-1,-1,-1
255,3047,1806.43,389.04,113.13,389.29,0.8526,-1,-1,-1
255,3048,930.85,400.21,186.99,642.33,0.8439,-1,-1,-1
255,7,653.77,447.38,65.71,186.19,0.8273,-1,-1,-1
255,3049,809.57,431.42,117.57,449.15,0.8075,-1,-1,-1
255,3050,509.69,455.35,35.02,105.95,0.7857,-1,-1,-1
255,3051,620.12,458.17,20.84,58.77,0.7446,-1,-1,-1
255,1020,411.80,465.60,38.22,110.25,0.6751,-1,-1,-1
255,5,591.46,459.77,19.94,61.49,0.6054,-1,-1,-1
255,4,570.03,459.07,16.37,60.72,0.5897,-1,-1,-1
255,3052,578.86,454.98,16.96,63.27,0.5820,-1,-1,-1
255,3053,469.92,456.70,33.32,103.97,0.5438,-1,-1,-1
255,3054,772.91,448.86,26.20,73.39,0.5264,-1,-1,-1
255,3055,1108.93,446.81,52.42,102.77,0.5127,-1,-1,-1
255,3056,1159.38,439.25,28.15,86.89,0.4421,-1,-1,-1
255,3057,1020.25,441.41,73.66,154.33,0.3621,-1,-1,-1
255,3058,528.48,454.13,20.57,53.83,0.3402,-1,-1,-1
255,1637,555.21,456.01,17.49,62.56,0.3304,-1,-1,-1
255,3,1323.63,423.31,111.20,334.42,0.3169,-1,-1,-1
256,2,1227.20,439.50,204.82,377.46,0.9298,-1,-1,-1
256,3059,931.96,399.19,189.71,644.29,0.8756,-1,-1,-1
256,3060,654.84,447.59,63.45,187.38,0.7993,-1,-1,-1
256,3061,810.56,431.09,118.25,454.61,0.7857,-1,-1,-1
256,3062,1822.46,403.29,97.08,374.76,0.7716,-1,-1,-1
256,1020,509.28,455.52,35.21,106.27,0.7714,-1,-1,-1
256,3063,621.14,457.10,20.25,60.09,0.7374,-1,-1,-1
256,3064,409.22,464.89,40.05,111.58,0.6680,-1,-1,-1
256,3065,1112.86,446.33,48.44,102.11,0.6587,-1,-1,-1
256,4,578.73,454.85,16.68,63.42,0.6148,-1,-1,-1
256,1637,591.40,457.97,18.67,63.24,0.5610,-1,-1,-1
256,3066,567.74,459.20,17.90,60.28,0.5539,-1,-1,-1
256,3067,466.80,456.74,34.72,105.01,0.5050,-1,-1,-1
256,3068,553.22,455.83,18.37,62.12,0.4946,-1,-1,-1
256,3069,772.61,447.52,28.67,75.59,0.4223,-1,-1,-1
256,3070,726.07,479.99,51.87,105.22,0.3383,-1,-1,-1
256,3071,528.86,454.54,20.10,54.53,0.3344,-1,-1,-1
257,2,1231.58,433.89,198.94,382.92,0.9165,-1,-1,-1
257,3072,1804.69,399.78,114.88,380.72,0.8842,-1,-1,-1
257,3073,655.61,447.75,71.28,186.82,0.8469,-1,-1,-1
257,4,935.41,397.72,185.23,646.09,0.8140,-1,-1,-1
257,3074,813.55,431.08,119.69,461.80,0.7861,-1,-1,-1
257,7,508.76,455.22,35.63,106.68,0.7807,-1,-1,-1
257,1637,621.90,456.70,19.45,59.63,0.7306,-1,-1,-1
257,1020,409.22,465.19,39.21,110.94,0.7118,-1,-1,-1
257,3075,578.69,454.70,16.07,63.12,0.6397,-1,-1,-1
257,3076,1112.59,446.25,48.67,102.79,0.6395,-1,-1,-1
257,3077,465.64,456.74,35.53,105.83,0.5916,-1,-1,-1
257,3078,773.79,447.51,26.81,75.74,0.5693,-1,-1,-1
257,3079,726.99,479.46,51.69,118.02,0.5571,-1,-1,-1
257,3080,605.05,456.87,18.74,59.01,0.5349,-1,-1,-1
257,3081,591.02,459.09,18.32,62.12,0.4835,-1,-1,-1
257,3082,552.20,456.17,18.32,60.72,0.4818,-1,-1,-1
257,5,566.79,457.64,18.19,61.74,0.4789,-1,-1,-1
258,2,1240.38,433.18,190.39,383.79,0.9146,-1,-1,-1
258,3083,1795.23,401.26,124.09,378.86,0.8986,-1,-1,-1
258,3,657.67,449.56,65.47,187.55,0.8231,-1,-1,-1
258,3084,813.39,430.78,124.65,464.45,0.8214,-1,-1,-1
258,3085,509.43,455.55,34.24,106.55,0.7588,-1,-1,-1
258,3086,409.02,464.43,39.63,111.58,0.7550,-1,-1,-1
258,2696,622.60,456.54,22.85,61.23,0.7264,-1,-1,-1
258,3087,566.97,456.86,19.29,62.35,0.7074,-1,-1,-1
258,3088,1279.61,448.22,39.22,102.73,0.6995,-1,-1,-1
258,3089,1109.16,444.70,52.21,109.96,0.5967,-1,-1,-1
258,3090,589.83,457.66,19.79,63.32,0.5919,-1,-1,-1
258,3091,467.56,456.83,33.22,106.39,0.5602,-1,-1,-1
258,3092,553.00,455.42,17.48,61.48,0.5600,-1,-1,-1
258,3093,935.20,398.93,142.41,622.52,0.5400,-1,-1,-1
258,3094,578.60,454.94,15.75,63.12,0.5381,-1,-1,-1
258,3095,1877.80,385.65,41.75,273.12,0.5083,-1,-1,-1
258,3096,1159.72,438.92,25.56,87.68,0.4154,-1,-1,-1
258,7,1028.43,441.83,74.63,154.20,0.4140,-1,-1,-1
258,4,727.09,479.60,47.20,104.86,0.4099,-1,-1,-1
258,1637,605.51,457.60,19.14,58.18,0.4013,-1,-1,-1
258,1020,774.12,451.48,26.72,71.83,0.3762,-1,-1,-1
258,5,372.90,444.73,27.57,62.55,0.3060,-1,-1,-1
259,2,1249.30,428.31,182.49,388.51,0.9065,-1,-1,-1
259,7,1783.84,400.01,135.68,379.21,0.9036,-1,-1,-1
259,3097,815.05,431.35,123.17,476.05,0.8306,-1,-1,-1
259,2696,659.50,453.83,65.24,183.00,0.7534,-1,-1,-1
259,3098,939.92,395.80,174.01,648.00,0.7457,-1,-1,-1
259,3099,510.17,455.27,33.89,106.34,0.7359,-1,-1,-1
259,3087,566.84,457.52,19.31,61.76,0.7206,-1,-1,-1
259,3100,1280.14,446.90,40.20,103.87,0.7169,-1,-1,-1
259,3101,623.01,456.33,22.45,61.38,0.7098,-1,-1,-1
259,3102,405.78,465.09,41.60,110.91,0.7065,-1,-1,-1
259,3103,1110.09,444.79,51.27,112.10,0.6388,-1,-1,-1
259,3104,590.46,458.41,19.04,62.41,0.5558,-1,-1,-1
259,3105,552.59,454.91,17.61,62.68,0.5549,-1,-1,-1
259,3106,578.26,454.80,15.93,63.05,0.5419,-1,-1,-1
259,2673,606.57,457.47,19.86,58.43,0.5260,-1,-1,-1
259,3107,776.16,451.25,25.21,72.31,0.5149,-1,-1,-1
259,3108,468.52,457.08,33.87,104.49,0.4752,-1,-1,-1
259,4,1159.86,438.82,25.49,87.76,0.4691,-1,-1,-1
259,3,727.05,479.49,50.97,113.91,0.4118,-1,-1,-1
259,1637,372.79,444.54,27.89,63.68,0.3533,-1,-1,-1
259,1020,719.63,455.87,16.21,55.16,0.3353,-1,-1,-1
259,5,659.84,463.43,16.51,45.25,0.3077,-1,-1,-1
260,2,1264.06,428.15,168.93,389.38,0.9213,-1,-1,-1
260,7,1758.20,404.45,161.10,374.91,0.9121,-1,-1,-1
260,3109,815.57,431.61,124.84,482.88,0.8149,-1,-1,-1
260,3110,660.72,454.49,65.61,181.41,0.8045,-1,-1,-1
260,3111,937.28,396.92,183.87,646.25,0.8043,-1,-1,-1
260,1637,623.37,456.00,21.52,61.46,0.7200,-1,-1,-1
260,3112,1281.19,446.48,45.79,104.50,0.7064,-1,-1,-1
260,3113,1109.33,444.58,51.57,109.88,0.7039,-1,-1,-1
260,3114,509.97,455.67,34.27,106.10,0.6928,-1,-1,-1
260,3115,727.35,477.99,53.38,120.59,0.6855,-1,-1,-1
260,3116,406.23,465.75,40.90,110.19,0.6702,-1,-1,-1
260,3117,566.86,457.63,19.29,61.54,0.6228,-1,-1,-1
260,2673,590.33,457.94,18.19,62.18,0.5462,-1,-1,-1
260,3118,464.37,456.88,34.67,105.94,0.4547,-1,-1,-1
260,3119,373.01,444.96,28.01,63.40,0.4526,-1,-1,-1
260,3120,1879.16,391.04,40.39,261.33,0.4417,-1,-1,-1
260,3121,605.89,458.39,19.62,57.21,0.4346,-1,-1,-1
260,3122,659.59,464.27,15.31,47.89,0.3890,-1,-1,-1
260,3123,553.67,455.50,16.44,63.00,0.3818,-1,-1,-1
260,3124,578.99,455.94,14.51,62.07,0.3608,-1,-1,-1
260,3125,1159.45,439.83,25.66,86.69,0.3483,-1,-1,-1
260,3126,774.33,445.90,27.20,77.57,0.3186,-1,-1,-1
261,3127,1719.17,407.77,198.36,371.13,0.9190,-1,-1,-1
261,3128,1278.50,431.19,153.98,385.75,0.9081,-1,-1,-1
261,3129,940.49,397.36,175.47,645.54,0.8734,-1,-1,-1
261,7,663.00,449.99,63.60,188.97,0.8397,-1,-1,-1
261,3130,816.37,431.61,124.40,485.11,0.8048,-1,-1,-1
261,3131,509.77,455.09,34.38,106.61,0.7668,-1,-1,-1
261,3132,1283.71,445.59,44.95,105.59,0.7611,-1,-1,-1
261,3133,625.24,455.74,21.40,61.48,0.7032,-1,-1,-1
261,1020,406.36,466.04,39.68,109.44,0.6930,-1,-1,-1
261,5,1109.98,443.98,53.39,106.86,0.6816,-1,-1,-1
261,3134,462.95,457.34,37.39,106.18,0.6588,-1,-1,-1
261,1637,606.06,458.48,21.85,57.30,0.6330,-1,-1,-1
261,3135,727.28,477.39,47.61,102.94,0.6086,-1,-1,-1
261,3136,589.39,458.40,17.76,61.96,0.5961,-1,-1,-1
261,3137,567.36,457.41,19.08,61.75,0.5879,-1,-1,-1
261,3138,552.22,454.82,17.85,62.07,0.4958,-1,-1,-1
261,3139,1038.95,451.00,73.96,148.27,0.4742,-1,-1,-1
261,3140,371.79,445.12,31.45,63.95,0.4629,-1,-1,-1
261,3141,1882.73,400.63,36.82,254.94,0.4044,-1,-1,-1
261,3142,659.41,463.84,17.51,48.91,0.3653,-1,-1,-1
261,3143,431.18,465.22,23.67,104.89,0.3239,-1,-1,-1
262,3144,1687.37,410.63,229.03,366.89,0.9290,-1,-1,-1
262,3145,1299.03,425.97,134.65,391.66,0.8758,-1,-1,-1
262,3146,941.42,398.34,175.21,644.08,0.8680,-1,-1,-1
262,2,663.41,448.91,66.54,190.89,0.8609,-1,-1,-1
262,3147,819.62,432.07,120.17,487.99,0.8018,-1,-1,-1
262,3148,509.19,455.06,34.57,107.17,0.7713,-1,-1,-1
262,3149,624.25,455.47,25.12,61.14,0.7597,-1,-1,-1
262,3150,1113.56,444.38,46.48,109.15,0.7116,-1,-1,-1
262,3151,1287.99,446.17,44.19,104.31,0.6758,-1,-1,-1
262,3152,406.85,465.54,38.42,110.03,0.6490,-1,-1,-1
262,3153,727.66,477.33,47.15,93.12,0.5840,-1,-1,-1
262,1637,607.06,459.55,21.07,55.40,0.5830,-1,-1,-1
262,3154,588.62,458.28,17.95,61.72,0.5649,-1,-1,-1
262,3155,462.28,458.29,37.43,105.85,0.5569,-1,-1,-1
262,5,778.14,448.20,23.20,74.87,0.5468,-1,-1,-1
262,3156,552.07,454.94,17.65,62.07,0.5184,-1,-1,-1
262,3157,566.06,456.89,18.93,62.47,0.5175,-1,-1,-1
262,3158,658.78,462.93,20.62,65.13,0.4900,-1,-1,-1
262,3159,1878.68,389.97,40.86,265.58,0.4758,-1,-1,-1
262,3160,371.57,444.70,32.60,62.40,0.4594,-1,-1,-1
262,3161,1042.59,433.14,78.89,166.95,0.3350,-1,-1,-1
263,7,1671.99,414.70,245.46,360.93,0.9369,-1,-1,-1
263,3162,665.40,449.90,69.05,190.86,0.8588,-1,-1,-1
263,4,942.11,398.00,174.67,644.98,0.8429,-1,-1,-1
263,3163,1325.89,422.01,112.91,396.03,0.8193,-1,-1,-1
263,3,821.12,431.99,119.64,488.85,0.7998,-1,-1,-1
263,1020,508.63,455.14,35.43,107.01,0.7990,-1,-1,-1
263,3164,626.52,455.59,20.92,60.57,0.7539,-1,-1,-1
263,3165,1117.67,444.50,41.96,107.69,0.7257,-1,-1,-1
263,3166,460.88,461.83,38.34,102.34,0.6881,-1,-1,-1
263,3167,728.41,477.68,47.35,96.44,0.6267,-1,-1,-1
263,3168,779.20,447.79,22.82,75.44,0.6219,-1,-1,-1
263,5,606.89,459.30,20.42,54.45,0.6166,-1,-1,-1
263,3169,588.41,460.75,17.56,58.97,0.6039,-1,-1,-1
263,3170,1043.46,429.56,81.23,167.11,0.5905,-1,-1,-1
263,3171,1876.98,387.22,42.56,272.25,0.5639,-1,-1,-1
263,1637,551.26,455.41,17.89,61.95,0.5519,-1,-1,-1
263,3172,371.49,445.09,29.35,63.52,0.5427,-1,-1,-1
263,3173,659.00,462.91,20.45,68.44,0.5388,-1,-1,-1
263,3174,1298.11,446.85,39.46,101.89,0.5109,-1,-1,-1
263,3175,565.48,456.99,18.92,62.37,0.4730,-1,-1,-1
263,3176,399.99,464.83,41.81,110.39,0.4418,-1,-1,-1
263,2,1097.64,436.38,28.38,72.28,0.3519,-1,-1,-1
264,7,1665.11,416.38,248.65,358.64,0.9399,-1,-1,-1
264,3177,666.75,449.82,69.49,191.93,0.8687,-1,-1,-1
264,4,944.32,397.57,184.85,644.91,0.8291,-1,-1,-1
264,3178,1335.85,429.55,109.11,389.12,0.7974,-1,-1,-1
264,3,821.64,432.00,121.12,487.66,0.7954,-1,-1,-1
264,1020,509.97,455.08,34.26,106.64,0.7738,-1,-1,-1
264,3179,1118.49,445.59,41.31,105.85,0.7531,-1,-1,-1
264,3180,628.03,456.09,20.12,59.33,0.7409,-1,-1,-1
264,3181,461.37,461.77,37.36,102.36,0.7152,-1,-1,-1
264,3182,1301.40,446.86,31.34,103.29,0.6447,-1,-1,-1
264,2851,780.63,449.21,22.50,74.01,0.6334,-1,-1,-1
264,5,587.90,460.18,18.28,59.38,0.6105,-1,-1,-1
264,3183,731.30,478.97,45.74,102.73,0.5826,-1,-1,-1
264,3184,607.31,459.16,18.95,54.30,0.5751,-1,-1,-1
264,3185,659.22,463.13,20.37,74.56,0.5588,-1,-1,-1
264,3186,371.62,445.10,29.89,63.49,0.5534,-1,-1,-1
264,3187,1878.67,390.28,40.88,269.88,0.5276,-1,-1,-1
264,1637,565.95,457.67,20.43,61.87,0.4872,-1,-1,-1
264,3188,1047.28,425.44,79.08,172.82,0.4546,-1,-1,-1
264,3189,552.29,455.53,16.84,61.75,0.4260,-1,-1,-1
264,3190,1098.29,436.33,28.73,79.99,0.3663,-1,-1,-1
265,7,1661.21,419.73,246.94,355.01,0.9355,-1,-1,-1
265,3191,945.29,396.29,170.26,645.81,0.8652,-1,-1,-1
265,3192,669.68,450.30,68.32,191.24,0.8530,-1,-1,-1
265,2,1341.64,429.46,108.71,390.87,0.8521,-1,-1,-1
265,4,822.07,431.56,118.41,488.75,0.7869,-1,-1,-1
265,1020,509.11,454.90,35.89,106.75,0.7791,-1,-1,-1
265,3193,461.30,456.91,37.17,107.15,0.7535,-1,-1,-1
265,3194,628.43,458.08,22.48,58.12,0.7338,-1,-1,-1
265,3195,1118.10,445.95,42.19,105.66,0.7039,-1,-1,-1
265,3196,781.88,449.72,22.05,73.58,0.6818,-1,-1,-1
265,3,733.55,478.60,41.65,91.63,0.6507,-1,-1,-1
265,3197,1051.87,429.96,80.36,170.05,0.6067,-1,-1,-1
265,3198,399.59,464.48,38.98,110.53,0.5900,-1,-1,-1
265,3199,587.19,459.78,18.19,59.26,0.5696,-1,-1,-1
265,3200,608.01,459.07,18.46,54.26,0.5490,-1,-1,-1
265,3201,659.23,463.31,21.64,72.72,0.5462,-1,-1,-1
265,3202,1304.45,445.93,30.74,104.33,0.5398,-1,-1,-1
265,3203,372.07,445.02,29.10,63.65,0.4528,-1,-1,-1
265,3204,565.12,457.82,20.31,61.28,0.4471,-1,-1,-1
265,1637,552.70,455.20,16.80,61.75,0.4235,-1,-1,-1
265,3205,1879.05,394.88,40.51,264.75,0.3357,-1,-1,-1
266,7,1662.08,421.78,230.91,350.69,0.9190,-1,-1,-1
266,3206,946.88,396.98,169.81,645.40,0.8498,-1,-1,-1
266,3207,674.62,449.10,65.32,192.12,0.8387,-1,-1,-1
266,2,1348.95,419.12,115.59,409.50,0.8276,-1,-1,-1
266,4,824.92,430.93,114.39,488.54,0.7990,-1,-1,-1
266,3208,1116.72,446.85,43.29,104.07,0.7692,-1,-1,-1
266,3209,508.64,455.09,36.66,106.62,0.7637,-1,-1,-1
266,1637,629.29,458.75,25.53,57.87,0.7428,-1,-1,-1
266,3210,1054.78,425.20,81.31,173.79,0.6959,-1,-1,-1
266,3211,734.06,477.41,43.01,98.37,0.6767,-1,-1,-1
266,3212,782.99,448.95,21.95,72.80,0.6261,-1,-1,-1
266,3213,608.96,457.45,17.43,55.52,0.6015,-1,-1,-1
266,3214,458.92,458.03,38.28,105.11,0.5956,-1,-1,-1
266,2673,586.60,459.56,18.14,59.59,0.5660,-1,-1,-1
266,3215,397.65,464.40,41.03,110.76,0.4892,-1,-1,-1
266,3216,659.06,463.88,22.51,74.38,0.4864,-1,-1,-1
266,3217,371.70,444.85,29.15,63.37,0.4670,-1,-1,-1
266,3218,564.52,458.50,19.59,60.68,0.4651,-1,-1,-1
266,3219,1097.76,435.86,29.88,62.50,0.3947,-1,-1,-1
266,3220,1304.43,434.30,31.37,115.59,0.3629,-1,-1,-1
266,3221,1158.89,440.09,26.87,86.41,0.3513,-1,-1,-1
267,7,1659.48,422.36,214.84,337.57,0.9054,-1,-1,-1
267,3222,679.81,448.36,58.42,193.06,0.8504,-1,-1,-1
267,3223,948.04,397.09,169.29,645.26,0.8335,-1,-1,-1
267,2,1355.74,425.63,117.06,405.80,0.8271,-1,-1,-1
267,3224,1118.66,446.79,41.57,104.33,0.7801,-1,-1,-1
267,3225,507.67,454.99,36.85,106.35,0.7670,-1,-1,-1
267,3226,825.72,430.54,115.39,490.04,0.7556,-1,-1,-1
267,1637,630.49,458.19,25.59,57.93,0.7443,-1,-1,-1
267,3227,735.28,477.15,40.52,96.67,0.7192,-1,-1,-1
267,3228,1054.53,425.66,84.62,172.89,0.7123,-1,-1,-1
267,3229,458.40,457.38,38.44,105.98,0.6593,-1,-1,-1
267,3230,609.16,457.92,17.93,55.15,0.6310,-1,-1,-1
267,3231,398.74,465.14,40.04,109.42,0.6185,-1,-1,-1
267,3232,782.59,447.49,23.76,74.16,0.5659,-1,-1,-1
267,3233,586.65,458.64,17.84,60.54,0.5390,-1,-1,-1
267,3234,564.15,458.14,19.22,61.02,0.5149,-1,-1,-1
267,3235,1097.96,435.80,29.70,57.74,0.4856,-1,-1,-1
267,3236,660.28,463.32,21.55,74.70,0.4833,-1,-1,-1
267,3237,372.12,444.62,28.95,63.84,0.4701,-1,-1,-1
267,3238,1305.72,435.44,30.96,114.31,0.4651,-1,-1,-1
267,3239,1885.11,407.50,34.43,251.56,0.3786,-1,-1,-1
267,5,1159.60,440.59,25.67,85.63,0.3440,-1,-1,-1
268,7,1658.18,421.73,186.79,333.56,0.9113,-1,-1,-1
268,3240,1359.29,433.41,135.62,401.48,0.8592,-1,-1,-1
268,3241,679.58,448.09,60.26,192.21,0.8485,-1,-1,-1
268,3242,948.71,396.19,167.78,646.68,0.8390,-1,-1,-1
268,3243,508.73,455.12,35.33,106.01,0.7700,-1,-1,-1
268,3244,824.67,430.23,113.76,491.82,0.7573,-1,-1,-1
268,3245,629.71,457.13,27.58,59.12,0.7563,-1,-1,-1
268,3246,1118.90,447.42,41.66,104.10,0.7483,-1,-1,-1
268,1020,396.95,464.28,41.13,111.98,0.7469,-1,-1,-1
268,3247,1053.87,422.38,89.21,177.59,0.7205,-1,-1,-1
268,3248,457.08,454.10,40.26,109.25,0.6776,-1,-1,-1
268,1637,609.67,457.08,18.87,56.28,0.6384,-1,-1,-1
268,3249,738.47,477.39,42.52,104.24,0.6044,-1,-1,-1
268,3250,585.49,459.44,18.91,59.68,0.6009,-1,-1,-1
268,3251,1305.17,430.81,34.77,118.44,0.5899,-1,-1,-1
268,3252,783.03,449.84,24.21,73.75,0.5566,-1,-1,-1
268,3253,1099.36,436.47,27.27,56.59,0.5293,-1,-1,-1
268,3254,1878.06,390.09,41.48,270.48,0.4397,-1,-1,-1
268,3255,371.91,445.26,29.18,62.99,0.4296,-1,-1,-1
268,3256,566.94,456.70,20.58,61.62,0.3959,-1,-1,-1
268,3257,557.35,456.32,20.75,61.75,0.3817,-1,-1,-1
268,3,659.26,463.28,21.42,73.27,0.3558,-1,-1,-1
268,5,1159.12,439.06,26.35,86.87,0.3475,-1,-1,-1
269,7,1657.16,417.86,165.86,336.06,0.9095,-1,-1,-1
269,3258,1362.17,433.92,156.95,401.18,0.8894,-1,-1,-1
269,3259,949.97,398.13,169.42,644.94,0.8369,-1,-1,-1
269,3260,678.30,446.44,70.16,194.17,0.8108,-1,-1,-1
269,3261,824.74,428.55,113.75,493.06,0.7906,-1,-1,-1
269,3262,630.66,456.99,26.99,60.39,0.7876,-1,-1,-1
269,3263,509.03,455.17,35.15,106.42,0.7777,-1,-1,-1
269,3264,397.27,465.48,40.14,109.37,0.7699,-1,-1,-1
269,3265,456.09,454.05,40.39,109.17,0.7310,-1,-1,-1
269,5,1121.56,447.29,40.82,104.82,0.7280,-1,-1,-1
269,3266,740.16,477.22,42.39,112.23,0.6466,-1,-1,-1
269,3267,1055.50,428.86,90.54,170.77,0.6370,-1,-1,-1
269,3268,609.29,457.52,18.20,55.04,0.6312,-1,-1,-1
269,3269,783.06,450.90,23.90,72.08,0.5748,-1,-1,-1
269,3270,370.86,444.63,29.94,63.93,0.5424,-1,-1,-1
269,3271,584.82,460.47,18.34,58.35,0.4728,-1,-1,-1
269,3272,419.25,459.12,35.45,111.34,0.4553,-1,-1,-1
269,3273,559.23,457.81,17.83,60.59,0.4403,-1,-1,-1
269,3274,1876.56,390.66,42.98,270.08,0.4343,-1,-1,-1
269,3275,1101.96,436.39,25.41,55.23,0.4098,-1,-1,-1
269,3276,1306.75,437.99,33.24,111.47,0.3734,-1,-1,-1
269,3277,658.25,464.07,20.69,69.98,0.3520,-1,-1,-1
270,3278,1362.27,435.83,180.15,400.22,0.9090,-1,-1,-1
270,3279,1658.34,414.01,135.47,339.54,0.9056,-1,-1,-1
270,3280,952.95,398.07,164.75,645.34,0.8201,-1,-1,-1
270,3281,684.21,445.36,62.67,195.66,0.8042,-1,-1,-1
270,3282,825.12,429.16,114.79,493.03,0.7998,-1,-1,-1
270,3283,508.95,455.13,35.72,106.04,0.7815,-1,-1,-1
270,1020,396.58,464.19,40.22,111.66,0.7789,-1,-1,-1
270,3284,630.86,456.46,27.43,61.02,0.7618,-1,-1,-1
270,2685,455.39,456.46,40.37,108.58,0.7499,-1,-1,-1
270,7,1058.35,428.73,90.95,172.21,0.7427,-1,-1,-1
270,3285,1126.28,447.67,37.35,105.18,0.7237,-1,-1,-1
270,3286,740.44,476.82,39.47,97.19,0.5350,-1,-1,-1
270,3287,585.28,459.75,18.09,58.86,0.5196,-1,-1,-1
270,3288,370.51,445.05,30.72,64.09,0.5158,-1,-1,-1
270,3289,608.56,457.59,20.40,55.79,0.4793,-1,-1,-1
270,3272,418.52,458.80,35.25,111.77,0.4709,-1,-1,-1
270,3290,558.25,457.10,19.19,61.75,0.4639,-1,-1,-1
270,3291,782.36,452.81,24.37,69.58,0.4555,-1,-1,-1
270,3292,1877.63,390.56,41.91,270.84,0.4329,-1,-1,-1
270,3293,1160.67,439.76,24.70,86.27,0.3454,-1,-1,-1
271,3294,1362.73,435.78,195.14,403.82,0.9113,-1,-1,-1
271,3295,1658.12,411.76,109.81,342.00,0.8977,-1,-1,-1
271,3296,687.03,446.56,57.93,194.37,0.8210,-1,-1,-1
271,3297,955.26,397.83,165.88,645.56,0.8200,-1,-1,-1
271,4,825.78,429.34,119.62,493.27,0.8107,-1,-1,-1
271,1020,397.45,465.55,40.22,109.99,0.7692,-1,-1,-1
271,3298,508.80,455.17,34.53,106.05,0.7611,-1,-1,-1
271,3299,455.77,456.81,40.87,106.53,0.7570,-1,-1,-1
271,3300,1060.79,425.63,91.21,176.94,0.7476,-1,-1,-1
271,3301,631.75,456.27,26.88,61.42,0.7377,-1,-1,-1
271,3302,1125.41,447.32,41.42,105.62,0.7267,-1,-1,-1
271,3,370.39,444.96,30.43,63.64,0.5865,-1,-1,-1
271,3303,740.56,477.58,38.74,103.63,0.5847,-1,-1,-1
271,3304,585.70,457.90,17.62,61.35,0.5266,-1,-1,-1
271,3305,613.41,457.09,18.56,57.00,0.5043,-1,-1,-1
271,3306,1878.29,389.66,41.24,271.83,0.4601,-1,-1,-1
271,3307,418.72,459.01,36.74,111.60,0.4453,-1,-1,-1
271,3308,562.15,457.20,19.45,61.49,0.4171,-1,-1,-1
271,3309,785.86,455.47,24.46,69.43,0.3738,-1,-1,-1
271,5,1161.71,439.80,23.86,86.21,0.3200,-1,-1,-1
272,2,1363.61,437.47,204.56,403.86,0.9233,-1,-1,-1
272,7,1646.42,410.00,88.59,342.97,0.8615,-1,-1,-1
272,3310,958.46,398.42,167.52,644.98,0.8262,-1,-1,-1
272,3311,826.51,429.45,115.35,491.96,0.7917,-1,-1,-1
272,3312,686.99,448.32,61.61,191.74,0.7901,-1,-1,-1
272,3313,396.47,465.20,39.92,110.54,0.7696,-1,-1,-1
272,3314,455.42,455.66,41.37,108.09,0.7618,-1,-1,-1
272,3315,508.76,455.17,34.46,106.22,0.7602,-1,-1,-1
272,3316,631.20,455.51,28.51,61.98,0.7383,-1,-1,-1
272,3317,1062.34,421.93,93.25,183.03,0.6690,-1,-1,-1
272,5,1129.63,447.75,37.98,104.92,0.6628,-1,-1,-1
272,3318,585.09,458.50,17.74,59.92,0.6068,-1,-1,-1
272,3319,741.62,477.55,37.21,103.75,0.5802,-1,-1,-1
272,3320,414.59,458.50,41.08,112.06,0.5583,-1,-1,-1
272,1637,613.36,457.53,18.32,55.90,0.5525,-1,-1,-1
272,3321,561.46,457.24,21.01,61.21,0.4913,-1,-1,-1
272,3322,793.57,452.37,26.25,79.33,0.4883,-1,-1,-1
272,3323,1304.46,429.47,26.42,118.48,0.4566,-1,-1,-1
272,3324,370.69,445.07,30.97,64.17,0.4390,-1,-1,-1
272,3325,1325.37,447.70,31.08,101.17,0.3415,-1,-1,-1
273,2,1365.10,425.63,202.51,421.75,0.9219,-1,-1,-1
273,3,1635.43,408.09,82.62,345.65,0.8611,-1,-1,-1
273,3326,962.63,397.23,167.38,646.53,0.8220,-1,-1,-1
273,3327,687.08,447.99,76.17,191.85,0.8183,-1,-1,-1
273,3328,824.14,428.95,122.25,493.67,0.7641,-1,-1,-1
273,1020,394.79,464.43,42.33,111.25,0.7503,-1,-1,-1
273,3329,508.29,454.98,35.27,106.15,0.7298,-1,-1,-1
273,1637,630.02,457.79,29.34,60.00,0.7148,-1,-1,-1
273,3330,1066.72,417.40,89.67,187.37,0.7117,-1,-1,-1
273,3331,1305.01,429.43,25.88,119.81,0.6342,-1,-1,-1
273,3332,455.87,454.80,39.80,108.74,0.6060,-1,-1,-1
273,3333,584.61,458.45,17.76,59.73,0.5922,-1,-1,-1
273,3334,614.75,458.30,18.62,56.07,0.5745,-1,-1,-1
273,3335,561.36,456.96,21.05,60.83,0.5661,-1,-1,-1
273,3336,1130.75,446.87,39.67,105.02,0.5156,-1,-1,-1
273,3337,412.92,458.91,43.61,111.75,0.4549,-1,-1,-1
273,3338,793.94,451.97,26.22,79.36,0.4487,-1,-1,-1
273,3339,1326.50,447.08,33.99,102.32,0.4432,-1,-1,-1
273,3340,370.59,445.07,30.22,64.13,0.4227,-1,-1,-1
273,3341,745.20,477.16,33.09,112.76,0.3666,-1,-1,-1
273,7,1878.69,389.05,40.85,270.21,0.3366,-1,-1,-1
274,2,1366.55,437.96,207.53,413.57,0.9323,-1,-1,-1
274,3342,964.99,398.34,161.82,644.61,0.8297,-1,-1,-1
274,3343,1612.50,409.65,104.76,341.64,0.8075,-1,-1,-1
274,3344,687.63,447.32,74.83,192.14,0.7852,-1,-1,-1
274,3345,830.21,425.48,116.28,495.89,0.7738,-1,-1,-1
274,3346,508.88,455.01,34.64,106.16,0.7538,-1,-1,-1
274,3347,394.59,464.12,41.10,111.24,0.7457,-1,-1,-1
274,3348,631.42,458.76,28.21,58.51,0.6989,-1,-1,-1
274,3349,455.32,455.50,38.99,107.53,0.6758,-1,-1,-1
274,3350,1070.43,420.92,88.32,185.69,0.6599,-1,-1,-1
274,3351,1305.14,429.44,26.75,119.84,0.6563,-1,-1,-1
274,1637,584.65,457.90,17.77,60.60,0.6486,-1,-1,-1
274,3352,614.60,458.97,19.01,55.22,0.6457,-1,-1,-1
274,3353,562.75,456.72,19.51,61.02,0.5957,-1,-1,-1
274,3354,412.88,458.72,43.58,112.20,0.5295,-1,-1,-1
274,3355,370.71,445.15,30.60,63.39,0.5141,-1,-1,-1
274,5,793.19,452.67,26.39,78.75,0.5106,-1,-1,-1
274,1020,1327.08,447.01,37.14,103.23,0.5031,-1,-1,-1
274,3356,1133.15,448.02,37.14,103.10,0.4791,-1,-1,-1
274,3357,744.57,477.18,32.53,113.92,0.3311,-1,-1,-1
274,3,1878.12,386.95,41.42,272.01,0.3131,-1,-1,-1
275,2,1372.69,436.04,202.33,416.84,0.9134,-1,-1,-1
275,3358,1592.94,412.67,123.75,339.65,0.8873,-1,-1,-1
275,3359,966.06,398.37,162.74,644.65,0.8482,-1,-1,-1
275,3360,829.38,425.90,119.38,495.60,0.7729,-1,-1,-1
275,3361,508.51,455.13,34.31,105.87,0.7665,-1,-1,-1
275,3362,393.96,464.87,41.77,110.78,0.7410,-1,-1,-1
275,3363,1304.88,429.42,27.78,120.23,0.7367,-1,-1,-1
275,3364,1072.17,423.10,86.97,182.39,0.6851,-1,-1,-1
275,3365,636.10,457.70,23.99,58.74,0.6793,-1,-1,-1
275,3366,455.07,455.92,38.30,107.50,0.6324,-1,-1,-1
275,3367,693.60,449.47,71.90,190.85,0.6280,-1,-1,-1
275,7,585.15,456.57,16.77,61.67,0.6177,-1,-1,-1
275,1020,614.81,459.38,19.87,56.09,0.6047,-1,-1,-1
275,1637,562.70,457.05,18.48,60.08,0.5994,-1,-1,-1
275,3368,1327.65,446.20,38.63,103.78,0.5722,-1,-1,-1
275,3369,792.50,452.67,27.45,78.64,0.4507,-1,-1,-1
275,3370,1135.90,448.77,35.96,101.73,0.4370,-1,-1,-1
275,3371,412.73,458.92,43.72,112.51,0.3976,-1,-1,-1
275,3372,536.09,456.71,18.42,55.61,0.3786,-1,-1,-1
275,5,745.71,477.09,29.97,114.37,0.3623,-1,-1,-1
275,3373,671.54,459.88,37.03,74.32,0.3224,-1,-1,-1
276,2,1379.08,433.72,196.64,419.30,0.9254,-1,-1,-1
276,3374,1561.26,414.00,155.26,339.08,0.9019,-1,-1,-1
276,3375,701.47,450.45,66.49,190.08,0.8432,-1,-1,-1
276,4,967.64,398.64,166.38,644.30,0.8374,-1,-1,-1
276,3376,832.11,425.86,119.12,495.75,0.7984,-1,-1,-1
276,3377,508.92,455.16,33.91,105.34,0.7521,-1,-1,-1
276,3378,1073.61,422.27,86.47,186.72,0.7277,-1,-1,-1
276,3379,394.22,463.95,42.46,112.32,0.7101,-1,-1,-1
276,3380,1304.85,430.15,31.92,119.32,0.6819,-1,-1,-1
276,3381,640.45,459.45,19.63,56.93,0.6780,-1,-1,-1
276,3382,454.20,457.10,38.65,105.88,0.6439,-1,-1,-1
276,1637,584.77,456.19,17.10,62.31,0.6375,-1,-1,-1
276,1020,564.23,456.98,16.38,60.53,0.6166,-1,-1,-1
276,3383,1334.99,447.54,32.82,102.31,0.5471,-1,-1,-1
276,3384,615.56,460.31,19.27,53.64,0.5412,-1,-1,-1
276,3,1137.71,447.46,33.67,101.60,0.4826,-1,-1,-1
276,3385,552.87,456.63,15.90,58.93,0.4274,-1,-1,-1
276,3386,414.15,460.92,42.21,110.30,0.4127,-1,-1,-1
276,3387,743.81,477.05,31.42,118.05,0.3858,-1,-1,-1
276,3388,672.39,461.41,36.21,72.31,0.3474,-1,-1,-1
276,3389,597.76,457.15,16.25,55.63,0.3123,-1,-1,-1
276,5,536.95,456.75,17.57,54.77,0.3045,-1,-1,-1
277,3390,1540.59,416.23,176.65,335.52,0.9142,-1,-1,-1
277,3391,1389.26,426.51,185.91,426.68,0.9056,-1,-1,-1
277,3392,701.01,449.18,75.05,191.27,0.8316,-1,-1,-1
277,3393,970.56,396.68,181.15,645.70,0.8165,-1,-1,-1
277,3394,827.30,426.86,129.13,495.89,0.8025,-1,-1,-1
277,3395,392.41,462.31,45.03,113.70,0.7475,-1,-1,-1
277,3396,508.03,455.13,34.61,105.36,0.7383,-1,-1,-1
277,3397,1304.63,430.05,30.24,119.55,0.6989,-1,-1,-1
277,3398,1076.34,421.99,86.92,183.87,0.6812,-1,-1,-1
277,3399,641.88,459.09,18.97,57.99,0.6562,-1,-1,-1
277,3400,564.69,457.05,15.82,60.26,0.6235,-1,-1,-1
277,3401,454.34,457.13,36.54,105.92,0.5969,-1,-1,-1
277,1020,584.24,456.60,17.53,61.79,0.5596,-1,-1,-1
277,3402,1338.56,447.36,30.33,102.58,0.5308,-1,-1,-1
277,3403,537.08,456.71,17.70,55.67,0.4732,-1,-1,-1
277,3404,553.04,456.40,16.08,59.05,0.4594,-1,-1,-1
277,3405,1137.84,446.61,34.23,100.21,0.4286,-1,-1,-1
277,3406,616.62,458.88,18.13,56.08,0.4190,-1,-1,-1
277,3407,412.44,460.13,44.01,111.26,0.3882,-1,-1,-1
277,3408,791.74,450.31,28.70,80.75,0.3602,-1,-1,-1
278,3409,1540.06,419.03,174.99,331.67,0.9222,-1,-1,-1
278,3410,1400.59,428.21,177.24,424.88,0.8961,-1,-1,-1
278,7,706.79,446.73,77.97,194.04,0.8764,-1,-1,-1
278,4,973.40,396.82,179.13,645.52,0.8372,-1,-1,-1
278,3,828.66,425.86,131.54,496.49,0.8337,-1,-1,-1
278,3411,391.87,464.80,41.15,111.01,0.7468,-1,-1,-1
278,3412,507.18,455.21,35.19,105.45,0.7376,-1,-1,-1
278,3413,1078.13,419.42,87.33,187.20,0.7028,-1,-1,-1
278,3414,1304.81,430.31,30.10,116.61,0.6978,-1,-1,-1
278,1637,643.59,456.56,21.13,60.72,0.6750,-1,-1,-1
278,3415,563.09,457.70,17.52,60.02,0.6158,-1,-1,-1
278,3416,1335.24,446.12,33.34,103.75,0.5522,-1,-1,-1
278,3417,454.52,456.86,34.36,104.89,0.5511,-1,-1,-1
278,3418,672.23,479.86,42.16,115.37,0.5244,-1,-1,-1
278,5,536.95,456.92,17.82,56.56,0.5142,-1,-1,-1
278,3419,584.06,457.51,17.58,59.23,0.4850,-1,-1,-1
278,3420,410.51,459.26,45.68,113.09,0.4714,-1,-1,-1
278,3421,552.64,456.02,17.07,60.31,0.4576,-1,-1,-1
278,3422,1142.29,446.75,29.09,100.11,0.4217,-1,-1,-1
278,3423,616.92,458.54,17.79,57.95,0.3802,-1,-1,-1
279,7,1541.42,421.03,170.22,328.35,0.9119,-1,-1,-1
279,3424,708.87,448.83,82.94,192.68,0.8692,-1,-1,-1
279,3425,1418.26,421.66,158.37,431.59,0.8466,-1,-1,-1
279,2,975.18,396.93,171.69,645.56,0.8308,-1,-1,-1
279,4,830.27,424.97,144.67,495.81,0.8138,-1,-1,-1
279,1020,388.65,463.91,42.14,112.20,0.7254,-1,-1,-1
279,3315,506.02,455.07,35.78,103.78,0.7161,-1,-1,-1
279,3426,1304.59,429.57,30.33,115.43,0.6935,-1,-1,-1
279,3427,561.45,458.53,18.70,58.14,0.6666,-1,-1,-1
279,1637,644.08,457.96,20.57,59.12,0.6656,-1,-1,-1
279,3428,1337.29,445.64,30.83,102.38,0.6624,-1,-1,-1
279,3429,1078.43,417.12,88.90,188.23,0.6578,-1,-1,-1
279,3430,584.05,457.99,17.77,60.08,0.6341,-1,-1,-1
279,3431,671.12,485.52,48.50,114.23,0.5580,-1,-1,-1
279,3403,536.92,457.52,17.92,55.52,0.5426,-1,-1,-1
279,3432,409.95,460.99,45.51,111.04,0.4598,-1,-1,-1
279,3433,618.47,458.80,18.27,58.23,0.4578,-1,-1,-1
279,3417,453.90,457.10,33.14,94.14,0.4569,-1,-1,-1
279,3434,1144.29,448.64,27.09,96.98,0.3663,-1,-1,-1
279,3435,791.48,447.21,29.47,84.69,0.3651,-1,-1,-1
279,5,369.97,445.11,26.59,60.55,0.3370,-1,-1,-1
279,2673,552.12,456.33,16.66,58.81,0.3232,-1,-1,-1
280,7,1551.06,421.71,151.91,326.93,0.8923,-1,-1,-1
280,3436,709.28,449.06,89.11,193.39,0.8714,-1,-1,-1
280,3437,1405.29,420.10,172.16,433.30,0.8547,-1,-1,-1
280,2,975.26,397.72,180.93,644.47,0.8287,-1,-1,-1
280,4,831.19,422.24,146.81,499.47,0.8242,-1,-1,-1
280,3438,643.97,455.80,21.61,61.64,0.7295,-1,-1,-1
280,1637,507.51,455.07,34.19,103.38,0.7274,-1,-1,-1
280,3439,1080.01,418.25,88.28,188.10,0.7216,-1,-1,-1
280,3440,387.00,463.42,44.97,112.75,0.7126,-1,-1,-1
280,3430,583.18,457.76,18.62,60.13,0.6666,-1,-1,-1
280,3441,1338.55,445.11,32.42,103.71,0.6522,-1,-1,-1
280,3442,561.46,458.51,18.57,58.02,0.6448,-1,-1,-1
280,3443,791.01,448.07,35.11,82.04,0.5483,-1,-1,-1
280,3444,536.99,457.67,18.89,55.44,0.5340,-1,-1,-1
280,3445,1305.19,429.50,30.39,115.51,0.5323,-1,-1,-1
280,3446,670.96,478.84,48.47,121.02,0.5073,-1,-1,-1
280,3447,408.79,461.26,46.63,110.49,0.5059,-1,-1,-1
280,3448,1144.07,448.17,29.33,102.01,0.4334,-1,-1,-1
280,3043,1165.16,439.36,23.15,87.18,0.4115,-1,-1,-1
280,3449,618.55,459.34,18.25,55.48,0.3858,-1,-1,-1
280,5,1878.60,389.34,40.94,267.89,0.3588,-1,-1,-1
280,1020,454.55,457.64,32.28,80.48,0.3082,-1,-1,-1
281,7,1551.63,420.71,141.84,323.99,0.8985,-1,-1,-1
281,3,713.25,452.17,87.73,190.89,0.8800,-1,-1,-1
281,2,1450.36,427.67,128.52,426.06,0.8644,-1,-1,-1
281,3048,979.38,398.72,163.01,644.11,0.8389,-1,-1,-1
281,4,832.30,421.77,146.52,499.17,0.8025,-1,-1,-1
281,3450,386.12,462.33,48.27,114.29,0.7612,-1,-1,-1
281,3451,1086.34,418.22,81.73,190.16,0.7438,-1,-1,-1
281,3452,506.44,455.33,35.16,96.52,0.7121,-1,-1,-1
281,3453,644.96,456.96,21.57,60.30,0.6985,-1,-1,-1
281,1637,582.37,457.16,20.49,61.11,0.6786,-1,-1,-1
281,3454,561.64,459.59,17.66,57.30,0.6590,-1,-1,-1
281,3455,670.40,485.53,50.96,113.77,0.6566,-1,-1,-1
281,3456,1342.34,444.88,30.29,102.54,0.6382,-1,-1,-1
281,3457,618.67,458.48,16.70,57.21,0.5139,-1,-1,-1
281,3458,1304.22,429.41,33.47,115.19,0.5095,-1,-1,-1
281,3459,454.60,457.29,30.17,91.43,0.4259,-1,-1,-1
281,3460,536.68,457.80,18.17,55.38,0.4126,-1,-1,-1
281,3461,552.01,455.96,18.18,59.96,0.3969,-1,-1,-1
281,3462,412.91,467.57,42.56,103.96,0.3651,-1,-1,-1
281,3463,1440.71,418.46,94.56,221.27,0.3227,-1,-1,-1
282,3464,713.80,449.38,88.25,194.08,0.8759,-1,-1,-1
282,3465,1550.86,420.75,124.31,322.65,0.8546,-1,-1,-1
282,3466,985.21,397.92,159.88,644.93,0.8494,-1,-1,-1
282,3467,1465.62,425.36,120.00,428.08,0.8434,-1,-1,-1
282,4,832.72,421.80,153.70,500.80,0.8325,-1,-1,-1
282,3468,1086.09,418.80,83.00,190.78,0.7524,-1,-1,-1
282,3469,507.98,455.29,33.53,100.21,0.7283,-1,-1,-1
282,3470,386.26,463.01,44.17,113.22,0.7260,-1,-1,-1
282,3471,1342.58,444.41,31.65,101.78,0.7223,-1,-1,-1
282,1637,581.90,456.62,20.72,61.75,0.6808,-1,-1,-1
282,3472,647.82,456.79,19.20,60.56,0.6628,-1,-1,-1
282,3473,1304.27,428.98,35.67,116.36,0.6577,-1,-1,-1
282,3474,561.30,458.89,17.86,57.71,0.6281,-1,-1,-1
282,7,670.35,486.70,51.80,113.26,0.5955,-1,-1,-1
282,3475,454.61,457.26,31.43,103.86,0.5628,-1,-1,-1
282,3476,1143.84,447.86,33.15,101.82,0.5022,-1,-1,-1
282,3477,409.57,465.74,45.91,106.26,0.5017,-1,-1,-1
282,3478,536.73,457.70,18.68,55.97,0.4953,-1,-1,-1
282,3479,618.44,458.83,17.04,55.78,0.4544,-1,-1,-1
282,3480,1448.72,417.39,92.88,225.75,0.4459,-1,-1,-1
282,5,977.02,444.90,30.28,68.26,0.4049,-1,-1,-1
283,3481,715.98,449.71,86.87,193.29,0.8779,-1,-1,-1
283,3482,1476.50,423.03,128.41,431.39,0.8586,-1,-1,-1
283,3483,987.16,397.97,161.16,644.49,0.8463,-1,-1,-1
283,3484,837.07,423.05,159.29,500.01,0.8203,-1,-1,-1
283,3485,507.78,455.18,34.49,106.11,0.7785,-1,-1,-1
283,3486,1086.15,418.86,82.85,190.99,0.7524,-1,-1,-1
283,3487,385.33,463.30,43.78,112.69,0.7460,-1,-1,-1
283,3488,1344.64,443.36,32.48,105.50,0.7060,-1,-1,-1
283,3489,1550.26,418.81,103.06,308.07,0.6935,-1,-1,-1
283,1637,581.76,456.59,21.14,61.46,0.6891,-1,-1,-1
283,7,647.71,457.00,19.76,60.38,0.6507,-1,-1,-1
283,3490,669.99,488.04,53.35,110.39,0.6051,-1,-1,-1
283,3491,561.48,459.12,17.31,57.40,0.6005,-1,-1,-1
283,3492,618.44,458.12,19.64,57.57,0.5208,-1,-1,-1
283,3493,1145.46,446.04,33.49,102.87,0.5097,-1,-1,-1
283,3494,1455.25,415.78,93.47,227.80,0.4914,-1,-1,-1
283,3495,977.34,445.46,30.94,67.81,0.4631,-1,-1,-1
283,3496,410.70,467.37,44.40,104.46,0.4274,-1,-1,-1
283,3497,536.54,457.95,18.52,56.06,0.3896,-1,-1,-1
283,3498,1304.33,428.52,34.15,116.27,0.3863,-1,-1,-1
283,5,791.99,451.07,25.94,79.49,0.3668,-1,-1,-1
283,1020,454.37,457.90,29.28,97.27,0.3504,-1,-1,-1
284,7,715.84,451.40,89.41,191.80,0.8724,-1,-1,-1
284,3499,834.21,424.04,169.32,498.57,0.8423,-1,-1,-1
284,3500,1481.56,427.97,135.29,425.00,0.8420,-1,-1,-1
284,3501,989.67,398.11,169.09,644.34,0.8343,-1,-1,-1
284,3502,507.78,455.43,34.70,105.90,0.7771,-1,-1,-1
284,3503,384.39,463.73,43.26,112.31,0.7710,-1,-1,-1
284,3504,1346.59,443.57,30.65,106.40,0.7288,-1,-1,-1
284,3505,580.96,456.58,22.13,61.79,0.7172,-1,-1,-1
284,3506,1089.08,419.18,80.47,190.44,0.6686,-1,-1,-1
284,3507,669.97,488.90,52.02,113.12,0.6380,-1,-1,-1
284,3508,453.93,458.38,29.93,103.61,0.6238,-1,-1,-1
284,3509,1147.47,447.69,38.04,103.42,0.6000,-1,-1,-1
284,1020,617.93,457.88,19.76,57.26,0.5970,-1,-1,-1
284,3510,648.46,457.18,19.89,60.17,0.5926,-1,-1,-1
284,3511,977.35,447.28,32.82,66.68,0.5869,-1,-1,-1
284,3512,560.98,458.67,18.11,58.34,0.5576,-1,-1,-1
284,3513,813.58,449.44,20.36,78.30,0.5257,-1,-1,-1
284,3514,1461.89,414.16,94.72,225.16,0.5112,-1,-1,-1
284,3515,1304.19,428.72,35.60,116.61,0.4999,-1,-1,-1
284,3516,408.93,467.62,45.97,103.82,0.4580,-1,-1,-1
284,5,536.15,457.92,18.90,56.23,0.4249,-1,-1,-1
284,1637,790.73,447.51,28.71,82.84,0.4111,-1,-1,-1
285,7,718.28,447.19,88.30,196.81,0.8958,-1,-1,-1
285,3517,1487.66,426.24,134.61,427.34,0.8831,-1,-1,-1
285,3518,837.44,423.31,172.46,499.00,0.8518,-1,-1,-1
285,3519,992.24,399.12,164.13,642.82,0.8065,-1,-1,-1
285,1020,507.70,455.19,33.96,106.22,0.8026,-1,-1,-1
285,3520,383.70,463.74,43.51,112.35,0.7934,-1,-1,-1
285,3521,1348.35,443.00,33.18,107.08,0.7814,-1,-1,-1
285,3522,580.72,456.86,21.74,61.68,0.6881,-1,-1,-1
285,3523,977.75,446.90,32.38,67.57,0.6781,-1,-1,-1
285,3524,1094.11,423.43,75.77,185.14,0.6756,-1,-1,-1
285,3525,670.32,480.90,52.39,120.56,0.6219,-1,-1,-1
285,3526,536.07,457.65,18.50,57.25,0.5928,-1,-1,-1
285,3527,454.51,455.37,28.93,107.18,0.5918,-1,-1,-1
285,1637,618.09,458.21,18.68,56.50,0.5780,-1,-1,-1
285,3528,1468.57,413.08,93.84,222.69,0.5328,-1,-1,-1
285,3529,561.25,459.74,17.92,57.45,0.5181,-1,-1,-1
285,3530,1147.37,447.49,37.81,103.71,0.5172,-1,-1,-1
285,3531,1303.31,429.59,36.57,115.65,0.4926,-1,-1,-1
285,3532,650.89,461.83,18.53,55.79,0.4737,-1,-1,-1
285,3533,706.83,480.48,24.20,96.39,0.4499,-1,-1,-1
285,3534,416.74,470.24,38.42,100.98,0.4314,-1,-1,-1
286,3535,1494.76,427.98,159.00,426.96,0.8977,-1,-1,-1
286,3536,719.81,446.29,88.56,198.87,0.8922,-1,-1,-1
286,3537,841.90,423.66,174.02,498.69,0.8609,-1,-1,-1
286,4,993.15,399.79,161.01,641.54,0.8076,-1,-1,-1
286,3538,383.34,463.23,44.23,112.51,0.7997,-1,-1,-1
286,3539,507.67,455.25,34.01,106.21,0.7720,-1,-1,-1
286,3540,580.51,456.29,22.96,62.43,0.6880,-1,-1,-1
286,3541,1350.98,443.85,32.74,106.58,0.6773,-1,-1,-1
286,3542,1094.90,422.78,75.02,185.59,0.6634,-1,-1,-1
286,3543,1147.57,447.56,39.72,103.48,0.6399,-1,-1,-1
286,3544,535.89,457.90,18.98,56.61,0.6203,-1,-1,-1
286,3545,670.26,485.10,52.02,114.55,0.6090,-1,-1,-1
286,3546,618.32,458.36,19.28,56.84,0.5977,-1,-1,-1
286,3547,978.50,448.76,31.24,66.20,0.5832,-1,-1,-1
286,3548,452.56,456.51,31.18,101.88,0.5809,-1,-1,-1
286,1637,561.02,459.25,18.45,58.05,0.5466,-1,-1,-1
286,3549,706.60,481.11,25.85,95.38,0.5383,-1,-1,-1
286,3550,650.71,459.57,18.70,57.80,0.4968,-1,-1,-1
286,3551,1473.60,413.26,96.17,223.79,0.3773,-1,-1,-1
286,3552,404.76,463.09,48.93,107.17,0.3003,-1,-1,-1
287,3553,1499.11,428.71,182.23,426.80,0.8920,-1,-1,-1
287,3554,720.75,443.72,88.01,201.36,0.8881,-1,-1,-1
287,7,841.02,424.23,175.68,498.37,0.8651,-1,-1,-1
287,4,994.09,399.36,158.50,642.13,0.8136,-1,-1,-1
287,3555,382.73,462.43,44.65,113.58,0.7832,-1,-1,-1
287,3556,507.75,455.31,33.62,106.44,0.7827,-1,-1,-1
287,3557,670.31,492.96,52.47,104.89,0.6997,-1,-1,-1
287,3558,1148.39,447.80,42.76,103.71,0.6916,-1,-1,-1
287,3559,1351.61,443.64,33.96,105.97,0.6804,-1,-1,-1
287,3560,580.18,455.67,21.46,62.90,0.6737,-1,-1,-1
287,3561,618.27,458.76,20.00,59.93,0.6598,-1,-1,-1
287,3562,1095.26,424.85,75.17,184.71,0.5976,-1,-1,-1
287,3563,536.00,457.78,19.21,57.25,0.5599,-1,-1,-1
287,3564,1477.60,412.52,100.64,373.81,0.5285,-1,-1,-1
287,3565,452.41,459.87,30.43,94.75,0.5213,-1,-1,-1
287,3566,706.78,480.06,25.46,95.43,0.5100,-1,-1,-1
287,3567,977.76,448.11,32.28,68.02,0.5013,-1,-1,-1
287,3568,561.06,457.92,18.36,59.08,0.4878,-1,-1,-1
287,3569,1303.59,429.55,33.86,115.55,0.4551,-1,-1,-1
287,3570,1879.53,408.21,40.01,246.48,0.4235,-1,-1,-1
287,5,491.96,458.28,19.76,55.30,0.3358,-1,-1,-1
287,1637,652.21,460.44,17.82,55.33,0.3245,-1,-1,-1
288,2,1498.91,429.35,214.83,430.57,0.9147,-1,-1,-1
288,7,723.57,446.31,85.22,198.39,0.8788,-1,-1,-1
288,3,843.04,427.02,174.94,495.47,0.8576,-1,-1,-1
288,4,996.67,399.15,176.80,642.90,0.7708,-1,-1,-1
288,1020,382.76,463.80,43.33,112.27,0.7703,-1,-1,-1
288,3315,507.37,455.46,33.79,105.93,0.7681,-1,-1,-1
288,3571,670.60,493.50,52.25,103.25,0.7576,-1,-1,-1
288,3572,1149.63,446.17,43.37,105.24,0.6761,-1,-1,-1
288,3573,618.68,459.84,21.33,59.50,0.6507,-1,-1,-1
288,3574,1351.73,443.25,41.68,105.78,0.6437,-1,-1,-1
288,3575,580.43,455.74,20.37,62.85,0.6313,-1,-1,-1
288,3576,705.82,478.72,27.64,97.95,0.5810,-1,-1,-1
288,3577,977.27,448.05,32.58,70.64,0.5549,-1,-1,-1
288,3578,560.63,457.66,18.87,59.51,0.5322,-1,-1,-1
288,3579,535.46,457.94,19.84,57.20,0.5273,-1,-1,-1
288,3580,1096.63,427.67,73.65,179.12,0.5008,-1,-1,-1
288,3581,1303.50,429.53,32.88,115.46,0.4796,-1,-1,-1
288,1637,451.89,458.90,30.68,96.66,0.4652,-1,-1,-1
288,3582,652.96,457.56,17.24,58.17,0.4500,-1,-1,-1
288,3583,1483.51,413.09,99.71,371.43,0.4057,-1,-1,-1
288,5,1880.00,404.84,39.54,251.03,0.3646,-1,-1,-1
289,2,1501.34,429.90,232.80,431.91,0.9192,-1,-1,-1
289,7,729.36,445.04,79.87,199.08,0.8799,-1,-1,-1
289,3,847.99,426.64,170.00,496.02,0.8538,-1,-1,-1
289,4,998.62,399.75,157.23,642.63,0.7910,-1,-1,-1
289,1020,382.59,463.89,43.36,112.39,0.7905,-1,-1,-1
289,1637,507.57,455.35,34.63,105.99,0.7859,-1,-1,-1
289,3584,1351.93,445.29,48.80,105.30,0.7616,-1,-1,-1
289,3585,670.14,493.18,50.86,102.63,0.7503,-1,-1,-1
289,3586,580.91,455.92,20.12,62.58,0.6624,-1,-1,-1
289,3587,619.91,460.08,20.13,58.22,0.6230,-1,-1,-1
289,3588,705.98,478.87,29.04,99.92,0.5914,-1,-1,-1
289,3589,561.16,459.16,18.67,58.11,0.5908,-1,-1,-1
289,3590,1152.71,445.33,39.81,105.32,0.5900,-1,-1,-1
289,3591,451.33,459.93,31.52,98.08,0.5649,-1,-1,-1
289,3592,1303.86,429.32,32.28,115.74,0.5419,-1,-1,-1
289,3593,653.28,457.00,17.50,57.18,0.5090,-1,-1,-1
289,3594,1460.34,413.06,125.37,333.33,0.5055,-1,-1,-1
289,3595,976.48,448.75,33.42,68.96,0.5043,-1,-1,-1
289,3596,536.22,457.86,19.43,56.93,0.4990,-1,-1,-1
289,3597,1100.41,431.59,70.30,171.76,0.4506,-1,-1,-1
289,3598,604.55,462.74,14.22,50.67,0.3574,-1,-1,-1
289,5,817.37,450.97,22.00,43.01,0.3154,-1,-1,-1
289,3272,414.74,468.95,40.09,101.73,0.3059,-1,-1,-1
290,2,1502.32,431.20,244.42,433.17,0.9245,-1,-1,-1
290,7,734.52,446.99,75.65,196.71,0.8478,-1,-1,-1
290,3,851.03,425.76,166.98,496.00,0.8399,-1,-1,-1
290,4,1002.90,399.44,148.32,642.71,0.8098,-1,-1,-1
290,3599,507.38,455.44,35.07,105.62,0.7711,-1,-1,-1
290,3600,382.71,464.15,43.46,111.84,0.7701,-1,-1,-1
290,3601,671.17,492.20,50.40,106.67,0.7359,-1,-1,-1
290,3602,619.83,459.97,21.54,59.15,0.6883,-1,-1,-1
290,3603,1152.49,444.21,44.73,107.31,0.6667,-1,-1,-1
290,3604,581.17,455.68,18.34,62.69,0.6393,-1,-1,-1
290,3605,1436.45,422.78,122.43,312.71,0.6311,-1,-1,-1
290,3606,536.00,457.64,19.94,57.86,0.5899,-1,-1,-1
290,5,1303.53,428.92,35.56,116.30,0.5468,-1,-1,-1
290,3607,560.69,457.57,19.52,59.31,0.5445,-1,-1,-1
290,3608,706.30,482.36,27.68,94.37,0.5220,-1,-1,-1
290,3609,602.14,460.17,16.79,53.21,0.5149,-1,-1,-1
290,3610,977.57,448.62,32.90,69.67,0.5043,-1,-1,-1
290,3611,1100.94,435.81,69.93,166.56,0.4263,-1,-1,-1
290,1637,419.12,473.09,35.96,96.86,0.4233,-1,-1,-1
290,3612,1353.12,443.95,40.02,103.90,0.3774,-1,-1,-1
290,3613,450.98,461.87,30.57,96.02,0.3598,-1,-1,-1
290,1020,1878.38,388.98,41.17,258.96,0.3244,-1,-1,-1
291,2,1502.29,432.47,253.22,435.83,0.9292,-1,-1,-1
291,3614,851.40,425.32,167.02,496.00,0.8469,-1,-1,-1
291,3615,1004.41,399.10,150.87,643.33,0.8256,-1,-1,-1
291,3616,734.66,445.57,76.68,198.72,0.8053,-1,-1,-1
291,3617,1351.56,445.86,57.44,104.72,0.7923,-1,-1,-1
291,3618,507.10,455.66,35.50,105.47,0.7791,-1,-1,-1
291,3619,382.43,462.80,43.39,113.35,0.7408,-1,-1,-1
291,3620,671.85,492.52,50.35,108.15,0.7315,-1,-1,-1
291,3621,581.27,455.09,19.08,63.22,0.6610,-1,-1,-1
291,5,535.82,457.25,20.59,57.95,0.6373,-1,-1,-1
291,3622,560.97,457.49,19.08,59.39,0.6192,-1,-1,-1
291,3623,1154.12,444.74,40.18,106.17,0.5853,-1,-1,-1
291,3624,1414.82,424.42,153.14,358.74,0.5644,-1,-1,-1
291,3625,1303.58,429.02,32.85,116.34,0.5590,-1,-1,-1
291,3626,977.04,447.81,33.38,71.39,0.5478,-1,-1,-1
291,3627,707.48,482.92,25.72,93.65,0.5449,-1,-1,-1
291,3628,619.82,460.31,21.50,55.57,0.5120,-1,-1,-1
291,3629,602.93,458.67,15.66,54.12,0.4651,-1,-1,-1
291,3630,450.86,459.88,32.16,104.77,0.3625,-1,-1,-1
291,3631,650.75,456.47,24.30,56.41,0.3562,-1,-1,-1
291,3632,419.32,472.18,36.06,96.09,0.3358,-1,-1,-1
292,2,1502.55,432.27,253.60,437.84,0.9335,-1,-1,-1
292,3633,852.72,424.48,165.48,496.88,0.8609,-1,-1,-1
292,3634,1404.31,425.05,128.97,281.20,0.8575,-1,-1,-1
292,3635,1005.21,398.74,152.74,643.42,0.8144,-1,-1,-1
292,3636,507.34,455.44,34.66,106.02,0.7921,-1,-1,-1
292,3637,1351.69,446.80,57.80,103.65,0.7760,-1,-1,-1
292,3638,381.95,462.78,44.39,113.44,0.7617,-1,-1,-1
292,7,672.03,493.23,49.77,104.92,0.7156,-1,-1,-1
292,3639,580.29,454.83,19.17,63.96,0.6554,-1,-1,-1
292,3640,1153.14,440.88,40.02,109.99,0.6535,-1,-1,-1
292,3641,744.55,445.94,66.77,198.68,0.6307,-1,-1,-1
292,3642,560.99,457.30,18.53,59.05,0.6046,-1,-1,-1
292,3643,535.71,457.33,21.33,58.00,0.6037,-1,-1,-1
292,3644,620.00,460.47,20.84,55.21,0.5690,-1,-1,-1
292,3645,707.15,483.85,26.25,95.45,0.5595,-1,-1,-1
292,3646,976.15,447.71,34.18,74.46,0.5298,-1,-1,-1
292,3647,1304.93,429.19,32.33,116.23,0.5200,-1,-1,-1
292,3648,1485.85,403.35,125.55,385.79,0.4379,-1,-1,-1
292,3649,603.17,459.41,15.23,53.42,0.4329,-1,-1,-1
292,3650,418.83,467.91,34.29,100.71,0.4191,-1,-1,-1
292,1020,449.82,460.55,33.11,102.44,0.3569,-1,-1,-1
293,2,1503.14,431.55,257.75,443.88,0.9249,-1,-1,-1
293,3651,1400.35,426.94,130.35,281.16,0.8834,-1,-1,-1
293,3652,852.99,424.19,165.38,497.78,0.8626,-1,-1,-1
293,3653,1005.41,399.93,157.26,642.56,0.7939,-1,-1,-1
293,3654,750.15,445.45,63.46,199.52,0.7875,-1,-1,-1
293,3655,507.10,455.58,34.26,105.20,0.7790,-1,-1,-1
293,1020,381.08,463.17,44.28,114.09,0.7467,-1,-1,-1
293,3656,1352.45,446.79,56.31,103.13,0.7282,-1,-1,-1
293,3657,671.81,489.98,51.24,106.87,0.7139,-1,-1,-1
293,3658,1153.87,441.20,42.47,109.46,0.6867,-1,-1,-1
293,3659,535.05,457.14,21.36,58.27,0.6779,-1,-1,-1
293,3660,558.20,456.00,21.33,60.60,0.6010,-1,-1,-1
293,3661,579.05,455.24,19.68,62.42,0.5991,-1,-1,-1
293,3662,1302.82,429.12,34.36,116.72,0.5491,-1,-1,-1
293,3663,707.21,485.99,25.67,92.74,0.5356,-1,-1,-1
293,3664,981.62,449.74,29.48,71.15,0.5299,-1,-1,-1
293,3665,619.58,459.99,21.25,55.30,0.4796,-1,-1,-1
293,3666,448.98,461.15,33.46,99.24,0.4756,-1,-1,-1
293,3667,416.22,467.80,35.42,100.93,0.4504,-1,-1,-1
293,3668,1877.46,386.47,42.09,271.53,0.3552,-1,-1,-1
293,3669,1488.25,435.65,100.47,349.95,0.3392,-1,-1,-1
293,1637,603.18,459.85,15.21,52.86,0.3085,-1,-1,-1
294,2,1507.44,431.46,253.69,445.96,0.9177,-1,-1,-1
294,3670,1399.52,427.47,134.22,280.28,0.9099,-1,-1,-1
294,3671,854.15,423.72,164.77,498.20,0.8625,-1,-1,-1
294,3672,754.34,445.94,71.69,198.55,0.8315,-1,-1,-1
294,3673,1006.86,399.60,158.56,642.02,0.7929,-1,-1,-1
294,3674,506.09,455.86,35.21,105.29,0.7834,-1,-1,-1
294,1020,381.08,464.53,44.02,112.77,0.7750,-1,-1,-1
294,3675,1354.28,447.42,58.14,102.84,0.7405,-1,-1,-1
294,3676,673.20,488.72,50.23,110.43,0.7120,-1,-1,-1
294,5,1157.23,440.18,40.18,110.93,0.6548,-1,-1,-1
294,3677,535.15,457.59,20.38,58.18,0.6207,-1,-1,-1
294,1637,579.04,456.03,18.22,61.29,0.6084,-1,-1,-1
294,3678,982.11,448.90,29.10,72.44,0.5798,-1,-1,-1
294,3679,558.75,456.24,20.33,59.96,0.5742,-1,-1,-1
294,3680,1303.97,428.66,35.22,117.50,0.5642,-1,-1,-1
294,3681,619.85,458.45,21.95,58.67,0.5191,-1,-1,-1
294,3682,707.05,483.47,27.03,98.23,0.5016,-1,-1,-1
294,3683,447.86,458.39,29.84,98.80,0.4838,-1,-1,-1
294,3684,653.70,455.16,24.42,65.99,0.4070,-1,-1,-1
294,3685,600.56,458.60,17.88,54.23,0.3870,-1,-1,-1
294,3686,416.21,465.80,38.39,103.96,0.3855,-1,-1,-1
294,7,1488.45,414.78,134.76,373.35,0.3609,-1,-1,-1
294,3,730.33,475.41,44.58,125.10,0.3294,-1,-1,-1
295,2,1512.12,429.13,252.06,451.16,0.9202,-1,-1,-1
295,7,1396.59,427.08,146.70,280.96,0.9065,-1,-1,-1
295,4,856.40,421.86,163.52,500.14,0.8624,-1,-1,-1
295,3687,753.71,443.74,75.99,203.07,0.8216,-1,-1,-1
295,3688,1005.48,400.21,155.22,641.32,0.8167,-1,-1,-1
295,3689,381.34,464.49,43.66,112.67,0.8052,-1,-1,-1
295,3690,507.08,455.48,34.28,106.29,0.7480,-1,-1,-1
295,5,1359.11,447.04,53.78,103.86,0.7466,-1,-1,-1
295,3,672.87,489.06,50.29,107.59,0.6925,-1,-1,-1
295,3691,535.67,457.42,19.49,58.20,0.6327,-1,-1,-1
295,1637,558.75,456.25,20.30,59.81,0.6167,-1,-1,-1
295,3692,983.77,448.53,27.73,72.44,0.5946,-1,-1,-1
295,3693,579.11,455.32,18.77,61.83,0.5626,-1,-1,-1
295,3694,707.74,484.39,27.06,99.65,0.5615,-1,-1,-1
295,3695,416.51,468.51,38.72,101.21,0.5565,-1,-1,-1
295,3696,619.89,458.25,22.21,57.69,0.5528,-1,-1,-1
295,3697,1163.28,446.32,36.53,103.49,0.5498,-1,-1,-1
295,3698,1304.83,428.89,35.01,117.20,0.5397,-1,-1,-1
295,3699,446.87,459.13,34.82,102.18,0.4959,-1,-1,-1
295,3700,1490.65,415.32,149.22,377.00,0.4828,-1,-1,-1
295,3701,654.71,454.85,24.39,69.40,0.3803,-1,-1,-1
296,2,1524.58,428.65,239.08,450.41,0.9087,-1,-1,-1
296,7,1394.63,426.49,153.36,281.46,0.8949,-1,-1,-1
296,4,859.87,420.56,159.79,501.54,0.8698,-1,-1,-1
296,3,761.24,442.80,69.79,205.71,0.8284,-1,-1,-1
296,3673,1006.95,399.65,158.74,639.88,0.8139,-1,-1,-1
296,3702,506.78,455.52,34.45,105.72,0.7602,-1,-1,-1
296,3703,381.39,463.74,43.93,112.72,0.7563,-1,-1,-1
296,3704,673.01,490.57,49.17,104.59,0.7075,-1,-1,-1
296,3705,447.20,456.90,35.11,104.97,0.6998,-1,-1,-1
296,3706,535.23,457.40,19.93,58.13,0.6668,-1,-1,-1
296,1637,579.34,456.23,18.33,60.55,0.6164,-1,-1,-1
296,3707,558.80,455.77,20.52,60.33,0.6092,-1,-1,-1
296,3708,1164.90,447.41,37.75,102.81,0.6025,-1,-1,-1
296,3709,983.43,448.21,28.02,73.13,0.5935,-1,-1,-1
296,3710,620.04,456.90,23.13,61.20,0.5452,-1,-1,-1
296,3711,1304.75,428.88,34.34,116.29,0.4905,-1,-1,-1
296,3712,707.95,486.25,26.13,100.80,0.4884,-1,-1,-1
296,3713,656.62,455.31,21.57,75.04,0.4215,-1,-1,-1
296,3714,603.81,459.14,15.49,53.80,0.3848,-1,-1,-1
296,3715,732.23,474.89,40.50,121.94,0.3802,-1,-1,-1
296,3716,1368.16,446.93,44.94,102.78,0.3263,-1,-1,-1
297,2,1533.88,426.85,231.49,452.52,0.9296,-1,-1,-1
297,7,1396.10,426.93,137.31,280.56,0.8928,-1,-1,-1
297,4,861.59,420.03,157.83,501.59,0.8727,-1,-1,-1
297,3,765.48,441.47,61.15,208.79,0.8157,-1,-1,-1
297,3673,1007.04,399.73,157.24,638.86,0.8061,-1,-1,-1
297,3717,381.09,464.02,44.41,112.12,0.7721,-1,-1,-1
297,3718,506.59,455.34,34.77,106.03,0.7648,-1,-1,-1
297,3719,673.71,488.23,50.19,112.09,0.7353,-1,-1,-1
297,3720,1502.33,414.63,148.97,376.44,0.6814,-1,-1,-1
297,5,535.88,457.09,20.32,58.53,0.6628,-1,-1,-1
297,1637,558.85,455.76,20.27,60.59,0.6408,-1,-1,-1
297,3721,579.12,456.04,19.13,60.82,0.6199,-1,-1,-1
297,3722,1167.36,448.04,41.32,101.82,0.5659,-1,-1,-1
297,3723,445.94,456.34,36.13,105.17,0.5416,-1,-1,-1
297,3724,1304.82,428.84,36.02,116.70,0.5287,-1,-1,-1
297,3725,620.32,456.29,25.57,63.50,0.5240,-1,-1,-1
297,3726,732.59,475.16,38.19,118.57,0.4931,-1,-1,-1
297,3727,985.64,447.40,26.04,75.47,0.4838,-1,-1,-1
297,3728,708.81,483.47,26.54,102.55,0.4824,-1,-1,-1
297,3729,657.45,455.62,20.69,59.62,0.4518,-1,-1,-1
297,3730,1375.20,446.16,37.72,102.38,0.4373,-1,-1,-1
297,1020,603.57,458.46,15.95,54.16,0.4280,-1,-1,-1
298,2,1548.56,426.00,217.40,456.36,0.9149,-1,-1,-1
298,7,1398.00,429.62,124.63,276.65,0.8978,-1,-1,-1
298,4,865.34,419.96,154.50,504.40,0.8622,-1,-1,-1
298,3731,1006.43,399.98,157.58,637.61,0.8317,-1,-1,-1
298,3732,764.37,446.74,55.95,204.14,0.8257,-1,-1,-1
298,3733,380.98,463.59,44.94,112.00,0.7873,-1,-1,-1
298,3734,506.03,455.43,35.70,106.03,0.7616,-1,-1,-1
298,3735,1512.05,413.81,151.42,382.33,0.7417,-1,-1,-1
298,3736,536.20,457.29,19.76,58.89,0.6641,-1,-1,-1
298,1637,558.74,455.51,20.31,60.44,0.6520,-1,-1,-1
298,3737,673.56,491.06,48.90,106.16,0.6474,-1,-1,-1
298,3721,579.17,456.19,19.35,60.66,0.6404,-1,-1,-1
298,5,1169.11,448.84,41.89,100.59,0.6192,-1,-1,-1
298,3738,620.72,456.18,23.85,63.37,0.6018,-1,-1,-1
298,3739,710.24,482.24,23.77,106.01,0.4889,-1,-1,-1
298,3740,985.84,448.12,26.64,77.52,0.4597,-1,-1,-1
298,3741,1304.99,428.71,35.01,116.74,0.4474,-1,-1,-1
298,3742,600.81,458.67,17.91,53.92,0.4231,-1,-1,-1
298,3743,658.74,455.92,19.42,59.38,0.4117,-1,-1,-1
298,3744,733.10,474.06,38.47,122.41,0.3598,-1,-1,-1
298,3745,1104.13,444.17,66.39,152.90,0.3561,-1,-1,-1
298,1020,0.26,815.10,64.81,39.02,0.3484,-1,-1,-1
298,3,1695.67,431.10,86.59,148.95,0.3208,-1,-1,-1
298,3730,1384.13,447.52,26.54,99.76,0.3101,-1,-1,-1
299,3746,1398.30,422.02,106.82,284.07,0.8918,-1,-1,-1
299,3747,1567.68,424.82,198.07,454.81,0.8585,-1,-1,-1
299,4,870.12,420.07,149.56,505.56,0.8470,-1,-1,-1
299,3748,1008.40,399.77,161.49,635.66,0.8295,-1,-1,-1
299,3749,766.03,443.26,64.98,208.18,0.8277,-1,-1,-1
299,1020,380.80,461.87,44.87,114.07,0.7981,-1,-1,-1
299,3315,505.40,455.72,35.77,105.52,0.7736,-1,-1,-1
299,3750,0.09,775.35,88.72,84.74,0.7168,-1,-1,-1
299,3751,673.52,491.16,49.17,105.51,0.6892,-1,-1,-1
299,5,536.27,457.11,19.54,58.52,0.6764,-1,-1,-1
299,3752,579.17,456.29,19.33,60.71,0.6437,-1,-1,-1
299,1637,558.92,456.35,20.41,59.92,0.6383,-1,-1,-1
299,3753,1523.58,412.51,138.96,381.48,0.6092,-1,-1,-1
299,3754,620.68,456.24,23.88,62.57,0.5866,-1,-1,-1
299,3755,732.99,474.71,38.37,116.96,0.5738,-1,-1,-1
299,3756,1175.23,449.03,35.40,99.54,0.5381,-1,-1,-1
299,3757,659.16,455.95,18.57,63.05,0.4935,-1,-1,-1
299,3758,987.94,448.06,26.33,75.13,0.4922,-1,-1,-1
299,3759,1304.27,429.57,35.66,115.74,0.4904,-1,-1,-1
299,3760,444.58,455.19,37.74,108.74,0.4098,-1,-1,-1
299,3761,597.88,459.18,15.12,53.23,0.3920,-1,-1,-1
299,3762,422.37,472.19,33.07,97.89,0.3768,-1,-1,-1
299,7,1162.03,439.40,24.35,108.21,0.3691,-1,-1,-1
299,3,709.15,479.52,24.92,103.65,0.3449,-1,-1,-1
300,3763,1392.79,420.58,94.98,285.13,0.8876,-1,-1,-1
300,3764,767.42,445.02,68.31,208.21,0.8581,-1,-1,-1
300,3765,1583.22,422.89,186.01,458.39,0.8531,-1,-1,-1
300,3766,877.47,419.99,142.87,511.64,0.8446,-1,-1,-1
300,3767,0.11,722.63,104.01,135.72,0.8354,-1,-1,-1
300,3768,1009.94,399.07,162.67,634.00,0.8067,-1,-1,-1
300,3769,381.36,463.20,44.39,112.57,0.7916,-1,-1,-1
300,3770,506.45,455.76,36.05,105.57,0.7850,-1,-1,-1
300,3771,1170.54,447.61,46.08,102.35,0.7391,-1,-1,-1
300,5,536.50,457.09,20.35,57.66,0.7083,-1,-1,-1
300,3772,733.50,474.64,38.78,114.63,0.6644,-1,-1,-1
300,1637,560.05,457.36,19.72,58.67,0.6566,-1,-1,-1
300,3773,579.19,456.15,20.56,60.43,0.6444,-1,-1,-1
300,7,674.25,492.71,48.62,107.62,0.6303,-1,-1,-1
300,3774,621.75,456.64,25.09,62.61,0.5286,-1,-1,-1
300,3775,990.89,450.27,23.49,71.04,0.4887,-1,-1,-1
300,3776,659.50,457.47,18.30,58.94,0.4634,-1,-1,-1
300,3777,1577.92,413.15,93.95,239.22,0.4628,-1,-1,-1
300,3778,1303.11,429.63,37.10,115.24,0.4213,-1,-1,-1
300,3779,421.67,478.05,35.61,91.79,0.3933,-1,-1,-1
300,3780,831.20,450.94,36.70,93.77,0.3678,-1,-1,-1
300,3781,708.78,481.52,25.60,105.72,0.3670,-1,-1,-1
300,3782,1162.09,439.58,23.15,88.19,0.3524,-1,-1,-1
300,3783,596.62,459.36,16.24,53.07,0.3517,-1,-1,-1
300,1020,442.81,456.37,39.02,106.05,0.3181,-1,-1,-1
301,7,1384.80,421.73,80.95,285.56,0.8690,-1,-1,-1
301,3784,767.69,446.30,74.76,207.20,0.8622,-1,-1,-1
301,3785,1615.09,423.17,156.25,460.45,0.8581,-1,-1,-1
301,3786,886.32,419.86,134.26,516.99,0.8128,-1,-1,-1
301,3787,503.22,455.68,38.25,105.26,0.7906,-1,-1,-1
301,3788,381.48,462.52,43.96,113.51,0.7892,-1,-1,-1
301,3789,1008.61,399.88,166.02,627.86,0.7692,-1,-1,-1
301,3790,1553.20,413.46,117.64,383.35,0.7445,-1,-1,-1
301,3791,1169.98,448.34,44.79,101.99,0.7120,-1,-1,-1
301,1637,537.31,457.67,18.90,58.04,0.6984,-1,-1,-1
301,3792,733.41,475.42,42.31,116.57,0.6756,-1,-1,-1
301,3793,675.17,490.67,48.14,103.97,0.6435,-1,-1,-1
301,3794,579.21,455.42,20.52,61.42,0.6293,-1,-1,-1
301,3795,560.18,457.59,19.33,58.95,0.6210,-1,-1,-1
301,3796,0.15,627.72,112.00,230.86,0.6147,-1,-1,-1
301,3797,709.09,480.73,25.55,105.15,0.5115,-1,-1,-1
301,3798,991.42,449.50,23.05,73.02,0.5084,-1,-1,-1
301,3799,622.97,456.88,23.14,61.78,0.4206,-1,-1,-1
301,3800,421.83,470.69,36.16,98.15,0.4106,-1,-1,-1
301,3801,598.00,459.25,19.87,53.35,0.3924,-1,-1,-1
301,3802,831.32,449.47,35.97,94.62,0.3716,-1,-1,-1
301,3803,659.36,457.27,19.58,60.66,0.3528,-1,-1,-1
301,5,1105.62,442.57,65.32,150.89,0.3510,-1,-1,-1
301,3804,1304.28,429.93,36.57,115.74,0.3290,-1,-1,-1
301,4,1163.27,439.31,22.03,88.45,0.3234,-1,-1,-1
302,3805,769.30,445.58,78.82,207.65,0.8463,-1,-1,-1
302,3806,1369.47,419.87,85.67,287.56,0.8449,-1,-1,-1
302,3807,1010.84,397.97,168.13,628.28,0.8366,-1,-1,-1
302,3808,1633.04,423.78,146.28,456.80,0.8014,-1,-1,-1
302,3809,888.86,419.16,131.95,522.61,0.7946,-1,-1,-1
302,3810,505.64,455.64,35.42,105.21,0.7843,-1,-1,-1
302,3811,381.43,462.88,44.17,113.27,0.7841,-1,-1,-1
302,3812,1171.91,448.52,43.21,101.56,0.7126,-1,-1,-1
302,3813,537.23,458.40,19.86,56.60,0.6818,-1,-1,-1
302,3814,0.12,685.92,116.56,173.48,0.6816,-1,-1,-1
302,7,675.44,490.05,47.97,105.32,0.6410,-1,-1,-1
302,3815,733.46,475.60,43.55,114.06,0.6293,-1,-1,-1
302,1637,559.95,457.13,19.98,59.95,0.5943,-1,-1,-1
302,3816,579.45,455.49,20.09,61.25,0.5720,-1,-1,-1
302,3817,1304.69,429.76,36.76,115.86,0.5032,-1,-1,-1
302,3818,1590.31,407.97,100.51,247.03,0.4709,-1,-1,-1
302,3819,708.26,480.63,26.64,104.27,0.4482,-1,-1,-1
302,3820,991.31,450.97,23.44,71.52,0.4137,-1,-1,-1
302,3821,600.19,459.20,18.57,53.45,0.4101,-1,-1,-1
302,3822,626.39,456.68,19.75,60.40,0.4044,-1,-1,-1
302,3823,659.81,456.97,19.77,51.40,0.3428,-1,-1,-1
303,3824,1357.45,418.62,89.59,287.37,0.8726,-1,-1,-1
303,3825,772.93,449.79,74.38,203.87,0.8489,-1,-1,-1
303,3826,1650.67,422.11,147.54,467.27,0.8413,-1,-1,-1
303,3827,890.50,418.71,130.13,527.90,0.7903,-1,-1,-1
303,3828,381.38,462.02,43.77,114.66,0.7859,-1,-1,-1
303,3829,1009.59,399.30,168.58,620.92,0.7718,-1,-1,-1
303,3830,505.32,455.69,35.86,105.84,0.7710,-1,-1,-1
303,3831,537.25,458.01,20.17,57.77,0.7034,-1,-1,-1
303,3832,1173.56,448.38,42.39,101.86,0.6670,-1,-1,-1
303,3833,598.38,458.98,20.20,53.65,0.6557,-1,-1,-1
303,3834,1588.27,406.98,108.60,400.47,0.6408,-1,-1,-1
303,3835,580.44,455.41,19.28,61.11,0.6395,-1,-1,-1
303,1637,560.35,458.78,19.37,57.58,0.6245,-1,-1,-1
303,3836,674.72,490.31,49.51,102.46,0.6134,-1,-1,-1
303,3837,733.42,476.76,45.95,113.57,0.6008,-1,-1,-1
303,3838,0.18,559.75,119.57,299.28,0.4996,-1,-1,-1
303,3839,626.63,456.94,20.78,61.17,0.4831,-1,-1,-1
303,5,1304.31,429.99,37.33,115.01,0.4304,-1,-1,-1
303,7,845.92,449.01,18.07,21.44,0.3607,-1,-1,-1
303,3840,991.99,451.05,22.59,70.40,0.3340,-1,-1,-1
303,3841,659.82,456.71,19.56,51.30,0.3047,-1,-1,-1
304,3842,1342.19,418.66,102.02,288.50,0.9177,-1,-1,-1
304,3843,1011.85,398.23,175.25,626.00,0.8672,-1,-1,-1
304,3844,774.89,445.38,77.44,210.02,0.8465,-1,-1,-1
304,3845,1659.62,413.97,142.81,481.61,0.7914,-1,-1,-1
304,3846,504.79,455.77,36.51,106.15,0.7900,-1,-1,-1
304,3847,381.53,462.50,43.23,113.72,0.7795,-1,-1,-1
304,3848,885.77,418.34,135.51,529.54,0.7793,-1,-1,-1
304,3849,1176.04,450.35,41.89,100.01,0.7507,-1,-1,-1
304,3850,1604.55,407.14,97.94,406.32,0.7378,-1,-1,-1
304,3851,537.62,457.98,20.88,57.36,0.6798,-1,-1,-1
304,3852,674.89,490.04,49.36,105.40,0.6549,-1,-1,-1
304,3853,598.05,458.12,20.36,54.26,0.6385,-1,-1,-1
304,3854,0.03,416.06,119.07,443.27,0.6351,-1,-1,-1
304,3855,579.86,454.92,19.68,61.89,0.6277,-1,-1,-1
304,3856,628.06,457.13,21.64,62.44,0.5890,-1,-1,-1
304,3857,559.88,459.49,19.54,57.00,0.5545,-1,-1,-1
304,3858,734.58,476.96,47.77,112.73,0.5279,-1,-1,-1
304,3859,421.21,458.66,41.18,109.48,0.4425,-1,-1,-1
304,3860,1304.26,430.27,36.84,114.86,0.4016,-1,-1,-1
304,3861,1161.68,439.17,24.08,86.78,0.3292,-1,-1,-1
305,7,1328.46,422.96,112.81,283.11,0.9143,-1,-1,-1
305,3862,1666.77,409.63,151.95,502.51,0.8913,-1,-1,-1
305,3863,1011.65,399.20,185.52,621.19,0.8818,-1,-1,-1
305,3864,0.10,412.32,118.36,446.76,0.8497,-1,-1,-1
305,3865,777.03,444.42,74.67,211.14,0.8399,-1,-1,-1
305,3866,1610.53,406.51,104.03,403.23,0.7977,-1,-1,-1
305,3867,381.55,462.85,43.22,114.53,0.7957,-1,-1,-1
305,3868,888.53,417.76,133.32,529.97,0.7808,-1,-1,-1
305,3869,502.71,455.78,38.61,105.99,0.7774,-1,-1,-1
305,3870,1180.49,450.28,42.63,98.82,0.7492,-1,-1,-1
305,3871,674.45,491.93,49.89,108.54,0.6956,-1,-1,-1
305,5,537.83,458.26,19.24,57.01,0.6870,-1,-1,-1
305,3872,735.18,477.26,47.21,115.22,0.6637,-1,-1,-1
305,3873,580.20,454.67,19.27,61.47,0.6173,-1,-1,-1
305,3874,598.89,458.60,19.44,53.81,0.6032,-1,-1,-1
305,3875,628.12,457.69,22.17,61.72,0.5498,-1,-1,-1
305,3876,559.16,457.47,19.57,59.00,0.4975,-1,-1,-1
305,3877,1304.34,429.08,37.70,114.93,0.4811,-1,-1,-1
305,3878,420.46,454.28,43.73,114.76,0.3608,-1,-1,-1
305,3879,709.04,480.55,26.00,106.00,0.3324,-1,-1,-1
305,1637,659.26,462.06,17.17,66.34,0.3121,-1,-1,-1
305,4,847.36,449.01,19.08,23.38,0.3117,-1,-1,-1
306,7,1313.72,424.56,127.54,281.11,0.9056,-1,-1,-1
306,3880,0.37,405.51,118.83,453.57,0.8953,-1,-1,-1
306,3881,1014.06,399.31,197.52,620.45,0.8880,-1,-1,-1
306,3882,1672.01,415.96,181.96,500.54,0.8722,-1,-1,-1
306,3883,779.56,443.69,73.52,212.68,0.8416,-1,-1,-1
306,3884,1615.99,406.76,107.36,400.56,0.7917,-1,-1,-1
306,3885,381.34,462.22,43.68,113.69,0.7814,-1,-1,-1
306,3886,888.61,417.09,133.82,531.30,0.7796,-1,-1,-1
306,3887,1185.00,447.37,41.53,100.88,0.7791,-1,-1,-1
306,3888,503.55,456.03,36.85,105.49,0.7759,-1,-1,-1
306,3,675.33,490.32,49.28,109.08,0.7176,-1,-1,-1
306,3889,733.62,476.89,49.82,112.29,0.6456,-1,-1,-1
306,3890,580.53,454.78,19.12,61.27,0.6446,-1,-1,-1
306,5,538.41,458.21,20.91,56.80,0.6272,-1,-1,-1
306,1020,599.57,459.54,18.74,52.57,0.5927,-1,-1,-1
306,3891,628.46,457.32,21.63,62.96,0.5581,-1,-1,-1
306,3892,559.66,459.45,19.82,56.57,0.5085,-1,-1,-1
306,3893,417.93,461.93,40.11,107.92,0.4080,-1,-1,-1
306,3894,710.23,481.64,25.55,105.28,0.3926,-1,-1,-1
306,3895,1305.61,430.53,34.15,114.40,0.3661,-1,-1,-1
306,1637,673.73,455.81,14.01,34.28,0.3339,-1,-1,-1
307,3896,1674.07,420.72,221.34,497.08,0.9188,-1,-1,-1
307,3897,1305.33,428.42,134.76,276.08,0.9121,-1,-1,-1
307,4,1013.16,398.85,204.44,618.94,0.8930,-1,-1,-1
307,3898,783.25,443.85,67.33,212.19,0.8588,-1,-1,-1
307,3899,886.16,417.35,136.17,530.25,0.7985,-1,-1,-1
307,3900,1187.91,447.26,40.89,100.93,0.7869,-1,-1,-1
307,1020,381.50,461.33,44.28,114.82,0.7865,-1,-1,-1
307,3901,502.55,456.06,38.12,105.42,0.7626,-1,-1,-1
307,3902,734.47,477.74,49.53,114.15,0.7493,-1,-1,-1
307,3903,1621.35,407.29,112.12,397.97,0.6995,-1,-1,-1
307,7,675.37,492.17,48.90,105.75,0.6642,-1,-1,-1
307,3904,581.43,455.31,18.69,60.78,0.6637,-1,-1,-1
307,3905,559.18,459.73,20.29,55.99,0.6092,-1,-1,-1
307,3403,538.55,458.29,20.93,57.02,0.5947,-1,-1,-1
307,2,601.01,459.02,17.68,53.08,0.5883,-1,-1,-1
307,3906,709.32,481.88,26.84,104.92,0.5541,-1,-1,-1
307,3907,629.06,457.38,20.89,61.22,0.5399,-1,-1,-1
307,3908,416.88,463.55,42.03,106.03,0.4822,-1,-1,-1
307,3909,0.18,593.91,119.45,264.82,0.4502,-1,-1,-1
307,3910,0.12,403.55,57.07,236.55,0.4496,-1,-1,-1
307,1637,673.43,455.69,16.47,38.36,0.4173,-1,-1,-1
307,5,994.18,449.66,24.06,72.95,0.3813,-1,-1,-1
307,3458,1305.71,430.56,32.07,113.58,0.3291,-1,-1,-1
307,3776,660.46,463.48,16.41,48.45,0.3058,-1,-1,-1
308,3911,1674.18,425.04,245.26,492.71,0.9221,-1,-1,-1
308,3912,1295.66,428.43,142.77,275.94,0.9149,-1,-1,-1
308,4,1016.07,399.87,216.50,616.64,0.9079,-1,-1,-1
308,3913,786.44,444.52,65.80,211.22,0.8411,-1,-1,-1
308,3914,878.13,419.52,145.77,529.27,0.7943,-1,-1,-1
308,3915,1619.86,407.57,122.19,398.84,0.7933,-1,-1,-1
308,3916,1187.66,446.01,44.16,101.94,0.7889,-1,-1,-1
308,3917,381.88,461.65,44.01,114.59,0.7859,-1,-1,-1
308,3918,501.10,456.30,39.24,105.17,0.7719,-1,-1,-1
308,3919,734.53,477.74,49.38,115.69,0.7590,-1,-1,-1
308,3920,581.73,456.46,19.06,59.68,0.6844,-1,-1,-1
308,3921,675.32,491.03,50.10,105.29,0.6827,-1,-1,-1
308,1637,559.99,459.22,19.83,56.35,0.6238,-1,-1,-1
308,3922,710.74,481.81,24.63,105.29,0.5920,-1,-1,-1
308,2,601.93,459.93,17.30,52.08,0.5566,-1,-1,-1
308,3923,0.10,401.13,68.53,253.98,0.5145,-1,-1,-1
308,3924,0.16,402.06,120.17,457.40,0.5003,-1,-1,-1
308,3925,629.94,457.98,18.98,56.82,0.4906,-1,-1,-1
308,3926,419.36,459.69,36.26,110.26,0.4793,-1,-1,-1
308,3927,660.42,463.71,18.31,51.75,0.4199,-1,-1,-1
308,3928,993.65,449.10,25.17,73.90,0.3858,-1,-1,-1
308,1020,1305.26,430.08,33.34,112.36,0.3656,-1,-1,-1
308,5,539.96,458.30,20.44,56.62,0.3601,-1,-1,-1
308,7,1881.56,393.92,38.00,239.31,0.3328,-1,-1,-1
309,2,1673.63,424.79,245.50,502.65,0.9207,-1,-1,-1
309,7,1288.72,429.08,144.70,275.12,0.9133,-1,-1,-1
309,4,1017.25,398.36,223.62,616.36,0.9022,-1,-1,-1
309,3929,0.33,399.21,120.48,460.13,0.8581,-1,-1,-1
309,3930,790.82,442.63,61.37,213.21,0.8427,-1,-1,-1
309,3931,501.14,456.55,39.04,105.20,0.8159,-1,-1,-1
309,3932,881.34,419.43,143.29,529.42,0.7968,-1,-1,-1
309,3933,1618.96,409.10,133.55,399.82,0.7889,-1,-1,-1
309,3934,381.54,461.73,43.44,114.55,0.7795,-1,-1,-1
309,3935,734.76,478.25,47.81,116.51,0.7474,-1,-1,-1
309,3936,675.66,490.03,49.93,106.22,0.6946,-1,-1,-1
309,3937,1190.73,446.24,41.83,102.38,0.6896,-1,-1,-1
309,1637,581.95,455.08,19.05,60.70,0.6740,-1,-1,-1
309,3938,560.10,457.97,19.70,57.47,0.6403,-1,-1,-1
309,3939,710.83,481.92,25.67,105.99,0.5752,-1,-1,-1
309,3940,601.43,459.32,17.87,52.67,0.5272,-1,-1,-1
309,3941,417.29,465.66,34.97,104.38,0.5172,-1,-1,-1
309,3942,630.34,457.42,20.04,59.55,0.5025,-1,-1,-1
309,3943,543.69,457.87,17.79,56.43,0.4184,-1,-1,-1
309,1020,1304.67,430.20,33.27,107.26,0.4142,-1,-1,-1
309,3944,660.61,463.89,19.10,54.75,0.4025,-1,-1,-1
309,3945,994.19,449.12,24.90,73.98,0.3233,-1,-1,-1
309,3946,1884.73,395.83,34.81,232.13,0.3137,-1,-1,-1
310,2,1674.00,425.40,244.72,503.55,0.9313,-1,-1,-1
310,3947,1017.27,398.19,229.41,614.36,0.9118,-1,-1,-1
310,3948,1280.79,429.37,144.26,275.57,0.9112,-1,-1,-1
310,3949,0.23,398.56,119.34,461.06,0.8791,-1,-1,-1
310,3950,793.31,440.47,78.01,216.44,0.8762,-1,-1,-1
310,3951,1617.89,408.25,154.17,397.86,0.8223,-1,-1,-1
310,3952,497.41,456.43,42.70,104.75,0.8037,-1,-1,-1
310,3953,876.82,419.61,148.10,529.16,0.8017,-1,-1,-1
310,3954,381.31,462.75,42.61,114.46,0.7667,-1,-1,-1
310,7,733.89,478.95,47.30,114.01,0.7388,-1,-1,-1
310,3955,1192.98,446.30,40.19,101.85,0.7218,-1,-1,-1
310,3956,581.72,454.24,19.35,60.78,0.6687,-1,-1,-1
310,3957,674.26,489.99,49.08,103.76,0.6441,-1,-1,-1
310,3958,559.39,458.67,19.21,56.27,0.6183,-1,-1,-1
310,3959,599.26,457.82,19.40,53.99,0.4921,-1,-1,-1
310,3960,711.02,480.39,25.55,105.57,0.4462,-1,-1,-1
310,3961,1160.61,439.41,27.31,86.02,0.4398,-1,-1,-1
310,1637,630.48,457.09,19.10,59.79,0.3996,-1,-1,-1
310,3962,540.11,457.79,20.27,56.55,0.3754,-1,-1,-1
310,3963,992.49,448.72,25.85,74.41,0.3737,-1,-1,-1
310,3964,418.42,464.98,32.88,104.61,0.3628,-1,-1,-1
310,3965,1305.37,430.50,29.32,100.82,0.3025,-1,-1,-1
310,3966,434.16,453.14,27.70,114.07,0.3014,-1,-1,-1
311,2,1674.89,426.80,244.26,504.47,0.9272,-1,-1,-1
311,3967,0.26,397.05,118.60,460.99,0.9188,-1,-1,-1
311,3968,1018.06,397.51,229.37,614.96,0.9088,-1,-1,-1
311,3969,1274.82,429.38,140.52,262.94,0.8841,-1,-1,-1
311,3970,1618.33,413.25,156.46,395.50,0.8724,-1,-1,-1
311,3971,796.58,443.67,61.73,211.89,0.8415,-1,-1,-1
311,3972,878.83,419.59,146.53,529.54,0.8066,-1,-1,-1
311,3973,495.58,456.92,41.72,105.30,0.7983,-1,-1,-1
311,1020,381.02,462.14,41.96,114.29,0.7610,-1,-1,-1
311,4,732.70,479.83,47.08,112.62,0.7199,-1,-1,-1
311,3974,1196.53,447.25,37.09,101.14,0.7059,-1,-1,-1
311,3975,558.33,457.45,19.28,58.13,0.6573,-1,-1,-1
311,3976,581.40,454.42,19.88,60.87,0.6493,-1,-1,-1
311,3977,674.37,489.72,48.73,104.68,0.6154,-1,-1,-1
311,3978,630.23,457.12,19.63,60.77,0.5143,-1,-1,-1
311,3979,537.67,457.72,23.09,56.73,0.4976,-1,-1,-1
311,3980,415.66,463.67,36.91,106.52,0.4810,-1,-1,-1
311,3981,712.07,481.48,24.66,105.38,0.4435,-1,-1,-1
311,3982,992.91,449.24,25.36,72.61,0.4038,-1,-1,-1
311,1637,598.52,457.91,19.48,53.80,0.3822,-1,-1,-1
311,3983,1161.55,439.49,26.27,86.15,0.3559,-1,-1,-1
312,2,1678.00,425.81,241.62,509.12,0.9328,-1,-1,-1
312,3984,0.08,396.54,126.64,464.94,0.9092,-1,-1,-1
312,3985,1019.92,397.82,227.81,614.11,0.9071,-1,-1,-1
312,3986,1272.31,428.17,123.51,259.97,0.8902,-1,-1,-1
312,3987,1616.99,411.73,165.23,400.06,0.8870,-1,-1,-1
312,3988,882.88,419.65,143.16,529.45,0.8035,-1,-1,-1
312,3989,492.90,457.14,42.96,105.24,0.7820,-1,-1,-1
312,3990,798.03,442.97,68.95,212.67,0.7717,-1,-1,-1
312,3991,1197.33,447.66,39.06,100.26,0.7666,-1,-1,-1
312,3992,380.27,462.50,42.38,113.93,0.7532,-1,-1,-1
312,3993,558.24,460.30,17.91,54.85,0.6938,-1,-1,-1
312,3994,415.24,466.77,35.66,103.26,0.6500,-1,-1,-1
312,3995,731.51,479.36,47.91,110.58,0.6459,-1,-1,-1
312,3996,673.87,490.11,49.02,101.16,0.6387,-1,-1,-1
312,1637,581.54,454.68,18.86,60.23,0.6327,-1,-1,-1
312,3997,539.94,458.18,20.47,56.87,0.5632,-1,-1,-1
312,3998,630.27,457.18,20.63,60.70,0.4854,-1,-1,-1
312,3999,709.61,481.46,26.65,104.50,0.3983,-1,-1,-1
312,4000,598.61,456.60,19.51,54.83,0.3879,-1,-1,-1
312,4001,1160.56,439.39,26.52,86.33,0.3798,-1,-1,-1
313,2,1680.76,426.86,238.87,509.70,0.9341,-1,-1,-1
313,4,1.03,397.55,143.98,463.21,0.9299,-1,-1,-1
313,4002,1618.43,412.99,169.19,398.48,0.9147,-1,-1,-1
313,4003,1020.65,397.16,227.69,614.92,0.9100,-1,-1,-1
313,4004,1268.49,427.76,114.58,259.91,0.9069,-1,-1,-1
313,4005,800.42,445.43,79.87,211.06,0.8516,-1,-1,-1
313,4006,876.70,419.60,149.75,529.50,0.8014,-1,-1,-1
313,4007,494.78,457.44,40.73,104.59,0.7951,-1,-1,-1
313,4008,380.85,462.99,41.64,114.30,0.7931,-1,-1,-1
313,4009,1197.73,447.02,39.20,102.42,0.7631,-1,-1,-1
313,4010,557.94,459.13,19.89,55.82,0.6981,-1,-1,-1
313,4011,674.26,489.41,48.63,103.65,0.6640,-1,-1,-1
313,4012,729.32,479.30,49.80,108.68,0.6334,-1,-1,-1
313,4013,581.65,455.41,18.05,59.73,0.6298,-1,-1,-1
313,5,539.31,457.92,20.40,56.75,0.5354,-1,-1,-1
313,4014,630.30,457.70,21.31,63.45,0.5351,-1,-1,-1
313,4015,417.46,460.83,40.82,109.79,0.4709,-1,-1,-1
313,7,710.15,481.81,25.02,104.52,0.4542,-1,-1,-1
313,4016,991.91,448.62,26.02,73.88,0.4408,-1,-1,-1
313,4017,1160.13,439.39,26.33,85.79,0.4064,-1,-1,-1
313,1020,598.72,457.06,19.91,54.52,0.3876,-1,-1,-1
313,3709,1012.98,454.39,26.66,68.71,0.3625,-1,-1,-1
313,1637,673.70,456.10,17.67,45.98,0.3091,-1,-1,-1
313,3,1119.02,437.93,63.27,151.88,0.3073,-1,-1,-1
314,2,1687.22,422.69,232.40,513.79,0.9369,-1,-1,-1
314,4,10.12,398.92,153.39,460.63,0.9291,-1,-1,-1
314,4018,1623.75,412.03,177.08,398.05,0.9158,-1,-1,-1
314,4019,1022.60,397.92,224.75,612.81,0.9025,-1,-1,-1
314,4020,1269.74,423.49,98.06,265.16,0.8932,-1,-1,-1
314,4021,805.72,441.41,73.83,214.86,0.8233,-1,-1,-1
314,4022,493.11,457.22,42.97,104.85,0.8169,-1,-1,-1
314,4023,885.52,418.39,143.97,531.74,0.7987,-1,-1,-1
314,4024,1198.18,447.78,38.35,101.45,0.7623,-1,-1,-1
314,4025,380.39,462.44,42.82,113.68,0.7608,-1,-1,-1
314,1637,557.50,458.60,21.26,56.62,0.6888,-1,-1,-1
314,4026,674.14,490.31,48.52,105.38,0.6629,-1,-1,-1
314,7,728.78,479.80,50.54,108.61,0.6575,-1,-1,-1
314,4027,581.62,455.98,17.80,59.85,0.6205,-1,-1,-1
314,4028,421.91,454.92,37.49,115.67,0.5520,-1,-1,-1
314,4029,631.32,457.31,21.05,61.68,0.5143,-1,-1,-1
314,4030,991.89,448.20,26.44,73.29,0.5043,-1,-1,-1
314,4031,538.47,458.11,19.89,56.58,0.4363,-1,-1,-1
314,4032,1160.47,439.29,26.14,85.69,0.4005,-1,-1,-1
314,4033,600.56,459.66,18.35,52.09,0.3776,-1,-1,-1
314,1020,710.04,482.14,25.56,103.93,0.3726,-1,-1,-1
314,3776,672.88,455.73,23.03,52.66,0.3670,-1,-1,-1
314,5,1013.35,454.10,26.11,70.31,0.3172,-1,-1,-1
315,2,1696.87,421.33,222.71,515.39,0.9221,-1,-1,-1
315,1020,20.54,399.17,179.32,458.58,0.9128,-1,-1,-1
315,4034,1030.21,395.85,217.21,614.23,0.8908,-1,-1,-1
315,4035,1269.70,425.43,82.78,262.06,0.8848,-1,-1,-1
315,4036,1628.68,408.65,186.46,402.24,0.8612,-1,-1,-1
315,7,809.19,442.62,71.37,213.98,0.8185,-1,-1,-1
315,4037,492.66,457.02,42.81,105.15,0.8084,-1,-1,-1
315,4038,879.39,419.50,150.20,529.76,0.7837,-1,-1,-1
315,4039,381.07,463.53,42.16,113.41,0.7741,-1,-1,-1
315,4040,1198.34,448.08,42.14,101.41,0.7568,-1,-1,-1
315,5,557.37,458.42,18.77,55.52,0.7037,-1,-1,-1
315,3,674.08,489.73,48.87,104.62,0.6699,-1,-1,-1
315,4,732.00,478.91,47.73,115.06,0.6488,-1,-1,-1
315,1637,582.51,456.63,17.31,58.40,0.6475,-1,-1,-1
315,4041,630.62,457.42,21.37,61.81,0.6134,-1,-1,-1
315,4042,539.98,457.74,19.78,56.33,0.5817,-1,-1,-1
315,4043,417.42,459.83,39.38,111.04,0.5720,-1,-1,-1
315,4044,673.09,456.05,23.58,50.80,0.4837,-1,-1,-1
315,4045,995.20,447.53,23.59,74.29,0.4614,-1,-1,-1
315,4046,1160.41,438.99,25.53,86.01,0.4418,-1,-1,-1
315,4047,600.61,459.98,18.53,51.54,0.3626,-1,-1,-1
315,4048,710.35,483.03,25.62,103.26,0.3477,-1,-1,-1
315,4049,1015.12,456.08,21.84,65.62,0.3101,-1,-1,-1
316,4050,22.88,400.29,215.74,458.22,0.9262,-1,-1,-1
316,4051,1035.55,396.25,211.31,614.06,0.8903,-1,-1,-1
316,4052,1269.06,426.06,75.22,261.48,0.8772,-1,-1,-1
316,4053,1712.31,420.57,207.19,517.63,0.8471,-1,-1,-1
316,4054,813.17,445.02,67.43,211.62,0.7991,-1,-1,-1
316,4055,491.32,456.43,44.62,105.94,0.7938,-1,-1,-1
316,4056,884.47,419.71,147.95,529.31,0.7758,-1,-1,-1
316,4057,1198.76,448.05,40.98,101.35,0.7740,-1,-1,-1
316,4058,381.15,463.39,42.26,113.64,0.7675,-1,-1,-1
316,4059,1639.18,409.49,199.08,404.44,0.7155,-1,-1,-1
316,1637,557.44,458.34,18.72,56.05,0.7069,-1,-1,-1
316,7,733.19,479.32,46.81,114.46,0.6960,-1,-1,-1
316,4,674.03,489.67,48.65,104.83,0.6800,-1,-1,-1
316,5,582.51,456.87,17.28,58.35,0.6791,-1,-1,-1
316,4060,1419.83,442.59,41.12,105.49,0.5977,-1,-1,-1
316,1020,417.20,459.48,38.81,110.84,0.5720,-1,-1,-1
316,4061,540.34,457.77,19.01,56.46,0.5630,-1,-1,-1
316,4062,631.53,458.07,19.93,60.92,0.5541,-1,-1,-1
316,4063,710.77,483.48,25.55,102.75,0.5308,-1,-1,-1
316,4064,673.83,456.22,22.42,49.59,0.4583,-1,-1,-1
316,4065,1160.56,438.92,25.25,85.77,0.4461,-1,-1,-1
316,4066,995.19,447.57,23.74,74.05,0.4184,-1,-1,-1
316,4067,598.97,457.78,20.26,53.62,0.3575,-1,-1,-1
317,4068,21.94,401.36,245.19,456.83,0.9311,-1,-1,-1
317,4069,1037.67,396.52,209.89,614.61,0.8986,-1,-1,-1
317,4070,1267.32,425.47,71.23,261.20,0.8701,-1,-1,-1
317,4071,814.70,444.09,73.92,212.10,0.8342,-1,-1,-1
317,4072,490.35,456.03,45.48,106.53,0.8037,-1,-1,-1
317,4073,890.42,419.02,135.89,530.48,0.7978,-1,-1,-1
317,4074,381.15,463.16,42.77,113.95,0.7756,-1,-1,-1
317,4075,1201.45,448.14,37.63,101.00,0.7426,-1,-1,-1
317,4076,1649.69,405.38,191.81,410.03,0.7297,-1,-1,-1
317,4077,674.87,489.62,48.27,109.00,0.7105,-1,-1,-1
317,1637,557.76,458.58,18.42,55.60,0.6948,-1,-1,-1
317,4078,582.67,457.52,17.30,57.25,0.6722,-1,-1,-1
317,4079,733.49,478.43,46.13,112.19,0.6207,-1,-1,-1
317,5,539.34,458.81,19.69,55.60,0.5671,-1,-1,-1
317,4080,632.63,458.50,19.71,60.10,0.5617,-1,-1,-1
317,4081,415.74,465.17,39.65,104.78,0.5414,-1,-1,-1
317,4082,1803.48,416.92,116.13,522.93,0.4699,-1,-1,-1
317,4083,709.73,484.06,26.40,102.25,0.4656,-1,-1,-1
317,4084,1430.49,440.00,35.13,108.97,0.4477,-1,-1,-1
317,4085,599.17,457.43,19.94,53.80,0.4290,-1,-1,-1
317,4086,673.99,456.54,21.90,46.84,0.4006,-1,-1,-1
317,4087,1160.19,438.95,27.38,85.46,0.3885,-1,-1,-1
317,4088,994.50,447.74,24.20,73.50,0.3737,-1,-1,-1
318,2,22.27,402.82,265.87,455.80,0.9391,-1,-1,-1
318,4,1039.41,397.11,208.72,614.83,0.8917,-1,-1,-1
318,7,1259.47,427.16,78.02,258.00,0.8801,-1,-1,-1
318,4089,489.84,455.89,45.62,107.00,0.8089,-1,-1,-1
318,4090,887.44,419.07,140.44,530.26,0.8023,-1,-1,-1
318,4091,815.99,446.32,64.90,209.80,0.8000,-1,-1,-1
318,4092,381.22,463.30,42.82,113.62,0.7667,-1,-1,-1
318,4093,674.17,490.33,49.51,108.15,0.7201,-1,-1,-1
318,4094,1201.65,447.76,35.02,101.04,0.7062,-1,-1,-1
318,4095,558.63,459.02,17.95,55.55,0.6963,-1,-1,-1
318,1637,582.15,457.80,18.00,56.95,0.6898,-1,-1,-1
318,4096,1802.51,414.59,117.08,523.77,0.6828,-1,-1,-1
318,3,732.52,477.95,46.98,110.98,0.6432,-1,-1,-1
318,4097,632.08,458.89,20.16,60.51,0.6173,-1,-1,-1
318,4098,1664.78,408.82,186.41,455.79,0.6065,-1,-1,-1
318,1020,413.94,467.19,43.20,103.52,0.5962,-1,-1,-1
318,4099,600.77,459.57,18.50,51.54,0.5652,-1,-1,-1
318,4100,1433.52,441.59,31.59,105.34,0.5493,-1,-1,-1
318,4101,1160.89,438.79,25.79,87.59,0.4848,-1,-1,-1
318,4102,675.65,455.72,20.97,50.64,0.4370,-1,-1,-1
318,4103,540.48,458.53,18.86,55.70,0.4350,-1,-1,-1
318,4104,993.98,447.74,24.78,73.82,0.3720,-1,-1,-1
318,4105,1014.38,454.40,25.57,72.69,0.3177,-1,-1,-1
318,5,659.80,463.39,19.89,44.22,0.3146,-1,-1,-1
319,2,22.06,404.59,280.96,453.41,0.9464,-1,-1,-1
319,4106,1245.63,428.15,90.84,258.77,0.8794,-1,-1,-1
319,4107,1042.00,399.00,206.79,612.26,0.8764,-1,-1,-1
319,4108,1824.89,405.61,94.79,534.70,0.8498,-1,-1,-1
319,4109,816.71,444.23,78.13,211.79,0.8358,-1,-1,-1
319,4110,490.13,455.68,45.31,107.02,0.8123,-1,-1,-1
319,4111,1681.59,400.22,168.79,485.78,0.7963,-1,-1,-1
319,4112,882.60,418.99,145.85,530.45,0.7950,-1,-1,-1
319,4113,381.40,462.53,42.63,114.01,0.7550,-1,-1,-1
319,4114,1203.13,448.59,36.52,99.00,0.7340,-1,-1,-1
319,4115,674.22,490.62,49.06,107.85,0.7096,-1,-1,-1
319,4116,582.77,458.37,17.13,56.02,0.6809,-1,-1,-1
319,4117,558.88,458.69,17.53,55.31,0.6799,-1,-1,-1
319,7,732.95,477.84,47.08,114.76,0.6636,-1,-1,-1
319,4118,631.92,458.81,19.82,61.43,0.6150,-1,-1,-1
319,4119,540.41,457.86,20.52,56.50,0.5841,-1,-1,-1
319,4120,601.55,460.34,17.67,50.70,0.5293,-1,-1,-1
319,4121,1433.72,439.52,38.47,107.70,0.5084,-1,-1,-1
319,4122,414.61,466.93,42.39,103.76,0.5068,-1,-1,-1
319,4123,1163.55,438.76,22.90,86.71,0.4099,-1,-1,-1
319,4124,675.81,455.67,21.60,49.23,0.3886,-1,-1,-1
319,4125,1014.69,454.80,25.00,71.35,0.3834,-1,-1,-1
319,5,994.27,447.78,24.35,73.63,0.3654,-1,-1,-1
319,1637,659.80,463.40,20.27,46.48,0.3222,-1,-1,-1
319,3,708.51,484.20,27.38,100.61,0.3175,-1,-1,-1
320,2,22.30,405.73,287.61,453.37,0.9457,-1,-1,-1
320,4126,1044.87,400.19,205.00,612.95,0.8828,-1,-1,-1
320,4127,1234.67,430.33,100.76,254.54,0.8713,-1,-1,-1
320,4128,1834.81,410.74,84.75,526.29,0.8636,-1,-1,-1
320,4129,1698.37,398.35,157.29,443.60,0.8458,-1,-1,-1
320,4130,489.94,455.89,45.06,106.87,0.8264,-1,-1,-1
320,4131,879.61,419.36,157.98,529.94,0.8041,-1,-1,-1
320,4132,823.26,447.53,61.78,208.17,0.7960,-1,-1,-1
320,4133,381.23,462.38,42.83,114.21,0.7501,-1,-1,-1
320,4134,674.41,489.96,49.92,108.37,0.7198,-1,-1,-1
320,4135,582.56,457.46,17.47,56.90,0.6831,-1,-1,-1
320,4136,559.10,459.64,16.99,54.10,0.6687,-1,-1,-1
320,4137,1210.26,448.70,31.69,98.73,0.6618,-1,-1,-1
320,4138,733.49,476.60,44.61,118.92,0.6607,-1,-1,-1
320,4139,1439.20,437.95,40.72,110.83,0.6416,-1,-1,-1
320,7,632.20,458.90,19.54,59.83,0.5843,-1,-1,-1
320,1637,543.33,458.01,17.57,56.50,0.5711,-1,-1,-1
320,4140,601.50,460.88,17.48,50.61,0.4713,-1,-1,-1
320,4141,418.03,466.92,37.30,103.06,0.4431,-1,-1,-1
320,4142,1012.68,454.38,26.64,70.24,0.4372,-1,-1,-1
320,4143,1307.07,429.56,32.44,113.70,0.4052,-1,-1,-1
320,4144,675.78,455.92,21.17,48.98,0.3817,-1,-1,-1
320,5,994.39,448.24,24.30,73.38,0.3642,-1,-1,-1
321,2,23.13,406.99,289.02,450.60,0.9473,-1,-1,-1
321,4145,1230.01,430.13,105.20,255.38,0.8984,-1,-1,-1
321,4146,1046.49,400.99,202.63,611.98,0.8870,-1,-1,-1
321,4147,1716.20,397.98,151.16,452.65,0.8795,-1,-1,-1
321,4148,1846.62,416.64,72.93,517.53,0.8730,-1,-1,-1
321,7,489.76,455.38,44.44,107.28,0.8227,-1,-1,-1
321,4149,875.27,420.05,164.47,529.11,0.8088,-1,-1,-1
321,4150,824.92,447.83,64.12,208.30,0.7919,-1,-1,-1
321,1020,381.12,461.47,42.86,115.29,0.7523,-1,-1,-1
321,4151,734.67,476.92,43.22,116.85,0.7144,-1,-1,-1
321,4152,674.76,490.38,48.80,106.71,0.7089,-1,-1,-1
321,1637,559.20,458.08,17.46,56.37,0.6585,-1,-1,-1
321,4153,581.72,456.77,17.85,58.14,0.6493,-1,-1,-1
321,4154,1213.89,448.93,29.54,99.16,0.5794,-1,-1,-1
321,4155,1440.19,439.20,43.73,108.98,0.5754,-1,-1,-1
321,4156,631.97,459.14,19.59,56.85,0.5324,-1,-1,-1
321,4157,1305.51,429.45,34.74,115.01,0.4944,-1,-1,-1
321,4158,601.51,460.06,17.35,51.95,0.4882,-1,-1,-1
321,5,417.60,462.99,38.37,106.72,0.4706,-1,-1,-1
321,4159,543.17,458.23,17.49,56.02,0.4633,-1,-1,-1
321,4160,1014.17,455.19,26.09,69.67,0.4440,-1,-1,-1
321,4161,995.08,447.85,23.75,73.23,0.4159,-1,-1,-1
321,4162,675.08,455.49,22.21,49.85,0.3898,-1,-1,-1
322,2,23.03,406.59,295.58,447.49,0.9451,-1,-1,-1
322,4163,1229.70,430.76,105.34,252.45,0.8899,-1,-1,-1
322,4164,1049.59,400.77,200.01,612.64,0.8825,-1,-1,-1
322,4165,1732.67,399.15,142.09,452.54,0.8669,-1,-1,-1
322,4166,1858.22,417.75,61.32,517.75,0.8421,-1,-1,-1
322,4167,876.66,420.33,162.34,528.97,0.8113,-1,-1,-1
322,4168,489.71,455.51,44.56,106.97,0.8107,-1,-1,-1
322,7,825.55,448.14,68.31,207.56,0.8100,-1,-1,-1
322,4,380.73,460.29,43.27,116.47,0.7715,-1,-1,-1
322,4169,674.82,491.31,49.11,106.51,0.7185,-1,-1,-1
322,3,733.78,476.91,44.27,116.44,0.7157,-1,-1,-1
322,4170,1439.60,439.31,47.99,106.05,0.6794,-1,-1,-1
322,4171,558.84,458.75,18.09,55.79,0.6510,-1,-1,-1
322,4172,581.85,455.80,19.28,58.98,0.6444,-1,-1,-1
322,4173,1214.17,448.17,29.41,101.11,0.5821,-1,-1,-1
322,4174,994.42,448.22,24.01,73.93,0.5455,-1,-1,-1
322,4175,1014.32,453.47,25.87,71.70,0.5439,-1,-1,-1
322,1637,599.73,457.84,19.09,54.34,0.5367,-1,-1,-1
322,4176,631.70,458.31,19.51,59.81,0.5193,-1,-1,-1
322,4177,1305.19,429.58,34.38,115.64,0.4879,-1,-1,-1
322,4178,417.16,462.24,36.89,107.22,0.4553,-1,-1,-1
322,4179,540.54,458.64,17.08,55.54,0.3299,-1,-1,-1
323,2,24.73,408.60,296.69,441.11,0.9479,-1,-1,-1
323,4180,1052.99,400.48,194.21,610.63,0.8823,-1,-1,-1
323,4181,1228.26,433.65,103.71,251.75,0.8822,-1,-1,-1
323,4,1864.72,420.15,54.85,517.82,0.8646,-1,-1,-1
323,4182,1743.98,396.88,140.18,455.76,0.8344,-1,-1,-1
323,4183,489.43,456.28,43.93,106.82,0.8259,-1,-1,-1
323,4184,825.76,448.23,71.48,207.39,0.8066,-1,-1,-1
323,4185,877.79,420.48,160.76,529.12,0.8042,-1,-1,-1
323,7,378.40,462.73,45.24,114.18,0.7690,-1,-1,-1
323,4186,1439.22,439.68,50.83,106.89,0.7094,-1,-1,-1
323,4187,674.87,488.42,49.27,111.69,0.6971,-1,-1,-1
323,4188,734.20,475.36,42.76,118.10,0.6958,-1,-1,-1
323,1637,580.89,456.90,18.56,58.34,0.6643,-1,-1,-1
323,4189,558.87,457.87,17.43,57.13,0.6351,-1,-1,-1
323,4190,1214.15,448.14,29.48,101.41,0.5845,-1,-1,-1
323,4191,630.80,458.71,20.90,59.69,0.5710,-1,-1,-1
323,4192,417.53,466.03,38.46,103.93,0.5649,-1,-1,-1
323,4193,1013.19,454.04,25.97,70.44,0.5580,-1,-1,-1
323,4194,544.60,458.06,16.18,56.48,0.5104,-1,-1,-1
323,4195,599.16,458.30,19.59,53.34,0.4983,-1,-1,-1
323,4196,995.56,448.52,22.64,73.99,0.4404,-1,-1,-1
323,4197,1305.16,429.16,32.60,113.93,0.4370,-1,-1,-1
324,2,35.38,407.88,286.10,437.11,0.9505,-1,-1,-1
324,4198,1053.91,398.80,193.54,612.32,0.8888,-1,-1,-1
324,4199,1223.03,433.22,105.29,252.68,0.8470,-1,-1,-1
324,4200,826.26,447.97,78.07,207.77,0.8359,-1,-1,-1
324,4201,1865.63,498.95,53.91,440.43,0.8312,-1,-1,-1
324,4202,884.29,420.45,154.54,528.91,0.8055,-1,-1,-1
324,4203,1755.06,395.99,138.74,455.09,0.7940,-1,-1,-1
324,4204,489.70,455.51,41.98,107.36,0.7751,-1,-1,-1
324,4205,1440.01,439.49,54.49,109.47,0.7629,-1,-1,-1
324,4206,380.35,459.59,43.24,117.24,0.7506,-1,-1,-1
324,7,675.06,489.20,49.28,110.25,0.7206,-1,-1,-1
324,4207,733.95,474.94,43.49,118.05,0.7191,-1,-1,-1
324,1020,581.28,456.80,19.15,58.58,0.6790,-1,-1,-1
324,1637,558.94,457.79,17.57,57.08,0.6167,-1,-1,-1
324,4208,1014.53,454.64,24.68,70.70,0.5987,-1,-1,-1
324,4209,416.21,466.62,39.70,103.20,0.5725,-1,-1,-1
324,4210,1215.17,448.11,25.51,100.35,0.5261,-1,-1,-1
324,4211,599.61,457.55,18.81,54.23,0.5232,-1,-1,-1
324,4212,995.35,448.61,22.67,73.72,0.4866,-1,-1,-1
324,4213,544.60,458.35,15.76,56.43,0.4813,-1,-1,-1
324,4214,708.55,485.37,27.97,97.35,0.4774,-1,-1,-1
324,4215,631.44,458.87,21.65,58.54,0.4582,-1,-1,-1
324,5,1305.48,430.14,31.66,114.64,0.4177,-1,-1,-1
324,3776,659.49,462.82,23.55,56.09,0.4116,-1,-1,-1
325,2,44.88,407.35,277.19,439.93,0.9388,-1,-1,-1
325,4,1055.65,398.46,192.07,613.17,0.8895,-1,-1,-1
325,7,1221.19,433.83,104.77,250.57,0.8482,-1,-1,-1
325,4216,828.53,447.60,76.17,208.10,0.8239,-1,-1,-1
325,4217,1440.13,439.84,56.25,109.29,0.8221,-1,-1,-1
325,4218,1764.77,394.44,137.52,457.37,0.8170,-1,-1,-1
325,4219,883.92,420.32,154.16,528.93,0.7915,-1,-1,-1
325,4220,489.83,455.55,41.64,107.31,0.7694,-1,-1,-1
325,4221,734.51,475.21,42.88,117.83,0.7646,-1,-1,-1
325,4222,380.88,459.76,43.16,117.20,0.7645,-1,-1,-1
325,4223,581.18,456.53,19.26,58.82,0.6878,-1,-1,-1
325,3,675.32,489.04,48.12,111.92,0.6722,-1,-1,-1
325,4224,1866.03,396.02,53.58,541.95,0.6721,-1,-1,-1
325,4225,1014.18,455.14,25.00,69.96,0.6418,-1,-1,-1
325,4226,558.94,457.27,17.83,57.39,0.6278,-1,-1,-1
325,4227,707.93,485.61,29.41,98.01,0.5961,-1,-1,-1
325,4228,994.82,448.61,23.16,73.55,0.5822,-1,-1,-1
325,4229,415.96,467.19,40.52,102.41,0.5814,-1,-1,-1
325,4230,542.25,458.17,17.65,56.02,0.5301,-1,-1,-1
325,4231,631.85,459.62,21.79,59.04,0.5013,-1,-1,-1
325,4232,1305.91,429.11,30.74,115.81,0.3689,-1,-1,-1
325,4233,659.72,463.24,23.53,49.83,0.3672,-1,-1,-1
325,1637,599.95,458.60,18.77,53.58,0.3405,-1,-1,-1
325,5,534.51,458.51,11.70,53.27,0.3187,-1,-1,-1
326,2,62.70,407.35,259.27,435.39,0.9325,-1,-1,-1
326,4,1056.08,398.36,190.58,613.02,0.8952,-1,-1,-1
326,4234,1766.19,397.22,151.35,454.81,0.8358,-1,-1,-1
326,7,830.33,446.87,76.97,209.36,0.8158,-1,-1,-1
326,4235,884.06,420.27,155.26,528.81,0.7972,-1,-1,-1
326,4236,1441.43,440.03,54.71,108.84,0.7881,-1,-1,-1
326,4237,380.85,460.09,43.50,117.01,0.7777,-1,-1,-1
326,1637,489.87,455.60,41.74,107.50,0.7727,-1,-1,-1
326,4238,733.69,476.69,44.53,115.39,0.7191,-1,-1,-1
326,4239,674.72,489.27,49.13,110.33,0.7188,-1,-1,-1
326,4240,581.19,455.83,19.19,59.64,0.7010,-1,-1,-1
326,4241,559.22,457.80,17.83,57.06,0.6644,-1,-1,-1
326,4242,1012.37,453.90,27.26,71.14,0.6561,-1,-1,-1
326,4243,631.17,457.85,23.21,60.35,0.6017,-1,-1,-1
326,4244,598.72,456.50,20.27,54.17,0.5250,-1,-1,-1
326,4245,417.81,462.04,38.81,107.43,0.4886,-1,-1,-1
326,4246,543.76,458.14,16.84,56.09,0.4821,-1,-1,-1
326,4247,1218.95,431.83,96.37,250.36,0.4429,-1,-1,-1
326,4248,995.66,448.82,21.94,73.65,0.4386,-1,-1,-1
326,4249,1305.76,429.59,31.85,115.26,0.4236,-1,-1,-1
326,4250,659.91,463.10,23.11,50.10,0.3891,-1,-1,-1
326,3,707.68,485.13,28.88,98.02,0.3822,-1,-1,-1
326,4251,534.26,458.75,11.95,53.04,0.3065,-1,-1,-1
327,2,82.56,404.21,239.18,432.56,0.9276,-1,-1,-1
327,4,1056.62,396.56,191.42,614.71,0.9013,-1,-1,-1
327,4252,1441.74,439.40,59.95,108.82,0.8009,-1,-1,-1
327,4253,888.32,420.72,152.90,527.67,0.8002,-1,-1,-1
327,4254,490.25,456.18,40.52,106.80,0.7840,-1,-1,-1
327,4255,380.44,461.71,43.97,115.36,0.7682,-1,-1,-1
327,4256,832.52,442.63,78.47,213.44,0.7312,-1,-1,-1
327,4257,674.92,488.77,48.49,110.19,0.7285,-1,-1,-1
327,4258,1765.66,394.80,153.88,494.49,0.7141,-1,-1,-1
327,5,1012.43,454.08,27.36,71.40,0.7019,-1,-1,-1
327,1637,559.13,458.77,17.70,55.83,0.6997,-1,-1,-1
327,4259,581.20,455.37,19.31,59.38,0.6890,-1,-1,-1
327,4260,733.37,477.16,44.90,113.94,0.6881,-1,-1,-1
327,4261,631.01,458.14,23.33,62.94,0.6353,-1,-1,-1
327,4262,707.53,485.17,28.68,97.62,0.6042,-1,-1,-1
327,4263,541.81,458.23,18.10,55.18,0.5631,-1,-1,-1
327,4264,994.64,448.87,23.39,74.13,0.4890,-1,-1,-1
327,4265,1305.52,429.86,31.56,115.00,0.4548,-1,-1,-1
327,4266,416.69,464.06,38.28,105.37,0.4282,-1,-1,-1
327,4267,599.21,457.64,19.29,52.74,0.3512,-1,-1,-1
327,4268,1212.98,431.88,53.82,180.07,0.3356,-1,-1,-1
327,4269,533.79,459.03,12.30,52.37,0.3273,-1,-1,-1
327,4270,1212.83,431.02,91.71,241.64,0.3115,-1,-1,-1
328,2,107.61,402.86,212.97,424.80,0.9273,-1,-1,-1
328,4,1057.64,396.53,190.99,615.92,0.9066,-1,-1,-1
328,4271,380.74,462.82,43.71,114.02,0.7817,-1,-1,-1
328,4272,888.08,420.03,150.91,529.36,0.7477,-1,-1,-1
328,4273,734.78,478.45,44.04,111.99,0.7447,-1,-1,-1
328,4274,1450.27,439.86,50.45,108.31,0.7386,-1,-1,-1
328,4275,559.15,458.63,17.64,56.04,0.6983,-1,-1,-1
328,4276,489.94,455.46,39.17,107.65,0.6945,-1,-1,-1
328,4277,675.34,488.32,47.95,110.11,0.6925,-1,-1,-1
328,4278,837.30,443.03,72.64,212.14,0.6808,-1,-1,-1
328,4279,707.32,485.40,29.40,99.25,0.6599,-1,-1,-1
328,1637,581.77,455.08,18.55,59.05,0.6527,-1,-1,-1
328,4280,631.37,458.27,24.19,64.00,0.6502,-1,-1,-1
328,4281,1012.34,453.22,28.58,72.61,0.6400,-1,-1,-1
328,4282,1767.29,393.71,152.08,502.55,0.6117,-1,-1,-1
328,4283,542.21,457.76,17.86,55.42,0.5832,-1,-1,-1
328,4284,1207.52,431.24,54.73,183.11,0.5730,-1,-1,-1
328,4285,419.88,465.28,36.41,105.18,0.4661,-1,-1,-1
328,4286,993.94,449.28,23.19,72.31,0.4504,-1,-1,-1
328,4287,1305.56,429.68,30.71,115.23,0.4258,-1,-1,-1
328,4288,533.91,458.87,11.95,52.42,0.3447,-1,-1,-1
329,2,129.31,400.68,191.51,424.60,0.9203,-1,-1,-1
329,4,1057.22,398.67,191.59,614.16,0.9111,-1,-1,-1
329,4289,380.68,460.88,43.67,116.09,0.7845,-1,-1,-1
329,7,879.76,420.02,163.23,529.52,0.7756,-1,-1,-1
329,4290,489.27,455.06,37.48,107.29,0.7225,-1,-1,-1
329,4291,675.19,489.40,48.29,108.62,0.7181,-1,-1,-1
329,4292,1453.99,439.02,47.40,109.16,0.7077,-1,-1,-1
329,4293,734.45,479.53,44.68,110.83,0.7033,-1,-1,-1
329,4294,559.00,458.69,18.15,56.10,0.6959,-1,-1,-1
329,4295,1201.53,429.56,54.39,174.84,0.6774,-1,-1,-1
329,4296,581.46,454.86,18.70,59.33,0.6632,-1,-1,-1
329,4297,708.38,485.41,28.53,99.37,0.6585,-1,-1,-1
329,4298,1011.71,452.57,28.86,73.99,0.6559,-1,-1,-1
329,4299,632.10,458.53,23.59,64.88,0.6555,-1,-1,-1
329,4300,542.94,457.19,17.23,56.05,0.5667,-1,-1,-1
329,4301,415.80,467.49,39.15,101.60,0.5583,-1,-1,-1
329,4302,1305.08,430.04,31.84,114.03,0.5578,-1,-1,-1
329,4303,994.50,449.15,22.45,72.87,0.4916,-1,-1,-1
329,4304,1770.15,391.26,149.12,546.11,0.4668,-1,-1,-1
329,4305,534.36,458.42,12.08,52.66,0.3580,-1,-1,-1
329,4306,599.41,457.47,19.15,52.81,0.3488,-1,-1,-1
329,1637,660.01,462.89,23.12,58.00,0.3236,-1,-1,-1
330,4307,1056.88,395.76,195.36,617.16,0.8988,-1,-1,-1
330,4308,153.77,399.17,167.63,425.59,0.8974,-1,-1,-1
330,4309,893.46,420.27,150.69,529.26,0.8066,-1,-1,-1
330,4310,380.82,460.33,43.49,116.73,0.7918,-1,-1,-1
330,4311,734.55,480.93,46.43,110.46,0.7651,-1,-1,-1
330,4312,1456.12,438.82,44.41,109.99,0.7513,-1,-1,-1
330,4313,558.87,458.70,18.30,56.26,0.7163,-1,-1,-1
330,4314,674.78,489.30,48.44,109.21,0.6963,-1,-1,-1
330,4315,489.01,455.39,37.57,106.76,0.6922,-1,-1,-1
330,4316,581.20,454.50,18.55,59.83,0.6760,-1,-1,-1
330,4317,632.47,457.96,22.80,65.42,0.6678,-1,-1,-1
330,4318,1011.68,453.73,28.13,72.96,0.6651,-1,-1,-1
330,4319,708.72,484.91,28.41,100.71,0.6528,-1,-1,-1
330,4320,415.54,467.58,40.82,101.78,0.5994,-1,-1,-1
330,4321,543.19,457.35,17.03,55.54,0.5176,-1,-1,-1
330,4322,1769.70,395.20,149.67,534.70,0.4680,-1,-1,-1
330,4323,993.85,448.99,22.77,72.23,0.4619,-1,-1,-1
330,4324,1305.83,429.92,31.06,114.89,0.4566,-1,-1,-1
330,4325,1200.87,425.45,50.61,139.94,0.4510,-1,-1,-1
330,4326,659.77,462.53,24.31,52.71,0.4236,-1,-1,-1
330,4327,0.03,588.33,24.65,204.35,0.3792,-1,-1,-1
330,5,533.90,458.44,12.72,53.48,0.3698,-1,-1,-1
330,1637,599.08,457.43,19.54,53.08,0.3491,-1,-1,-1
331,4328,1058.68,395.37,195.79,617.26,0.9011,-1,-1,-1
331,4329,178.69,396.61,143.81,428.61,0.8490,-1,-1,-1
331,4330,380.91,460.46,43.39,116.54,0.7808,-1,-1,-1
331,4331,884.26,420.40,142.65,528.83,0.7678,-1,-1,-1
331,4332,734.78,480.80,46.05,111.56,0.7652,-1,-1,-1
331,4333,1462.77,438.06,37.45,109.67,0.7269,-1,-1,-1
331,4334,558.97,457.73,18.36,57.25,0.7031,-1,-1,-1
331,4335,708.63,484.76,28.78,98.81,0.6796,-1,-1,-1
331,4336,674.87,489.77,48.61,108.21,0.6773,-1,-1,-1
331,4337,1767.17,391.20,152.36,534.95,0.6624,-1,-1,-1
331,1637,631.99,458.28,23.42,65.91,0.6619,-1,-1,-1
331,4338,581.07,455.09,18.56,59.28,0.6591,-1,-1,-1
331,1020,414.65,467.78,42.43,101.73,0.6409,-1,-1,-1
331,4339,489.17,454.93,31.20,107.32,0.6249,-1,-1,-1
331,4340,1012.21,453.41,27.39,73.07,0.6010,-1,-1,-1
331,4341,543.46,457.16,16.81,55.52,0.5198,-1,-1,-1
331,4342,994.13,448.63,22.46,73.18,0.4814,-1,-1,-1
331,4343,1305.94,430.07,31.57,114.91,0.4629,-1,-1,-1
331,4344,660.19,462.47,24.00,67.12,0.4609,-1,-1,-1
331,4345,533.85,458.77,12.85,53.04,0.4121,-1,-1,-1
331,4346,0.22,583.85,47.01,205.78,0.3950,-1,-1,-1
331,4347,598.68,457.25,17.81,51.43,0.3600,-1,-1,-1
331,5,511.32,457.40,18.62,55.94,0.3083,-1,-1,-1
332,4,1060.15,395.32,195.35,618.01,0.9199,-1,-1,-1
332,2,205.58,397.96,133.16,426.25,0.8257,-1,-1,-1
332,4348,885.89,420.24,150.85,528.99,0.7839,-1,-1,-1
332,4349,381.51,461.00,43.54,115.62,0.7803,-1,-1,-1
332,7,734.56,480.40,46.59,109.31,0.7575,-1,-1,-1
332,4350,1767.56,400.93,151.98,515.50,0.7561,-1,-1,-1
332,1637,559.14,457.77,18.64,57.39,0.7065,-1,-1,-1
332,4351,1465.43,438.18,36.22,109.94,0.6929,-1,-1,-1
332,4352,675.11,489.45,48.32,107.32,0.6508,-1,-1,-1
332,4353,631.82,458.56,23.12,64.66,0.6449,-1,-1,-1
332,5,580.53,456.69,18.30,57.53,0.6273,-1,-1,-1
332,4354,707.51,484.87,30.04,99.74,0.6107,-1,-1,-1
332,4355,489.48,454.93,27.40,107.05,0.5951,-1,-1,-1
332,4356,1306.43,429.70,32.49,114.66,0.5758,-1,-1,-1
332,4357,539.95,458.07,20.20,54.82,0.5442,-1,-1,-1
332,4358,416.91,461.78,40.12,107.07,0.5321,-1,-1,-1
332,4281,1012.35,454.02,28.59,71.93,0.5124,-1,-1,-1
332,4359,0.13,545.70,87.91,247.48,0.4416,-1,-1,-1
332,4360,660.46,462.80,24.55,65.83,0.3869,-1,-1,-1
332,4361,995.48,448.32,21.19,71.73,0.3628,-1,-1,-1
332,4362,533.29,459.74,12.30,52.00,0.3371,-1,-1,-1
332,1020,598.91,457.67,12.42,50.32,0.3355,-1,-1,-1
333,4,1061.10,396.91,193.58,616.13,0.8885,-1,-1,-1
333,2,218.68,398.72,135.36,424.05,0.8292,-1,-1,-1
333,4363,1770.72,404.17,148.81,456.90,0.8269,-1,-1,-1
333,4364,879.30,419.93,147.41,529.30,0.8049,-1,-1,-1
333,4365,381.60,461.41,43.91,115.26,0.7877,-1,-1,-1
333,4366,0.15,450.15,114.07,335.61,0.7863,-1,-1,-1
333,4367,734.65,480.33,47.07,114.84,0.7749,-1,-1,-1
333,4368,674.90,488.70,48.49,110.49,0.7180,-1,-1,-1
333,4369,560.93,457.56,17.57,57.18,0.6858,-1,-1,-1
333,4370,707.52,485.07,29.78,97.08,0.6517,-1,-1,-1
333,4371,870.13,438.18,56.78,138.67,0.6505,-1,-1,-1
333,4372,1469.53,437.73,36.61,110.18,0.6234,-1,-1,-1
333,5,543.29,457.52,17.41,55.40,0.6058,-1,-1,-1
333,4373,580.94,456.16,19.17,58.03,0.6053,-1,-1,-1
333,4374,489.90,454.77,26.93,107.58,0.6049,-1,-1,-1
333,4375,633.00,460.08,22.95,65.05,0.5918,-1,-1,-1
333,4376,1306.81,429.60,32.20,115.36,0.5577,-1,-1,-1
333,4377,411.37,466.77,47.11,102.17,0.5130,-1,-1,-1
333,4378,1014.30,454.27,26.73,71.20,0.4260,-1,-1,-1
333,4379,533.82,459.29,12.87,52.52,0.4246,-1,-1,-1
333,4380,1231.13,448.64,26.51,96.48,0.3867,-1,-1,-1
333,4381,511.40,458.14,19.54,55.94,0.3657,-1,-1,-1
333,1637,661.06,463.15,22.95,50.24,0.3580,-1,-1,-1
333,1020,599.13,457.89,12.23,51.19,0.3304,-1,-1,-1
333,7,679.12,456.04,21.30,52.80,0.3128,-1,-1,-1
334,4,1061.45,398.09,200.44,615.34,0.9133,-1,-1,-1
334,4382,0.17,447.78,131.25,334.65,0.8675,-1,-1,-1
334,4383,1772.64,387.78,146.97,464.79,0.8448,-1,-1,-1
334,4384,228.97,397.51,141.31,426.08,0.8178,-1,-1,-1
334,4385,877.92,419.69,149.65,529.33,0.8067,-1,-1,-1
334,4386,381.77,461.44,43.98,115.14,0.7826,-1,-1,-1
334,4387,734.87,480.58,47.07,113.43,0.7716,-1,-1,-1
334,4388,675.46,489.09,47.89,109.27,0.7172,-1,-1,-1
334,4389,874.03,437.48,52.49,138.89,0.7007,-1,-1,-1
334,4390,561.66,457.28,17.51,57.24,0.6831,-1,-1,-1
334,4391,633.84,460.39,22.44,63.40,0.6463,-1,-1,-1
334,4392,708.19,484.44,29.60,100.22,0.6303,-1,-1,-1
334,4393,1472.24,438.41,38.57,108.04,0.6244,-1,-1,-1
334,4394,543.40,457.16,18.01,55.59,0.5997,-1,-1,-1
334,4395,1227.43,448.88,32.68,95.11,0.5542,-1,-1,-1
334,4396,490.04,454.89,29.47,106.82,0.5491,-1,-1,-1
334,4397,581.55,454.53,19.07,59.61,0.5011,-1,-1,-1
334,4398,414.97,466.34,43.73,103.70,0.3949,-1,-1,-1
334,4399,511.27,457.78,20.71,55.64,0.3891,-1,-1,-1
334,4400,1013.18,453.99,27.04,70.67,0.3760,-1,-1,-1
334,4401,661.80,463.22,22.77,49.16,0.3733,-1,-1,-1
334,4402,1306.77,428.77,32.47,116.37,0.3696,-1,-1,-1
334,5,534.28,459.28,12.18,52.83,0.3651,-1,-1,-1
335,4,1060.40,396.58,195.76,616.42,0.8887,-1,-1,-1
335,4403,0.16,452.54,140.55,328.67,0.8657,-1,-1,-1
335,2,1780.82,393.33,138.78,459.21,0.8416,-1,-1,-1
335,4404,233.09,398.53,151.92,426.27,0.8171,-1,-1,-1
335,4405,888.44,420.02,139.59,529.39,0.8044,-1,-1,-1
335,4406,381.53,461.11,44.89,115.45,0.7727,-1,-1,-1
335,7,733.54,480.17,47.46,116.33,0.7595,-1,-1,-1
335,4407,561.11,457.36,17.59,57.23,0.7026,-1,-1,-1
335,4408,675.02,488.36,48.30,108.82,0.7022,-1,-1,-1
335,4409,633.35,460.40,22.33,64.37,0.6427,-1,-1,-1
335,4410,706.90,485.01,30.28,99.90,0.6378,-1,-1,-1
335,4411,581.03,457.11,18.67,57.15,0.6199,-1,-1,-1
335,4412,1473.95,439.10,37.97,108.83,0.6129,-1,-1,-1
335,1637,489.33,455.41,35.97,106.03,0.6105,-1,-1,-1
335,4413,876.39,437.53,52.89,137.01,0.6042,-1,-1,-1
335,4414,544.09,457.63,16.91,54.91,0.5791,-1,-1,-1
335,4415,1224.74,448.45,38.41,86.98,0.5694,-1,-1,-1
335,1020,413.55,464.11,44.45,104.61,0.5388,-1,-1,-1
335,4416,1012.11,454.40,28.01,70.14,0.4274,-1,-1,-1
335,4417,511.04,458.90,19.64,54.52,0.4271,-1,-1,-1
335,4418,661.49,463.02,22.86,66.72,0.4233,-1,-1,-1
335,4419,1306.46,429.51,35.11,115.90,0.4075,-1,-1,-1
335,4420,599.22,457.76,13.10,51.34,0.3966,-1,-1,-1
335,5,533.94,459.73,12.64,52.15,0.3100,-1,-1,-1
336,4421,0.16,446.72,144.99,336.51,0.9143,-1,-1,-1
336,4422,1059.80,396.59,200.26,616.57,0.8856,-1,-1,-1
336,4423,236.98,398.88,164.92,425.68,0.8473,-1,-1,-1
336,4424,895.08,420.36,153.35,529.07,0.8091,-1,-1,-1
336,4425,381.30,462.46,43.73,113.96,0.7674,-1,-1,-1
336,4426,731.88,479.90,48.75,115.52,0.7549,-1,-1,-1
336,4427,1791.43,392.14,128.12,460.96,0.7539,-1,-1,-1
336,4428,674.81,487.72,47.78,107.12,0.6950,-1,-1,-1
336,4429,542.34,457.80,18.22,54.75,0.6823,-1,-1,-1
336,4430,560.30,457.50,17.98,56.88,0.6798,-1,-1,-1
336,4431,1225.51,448.32,39.20,83.30,0.6524,-1,-1,-1
336,4432,632.23,459.48,22.32,64.81,0.6308,-1,-1,-1
336,5,1475.79,438.75,36.66,107.44,0.6269,-1,-1,-1
336,4433,580.35,457.65,18.61,56.32,0.6176,-1,-1,-1
336,4434,415.59,465.64,42.16,103.04,0.6124,-1,-1,-1
336,4435,488.30,454.37,30.49,107.58,0.6044,-1,-1,-1
336,4436,599.54,457.00,18.60,51.22,0.5718,-1,-1,-1
336,4437,706.86,484.39,29.67,99.93,0.5570,-1,-1,-1
336,4438,1304.63,430.10,34.47,114.86,0.5500,-1,-1,-1
336,4439,848.42,444.68,20.88,23.01,0.5257,-1,-1,-1
336,4440,1012.95,453.76,27.02,71.91,0.5014,-1,-1,-1
336,4441,878.10,438.01,53.89,134.30,0.4491,-1,-1,-1
336,1637,661.04,462.61,23.09,69.25,0.4362,-1,-1,-1
336,1020,510.78,458.53,19.42,54.74,0.3590,-1,-1,-1
337,4442,0.21,446.88,147.12,337.27,0.9313,-1,-1,-1
337,4443,239.56,400.05,185.48,424.76,0.8809,-1,-1,-1
337,4444,1058.12,395.55,199.01,617.00,0.8791,-1,-1,-1
337,4445,895.88,420.38,153.29,528.87,0.8211,-1,-1,-1
337,4446,380.31,462.59,44.46,113.99,0.7720,-1,-1,-1
337,4447,732.79,479.76,47.56,115.41,0.7468,-1,-1,-1
337,4448,1477.57,438.24,41.77,108.92,0.7125,-1,-1,-1
337,4449,487.45,455.20,34.32,107.72,0.6923,-1,-1,-1
337,4450,559.93,457.85,17.25,56.79,0.6780,-1,-1,-1
337,4283,542.16,457.97,18.09,54.96,0.6593,-1,-1,-1
337,4451,579.25,458.07,19.07,55.76,0.6517,-1,-1,-1
337,7,673.84,487.63,48.63,107.86,0.6439,-1,-1,-1
337,4452,879.38,438.90,53.87,130.38,0.5749,-1,-1,-1
337,1637,631.96,459.10,22.57,68.15,0.5702,-1,-1,-1
337,4453,1227.52,448.01,39.18,82.45,0.5693,-1,-1,-1
337,4454,1183.59,421.80,92.80,190.14,0.5671,-1,-1,-1
337,4455,598.34,456.66,19.52,53.23,0.5485,-1,-1,-1
337,4456,415.28,466.69,42.31,101.44,0.5445,-1,-1,-1
337,4457,847.49,444.80,23.07,25.14,0.5260,-1,-1,-1
337,4458,1012.51,453.64,28.01,72.45,0.5203,-1,-1,-1
337,4459,706.45,485.18,29.23,98.28,0.5053,-1,-1,-1
337,4460,1805.50,391.75,114.08,463.14,0.4241,-1,-1,-1
337,1020,660.83,463.09,22.82,68.30,0.4111,-1,-1,-1
337,4461,1305.27,429.79,31.57,115.37,0.3875,-1,-1,-1
337,5,510.25,458.48,19.44,55.08,0.3265,-1,-1,-1
338,2,0.17,446.29,148.28,337.26,0.9205,-1,-1,-1
338,4462,1057.89,394.91,197.23,617.06,0.8853,-1,-1,-1
338,4463,239.25,401.50,199.85,423.36,0.8648,-1,-1,-1
338,4,892.75,420.71,155.59,528.58,0.8317,-1,-1,-1
338,1020,379.97,463.60,44.57,112.78,0.7557,-1,-1,-1
338,7,732.49,480.00,47.21,116.02,0.7448,-1,-1,-1
338,4464,673.27,488.14,49.15,109.84,0.7129,-1,-1,-1
338,4465,1479.76,438.87,45.57,109.19,0.6897,-1,-1,-1
338,1637,560.00,457.67,17.10,57.20,0.6843,-1,-1,-1
338,4007,487.36,455.15,30.94,107.70,0.6803,-1,-1,-1
338,4466,1821.71,706.35,97.90,145.19,0.6734,-1,-1,-1
338,4467,578.88,457.83,19.72,56.35,0.6535,-1,-1,-1
338,4468,542.57,457.84,17.63,55.12,0.6251,-1,-1,-1
338,4469,879.84,438.98,55.86,137.42,0.5818,-1,-1,-1
338,4470,415.72,466.75,42.03,102.09,0.5624,-1,-1,-1
338,4471,1229.88,448.10,40.31,78.23,0.5540,-1,-1,-1
338,4261,632.21,459.71,21.71,66.39,0.5535,-1,-1,-1
338,4472,847.84,444.89,23.49,25.41,0.5211,-1,-1,-1
338,4473,597.33,456.32,18.66,53.50,0.5163,-1,-1,-1
338,4474,1011.94,454.08,28.15,71.67,0.5139,-1,-1,-1
338,4475,1186.36,421.62,91.94,200.70,0.4493,-1,-1,-1
338,4476,1305.03,430.36,30.77,113.99,0.4373,-1,-1,-1
338,3,705.94,486.78,29.81,99.21,0.4348,-1,-1,-1
338,4477,661.17,463.28,22.05,67.77,0.3780,-1,-1,-1
338,5,532.95,459.64,12.74,52.29,0.3697,-1,-1,-1
338,4417,510.81,458.17,18.88,55.60,0.3522,-1,-1,-1
339,2,0.14,446.20,148.53,336.93,0.9356,-1,-1,-1
339,4478,1060.43,395.52,196.42,618.16,0.8851,-1,-1,-1
339,4479,237.42,404.02,214.18,420.45,0.8828,-1,-1,-1
339,4,893.53,420.59,154.92,528.91,0.8278,-1,-1,-1
339,1020,379.92,463.52,45.39,112.89,0.7575,-1,-1,-1
339,7,732.19,479.85,46.63,113.38,0.7374,-1,-1,-1
339,4480,672.97,486.76,49.92,113.96,0.7317,-1,-1,-1
339,4481,487.46,455.34,29.70,107.17,0.7307,-1,-1,-1
339,4482,1481.95,440.49,52.45,107.71,0.6763,-1,-1,-1
339,4483,559.65,457.58,17.56,57.56,0.6734,-1,-1,-1
339,4484,578.81,456.78,20.35,57.21,0.6291,-1,-1,-1
339,4485,881.72,439.97,54.13,132.27,0.6252,-1,-1,-1
339,4486,542.66,458.12,17.45,54.88,0.6150,-1,-1,-1
339,4487,1842.88,710.21,76.69,143.15,0.5851,-1,-1,-1
339,4488,632.14,459.42,23.14,65.84,0.5814,-1,-1,-1
339,4489,598.57,455.99,18.27,53.91,0.5351,-1,-1,-1
339,4490,414.66,465.35,43.24,103.50,0.5216,-1,-1,-1
339,4491,847.89,445.06,23.25,24.41,0.4950,-1,-1,-1
339,4492,1232.40,447.71,40.06,68.58,0.4933,-1,-1,-1
339,4493,1187.84,422.64,91.53,197.11,0.4865,-1,-1,-1
339,4494,706.30,485.07,29.83,98.21,0.4842,-1,-1,-1
339,4495,1012.72,453.73,26.65,71.93,0.4793,-1,-1,-1
339,4496,660.59,463.35,23.03,67.87,0.4653,-1,-1,-1
339,4497,510.31,458.36,19.53,57.22,0.4625,-1,-1,-1
339,4498,1305.12,430.19,32.20,114.49,0.4068,-1,-1,-1
339,5,532.31,458.59,13.53,52.57,0.3874,-1,-1,-1
340,2,0.13,444.87,149.78,338.46,0.9360,-1,-1,-1
340,4499,239.61,406.89,218.20,416.28,0.9117,-1,-1,-1
340,4500,1062.44,395.53,197.48,616.77,0.8786,-1,-1,-1
340,4,899.15,420.62,150.24,528.95,0.8309,-1,-1,-1
340,1020,379.59,463.97,46.30,112.01,0.7562,-1,-1,-1
340,4501,1482.71,441.09,53.24,106.70,0.7318,-1,-1,-1
340,7,732.69,479.19,46.05,112.80,0.7252,-1,-1,-1
340,4502,673.46,488.53,49.16,107.61,0.7172,-1,-1,-1
340,4503,559.65,456.76,17.80,57.91,0.6632,-1,-1,-1
340,4504,885.58,441.22,49.95,131.43,0.6520,-1,-1,-1
340,4505,486.62,455.08,30.03,105.29,0.6237,-1,-1,-1
340,4506,578.84,455.83,20.48,58.20,0.6195,-1,-1,-1
340,5,543.54,458.27,17.06,54.68,0.5797,-1,-1,-1
340,4507,1185.97,420.05,96.07,195.45,0.5218,-1,-1,-1
340,4508,1232.92,447.82,40.32,64.60,0.5134,-1,-1,-1
340,4509,510.11,458.85,19.47,55.38,0.5062,-1,-1,-1
340,4510,415.74,463.78,41.89,105.72,0.5057,-1,-1,-1
340,4511,632.27,459.04,22.78,65.27,0.4759,-1,-1,-1
340,4512,660.72,463.48,22.85,66.68,0.4606,-1,-1,-1
340,4513,706.00,484.97,30.14,99.72,0.4352,-1,-1,-1
340,4514,848.98,444.70,24.28,24.60,0.4323,-1,-1,-1
340,4515,598.35,456.21,18.99,53.44,0.4209,-1,-1,-1
340,4516,1013.16,453.91,26.01,71.31,0.4136,-1,-1,-1
340,4517,532.35,458.71,13.78,52.51,0.4092,-1,-1,-1
340,4518,1305.26,430.23,31.69,114.91,0.3803,-1,-1,-1
341,4519,239.20,408.08,220.36,415.41,0.9173,-1,-1,-1
341,4520,0.17,443.38,150.45,340.20,0.9133,-1,-1,-1
341,4521,1063.44,395.06,205.92,617.25,0.8521,-1,-1,-1
341,2,899.04,421.25,151.04,528.62,0.8033,-1,-1,-1
341,1020,379.65,463.76,48.03,112.88,0.7667,-1,-1,-1
341,4522,732.56,478.93,46.85,115.32,0.7542,-1,-1,-1
341,4523,672.86,488.78,49.53,108.67,0.7267,-1,-1,-1
341,4524,1481.56,435.28,55.94,112.70,0.7037,-1,-1,-1
341,4525,560.55,456.76,17.07,57.01,0.6586,-1,-1,-1
341,4526,889.35,442.07,47.37,128.66,0.6528,-1,-1,-1
341,4527,579.39,457.42,19.71,56.56,0.6251,-1,-1,-1
341,4528,631.99,458.74,22.46,62.81,0.6141,-1,-1,-1
341,1637,486.31,454.63,30.06,106.30,0.5905,-1,-1,-1
341,4529,706.49,485.57,29.18,97.73,0.5864,-1,-1,-1
341,4530,546.29,458.79,14.26,54.09,0.5694,-1,-1,-1
341,4531,1237.02,448.08,37.21,62.36,0.5484,-1,-1,-1
341,4532,533.19,459.19,13.94,52.29,0.5239,-1,-1,-1
341,4533,510.05,458.53,19.81,56.89,0.5006,-1,-1,-1
341,4534,1305.42,430.25,32.25,114.91,0.4909,-1,-1,-1
341,4535,1009.56,454.14,29.63,70.37,0.4600,-1,-1,-1
341,4536,660.30,462.93,22.98,63.38,0.4570,-1,-1,-1
341,4537,849.63,444.60,28.23,25.48,0.4253,-1,-1,-1
341,4538,597.60,456.96,18.68,53.53,0.4161,-1,-1,-1
341,4539,417.71,463.31,39.59,104.90,0.3633,-1,-1,-1
341,7,1188.08,412.95,112.26,256.04,0.3327,-1,-1,-1
342,4540,241.85,407.22,223.31,416.11,0.9277,-1,-1,-1
342,4541,0.76,443.26,150.52,340.16,0.9179,-1,-1,-1
342,4,1065.10,395.58,204.16,616.44,0.8691,-1,-1,-1
342,2,896.84,420.96,155.47,528.12,0.8184,-1,-1,-1
342,4542,733.07,478.70,47.53,117.04,0.7590,-1,-1,-1
342,4543,672.94,488.23,50.02,104.36,0.7529,-1,-1,-1
342,4544,381.06,462.74,45.85,114.03,0.7283,-1,-1,-1
342,4545,890.64,441.89,47.14,131.84,0.6765,-1,-1,-1
342,1637,561.86,458.59,16.33,55.51,0.6411,-1,-1,-1
342,4546,706.70,486.21,28.97,95.75,0.6364,-1,-1,-1
342,7,632.28,457.54,24.33,63.89,0.6340,-1,-1,-1
342,4547,545.01,458.53,16.86,54.65,0.6237,-1,-1,-1
342,4548,579.60,456.87,20.17,57.46,0.6081,-1,-1,-1
342,4549,486.33,454.78,30.75,107.62,0.6062,-1,-1,-1
342,4550,1305.26,430.03,31.57,115.23,0.5664,-1,-1,-1
342,4551,533.09,458.96,14.56,52.58,0.5285,-1,-1,-1
342,4552,509.77,457.86,20.82,58.56,0.5262,-1,-1,-1
342,4553,1240.65,447.68,35.15,61.97,0.5182,-1,-1,-1
342,4554,660.24,462.76,22.74,65.54,0.4826,-1,-1,-1
342,4555,417.19,464.68,40.90,105.24,0.4788,-1,-1,-1
342,4556,1009.09,454.03,30.09,69.88,0.4372,-1,-1,-1
342,4557,1485.97,434.89,55.23,111.32,0.4229,-1,-1,-1
342,4558,849.79,445.13,28.86,25.75,0.4186,-1,-1,-1
342,4559,1190.98,413.18,93.74,193.16,0.3930,-1,-1,-1
343,2,243.24,407.42,222.39,413.59,0.9179,-1,-1,-1
343,1020,0.37,439.19,151.00,358.57,0.9120,-1,-1,-1
343,4,1066.80,396.72,205.52,615.63,0.8752,-1,-1,-1
343,7,892.34,421.07,149.79,527.60,0.7805,-1,-1,-1
343,4560,733.53,477.99,47.86,116.02,0.7649,-1,-1,-1
343,4561,381.00,462.76,46.67,113.12,0.7254,-1,-1,-1
343,4562,673.81,487.15,49.68,108.21,0.7142,-1,-1,-1
343,4563,1483.87,437.06,58.03,110.65,0.7085,-1,-1,-1
343,1637,560.30,459.96,17.50,54.94,0.6676,-1,-1,-1
343,4564,632.07,457.67,24.50,58.93,0.6271,-1,-1,-1
343,4565,581.10,456.53,18.54,57.63,0.6112,-1,-1,-1
343,4007,485.98,453.78,33.04,108.64,0.6014,-1,-1,-1
343,5,706.41,485.81,29.97,98.11,0.5615,-1,-1,-1
343,4566,1241.33,447.85,36.06,64.20,0.5555,-1,-1,-1
343,4567,1010.44,453.77,29.55,71.16,0.5514,-1,-1,-1
343,4568,1305.78,430.21,31.69,114.87,0.5514,-1,-1,-1
343,4569,892.13,441.93,46.50,131.38,0.5450,-1,-1,-1
343,4570,660.48,463.04,23.35,63.70,0.5401,-1,-1,-1
343,4571,545.68,460.18,15.35,52.33,0.5322,-1,-1,-1
343,4572,533.64,459.08,14.19,52.36,0.5040,-1,-1,-1
343,4573,510.06,458.29,20.18,59.65,0.4664,-1,-1,-1
343,4574,417.33,464.58,40.64,105.57,0.4478,-1,-1,-1
343,4575,598.39,457.90,18.86,51.57,0.4166,-1,-1,-1
343,4576,1194.33,414.47,90.88,194.81,0.4086,-1,-1,-1
344,2,246.64,409.09,218.51,410.57,0.9184,-1,-1,-1
344,1020,0.17,440.36,151.54,350.33,0.9143,-1,-1,-1
344,4,1068.10,396.47,204.47,616.42,0.8543,-1,-1,-1
344,4056,895.95,421.24,137.62,527.44,0.7896,-1,-1,-1
344,7,732.83,478.10,49.53,118.64,0.7639,-1,-1,-1
344,4577,381.68,462.86,46.70,112.74,0.7238,-1,-1,-1
344,4578,672.78,486.91,50.92,107.37,0.7170,-1,-1,-1
344,4579,560.82,460.25,17.10,53.97,0.6584,-1,-1,-1
344,1637,580.84,457.00,19.15,57.31,0.6364,-1,-1,-1
344,4580,632.14,457.59,24.41,57.77,0.6326,-1,-1,-1
344,4007,485.24,455.36,34.04,106.10,0.6138,-1,-1,-1
344,4581,1243.03,448.07,34.03,64.11,0.6037,-1,-1,-1
344,4582,545.45,459.69,15.79,52.94,0.5848,-1,-1,-1
344,4583,892.79,440.42,48.32,131.39,0.5698,-1,-1,-1
344,4584,1305.72,430.46,31.47,114.56,0.5378,-1,-1,-1
344,4585,1010.15,453.60,29.64,70.11,0.5305,-1,-1,-1
344,4586,660.28,462.80,23.75,59.94,0.5197,-1,-1,-1
344,4587,510.15,458.51,19.82,59.20,0.4596,-1,-1,-1
344,4588,533.55,458.94,14.30,53.37,0.4553,-1,-1,-1
344,5,598.66,457.99,18.62,51.32,0.4434,-1,-1,-1
344,4589,1196.02,413.10,88.29,194.56,0.4349,-1,-1,-1
344,4590,415.61,463.78,42.54,105.14,0.4032,-1,-1,-1
344,4591,859.49,445.69,20.92,21.71,0.3924,-1,-1,-1
345,2,251.54,408.68,214.89,409.82,0.9191,-1,-1,-1
345,4592,1068.32,396.62,199.84,616.00,0.8832,-1,-1,-1
345,4593,14.58,438.50,138.36,348.36,0.8719,-1,-1,-1
345,4,895.44,421.40,137.97,527.54,0.8119,-1,-1,-1
345,7,733.40,477.52,50.23,118.60,0.7703,-1,-1,-1
345,4594,672.02,487.72,51.78,103.69,0.6696,-1,-1,-1
345,4595,582.37,456.07,18.79,58.43,0.6583,-1,-1,-1
345,4596,632.70,457.88,22.74,67.88,0.6341,-1,-1,-1
345,1637,560.75,458.72,17.28,55.25,0.6331,-1,-1,-1
345,4597,545.69,458.84,15.59,53.65,0.5902,-1,-1,-1
345,4598,1243.99,447.84,34.35,65.32,0.5827,-1,-1,-1
345,4599,384.76,463.06,42.02,112.10,0.5790,-1,-1,-1
345,4600,706.42,482.47,29.78,101.39,0.5280,-1,-1,-1
345,4601,423.05,460.98,35.84,109.35,0.5211,-1,-1,-1
345,4602,659.98,463.10,23.61,61.96,0.4998,-1,-1,-1
345,4603,484.69,454.71,35.54,106.08,0.4877,-1,-1,-1
345,4604,1013.21,453.98,25.99,68.66,0.4801,-1,-1,-1
345,4605,898.34,437.85,44.40,128.50,0.4493,-1,-1,-1
345,4606,1196.71,412.36,90.24,194.99,0.4283,-1,-1,-1
345,4607,535.07,459.00,12.82,53.73,0.4277,-1,-1,-1
345,4608,599.59,457.96,18.63,49.25,0.4170,-1,-1,-1
345,4609,509.06,459.41,20.57,55.03,0.4149,-1,-1,-1
345,4610,1487.94,436.53,54.61,110.64,0.3930,-1,-1,-1
345,5,1305.62,430.09,30.86,114.23,0.3777,-1,-1,-1
346,2,261.97,407.38,204.66,409.00,0.9217,-1,-1,-1
346,4611,1068.91,397.19,193.50,615.37,0.8756,-1,-1,-1
346,4612,41.95,438.25,111.04,343.67,0.8540,-1,-1,-1
346,4,902.22,421.53,134.29,527.31,0.8132,-1,-1,-1
346,7,732.27,477.85,51.92,118.10,0.7765,-1,-1,-1
346,4613,672.25,487.32,51.51,103.60,0.7252,-1,-1,-1
346,4614,582.47,456.64,18.46,57.73,0.6861,-1,-1,-1
346,4615,560.23,457.98,18.57,55.97,0.6471,-1,-1,-1
346,1637,632.38,458.91,22.67,66.88,0.6290,-1,-1,-1
346,4616,1244.23,448.36,34.08,66.33,0.5934,-1,-1,-1
346,4617,545.28,458.96,15.77,53.56,0.5928,-1,-1,-1
346,4618,391.31,463.11,36.16,112.63,0.5717,-1,-1,-1
346,4619,599.43,457.41,18.92,49.88,0.5059,-1,-1,-1
346,4620,660.03,463.15,23.89,61.11,0.4998,-1,-1,-1
346,4621,426.19,456.55,35.02,111.49,0.4961,-1,-1,-1
346,4622,1305.53,430.11,31.75,114.59,0.4703,-1,-1,-1
346,4623,1013.23,453.93,25.89,69.22,0.4635,-1,-1,-1
346,4624,484.85,454.64,34.86,105.17,0.4086,-1,-1,-1
346,4625,909.29,438.13,35.95,127.60,0.3968,-1,-1,-1
346,5,509.20,459.98,20.92,55.96,0.3931,-1,-1,-1
346,4626,1197.07,413.01,89.99,198.61,0.3565,-1,-1,-1
346,4627,863.32,446.71,20.72,25.93,0.3477,-1,-1,-1
346,4628,534.92,459.13,12.94,53.44,0.3155,-1,-1,-1
347,2,275.12,406.17,191.25,409.69,0.9097,-1,-1,-1
347,4,1069.54,396.61,197.29,615.99,0.8686,-1,-1,-1
347,4629,905.57,421.81,129.80,527.00,0.8275,-1,-1,-1
347,4630,53.75,437.24,120.65,344.77,0.8106,-1,-1,-1
347,7,733.06,478.16,50.55,117.08,0.7726,-1,-1,-1
347,3,672.12,488.33,52.04,103.78,0.7228,-1,-1,-1
347,1637,631.57,459.51,24.27,66.22,0.6867,-1,-1,-1
347,5,545.41,457.17,15.97,55.31,0.6644,-1,-1,-1
347,4631,583.32,457.05,18.43,56.37,0.6337,-1,-1,-1
347,4632,560.93,457.00,18.11,56.63,0.6224,-1,-1,-1
347,4633,1245.42,448.16,30.79,67.12,0.5619,-1,-1,-1
347,4634,598.49,456.57,20.01,51.56,0.5320,-1,-1,-1
347,4635,659.85,463.20,23.79,59.95,0.4728,-1,-1,-1
347,4636,1013.75,453.87,25.54,68.32,0.3935,-1,-1,-1
347,4637,485.28,454.92,30.92,90.99,0.3872,-1,-1,-1
347,4638,425.02,461.53,34.37,108.03,0.3795,-1,-1,-1
347,4639,1305.79,430.42,31.33,114.31,0.3776,-1,-1,-1
347,4640,509.41,459.66,20.41,55.43,0.3724,-1,-1,-1
347,4641,909.66,440.93,34.53,124.36,0.3644,-1,-1,-1
347,4642,863.91,447.27,21.50,23.79,0.3014,-1,-1,-1
348,2,290.16,404.33,175.97,404.43,0.9037,-1,-1,-1
348,4,1069.04,397.43,192.06,615.04,0.8800,-1,-1,-1
348,4643,906.10,421.83,132.39,526.88,0.8325,-1,-1,-1
348,4644,65.98,437.31,123.32,346.24,0.7822,-1,-1,-1
348,7,733.42,478.38,47.55,117.91,0.7740,-1,-1,-1
348,1637,672.72,487.79,51.58,100.12,0.7312,-1,-1,-1
348,4645,560.13,454.87,20.11,59.15,0.6947,-1,-1,-1
348,4631,583.33,454.88,19.11,58.22,0.6770,-1,-1,-1
348,4646,631.02,458.99,24.15,66.47,0.6618,-1,-1,-1
348,4647,545.63,456.44,16.20,55.72,0.6465,-1,-1,-1
348,4648,1245.08,448.25,29.61,72.87,0.5226,-1,-1,-1
348,4649,599.22,457.05,19.46,51.60,0.5224,-1,-1,-1
348,4650,1306.17,429.62,31.00,115.47,0.4458,-1,-1,-1
348,4651,485.19,454.78,34.06,82.23,0.4318,-1,-1,-1
348,5,508.01,459.73,22.15,57.19,0.4131,-1,-1,-1
348,4652,910.49,440.75,37.02,124.64,0.4014,-1,-1,-1
348,4653,1014.24,454.06,25.64,68.58,0.3976,-1,-1,-1
348,4654,424.40,456.98,35.31,113.28,0.3845,-1,-1,-1
348,4655,534.92,458.95,12.86,52.70,0.3836,-1,-1,-1
348,4656,660.17,463.24,22.51,48.24,0.3443,-1,-1,-1
348,3,1200.41,414.79,111.86,252.03,0.3177,-1,-1,-1
348,1020,0.12,714.72,49.82,141.42,0.3120,-1,-1,-1
349,4657,1068.19,397.09,198.52,615.73,0.8898,-1,-1,-1
349,4658,303.56,405.06,162.94,397.31,0.8794,-1,-1,-1
349,4659,70.26,438.87,129.35,343.63,0.8521,-1,-1,-1
349,4660,906.66,421.56,132.21,527.06,0.8398,-1,-1,-1
349,7,733.40,478.12,45.78,118.55,0.7793,-1,-1,-1
349,1637,672.79,488.33,51.44,103.35,0.7345,-1,-1,-1
349,4661,559.79,454.89,20.08,59.02,0.6931,-1,-1,-1
349,1020,583.00,454.39,19.25,59.12,0.6489,-1,-1,-1
349,4261,631.42,460.14,23.02,65.95,0.6370,-1,-1,-1
349,4647,545.89,456.86,15.87,55.25,0.6316,-1,-1,-1
349,3,1305.22,429.49,31.84,115.70,0.5266,-1,-1,-1
349,4662,1244.98,448.34,32.07,73.73,0.5058,-1,-1,-1
349,4663,600.05,457.27,18.20,52.32,0.4881,-1,-1,-1
349,4664,0.13,559.28,49.59,295.74,0.4808,-1,-1,-1
349,4665,1513.21,435.32,33.81,110.15,0.4256,-1,-1,-1
349,4666,485.94,453.65,34.16,84.71,0.3903,-1,-1,-1
349,4667,911.49,442.85,36.05,118.90,0.3838,-1,-1,-1
349,4668,659.53,463.16,22.65,48.65,0.3739,-1,-1,-1
349,4669,424.92,456.17,35.33,114.66,0.3430,-1,-1,-1
349,4670,1201.01,413.80,113.77,253.05,0.3396,-1,-1,-1
349,5,1014.27,454.89,25.47,68.20,0.3346,-1,-1,-1
349,2,534.77,458.65,13.23,54.44,0.3189,-1,-1,-1
349,4,508.04,459.37,22.05,58.11,0.3140,-1,-1,-1
349,4627,866.41,446.87,21.29,27.74,0.3113,-1,-1,-1
350,4671,1065.31,397.70,200.07,614.82,0.8961,-1,-1,-1
350,4672,80.91,438.50,139.13,344.10,0.8719,-1,-1,-1
350,4673,320.42,400.98,146.43,400.33,0.8420,-1,-1,-1
350,4674,907.23,421.87,148.27,526.27,0.8393,-1,-1,-1
350,7,733.45,477.97,46.08,118.97,0.7833,-1,-1,-1
350,5,672.15,487.58,51.80,101.49,0.7099,-1,-1,-1
350,1637,560.11,454.87,19.97,58.94,0.7095,-1,-1,-1
350,2,630.48,460.02,23.80,65.42,0.6386,-1,-1,-1
350,4675,545.79,455.90,16.18,55.90,0.6296,-1,-1,-1
350,1020,583.30,454.34,18.81,58.80,0.6287,-1,-1,-1
350,4676,659.88,463.30,23.10,66.60,0.5252,-1,-1,-1
350,4677,1305.04,429.54,31.79,115.53,0.4861,-1,-1,-1
350,4678,1245.10,448.09,32.62,76.15,0.4813,-1,-1,-1
350,4679,483.78,451.48,31.16,84.89,0.4650,-1,-1,-1
350,4680,0.09,541.13,48.35,314.96,0.4562,-1,-1,-1
350,4681,601.40,458.39,17.03,50.84,0.4495,-1,-1,-1
350,4682,1514.35,433.08,33.42,110.96,0.3930,-1,-1,-1
350,4683,527.47,457.69,19.58,56.14,0.3898,-1,-1,-1
350,4684,508.63,459.40,20.65,55.47,0.3469,-1,-1,-1
350,4685,1202.91,417.35,113.60,250.45,0.3052,-1,-1,-1
351,4686,84.14,437.88,160.03,343.89,0.9001,-1,-1,-1
351,4687,1067.74,397.56,199.08,614.66,0.8870,-1,-1,-1
351,4688,908.60,420.44,130.45,528.31,0.8397,-1,-1,-1
351,4689,733.50,477.59,45.99,118.62,0.7843,-1,-1,-1
351,4690,0.13,517.57,49.69,337.08,0.7503,-1,-1,-1
351,4691,346.57,397.95,119.53,402.06,0.7248,-1,-1,-1
351,1637,559.67,454.98,20.36,58.54,0.7066,-1,-1,-1
351,2,671.95,488.58,51.51,102.55,0.6926,-1,-1,-1
351,4692,583.23,453.83,18.91,59.15,0.6518,-1,-1,-1
351,4,631.07,459.45,23.52,65.71,0.6135,-1,-1,-1
351,4693,546.30,456.26,15.23,55.46,0.5644,-1,-1,-1
351,4694,483.44,448.54,32.47,86.86,0.5430,-1,-1,-1
351,4695,1246.06,447.97,29.89,77.18,0.5254,-1,-1,-1
351,4696,526.90,457.62,20.60,61.11,0.5046,-1,-1,-1
351,4697,1305.07,429.43,31.74,115.64,0.4683,-1,-1,-1
351,4698,599.94,457.74,18.28,51.44,0.4398,-1,-1,-1
351,4699,1517.25,433.74,36.02,109.50,0.3983,-1,-1,-1
351,4700,507.82,459.30,21.17,54.91,0.3783,-1,-1,-1
351,5,659.29,463.07,23.79,64.32,0.3305,-1,-1,-1
352,4701,83.95,439.96,181.07,341.74,0.9068,-1,-1,-1
352,4702,1068.04,397.11,201.10,615.18,0.8771,-1,-1,-1
352,4703,909.29,422.97,145.96,525.88,0.8516,-1,-1,-1
352,4704,367.29,397.85,103.27,402.80,0.8144,-1,-1,-1
352,4705,0.09,450.22,64.55,403.52,0.8071,-1,-1,-1
352,4706,732.27,477.57,47.54,114.18,0.7550,-1,-1,-1
352,1637,560.22,455.62,19.26,57.54,0.6958,-1,-1,-1
352,2,671.81,487.94,50.69,102.44,0.6701,-1,-1,-1
352,4261,630.10,458.77,24.14,66.24,0.6351,-1,-1,-1
352,4707,582.75,454.83,19.28,57.67,0.6144,-1,-1,-1
352,4708,1246.05,448.05,30.33,81.36,0.5693,-1,-1,-1
352,4709,546.25,456.12,15.71,55.94,0.5607,-1,-1,-1
352,4710,481.95,453.74,36.23,83.90,0.5279,-1,-1,-1
352,5,526.13,458.18,21.14,60.69,0.5039,-1,-1,-1
352,4711,599.65,457.18,18.28,51.68,0.4272,-1,-1,-1
352,7,658.95,462.92,23.81,65.42,0.4270,-1,-1,-1
352,4712,507.96,459.28,20.72,58.87,0.4204,-1,-1,-1
352,4713,1305.26,430.06,32.72,114.90,0.3181,-1,-1,-1
353,2,84.40,440.71,197.32,340.60,0.9152,-1,-1,-1
353,4714,0.15,446.48,78.60,409.30,0.8993,-1,-1,-1
353,4715,1067.65,396.33,201.75,616.36,0.8848,-1,-1,-1
353,4716,909.99,421.41,138.01,527.33,0.8339,-1,-1,-1
353,4717,733.11,477.16,46.54,115.40,0.7564,-1,-1,-1
353,4718,367.24,397.50,112.59,405.02,0.7480,-1,-1,-1
353,4719,671.81,487.20,51.09,102.24,0.7245,-1,-1,-1
353,4720,560.30,455.57,19.09,57.40,0.6756,-1,-1,-1
353,4721,582.99,453.88,19.21,58.72,0.6399,-1,-1,-1
353,5,545.57,455.41,16.79,56.71,0.6305,-1,-1,-1
353,4722,1247.10,448.07,28.97,80.01,0.6279,-1,-1,-1
353,4261,630.03,457.72,23.19,65.56,0.5700,-1,-1,-1
353,4723,526.65,457.17,19.90,62.14,0.5385,-1,-1,-1
353,4724,1519.04,433.59,37.82,112.20,0.4786,-1,-1,-1
353,4725,482.69,453.68,31.79,83.23,0.4766,-1,-1,-1
353,3,705.89,482.05,31.08,103.81,0.4746,-1,-1,-1
353,4726,1304.68,429.94,33.59,114.80,0.4125,-1,-1,-1
353,4727,506.87,458.91,21.41,64.82,0.3904,-1,-1,-1
353,1637,659.08,462.83,22.76,65.41,0.3866,-1,-1,-1
353,1020,598.88,457.58,18.95,51.16,0.3527,-1,-1,-1
353,7,1058.74,435.06,70.37,212.12,0.3127,-1,-1,-1
354,2,84.63,442.75,204.15,338.65,0.9261,-1,-1,-1
354,4728,0.09,445.58,86.26,410.01,0.8866,-1,-1,-1
354,4729,1068.29,396.40,200.42,616.57,0.8760,-1,-1,-1
354,4730,912.25,422.25,142.45,526.12,0.8318,-1,-1,-1
354,4731,374.43,399.47,117.72,402.64,0.8115,-1,-1,-1
354,4732,732.35,479.89,47.29,116.68,0.7738,-1,-1,-1
354,4733,670.99,486.20,51.64,100.93,0.7256,-1,-1,-1
354,4734,560.48,455.73,18.83,57.21,0.6851,-1,-1,-1
354,1020,582.98,454.00,18.87,58.57,0.6683,-1,-1,-1
354,4,545.91,455.96,16.26,56.09,0.6469,-1,-1,-1
354,4735,629.42,457.68,24.37,65.96,0.6441,-1,-1,-1
354,4736,1247.00,447.92,29.69,81.41,0.6139,-1,-1,-1
354,7,525.93,457.93,20.44,61.91,0.5643,-1,-1,-1
354,4737,1521.06,431.97,38.66,113.32,0.5009,-1,-1,-1
354,4738,482.90,454.11,31.74,82.36,0.4469,-1,-1,-1
354,3,705.65,482.39,29.93,99.54,0.4367,-1,-1,-1
354,4739,1058.63,435.79,64.81,211.24,0.3749,-1,-1,-1
354,4740,598.58,457.39,19.58,51.47,0.3644,-1,-1,-1
354,1637,658.87,463.00,23.88,64.50,0.3600,-1,-1,-1
354,4261,1305.14,429.98,33.31,114.78,0.3450,-1,-1,-1
354,5,507.72,459.69,20.15,55.59,0.3367,-1,-1,-1
355,2,88.00,441.83,202.47,339.11,0.9229,-1,-1,-1
355,4741,1069.09,395.65,200.18,617.52,0.8774,-1,-1,-1
355,4742,0.22,444.32,98.02,408.19,0.8766,-1,-1,-1
355,4,914.74,420.56,126.38,526.23,0.8187,-1,-1,-1
355,4743,378.44,400.85,130.76,399.99,0.7947,-1,-1,-1
355,4744,732.61,480.80,47.60,115.85,0.7694,-1,-1,-1
355,4261,629.21,458.08,25.17,67.76,0.7147,-1,-1,-1
355,4745,670.95,485.54,51.28,100.84,0.7087,-1,-1,-1
355,1637,560.28,455.73,19.21,57.35,0.6953,-1,-1,-1
355,7,583.09,455.00,18.92,57.73,0.6489,-1,-1,-1
355,4746,1521.97,432.36,43.04,112.87,0.6017,-1,-1,-1
355,4747,546.84,457.00,14.93,55.18,0.5918,-1,-1,-1
355,4748,1247.08,448.02,28.78,83.87,0.5722,-1,-1,-1
355,4749,526.56,457.02,19.90,63.87,0.5590,-1,-1,-1
355,4750,659.08,463.13,24.07,65.04,0.4365,-1,-1,-1
355,5,705.58,483.27,31.43,103.54,0.4267,-1,-1,-1
355,4751,482.67,453.92,31.12,88.01,0.4114,-1,-1,-1
355,4752,507.30,458.27,20.39,52.07,0.3717,-1,-1,-1
355,4753,1054.99,435.26,67.67,211.17,0.3527,-1,-1,-1
355,4754,599.26,458.75,19.12,49.63,0.3365,-1,-1,-1
355,4755,1305.00,430.49,33.26,114.32,0.3214,-1,-1,-1
356,2,95.89,443.62,201.20,334.77,0.9242,-1,-1,-1
356,4756,0.16,445.11,146.96,409.45,0.9025,-1,-1,-1
356,4757,1068.94,396.28,199.90,616.69,0.8735,-1,-1,-1
356,4758,386.32,401.69,140.89,398.01,0.8254,-1,-1,-1
356,4759,918.13,421.30,130.77,522.84,0.8116,-1,-1,-1
356,4760,1056.22,434.45,59.31,212.82,0.8107,-1,-1,-1
356,4761,670.70,486.80,51.66,101.81,0.7425,-1,-1,-1
356,7,734.01,480.41,45.85,99.29,0.7253,-1,-1,-1
356,4261,628.96,457.33,24.99,69.28,0.7109,-1,-1,-1
356,1637,560.62,455.41,18.95,57.66,0.6990,-1,-1,-1
356,4762,583.56,454.42,18.46,58.17,0.6511,-1,-1,-1
356,4763,525.83,457.03,20.78,63.77,0.6284,-1,-1,-1
356,4764,1521.08,431.99,48.44,114.29,0.6082,-1,-1,-1
356,4765,705.17,484.01,31.67,102.13,0.5672,-1,-1,-1
356,4766,1247.34,447.92,28.27,92.34,0.5588,-1,-1,-1
356,4767,547.86,457.54,14.08,54.79,0.5069,-1,-1,-1
356,4768,659.35,463.12,22.65,66.11,0.4908,-1,-1,-1
356,5,505.87,457.72,21.78,55.61,0.3807,-1,-1,-1
356,4769,480.14,453.27,34.32,107.97,0.3146,-1,-1,-1
356,4770,1305.32,430.24,33.33,114.66,0.3021,-1,-1,-1
357,4771,0.15,444.41,181.29,409.85,0.9283,-1,-1,-1
357,4772,110.90,442.63,186.89,331.61,0.9098,-1,-1,-1
357,4773,1069.39,396.24,201.12,617.06,0.8778,-1,-1,-1
357,4774,385.33,402.16,163.85,397.79,0.8077,-1,-1,-1
357,4775,916.09,422.10,135.67,519.89,0.8043,-1,-1,-1
357,4776,629.14,457.37,23.98,67.97,0.7476,-1,-1,-1
357,7,671.15,487.22,52.00,104.57,0.7441,-1,-1,-1
357,4777,560.75,455.10,19.48,57.95,0.7068,-1,-1,-1
357,5,734.71,480.88,44.29,113.59,0.7064,-1,-1,-1
357,1637,583.07,454.59,19.78,58.06,0.6925,-1,-1,-1
357,4778,1055.14,432.52,71.63,213.71,0.6687,-1,-1,-1
357,4779,1247.43,447.96,28.52,94.78,0.6305,-1,-1,-1
357,4780,525.75,456.96,20.61,63.19,0.6045,-1,-1,-1
357,4781,702.81,481.72,33.97,103.32,0.5996,-1,-1,-1
357,4782,659.46,463.06,23.98,67.81,0.5770,-1,-1,-1
357,4783,547.43,458.08,14.83,54.35,0.5606,-1,-1,-1
357,4784,1523.67,439.47,45.95,106.27,0.5597,-1,-1,-1
357,4785,601.27,458.57,17.29,49.30,0.4257,-1,-1,-1
357,4786,507.24,458.61,20.06,54.82,0.4096,-1,-1,-1
358,4787,0.21,445.60,196.99,408.74,0.9424,-1,-1,-1
358,4788,122.06,442.17,177.07,322.40,0.9195,-1,-1,-1
358,4,1069.68,395.67,201.25,617.71,0.8858,-1,-1,-1
358,4789,1053.19,432.75,66.54,213.18,0.8477,-1,-1,-1
358,4790,390.74,404.77,176.05,394.93,0.8043,-1,-1,-1
358,4791,915.42,422.82,135.65,515.81,0.8003,-1,-1,-1
358,1637,670.13,487.11,53.66,112.05,0.7658,-1,-1,-1
358,4792,628.60,457.38,24.02,68.37,0.7613,-1,-1,-1
358,4793,733.47,480.82,46.06,109.74,0.7137,-1,-1,-1
358,7,561.73,455.15,18.57,58.33,0.7037,-1,-1,-1
358,4794,583.56,455.56,19.24,56.91,0.6931,-1,-1,-1
358,4795,1247.27,448.02,30.54,93.35,0.6542,-1,-1,-1
358,4796,547.25,456.09,16.55,56.30,0.6398,-1,-1,-1
358,4261,659.54,463.39,24.11,67.30,0.5670,-1,-1,-1
358,4797,526.08,457.23,19.77,63.26,0.5646,-1,-1,-1
358,4798,1524.46,433.77,46.77,112.06,0.5545,-1,-1,-1
358,4799,600.44,457.94,17.99,50.03,0.5512,-1,-1,-1
358,3,702.65,481.67,34.10,103.66,0.4736,-1,-1,-1
358,5,507.83,460.14,19.42,54.37,0.3459,-1,-1,-1
359,4787,0.17,448.43,214.72,405.81,0.9405,-1,-1,-1
359,2,130.02,442.06,167.07,322.20,0.9095,-1,-1,-1
359,4,1069.64,398.06,202.94,614.61,0.8810,-1,-1,-1
359,4800,391.06,405.36,187.16,395.33,0.8480,-1,-1,-1
359,4801,913.71,422.05,130.42,515.53,0.8112,-1,-1,-1
359,4802,1046.06,432.45,60.62,213.35,0.7980,-1,-1,-1
359,1637,670.08,486.31,53.07,112.86,0.7527,-1,-1,-1
359,4261,628.90,457.00,23.46,69.27,0.7404,-1,-1,-1
359,7,733.50,480.62,45.60,113.03,0.7090,-1,-1,-1
359,4734,561.34,454.98,20.08,58.46,0.7081,-1,-1,-1
359,4803,584.57,456.48,18.90,56.12,0.6653,-1,-1,-1
359,4804,546.45,457.30,16.71,55.31,0.6199,-1,-1,-1
359,1020,600.21,457.02,18.15,50.94,0.6153,-1,-1,-1
359,4805,525.26,457.82,20.03,61.77,0.5978,-1,-1,-1
359,4806,1249.23,448.20,31.20,93.74,0.5921,-1,-1,-1
359,4807,703.73,481.18,33.25,105.44,0.5587,-1,-1,-1
359,4808,659.46,463.30,23.71,67.07,0.5504,-1,-1,-1
359,4809,1526.92,433.50,45.18,111.28,0.4751,-1,-1,-1
359,4007,482.45,455.89,31.63,103.35,0.4363,-1,-1,-1
359,5,508.04,460.91,19.33,54.21,0.3566,-1,-1,-1
360,4787,0.52,447.32,216.67,407.03,0.9345,-1,-1,-1
360,2,141.92,441.14,156.70,323.61,0.9108,-1,-1,-1
360,4810,393.54,406.25,198.51,393.58,0.8898,-1,-1,-1
360,4811,1069.64,395.67,206.66,617.16,0.8762,-1,-1,-1
360,4812,920.83,423.87,127.55,512.76,0.7996,-1,-1,-1
360,4813,1042.48,430.78,56.34,214.78,0.7740,-1,-1,-1
360,1637,668.41,486.88,55.69,112.10,0.7680,-1,-1,-1
360,1020,561.47,455.31,19.42,58.23,0.7126,-1,-1,-1
360,7,732.92,480.54,46.67,106.18,0.7079,-1,-1,-1
360,4261,629.18,457.17,22.72,69.13,0.6683,-1,-1,-1
360,5,583.59,455.57,19.69,56.94,0.6567,-1,-1,-1
360,4814,525.58,456.53,19.75,64.82,0.6471,-1,-1,-1
360,4815,547.55,456.78,15.67,55.85,0.6384,-1,-1,-1
360,4816,659.44,463.11,24.46,66.25,0.5942,-1,-1,-1
360,4817,600.59,458.37,17.60,50.04,0.5289,-1,-1,-1
360,4818,702.83,480.66,33.73,106.05,0.4766,-1,-1,-1
360,4819,478.95,454.61,34.43,106.75,0.4500,-1,-1,-1
360,4820,1247.94,448.33,33.49,92.28,0.4090,-1,-1,-1
360,4821,1529.39,435.46,45.22,109.59,0.3715,-1,-1,-1
360,4007,507.43,461.80,19.44,53.93,0.3305,-1,-1,-1
360,3,1304.97,430.30,32.95,114.68,0.3222,-1,-1,-1
361,2,0.44,446.03,223.17,407.89,0.9362,-1,-1,-1
361,4822,395.51,406.52,200.32,393.31,0.9020,-1,-1,-1
361,4823,147.25,439.87,151.24,325.99,0.8937,-1,-1,-1
361,4824,1069.58,397.19,204.69,615.43,0.8727,-1,-1,-1
361,4,918.37,423.47,133.94,509.64,0.7984,-1,-1,-1
361,4825,732.57,480.80,47.96,110.63,0.7310,-1,-1,-1
361,1637,667.72,486.92,55.38,109.01,0.7236,-1,-1,-1
361,5,520.21,456.83,25.48,64.14,0.7081,-1,-1,-1
361,4826,561.51,455.73,19.17,57.84,0.7013,-1,-1,-1
361,4827,583.23,455.12,19.76,57.68,0.6994,-1,-1,-1
361,4261,628.77,457.60,23.63,69.16,0.6929,-1,-1,-1
361,4804,545.92,456.78,17.39,56.07,0.6773,-1,-1,-1
361,4828,1040.47,430.91,52.82,214.51,0.5729,-1,-1,-1
361,4829,658.91,462.98,25.45,65.78,0.5560,-1,-1,-1
361,4830,702.87,481.77,32.95,103.79,0.5368,-1,-1,-1
361,4831,600.94,459.15,17.08,49.51,0.5111,-1,-1,-1
361,4832,1249.41,448.59,32.38,92.38,0.5007,-1,-1,-1
361,4833,1533.22,435.68,41.52,109.36,0.4445,-1,-1,-1
361,4834,506.35,461.37,21.41,55.75,0.3866,-1,-1,-1
362,4787,0.47,447.99,224.46,406.13,0.9406,-1,-1,-1
362,4835,394.56,407.67,204.53,391.80,0.9177,-1,-1,-1
362,4836,159.25,437.89,139.43,327.09,0.8993,-1,-1,-1
362,4,1069.69,397.95,204.33,614.47,0.8680,-1,-1,-1
362,2,922.31,425.35,137.31,507.39,0.8147,-1,-1,-1
362,4837,1035.51,430.29,55.19,215.34,0.8097,-1,-1,-1
362,7,665.69,488.62,58.67,110.74,0.7750,-1,-1,-1
362,4007,520.45,454.94,25.17,64.82,0.7167,-1,-1,-1
362,4838,732.01,481.46,48.64,108.62,0.7070,-1,-1,-1
362,1637,562.06,455.55,18.60,57.87,0.7062,-1,-1,-1
362,4261,628.99,457.57,22.43,69.07,0.6914,-1,-1,-1
362,1020,582.54,455.64,20.06,57.34,0.6743,-1,-1,-1
362,4839,546.77,456.57,17.73,56.21,0.6699,-1,-1,-1
362,4840,1248.54,449.22,33.63,92.43,0.6432,-1,-1,-1
362,4841,659.22,463.51,24.78,64.49,0.5367,-1,-1,-1
362,4842,701.63,482.50,33.87,104.18,0.4720,-1,-1,-1
362,4843,378.42,462.99,34.68,65.22,0.4108,-1,-1,-1
362,4844,1305.19,430.34,33.90,114.70,0.3808,-1,-1,-1
362,4845,600.55,460.12,16.82,49.58,0.3380,-1,-1,-1
362,3,1878.66,389.78,40.89,268.82,0.3285,-1,-1,-1
362,5,503.89,460.96,25.04,55.49,0.3032,-1,-1,-1
363,4846,395.74,408.39,203.20,390.60,0.9266,-1,-1,-1
363,4847,0.65,447.20,221.43,406.53,0.9227,-1,-1,-1
363,1020,176.42,436.27,121.57,328.86,0.8795,-1,-1,-1
363,4,1069.48,397.38,206.48,614.81,0.8736,-1,-1,-1
363,2,929.20,422.34,136.39,510.97,0.8121,-1,-1,-1
363,4848,664.66,488.45,59.24,111.56,0.7835,-1,-1,-1
363,4849,1035.74,432.60,53.93,213.92,0.7509,-1,-1,-1
363,5,519.74,454.58,25.70,66.04,0.7339,-1,-1,-1
363,4850,561.55,455.66,18.92,57.23,0.7029,-1,-1,-1
363,7,581.59,455.38,20.09,57.63,0.6901,-1,-1,-1
363,4851,731.56,481.59,48.43,112.54,0.6870,-1,-1,-1
363,1637,628.64,458.46,22.53,67.56,0.6809,-1,-1,-1
363,4852,546.18,456.79,17.00,55.75,0.6558,-1,-1,-1
363,4853,1246.95,448.82,34.90,92.09,0.5731,-1,-1,-1
363,4829,658.92,463.26,25.61,64.10,0.5492,-1,-1,-1
363,4854,378.67,462.14,34.22,77.16,0.4974,-1,-1,-1
363,4855,1303.74,429.63,36.26,115.46,0.4382,-1,-1,-1
363,4856,1544.43,434.45,35.70,108.57,0.3935,-1,-1,-1
363,4857,599.57,458.22,17.26,51.21,0.3902,-1,-1,-1
363,3,701.70,484.93,33.48,101.46,0.3863,-1,-1,-1
363,4261,1878.26,390.99,41.29,267.55,0.3104,-1,-1,-1
364,4858,0.00,447.18,228.79,405.75,0.9302,-1,-1,-1
364,4859,397.08,409.27,203.47,389.37,0.9234,-1,-1,-1
364,7,195.21,436.76,103.98,327.92,0.8885,-1,-1,-1
364,4,1069.93,396.66,207.04,615.65,0.8776,-1,-1,-1
364,2,930.76,426.44,140.40,509.02,0.8188,-1,-1,-1
364,4860,666.29,488.98,56.30,110.12,0.7172,-1,-1,-1
364,4861,561.81,455.63,19.19,57.32,0.7122,-1,-1,-1
364,1637,520.79,454.85,24.62,67.09,0.7093,-1,-1,-1
364,4862,581.80,455.63,20.10,57.46,0.6925,-1,-1,-1
364,4863,731.24,483.28,48.31,102.86,0.6675,-1,-1,-1
364,4864,546.96,456.89,16.25,55.14,0.6287,-1,-1,-1
364,4865,1248.24,449.99,33.74,91.34,0.5799,-1,-1,-1
364,4261,628.50,458.12,22.54,66.28,0.5497,-1,-1,-1
364,4866,659.02,463.55,24.39,64.82,0.5326,-1,-1,-1
364,4867,1036.30,434.91,52.79,211.51,0.4477,-1,-1,-1
364,4868,701.50,482.41,34.36,104.02,0.4325,-1,-1,-1
364,4869,377.92,462.51,37.29,104.40,0.4173,-1,-1,-1
364,4870,1305.10,430.29,34.19,114.48,0.3645,-1,-1,-1
364,4871,947.45,452.71,21.24,62.47,0.3202,-1,-1,-1
365,4872,398.31,410.07,203.69,387.56,0.9244,-1,-1,-1
365,4873,0.68,445.58,229.52,404.77,0.9193,-1,-1,-1
365,4874,1069.99,397.87,207.35,614.92,0.8821,-1,-1,-1
365,4875,207.11,435.17,96.67,329.22,0.8411,-1,-1,-1
365,2,932.67,425.31,137.68,510.98,0.8326,-1,-1,-1
365,4876,379.04,461.75,46.24,114.10,0.7197,-1,-1,-1
365,4877,664.61,488.77,58.58,109.71,0.7118,-1,-1,-1
365,5,521.83,454.24,23.84,66.88,0.7102,-1,-1,-1
365,1637,562.48,455.72,18.73,57.21,0.7080,-1,-1,-1
365,4878,581.34,455.73,19.82,57.40,0.7011,-1,-1,-1
365,4879,628.28,457.98,23.19,67.43,0.6598,-1,-1,-1
365,4880,546.52,456.84,16.98,54.90,0.6426,-1,-1,-1
365,4261,730.93,483.73,48.60,94.70,0.6187,-1,-1,-1
365,4881,1248.73,449.68,34.01,93.18,0.5886,-1,-1,-1
365,4882,657.92,463.50,23.46,63.02,0.5511,-1,-1,-1
365,4883,598.87,457.17,17.76,51.76,0.4434,-1,-1,-1
365,4884,1305.75,430.56,31.49,114.64,0.3878,-1,-1,-1
365,4885,1550.35,432.21,31.31,111.29,0.3435,-1,-1,-1
365,4886,948.33,450.25,20.16,65.14,0.3373,-1,-1,-1
366,4887,398.80,412.65,204.22,381.40,0.9177,-1,-1,-1
366,4888,7.73,445.30,223.17,381.33,0.9016,-1,-1,-1
366,4889,1069.26,398.25,213.25,613.63,0.8809,-1,-1,-1
366,4890,928.91,425.97,140.97,510.12,0.8385,-1,-1,-1
366,4891,215.00,435.58,98.29,329.33,0.8237,-1,-1,-1
366,4892,562.08,455.82,19.36,57.33,0.7237,-1,-1,-1
366,4893,379.29,460.91,48.07,115.86,0.7217,-1,-1,-1
366,4894,732.51,484.40,45.28,92.86,0.6483,-1,-1,-1
366,4895,1247.70,450.72,35.46,92.89,0.6424,-1,-1,-1
366,4896,547.79,456.88,15.89,55.03,0.6419,-1,-1,-1
366,4897,581.29,455.58,19.87,57.32,0.6323,-1,-1,-1
366,4898,663.55,488.51,58.64,105.53,0.6131,-1,-1,-1
366,4899,628.69,457.50,22.69,67.74,0.5834,-1,-1,-1
366,4900,524.47,455.03,21.73,65.78,0.5672,-1,-1,-1
366,4901,658.09,463.36,23.05,62.24,0.4935,-1,-1,-1
366,4902,697.64,479.20,38.86,107.35,0.3072,-1,-1,-1
367,2,399.59,410.75,203.18,380.54,0.9245,-1,-1,-1
367,4787,31.38,443.63,199.12,390.80,0.8969,-1,-1,-1
367,4,1069.97,397.55,210.34,613.77,0.8836,-1,-1,-1
367,4903,931.01,426.03,140.41,509.96,0.8377,-1,-1,-1
367,4904,222.03,435.60,104.52,328.25,0.8040,-1,-1,-1
367,4905,378.02,461.76,48.18,114.73,0.7435,-1,-1,-1
367,4906,561.86,455.93,19.65,57.29,0.6965,-1,-1,-1
367,4907,1247.56,450.79,35.66,91.79,0.6763,-1,-1,-1
367,4908,627.60,457.42,24.58,65.66,0.6587,-1,-1,-1
367,5,548.18,456.71,15.44,55.10,0.6283,-1,-1,-1
367,1020,581.13,455.21,19.20,57.41,0.6202,-1,-1,-1
367,7,731.01,484.04,45.42,90.88,0.5771,-1,-1,-1
367,4909,662.04,487.50,58.65,104.43,0.4535,-1,-1,-1
367,4910,658.95,463.33,23.00,60.65,0.4278,-1,-1,-1
367,1637,595.90,455.46,19.20,54.00,0.4067,-1,-1,-1
367,4911,936.37,452.71,26.77,63.68,0.3188,-1,-1,-1
367,3,1305.93,430.58,30.98,114.02,0.3094,-1,-1,-1
368,2,403.26,408.24,200.45,382.79,0.9245,-1,-1,-1
368,4787,58.97,442.96,173.25,379.34,0.8934,-1,-1,-1
368,4,1070.43,398.45,211.06,612.56,0.8803,-1,-1,-1
368,4912,228.11,435.37,123.60,329.28,0.8617,-1,-1,-1
368,4913,930.77,425.96,145.78,509.80,0.8415,-1,-1,-1
368,4914,378.16,460.43,48.64,116.23,0.7614,-1,-1,-1
368,4915,561.82,455.75,19.87,57.47,0.6937,-1,-1,-1
368,4916,627.98,456.66,23.86,66.31,0.6578,-1,-1,-1
368,4917,731.03,483.56,45.26,94.71,0.6485,-1,-1,-1
368,5,547.42,456.30,16.38,55.26,0.6335,-1,-1,-1
368,4918,660.13,489.28,51.93,99.26,0.6303,-1,-1,-1
368,4919,580.95,455.24,18.56,57.34,0.6149,-1,-1,-1
368,4920,1247.51,450.77,36.80,91.46,0.5637,-1,-1,-1
368,4921,658.90,463.33,21.59,60.50,0.5403,-1,-1,-1
368,7,595.08,455.58,18.90,53.18,0.4760,-1,-1,-1
368,4922,938.72,452.01,23.90,64.74,0.3873,-1,-1,-1
368,3,691.57,479.84,44.10,107.11,0.3548,-1,-1,-1
369,2,409.30,407.13,193.85,376.41,0.9042,-1,-1,-1
369,4923,235.72,437.37,140.94,327.43,0.8934,-1,-1,-1
369,4924,89.69,441.19,149.27,379.75,0.8760,-1,-1,-1
369,4925,1070.19,397.96,208.17,613.30,0.8759,-1,-1,-1
369,4926,930.63,424.63,147.04,510.01,0.8397,-1,-1,-1
369,1020,377.89,461.54,50.20,115.40,0.7675,-1,-1,-1
369,4927,728.67,483.67,47.56,98.77,0.6835,-1,-1,-1
369,4928,561.88,455.74,19.61,57.42,0.6636,-1,-1,-1
369,4929,659.55,489.15,49.28,97.51,0.6337,-1,-1,-1
369,4261,627.72,456.76,23.08,67.39,0.6272,-1,-1,-1
369,4930,580.69,455.70,18.44,57.17,0.6090,-1,-1,-1
369,4931,1246.88,450.24,39.44,92.22,0.5979,-1,-1,-1
369,4932,659.34,463.27,21.09,60.32,0.5779,-1,-1,-1
369,4933,547.85,456.40,16.06,55.08,0.5467,-1,-1,-1
369,4934,939.21,453.63,22.67,62.88,0.4495,-1,-1,-1
369,4935,0.04,672.29,46.63,136.81,0.3772,-1,-1,-1
369,4936,594.68,455.16,17.65,54.25,0.3592,-1,-1,-1
369,5,1305.46,430.59,31.80,114.41,0.3276,-1,-1,-1
370,2,418.51,406.07,184.04,382.58,0.9137,-1,-1,-1
370,4937,239.45,438.32,154.11,325.76,0.9008,-1,-1,-1
370,4938,1070.30,398.02,210.25,612.43,0.8774,-1,-1,-1
370,4939,118.24,438.91,128.01,381.13,0.8717,-1,-1,-1
370,4,933.58,423.94,136.86,511.22,0.8446,-1,-1,-1
370,7,377.77,462.14,47.88,114.73,0.7806,-1,-1,-1
370,4940,728.96,483.37,47.36,94.39,0.6620,-1,-1,-1
370,4941,627.70,457.09,24.24,65.53,0.6327,-1,-1,-1
370,4942,562.08,456.22,19.67,56.52,0.6285,-1,-1,-1
370,1637,658.75,463.18,21.43,56.72,0.6155,-1,-1,-1
370,4943,581.11,455.45,18.13,57.14,0.5774,-1,-1,-1
370,4944,1246.27,448.78,39.93,95.17,0.5736,-1,-1,-1
370,4945,657.28,488.43,50.13,94.64,0.5567,-1,-1,-1
370,4946,0.08,640.12,46.74,168.71,0.5463,-1,-1,-1
370,4947,546.19,456.22,17.35,54.29,0.4624,-1,-1,-1
370,4948,940.02,452.74,23.22,62.98,0.4459,-1,-1,-1
370,4949,694.27,483.55,42.21,102.76,0.4369,-1,-1,-1
370,4261,416.31,463.49,35.82,106.83,0.4211,-1,-1,-1
370,5,594.83,455.22,18.17,53.77,0.3840,-1,-1,-1
371,4950,240.21,438.71,166.63,325.85,0.9137,-1,-1,-1
371,4951,431.33,406.23,170.87,374.11,0.9053,-1,-1,-1
371,4952,1070.48,398.53,209.36,612.24,0.8834,-1,-1,-1
371,4953,938.30,421.58,133.83,513.79,0.8365,-1,-1,-1
371,4954,131.94,439.36,123.98,381.37,0.8299,-1,-1,-1
371,4,378.23,461.45,47.20,115.42,0.7759,-1,-1,-1
371,5,656.96,488.42,49.08,100.66,0.6794,-1,-1,-1
371,7,731.88,482.36,43.90,95.25,0.6457,-1,-1,-1
371,4955,625.40,457.88,27.19,68.12,0.6025,-1,-1,-1
371,4956,417.04,459.22,37.73,111.54,0.5944,-1,-1,-1
371,1637,561.73,455.94,19.67,56.63,0.5927,-1,-1,-1
371,4957,581.06,456.30,18.34,56.67,0.5887,-1,-1,-1
371,4958,1246.90,448.23,39.66,94.52,0.5674,-1,-1,-1
371,4959,658.82,463.42,20.35,54.10,0.5631,-1,-1,-1
371,4960,0.06,613.61,46.66,195.26,0.5107,-1,-1,-1
371,4961,941.90,454.96,22.39,61.56,0.4062,-1,-1,-1
371,4962,594.34,455.26,18.54,53.18,0.3766,-1,-1,-1
371,4963,694.74,484.76,41.43,102.97,0.3609,-1,-1,-1
371,4261,1304.92,429.87,32.19,115.34,0.3384,-1,-1,-1
371,2,1878.39,406.45,41.16,250.88,0.3129,-1,-1,-1
372,4964,241.04,439.00,173.12,325.04,0.9106,-1,-1,-1
372,4965,1070.49,397.96,208.98,613.22,0.8875,-1,-1,-1
372,4966,442.06,405.17,161.00,372.34,0.8795,-1,-1,-1
372,4967,937.61,419.80,136.51,515.93,0.8398,-1,-1,-1
372,4968,139.54,438.79,126.83,381.73,0.8364,-1,-1,-1
372,4,378.05,461.37,47.27,115.50,0.7645,-1,-1,-1
372,4261,655.89,487.78,53.24,103.26,0.7045,-1,-1,-1
372,4969,728.35,481.98,47.40,95.76,0.6804,-1,-1,-1
372,4970,0.12,514.09,46.19,294.83,0.6593,-1,-1,-1
372,4971,562.17,456.53,20.10,55.91,0.6163,-1,-1,-1
372,4972,1249.95,448.17,41.18,93.84,0.5741,-1,-1,-1
372,4973,625.50,457.20,25.86,66.35,0.5661,-1,-1,-1
372,4974,416.15,461.77,39.83,108.67,0.5640,-1,-1,-1
372,4975,659.07,463.49,20.30,52.59,0.5498,-1,-1,-1
372,4976,582.28,455.87,17.34,56.81,0.5188,-1,-1,-1
372,5,941.73,453.54,21.63,63.05,0.4415,-1,-1,-1
372,4977,1305.56,430.82,31.17,114.08,0.3686,-1,-1,-1
372,4978,594.83,455.31,19.40,53.16,0.3351,-1,-1,-1
373,2,251.02,440.94,164.52,321.97,0.9099,-1,-1,-1
373,4979,460.13,403.15,146.98,370.63,0.8990,-1,-1,-1
373,4980,1070.22,397.71,211.26,613.13,0.8887,-1,-1,-1
373,4,942.56,418.54,145.52,517.93,0.8529,-1,-1,-1
373,4787,147.38,439.44,140.86,380.62,0.8482,-1,-1,-1
373,4981,0.11,450.00,46.72,358.85,0.8178,-1,-1,-1
373,4982,379.31,462.11,48.16,114.57,0.7870,-1,-1,-1
373,7,732.63,482.30,44.15,102.94,0.6615,-1,-1,-1
373,4983,626.42,457.00,27.12,71.36,0.6313,-1,-1,-1
373,4984,582.51,453.83,18.66,58.47,0.6207,-1,-1,-1
373,4985,655.64,488.94,53.04,102.87,0.6127,-1,-1,-1
373,1637,659.02,463.06,21.99,48.77,0.5723,-1,-1,-1
373,4986,1254.17,448.40,40.09,93.28,0.5583,-1,-1,-1
373,4987,417.53,461.73,40.03,108.57,0.5428,-1,-1,-1
373,4988,563.76,456.06,19.09,57.21,0.4979,-1,-1,-1
373,5,943.03,455.62,23.30,59.83,0.4952,-1,-1,-1
373,4989,1304.94,430.44,32.73,114.17,0.4809,-1,-1,-1
374,4990,477.91,402.30,137.76,370.13,0.9058,-1,-1,-1
374,4991,1070.75,398.32,209.49,612.24,0.8871,-1,-1,-1
374,4992,156.47,443.16,158.23,375.53,0.8783,-1,-1,-1
374,4993,266.55,441.39,151.52,309.42,0.8667,-1,-1,-1
374,4994,944.31,418.38,143.61,518.64,0.8342,-1,-1,-1
374,4995,380.06,462.68,46.72,113.91,0.7956,-1,-1,-1
374,4996,0.10,498.12,48.36,310.61,0.7407,-1,-1,-1
374,4261,732.94,482.36,44.33,109.47,0.6548,-1,-1,-1
374,4997,627.71,457.54,25.60,70.63,0.6316,-1,-1,-1
374,7,654.72,488.65,52.01,102.75,0.6122,-1,-1,-1
374,4998,659.69,463.29,20.42,47.59,0.5934,-1,-1,-1
374,4999,1253.86,448.31,41.42,93.38,0.5467,-1,-1,-1
374,5000,582.29,454.72,19.46,58.11,0.5401,-1,-1,-1
374,5001,419.64,461.66,38.12,109.55,0.4895,-1,-1,-1
374,4007,475.80,455.45,26.10,68.91,0.3630,-1,-1,-1
374,5,943.90,454.56,24.53,64.33,0.3567,-1,-1,-1
374,3,1305.58,430.16,30.94,114.56,0.3183,-1,-1,-1
375,5002,1070.82,397.70,217.07,613.42,0.8890,-1,-1,-1
375,5003,157.31,445.28,180.95,373.60,0.8844,-1,-1,-1
375,5004,491.02,401.56,132.94,370.96,0.8794,-1,-1,-1
375,5005,273.75,441.41,144.94,306.20,0.8616,-1,-1,-1
375,5006,946.96,414.79,144.82,521.94,0.8415,-1,-1,-1
375,5007,380.36,462.37,46.96,114.30,0.7969,-1,-1,-1
375,5008,627.82,457.44,25.37,69.82,0.6735,-1,-1,-1
375,5009,0.13,440.42,58.37,375.82,0.6376,-1,-1,-1
375,5010,1255.27,448.35,40.33,93.31,0.6283,-1,-1,-1
375,5011,660.32,463.37,20.01,46.73,0.6157,-1,-1,-1
375,5012,730.84,482.34,46.28,106.60,0.5986,-1,-1,-1
375,5013,426.68,455.66,32.36,114.75,0.5817,-1,-1,-1
375,5014,583.85,456.09,18.31,56.14,0.5674,-1,-1,-1
375,5015,944.62,454.29,27.57,69.23,0.5232,-1,-1,-1
375,5016,653.35,490.22,45.94,101.93,0.5152,-1,-1,-1
375,5017,1305.96,430.54,31.06,114.14,0.3894,-1,-1,-1
376,5018,156.86,443.44,197.50,375.32,0.8940,-1,-1,-1
376,5019,1071.36,398.17,211.90,613.22,0.8917,-1,-1,-1
376,5020,248.12,441.85,170.32,316.52,0.8730,-1,-1,-1
376,5021,949.68,417.92,142.32,517.53,0.8329,-1,-1,-1
376,5022,503.82,401.76,128.18,370.53,0.8245,-1,-1,-1
376,4261,379.85,462.10,46.91,114.48,0.7952,-1,-1,-1
376,5023,0.10,432.70,74.30,380.32,0.7892,-1,-1,-1
376,5024,1255.83,448.11,40.55,93.26,0.6777,-1,-1,-1
376,5025,626.51,457.35,27.89,70.71,0.6403,-1,-1,-1
376,5026,945.24,453.14,28.37,71.05,0.6155,-1,-1,-1
376,5027,660.09,463.21,20.42,46.84,0.5803,-1,-1,-1
376,5028,731.32,482.98,44.42,100.87,0.5752,-1,-1,-1
376,5029,650.62,491.15,48.43,98.84,0.5207,-1,-1,-1
376,5030,420.21,457.33,38.71,113.10,0.5165,-1,-1,-1
376,5031,475.58,455.28,30.95,70.59,0.4418,-1,-1,-1
376,5032,584.79,457.24,16.37,54.94,0.4286,-1,-1,-1
376,5,598.73,458.17,18.06,51.08,0.3528,-1,-1,-1
377,5033,156.46,444.96,206.50,373.24,0.9113,-1,-1,-1
377,5034,1070.91,397.52,213.00,613.66,0.8829,-1,-1,-1
377,2,0.17,441.36,106.70,367.19,0.8606,-1,-1,-1
377,5035,950.00,421.33,145.88,515.08,0.8387,-1,-1,-1
377,5036,379.69,461.21,47.59,115.07,0.7811,-1,-1,-1
377,5037,290.79,439.98,128.04,308.21,0.7611,-1,-1,-1
377,5038,1256.35,448.35,38.80,93.16,0.6755,-1,-1,-1
377,5039,945.16,453.82,26.61,70.55,0.6042,-1,-1,-1
377,5040,730.06,482.97,46.28,94.36,0.5672,-1,-1,-1
377,5041,627.35,457.96,24.86,70.40,0.5228,-1,-1,-1
377,5042,484.23,402.06,155.94,370.35,0.5130,-1,-1,-1
377,5043,658.62,462.99,21.72,46.06,0.4340,-1,-1,-1
377,5044,421.06,456.58,36.97,113.57,0.4133,-1,-1,-1
377,5045,648.15,487.26,48.84,99.34,0.3829,-1,-1,-1
377,5046,474.05,455.45,37.38,100.72,0.3101,-1,-1,-1
378,5047,0.29,432.57,142.48,377.05,0.9048,-1,-1,-1
378,5048,156.83,446.33,207.90,371.81,0.9037,-1,-1,-1
378,5049,1071.23,397.79,214.02,613.60,0.8817,-1,-1,-1
378,5050,300.50,438.88,118.64,307.28,0.8661,-1,-1,-1
378,5051,950.23,423.38,147.22,512.96,0.8432,-1,-1,-1
378,5052,379.91,460.94,47.73,118.22,0.7601,-1,-1,-1
378,5053,471.50,455.11,40.51,107.08,0.6944,-1,-1,-1
378,5054,1256.29,448.59,39.46,92.73,0.6719,-1,-1,-1
378,5055,730.36,482.48,47.21,97.10,0.6122,-1,-1,-1
378,5056,425.83,455.00,35.01,114.51,0.5818,-1,-1,-1
378,5057,628.48,458.11,24.25,69.56,0.5664,-1,-1,-1
378,5058,945.73,453.14,25.89,68.34,0.5239,-1,-1,-1
378,5059,530.81,401.05,113.67,371.20,0.4765,-1,-1,-1
378,5060,646.64,488.60,49.26,98.96,0.4382,-1,-1,-1
378,5061,658.74,463.04,21.74,46.63,0.3913,-1,-1,-1
379,5062,0.23,436.26,166.82,372.72,0.9276,-1,-1,-1
379,5063,155.94,446.30,213.76,371.44,0.9090,-1,-1,-1
379,5064,1071.46,398.72,212.65,612.84,0.8914,-1,-1,-1
379,5065,308.61,437.15,110.77,309.75,0.8735,-1,-1,-1
379,5066,949.55,422.43,146.88,514.22,0.8367,-1,-1,-1
379,5067,530.96,402.64,119.45,369.03,0.7964,-1,-1,-1
379,5068,471.65,454.54,43.40,107.14,0.7591,-1,-1,-1
379,5069,728.01,482.85,49.14,93.08,0.6331,-1,-1,-1
379,5070,1257.23,448.53,37.23,93.06,0.6148,-1,-1,-1
379,5071,380.45,461.32,47.34,116.05,0.6114,-1,-1,-1
379,5072,422.14,455.64,38.36,114.57,0.5932,-1,-1,-1
379,5073,643.17,487.37,51.15,106.96,0.4660,-1,-1,-1
379,5074,627.31,458.32,25.29,69.75,0.4547,-1,-1,-1
379,1637,707.45,453.32,26.63,45.59,0.4483,-1,-1,-1
379,5075,658.46,462.86,21.85,47.38,0.4353,-1,-1,-1
379,7,694.51,483.10,40.54,100.21,0.4280,-1,-1,-1
379,5,947.59,454.48,24.63,66.34,0.3999,-1,-1,-1
380,5076,157.89,445.55,216.99,371.92,0.9174,-1,-1,-1
380,5077,0.19,438.47,181.28,370.20,0.9113,-1,-1,-1
380,4,1071.88,397.37,214.73,614.89,0.8955,-1,-1,-1
380,2,317.62,437.23,101.94,309.47,0.8687,-1,-1,-1
380,5066,962.08,421.62,139.81,513.75,0.8044,-1,-1,-1
380,5078,528.90,403.00,127.69,370.28,0.7959,-1,-1,-1
380,4007,470.53,454.83,35.90,106.71,0.7514,-1,-1,-1
380,5079,423.83,454.80,37.78,115.49,0.6655,-1,-1,-1
380,5080,641.35,488.97,51.99,102.98,0.5534,-1,-1,-1
380,5081,729.85,482.80,47.30,93.27,0.5473,-1,-1,-1
380,5082,1258.23,449.16,35.61,91.92,0.5349,-1,-1,-1
380,5083,947.33,439.47,57.96,122.85,0.4544,-1,-1,-1
380,5084,624.85,457.57,27.63,72.00,0.4527,-1,-1,-1
380,5,705.45,453.04,28.91,47.54,0.4346,-1,-1,-1
380,1637,658.44,462.86,22.53,46.88,0.4221,-1,-1,-1
380,4261,380.91,462.37,47.57,115.43,0.3358,-1,-1,-1
381,5085,0.13,438.93,176.55,369.68,0.9172,-1,-1,-1
381,5086,158.17,445.72,218.84,370.37,0.9148,-1,-1,-1
381,7,1071.03,397.37,217.05,613.61,0.8893,-1,-1,-1
381,2,328.63,435.37,91.69,311.89,0.8532,-1,-1,-1
381,4,959.73,420.50,144.86,514.85,0.8030,-1,-1,-1
381,4787,525.50,404.44,135.96,369.41,0.7778,-1,-1,-1
381,4007,470.92,454.67,36.55,106.74,0.7172,-1,-1,-1
381,5087,729.49,482.86,48.22,98.19,0.6338,-1,-1,-1
381,5088,422.89,454.99,38.13,115.41,0.6254,-1,-1,-1
381,5089,625.54,457.55,26.94,69.38,0.6117,-1,-1,-1
381,5090,948.32,440.77,56.27,110.78,0.4918,-1,-1,-1
381,5091,640.03,488.38,51.83,98.44,0.4511,-1,-1,-1
381,5092,1258.06,449.01,35.68,91.76,0.4444,-1,-1,-1
381,5,658.59,462.72,24.15,47.35,0.3388,-1,-1,-1
382,5093,0.12,440.70,178.18,367.73,0.9217,-1,-1,-1
382,5094,1074.17,397.84,213.65,613.34,0.8989,-1,-1,-1
382,5095,167.17,444.70,210.63,367.90,0.8967,-1,-1,-1
382,5096,959.35,421.72,152.15,514.08,0.8227,-1,-1,-1
382,5097,538.98,406.84,132.40,364.13,0.8189,-1,-1,-1
382,5098,329.51,435.67,95.72,311.35,0.7909,-1,-1,-1
382,4007,470.71,454.23,37.09,107.36,0.7173,-1,-1,-1
382,5099,731.12,483.37,47.31,95.63,0.6555,-1,-1,-1
382,5100,637.85,491.62,51.15,92.90,0.6267,-1,-1,-1
382,5101,419.85,462.67,38.14,107.32,0.5091,-1,-1,-1
382,5102,1256.88,449.96,37.09,90.90,0.4587,-1,-1,-1
382,5103,949.19,441.06,56.24,117.78,0.4534,-1,-1,-1
382,5104,707.40,451.48,28.57,51.27,0.3708,-1,-1,-1
382,4261,621.61,457.22,30.98,70.24,0.3597,-1,-1,-1
382,3,694.54,483.56,40.84,98.95,0.3491,-1,-1,-1
382,5,659.33,462.93,23.40,41.16,0.3349,-1,-1,-1
383,2,0.65,440.78,196.88,366.11,0.9270,-1,-1,-1
383,5105,195.38,442.70,183.48,368.13,0.9053,-1,-1,-1
383,5106,1072.49,397.74,223.65,614.73,0.8960,-1,-1,-1
383,5107,536.60,408.87,144.11,362.16,0.8708,-1,-1,-1
383,5108,958.42,421.28,159.09,514.49,0.8277,-1,-1,-1
383,5109,345.52,435.10,92.06,310.28,0.8052,-1,-1,-1
383,4007,470.77,454.49,36.01,107.53,0.6998,-1,-1,-1
383,7,729.49,483.39,49.01,97.55,0.6923,-1,-1,-1
383,5110,951.79,440.25,53.97,129.17,0.5957,-1,-1,-1
383,5111,635.24,493.10,50.89,89.16,0.5191,-1,-1,-1
383,5112,429.69,455.15,32.55,115.05,0.5108,-1,-1,-1
383,3,1256.36,449.51,37.00,91.51,0.4884,-1,-1,-1
383,5113,526.41,455.55,23.71,38.10,0.4267,-1,-1,-1
383,5114,1856.13,524.10,46.20,123.62,0.3718,-1,-1,-1
383,5,659.58,462.80,24.41,45.21,0.3541,-1,-1,-1
383,4261,620.63,456.57,31.64,65.97,0.3282,-1,-1,-1
384,2,0.29,440.99,206.75,366.08,0.9281,-1,-1,-1
384,5115,200.84,440.36,176.50,363.06,0.8997,-1,-1,-1
384,5116,1074.02,397.25,222.69,613.74,0.8887,-1,-1,-1
384,5117,535.76,409.19,149.99,361.73,0.8887,-1,-1,-1
384,5118,350.04,435.10,100.01,312.28,0.8234,-1,-1,-1
384,5119,960.03,420.61,160.12,515.14,0.8017,-1,-1,-1
384,4007,470.24,454.12,34.96,107.96,0.7132,-1,-1,-1
384,4787,727.41,482.70,51.26,100.21,0.7090,-1,-1,-1
384,5120,947.06,440.00,58.59,140.47,0.7069,-1,-1,-1
384,5121,1257.19,448.29,36.90,92.74,0.5576,-1,-1,-1
384,5122,427.89,455.15,32.92,114.67,0.5545,-1,-1,-1
384,5123,515.10,459.39,17.00,65.50,0.4761,-1,-1,-1
384,5124,636.72,494.18,48.37,76.90,0.4757,-1,-1,-1
384,5125,693.32,484.56,42.71,100.42,0.4471,-1,-1,-1
384,4261,526.93,456.64,24.06,43.04,0.3791,-1,-1,-1
384,5126,704.75,450.47,30.77,55.19,0.3790,-1,-1,-1
384,7,1855.64,524.06,48.92,127.32,0.3394,-1,-1,-1
384,5,659.89,463.19,23.02,37.44,0.3393,-1,-1,-1
385,5085,0.34,440.15,209.38,366.12,0.9289,-1,-1,-1
385,4787,216.41,441.21,162.12,358.27,0.9001,-1,-1,-1
385,4,1076.11,397.30,221.91,613.71,0.8859,-1,-1,-1
385,2,537.08,407.65,151.40,363.33,0.8721,-1,-1,-1
385,5127,356.24,436.13,106.77,310.54,0.8556,-1,-1,-1
385,5128,971.39,419.27,149.72,517.51,0.8131,-1,-1,-1
385,5129,948.48,439.26,49.80,141.40,0.6926,-1,-1,-1
385,7,728.28,481.53,50.46,101.00,0.6860,-1,-1,-1
385,5130,469.96,454.33,35.37,107.70,0.6778,-1,-1,-1
385,5131,514.05,460.65,16.57,64.20,0.6000,-1,-1,-1
385,5132,693.11,485.03,44.56,101.95,0.5934,-1,-1,-1
385,5133,527.85,456.12,23.66,55.29,0.5839,-1,-1,-1
385,5134,431.41,455.29,30.40,114.18,0.4929,-1,-1,-1
385,5135,1257.04,448.77,36.22,92.41,0.4845,-1,-1,-1
385,5136,706.52,450.45,28.51,55.92,0.4473,-1,-1,-1
385,5137,638.70,492.98,44.16,77.75,0.4382,-1,-1,-1
386,2,0.44,439.03,210.03,367.46,0.9286,-1,-1,-1
386,5138,537.08,409.05,153.78,361.58,0.8917,-1,-1,-1
386,4,1074.32,396.50,228.41,614.66,0.8834,-1,-1,-1
386,5139,362.97,436.26,123.99,310.28,0.8817,-1,-1,-1
386,5140,237.88,442.51,140.43,356.45,0.8797,-1,-1,-1
386,5066,966.87,418.42,154.32,518.42,0.7881,-1,-1,-1
386,5141,469.31,454.47,36.27,107.48,0.7044,-1,-1,-1
386,4787,728.57,481.56,49.52,107.00,0.7038,-1,-1,-1
386,5142,944.82,437.27,50.61,145.71,0.6652,-1,-1,-1
386,5143,429.36,455.90,33.66,136.14,0.6631,-1,-1,-1
386,5144,1256.80,448.51,36.57,92.46,0.5982,-1,-1,-1
386,5145,692.71,485.06,44.59,102.70,0.5488,-1,-1,-1
386,5146,526.98,455.73,24.45,64.99,0.5473,-1,-1,-1
386,5147,514.23,461.01,16.89,63.62,0.5435,-1,-1,-1
386,5148,659.85,463.06,22.99,34.56,0.3495,-1,-1,-1
387,5149,366.60,438.64,141.81,308.37,0.9044,-1,-1,-1
387,5150,3.48,436.00,207.53,367.17,0.9035,-1,-1,-1
387,5151,541.05,410.31,151.14,360.18,0.8929,-1,-1,-1
387,5152,1078.32,396.09,221.31,615.79,0.8816,-1,-1,-1
387,5153,262.71,440.16,115.12,358.67,0.8698,-1,-1,-1
387,4,969.68,419.10,149.90,517.76,0.7820,-1,-1,-1
387,5154,726.43,480.72,51.43,116.64,0.7640,-1,-1,-1
387,5155,469.58,454.05,34.20,108.04,0.7095,-1,-1,-1
387,5156,942.90,436.74,50.38,147.87,0.6745,-1,-1,-1
387,5157,527.50,456.04,23.94,66.40,0.6096,-1,-1,-1
387,5158,514.73,460.80,17.13,63.39,0.5567,-1,-1,-1
387,5159,1256.84,449.35,34.75,91.50,0.5095,-1,-1,-1
387,5160,690.21,485.01,46.21,100.53,0.4204,-1,-1,-1
387,5161,641.23,494.64,37.25,108.84,0.3991,-1,-1,-1
387,5162,426.87,454.80,35.62,109.41,0.3262,-1,-1,-1
387,4261,708.00,449.80,26.23,61.13,0.3114,-1,-1,-1
388,5163,367.95,441.12,159.09,305.37,0.9143,-1,-1,-1
388,5164,15.05,435.12,196.64,366.77,0.9042,-1,-1,-1
388,5165,544.67,410.39,148.24,358.47,0.9025,-1,-1,-1
388,5166,1073.49,396.54,237.22,615.26,0.8672,-1,-1,-1
388,4787,281.14,440.61,97.84,358.88,0.8093,-1,-1,-1
388,5167,941.83,434.81,49.98,147.75,0.7671,-1,-1,-1
388,5168,723.30,478.85,54.05,118.55,0.7529,-1,-1,-1
388,5169,967.31,420.10,136.07,514.32,0.7156,-1,-1,-1
388,5170,468.26,454.85,35.45,106.73,0.7076,-1,-1,-1
388,5171,527.51,455.70,24.75,68.14,0.6750,-1,-1,-1
388,5172,514.48,460.97,17.65,62.23,0.5697,-1,-1,-1
388,5173,709.02,450.61,25.60,60.35,0.5618,-1,-1,-1
388,5174,1255.26,449.19,36.37,91.39,0.5120,-1,-1,-1
388,5175,551.68,457.36,17.51,48.63,0.4834,-1,-1,-1
389,4787,367.89,442.99,164.77,303.09,0.9174,-1,-1,-1
389,5176,548.28,409.56,143.67,355.24,0.9055,-1,-1,-1
389,5177,30.33,433.97,180.74,364.56,0.9037,-1,-1,-1
389,4,1071.39,396.43,239.63,614.68,0.8690,-1,-1,-1
389,2,287.23,439.45,93.85,359.86,0.8409,-1,-1,-1
389,5178,940.83,433.86,47.30,149.52,0.7841,-1,-1,-1
389,5179,965.74,420.61,148.71,514.22,0.7268,-1,-1,-1
389,5180,726.38,478.42,49.77,118.46,0.7103,-1,-1,-1
389,5181,527.84,455.92,26.85,67.35,0.6945,-1,-1,-1
389,4007,469.05,454.51,33.83,106.79,0.6482,-1,-1,-1
389,5,514.08,461.12,17.55,62.26,0.5937,-1,-1,-1
389,5182,552.10,458.06,16.77,51.30,0.5488,-1,-1,-1
389,5183,708.80,449.93,24.99,63.57,0.5482,-1,-1,-1
389,5184,659.77,462.70,22.76,73.78,0.4422,-1,-1,-1
389,3,1255.57,450.52,35.78,88.88,0.4331,-1,-1,-1
389,5114,1855.53,525.36,47.68,126.13,0.4213,-1,-1,-1
389,7,1061.34,434.40,61.86,130.31,0.4211,-1,-1,-1
389,4261,687.28,472.38,48.65,113.74,0.3474,-1,-1,-1
389,1637,569.67,455.67,14.25,38.01,0.3115,-1,-1,-1
390,5185,553.38,408.18,139.76,341.97,0.9050,-1,-1,-1
390,5186,369.85,441.87,164.36,303.34,0.9047,-1,-1,-1
390,5187,46.25,433.75,165.10,364.92,0.8863,-1,-1,-1
390,4,1068.50,397.13,245.37,615.13,0.8533,-1,-1,-1
390,2,296.99,441.35,97.11,357.55,0.8097,-1,-1,-1
390,7,936.51,433.96,49.44,150.86,0.7789,-1,-1,-1
390,5188,726.21,477.33,49.97,119.58,0.7249,-1,-1,-1
390,5189,959.59,420.72,144.50,514.40,0.7122,-1,-1,-1
390,1020,531.10,457.36,24.24,66.31,0.6557,-1,-1,-1
390,5190,514.76,460.58,19.39,62.96,0.6118,-1,-1,-1
390,4261,470.02,454.39,31.34,107.27,0.5957,-1,-1,-1
390,5191,708.89,449.73,24.60,62.59,0.5474,-1,-1,-1
390,5192,552.70,457.88,16.21,53.31,0.5035,-1,-1,-1
390,5193,687.25,480.11,48.22,104.50,0.4976,-1,-1,-1
390,5,1254.93,449.43,35.74,86.81,0.4193,-1,-1,-1
390,4007,495.89,459.97,21.94,70.67,0.3968,-1,-1,-1
390,4787,1061.49,433.42,61.61,128.16,0.3896,-1,-1,-1
390,1637,660.71,462.80,22.07,70.79,0.3157,-1,-1,-1
391,5194,382.45,442.78,160.88,301.63,0.9098,-1,-1,-1
391,5195,561.05,408.91,131.70,340.20,0.8975,-1,-1,-1
391,5196,1058.47,395.29,254.02,616.61,0.8715,-1,-1,-1
391,5197,65.77,432.92,146.56,365.99,0.8659,-1,-1,-1
391,5198,934.36,433.18,52.26,154.70,0.7964,-1,-1,-1
391,5199,958.36,420.18,139.58,516.94,0.7316,-1,-1,-1
391,5200,726.48,477.41,49.19,120.40,0.7127,-1,-1,-1
391,5201,303.90,441.22,100.21,357.14,0.6873,-1,-1,-1
391,5202,686.77,481.96,48.35,101.67,0.6725,-1,-1,-1
391,5,530.94,457.60,24.13,66.26,0.6635,-1,-1,-1
391,4261,514.50,460.38,19.23,63.41,0.6330,-1,-1,-1
391,5203,709.15,450.09,25.00,64.63,0.6243,-1,-1,-1
391,5204,495.76,458.81,22.01,76.13,0.5404,-1,-1,-1
391,5205,1063.53,432.26,76.43,128.84,0.4988,-1,-1,-1
391,5206,567.46,456.43,17.33,54.20,0.4819,-1,-1,-1
391,5207,1255.03,449.97,32.32,87.42,0.3748,-1,-1,-1
391,5208,467.98,454.75,30.75,107.78,0.3224,-1,-1,-1
392,5209,572.14,407.11,121.17,351.37,0.8879,-1,-1,-1
392,5210,1066.06,398.37,241.14,614.09,0.8632,-1,-1,-1
392,5211,370.20,443.37,175.54,295.65,0.8518,-1,-1,-1
392,5212,89.34,433.03,129.17,365.10,0.8271,-1,-1,-1
392,5213,309.57,441.11,114.31,357.21,0.8132,-1,-1,-1
392,5214,727.95,475.01,47.93,124.16,0.7579,-1,-1,-1
392,5215,933.69,434.14,50.45,176.98,0.7551,-1,-1,-1
392,5216,960.10,420.96,137.29,516.07,0.7359,-1,-1,-1
392,5217,514.94,460.43,19.54,63.05,0.6610,-1,-1,-1
392,5,531.73,457.63,23.84,66.28,0.6561,-1,-1,-1
392,4261,495.88,458.94,22.07,77.32,0.6537,-1,-1,-1
392,5218,1068.93,431.87,63.58,127.98,0.6337,-1,-1,-1
392,5219,710.45,451.07,23.06,64.48,0.5892,-1,-1,-1
392,5220,569.00,457.03,17.66,54.39,0.5740,-1,-1,-1
392,5221,687.49,481.34,46.00,98.36,0.4868,-1,-1,-1
392,5222,1253.73,447.93,32.56,91.69,0.4713,-1,-1,-1
392,5223,552.50,457.87,16.48,52.55,0.4590,-1,-1,-1
393,5224,311.88,443.13,152.08,355.60,0.8823,-1,-1,-1
393,5225,1066.72,395.97,237.64,616.32,0.8752,-1,-1,-1
393,5226,582.69,406.39,112.66,343.51,0.8689,-1,-1,-1
393,5227,928.96,436.21,52.92,179.07,0.8098,-1,-1,-1
393,5228,405.00,441.75,140.18,292.22,0.7857,-1,-1,-1
393,5229,728.81,473.74,46.95,125.51,0.7442,-1,-1,-1
393,5230,965.43,421.43,132.39,514.60,0.7264,-1,-1,-1
393,5231,495.96,458.97,22.02,74.49,0.7055,-1,-1,-1
393,5232,102.00,432.86,122.87,364.90,0.6883,-1,-1,-1
393,5233,1070.74,431.72,65.27,125.18,0.6678,-1,-1,-1
393,5,515.20,461.52,18.77,62.11,0.6624,-1,-1,-1
393,5234,531.49,461.42,24.93,62.50,0.6390,-1,-1,-1
393,5235,686.34,472.32,45.01,108.00,0.6019,-1,-1,-1
393,5236,711.10,452.17,23.00,63.01,0.5991,-1,-1,-1
393,5237,569.38,457.52,17.51,53.78,0.5938,-1,-1,-1
393,7,1252.20,448.10,32.90,91.57,0.5039,-1,-1,-1
393,5238,1855.12,527.58,46.60,125.46,0.3273,-1,-1,-1
394,5239,1059.44,394.02,246.17,617.90,0.9082,-1,-1,-1
394,5240,311.34,445.43,161.43,352.30,0.8621,-1,-1,-1
394,5241,590.50,406.39,104.83,340.67,0.8459,-1,-1,-1
394,5242,109.36,433.87,122.71,365.11,0.8279,-1,-1,-1
394,5243,725.29,471.17,49.88,127.37,0.8122,-1,-1,-1
394,5244,927.35,438.33,49.33,174.95,0.7788,-1,-1,-1
394,5245,959.02,420.97,138.76,516.45,0.7170,-1,-1,-1
394,5246,1073.81,431.64,62.53,123.47,0.7063,-1,-1,-1
394,5247,495.36,459.70,22.43,75.67,0.6859,-1,-1,-1
394,5248,411.72,442.01,134.22,291.82,0.6832,-1,-1,-1
394,5,514.64,461.54,19.15,63.02,0.6687,-1,-1,-1
394,5249,532.36,461.39,25.20,62.81,0.6070,-1,-1,-1
394,4261,711.99,453.17,22.85,55.19,0.5849,-1,-1,-1
394,5250,1250.11,448.18,34.51,91.66,0.5615,-1,-1,-1
394,5251,569.15,456.54,16.68,54.11,0.4986,-1,-1,-1
394,5252,1855.97,527.20,45.65,125.75,0.4578,-1,-1,-1
394,5253,686.72,470.20,43.26,105.07,0.4052,-1,-1,-1
395,5254,421.29,438.48,125.17,294.24,0.8837,-1,-1,-1
395,5255,1070.45,396.62,232.63,616.04,0.8834,-1,-1,-1
395,5256,312.53,444.92,167.42,352.57,0.8774,-1,-1,-1
395,5257,723.57,469.58,50.92,126.21,0.8289,-1,-1,-1
395,5258,594.40,406.21,104.66,340.39,0.8281,-1,-1,-1
395,5259,924.52,439.79,49.35,174.07,0.8033,-1,-1,-1
395,5260,119.94,434.77,116.24,363.56,0.7966,-1,-1,-1
395,5261,963.97,422.20,133.15,515.71,0.7421,-1,-1,-1
395,5262,1077.52,431.50,64.76,124.05,0.6457,-1,-1,-1
395,5263,515.18,460.64,20.61,63.31,0.6419,-1,-1,-1
395,5,534.28,459.34,24.47,64.94,0.6379,-1,-1,-1
395,5264,1249.48,447.96,34.72,91.83,0.6001,-1,-1,-1
395,5265,494.84,460.76,23.12,72.39,0.5961,-1,-1,-1
395,5266,568.88,456.64,17.01,54.25,0.5268,-1,-1,-1
395,5267,684.86,460.67,44.42,115.60,0.5182,-1,-1,-1
395,5268,712.32,453.36,22.22,53.58,0.5030,-1,-1,-1
396,5269,313.89,446.65,167.59,350.75,0.8965,-1,-1,-1
396,5270,1069.19,397.65,231.35,615.01,0.8869,-1,-1,-1
396,5271,427.84,437.79,118.38,294.68,0.8706,-1,-1,-1
396,5272,125.37,435.21,134.25,362.43,0.8446,-1,-1,-1
396,5273,920.16,441.12,55.55,171.99,0.8401,-1,-1,-1
396,5274,722.22,469.42,51.83,125.84,0.8024,-1,-1,-1
396,5275,977.55,421.71,120.29,515.92,0.7209,-1,-1,-1
396,5276,613.44,404.97,92.48,343.01,0.7029,-1,-1,-1
396,5277,1083.33,432.01,58.96,123.97,0.6665,-1,-1,-1
396,5278,533.98,459.39,24.24,64.72,0.6429,-1,-1,-1
396,5,515.61,461.23,20.68,61.60,0.6347,-1,-1,-1
396,5279,569.10,457.43,17.03,53.93,0.5681,-1,-1,-1
396,5280,713.02,453.30,22.77,53.27,0.5218,-1,-1,-1
396,5281,1248.85,447.35,33.48,90.32,0.4710,-1,-1,-1
396,5282,586.69,458.09,17.39,53.75,0.4124,-1,-1,-1
396,5283,685.67,462.20,39.99,122.44,0.4069,-1,-1,-1
396,4261,973.09,484.14,34.90,74.84,0.3337,-1,-1,-1
397,4787,313.40,447.44,172.76,349.20,0.9025,-1,-1,-1
397,4,1068.29,397.18,234.29,615.47,0.8960,-1,-1,-1
397,2,432.09,437.42,114.30,295.09,0.8740,-1,-1,-1
397,5284,133.30,436.19,145.90,361.61,0.8422,-1,-1,-1
397,5285,596.89,404.60,115.44,344.19,0.8205,-1,-1,-1
397,5286,917.86,440.72,52.03,173.46,0.7933,-1,-1,-1
397,5287,721.42,469.06,50.83,127.11,0.7872,-1,-1,-1
397,5288,972.92,422.45,124.67,515.17,0.7323,-1,-1,-1
397,7,1085.61,431.95,57.43,122.59,0.6294,-1,-1,-1
397,5289,1248.82,447.26,34.57,90.42,0.6151,-1,-1,-1
397,4261,534.85,457.95,24.26,66.04,0.5861,-1,-1,-1
397,5290,568.44,456.11,17.72,55.04,0.5536,-1,-1,-1
397,5291,713.97,453.55,21.56,52.29,0.5159,-1,-1,-1
397,5292,586.46,457.00,16.40,54.61,0.5130,-1,-1,-1
397,1637,514.69,461.05,19.86,63.34,0.4319,-1,-1,-1
397,5293,967.35,483.48,40.29,78.95,0.4155,-1,-1,-1
397,5,965.41,453.69,23.08,68.62,0.4123,-1,-1,-1
397,4007,992.13,448.06,22.79,59.83,0.3233,-1,-1,-1
397,3,1306.50,430.85,31.54,113.35,0.3033,-1,-1,-1
398,5294,135.31,438.33,154.73,359.93,0.9156,-1,-1,-1
398,5295,313.52,445.31,171.83,350.63,0.9092,-1,-1,-1
398,5296,1070.27,397.69,237.38,615.09,0.9017,-1,-1,-1
398,5297,441.33,435.88,105.64,296.82,0.8781,-1,-1,-1
398,5298,596.71,405.18,121.25,342.65,0.8371,-1,-1,-1
398,5299,718.81,469.41,52.84,127.01,0.8010,-1,-1,-1
398,5300,915.73,440.65,52.34,174.29,0.7599,-1,-1,-1
398,5301,974.33,422.74,126.44,514.80,0.7145,-1,-1,-1
398,5302,538.55,456.39,21.04,67.56,0.6388,-1,-1,-1
398,5303,586.66,456.26,16.25,55.21,0.5677,-1,-1,-1
398,5,568.40,455.45,17.96,55.51,0.5608,-1,-1,-1
398,5304,1249.12,447.19,34.09,90.33,0.5558,-1,-1,-1
398,5305,966.11,453.74,23.88,69.68,0.5516,-1,-1,-1
398,5306,1086.14,431.54,59.21,121.97,0.5510,-1,-1,-1
398,5307,714.37,453.69,21.12,45.23,0.5292,-1,-1,-1
398,5308,992.15,448.51,22.43,60.98,0.3427,-1,-1,-1
399,5309,135.64,437.98,185.74,359.80,0.9107,-1,-1,-1
399,5310,312.92,448.15,176.27,346.01,0.9023,-1,-1,-1
399,5311,1071.49,396.52,235.55,616.68,0.8866,-1,-1,-1
399,5312,457.85,437.34,89.04,295.34,0.8739,-1,-1,-1
399,2,604.77,404.68,128.23,343.46,0.8423,-1,-1,-1
399,5313,718.74,465.42,51.88,132.00,0.7642,-1,-1,-1
399,5314,983.40,422.60,114.44,514.07,0.7321,-1,-1,-1
399,5315,913.38,441.91,53.00,170.72,0.7007,-1,-1,-1
399,5316,1246.17,447.10,35.95,89.72,0.6270,-1,-1,-1
399,5317,567.35,454.91,19.18,56.76,0.6138,-1,-1,-1
399,5,586.31,456.56,17.96,54.98,0.5924,-1,-1,-1
399,5318,536.73,457.06,22.88,67.04,0.5606,-1,-1,-1
399,5319,713.97,454.08,22.46,50.35,0.5265,-1,-1,-1
399,5320,966.07,454.04,22.59,68.47,0.5059,-1,-1,-1
399,5321,1092.73,429.78,44.84,115.20,0.4715,-1,-1,-1
400,2,136.04,438.56,196.44,358.56,0.9199,-1,-1,-1
400,5322,1072.02,396.82,232.97,616.90,0.8972,-1,-1,-1
400,5323,333.40,447.10,157.01,347.46,0.8953,-1,-1,-1
400,5324,608.83,405.69,136.33,341.81,0.8508,-1,-1,-1
400,5325,471.84,433.63,79.35,298.19,0.8451,-1,-1,-1
400,5326,978.70,422.70,119.20,513.74,0.7268,-1,-1,-1
400,5327,717.47,466.02,51.61,130.89,0.7081,-1,-1,-1
400,5328,911.24,441.15,50.71,171.79,0.6778,-1,-1,-1
400,5329,537.08,457.71,22.94,66.82,0.6319,-1,-1,-1
400,5330,1245.91,447.09,35.70,91.17,0.6275,-1,-1,-1
400,5,567.82,456.73,17.88,54.24,0.5543,-1,-1,-1
400,5331,586.09,457.66,16.51,53.69,0.5366,-1,-1,-1
400,5332,714.45,452.84,22.22,54.17,0.5360,-1,-1,-1
400,5333,966.17,453.21,24.33,67.45,0.4814,-1,-1,-1
400,5334,970.73,484.30,37.46,61.52,0.3307,-1,-1,-1
400,7,1884.20,410.19,35.35,193.86,0.3076,-1,-1,-1
401,2,138.96,440.17,188.42,356.23,0.9088,-1,-1,-1
401,5335,1072.14,395.13,213.66,620.67,0.8825,-1,-1,-1
401,5336,333.60,453.55,157.66,339.67,0.8743,-1,-1,-1
401,5337,609.07,407.64,151.97,339.66,0.8650,-1,-1,-1
401,5338,474.16,432.86,84.48,299.42,0.8338,-1,-1,-1
401,5339,716.49,467.12,51.71,135.35,0.7348,-1,-1,-1
401,5340,909.74,437.57,48.08,175.77,0.7252,-1,-1,-1
401,5341,970.96,423.09,128.11,512.19,0.7203,-1,-1,-1
401,5342,538.21,457.41,22.28,65.98,0.6636,-1,-1,-1
401,5343,1244.80,447.35,36.18,91.52,0.6507,-1,-1,-1
401,5,585.77,458.99,17.51,52.01,0.5752,-1,-1,-1
401,5344,966.20,452.02,27.62,69.44,0.5641,-1,-1,-1
401,5345,570.43,457.80,15.36,53.14,0.4940,-1,-1,-1
401,5346,714.50,452.30,22.23,54.42,0.4586,-1,-1,-1
401,5347,993.93,448.26,20.07,61.47,0.3451,-1,-1,-1
401,4,1884.68,410.53,34.86,200.64,0.3377,-1,-1,-1
402,2,140.18,440.93,196.18,354.91,0.9192,-1,-1,-1
402,5348,347.83,444.17,143.23,346.22,0.8757,-1,-1,-1
402,5349,1075.22,395.41,213.25,619.63,0.8661,-1,-1,-1
402,4,616.17,407.38,155.03,340.10,0.8642,-1,-1,-1
402,7,479.63,433.87,88.75,298.57,0.8441,-1,-1,-1
402,5350,709.65,466.96,56.94,133.47,0.7714,-1,-1,-1
402,5351,907.80,447.77,47.15,166.62,0.7434,-1,-1,-1
402,5352,981.10,423.42,118.45,512.87,0.7328,-1,-1,-1
402,5353,1244.31,447.79,35.45,91.13,0.6116,-1,-1,-1
402,5354,966.66,452.28,28.04,69.50,0.5979,-1,-1,-1
402,5342,539.13,455.61,22.32,68.84,0.5746,-1,-1,-1
402,5355,714.46,452.00,22.32,48.25,0.5380,-1,-1,-1
402,5356,585.47,457.85,18.02,53.05,0.4996,-1,-1,-1
402,5357,937.93,444.92,26.66,71.47,0.3972,-1,-1,-1
402,5358,966.82,485.92,40.73,77.37,0.3903,-1,-1,-1
402,4787,1884.93,407.46,34.61,225.06,0.3555,-1,-1,-1
402,1637,569.39,456.53,17.31,54.85,0.3474,-1,-1,-1
402,5,994.82,448.23,18.53,62.63,0.3334,-1,-1,-1
402,4261,577.49,495.17,46.28,113.53,0.3077,-1,-1,-1
403,2,142.67,440.51,206.51,355.47,0.9250,-1,-1,-1
403,5359,622.96,407.12,158.59,340.40,0.9027,-1,-1,-1
403,5360,351.95,444.47,139.49,327.55,0.8971,-1,-1,-1
403,5361,1074.36,395.70,208.85,618.73,0.8728,-1,-1,-1
403,4787,489.24,432.33,101.28,299.16,0.8596,-1,-1,-1
403,7,711.30,467.25,54.50,132.62,0.8000,-1,-1,-1
403,5362,978.81,423.41,121.32,513.15,0.7395,-1,-1,-1
403,5363,567.51,493.07,57.72,116.56,0.6916,-1,-1,-1
403,5364,900.76,448.26,50.53,165.87,0.6889,-1,-1,-1
403,5365,1242.59,447.65,35.18,90.85,0.5742,-1,-1,-1
403,5366,967.39,451.15,28.32,70.91,0.5712,-1,-1,-1
403,5367,584.80,459.26,18.28,47.21,0.4279,-1,-1,-1
403,5368,994.10,447.69,19.57,65.32,0.4239,-1,-1,-1
403,5369,617.82,456.17,25.55,41.94,0.3864,-1,-1,-1
403,5370,715.37,452.23,21.51,46.25,0.3614,-1,-1,-1
403,5371,942.98,445.43,22.11,69.08,0.3338,-1,-1,-1
404,2,143.49,439.32,205.48,354.66,0.9218,-1,-1,-1
404,5372,367.10,441.86,124.96,331.99,0.8912,-1,-1,-1
404,5373,626.39,406.95,163.35,340.17,0.8899,-1,-1,-1
404,5374,1076.23,395.09,220.51,620.41,0.8678,-1,-1,-1
404,4787,491.63,434.71,119.33,297.26,0.8630,-1,-1,-1
404,7,715.24,465.59,49.51,140.53,0.7880,-1,-1,-1
404,5375,897.32,449.00,53.52,165.37,0.7502,-1,-1,-1
404,5376,986.63,423.45,111.85,512.52,0.7310,-1,-1,-1
404,4261,567.01,495.47,60.42,115.42,0.6873,-1,-1,-1
404,5377,968.56,451.54,28.90,70.78,0.6665,-1,-1,-1
404,5378,1242.02,448.20,34.93,90.28,0.6305,-1,-1,-1
404,5379,380.47,462.41,42.54,53.18,0.4414,-1,-1,-1
404,5380,568.46,455.54,19.05,56.35,0.4257,-1,-1,-1
404,5381,994.02,447.69,21.42,65.75,0.3926,-1,-1,-1
404,5382,956.31,485.83,50.63,79.39,0.3726,-1,-1,-1
404,5383,935.69,445.25,31.40,70.65,0.3668,-1,-1,-1
404,5,461.62,454.51,30.40,84.17,0.3243,-1,-1,-1
404,5342,584.84,458.61,18.89,42.85,0.3164,-1,-1,-1
404,4,1885.70,406.44,33.84,218.56,0.3133,-1,-1,-1
405,2,153.50,438.23,195.43,354.76,0.9133,-1,-1,-1
405,5384,630.49,407.11,162.56,340.34,0.8987,-1,-1,-1
405,5385,495.70,437.25,134.70,294.34,0.8752,-1,-1,-1
405,4,1078.78,392.89,199.96,622.34,0.8665,-1,-1,-1
405,5386,382.75,441.01,108.75,332.06,0.8362,-1,-1,-1
405,7,719.30,465.81,44.15,139.30,0.7653,-1,-1,-1
405,5387,983.48,423.31,115.57,513.16,0.7470,-1,-1,-1
405,5388,895.85,440.61,50.83,173.61,0.7272,-1,-1,-1
405,5389,1241.37,448.10,34.10,90.23,0.6846,-1,-1,-1
405,5390,570.38,494.54,48.75,117.34,0.6488,-1,-1,-1
405,5391,380.47,462.51,43.23,57.22,0.5531,-1,-1,-1
405,5392,969.43,445.46,28.98,77.79,0.4895,-1,-1,-1
405,5393,1885.65,407.46,33.89,217.63,0.4068,-1,-1,-1
405,5394,948.70,447.70,18.68,67.56,0.3943,-1,-1,-1
405,5395,1305.76,430.06,33.42,115.25,0.3581,-1,-1,-1
405,5396,584.44,459.87,19.07,37.23,0.3386,-1,-1,-1
405,4261,1855.54,523.80,47.15,131.18,0.3267,-1,-1,-1
405,5,997.11,447.91,22.92,65.81,0.3044,-1,-1,-1
406,2,161.79,437.54,187.99,353.64,0.9171,-1,-1,-1
406,5397,636.65,408.07,159.14,338.66,0.9048,-1,-1,-1
406,5398,495.76,438.45,145.94,293.44,0.8661,-1,-1,-1
406,4,1078.16,394.60,196.33,620.99,0.8579,-1,-1,-1
406,5399,399.89,441.31,96.13,330.64,0.8518,-1,-1,-1
406,7,720.85,467.30,41.74,139.55,0.7669,-1,-1,-1
406,5400,989.05,423.55,109.42,512.77,0.7497,-1,-1,-1
406,5401,894.03,444.70,50.91,169.22,0.7308,-1,-1,-1
406,5402,572.66,494.38,41.60,122.82,0.6918,-1,-1,-1
406,5403,1242.81,448.24,33.35,90.08,0.6614,-1,-1,-1
406,5404,380.20,463.31,43.80,55.97,0.6053,-1,-1,-1
406,5405,617.67,458.39,28.68,72.51,0.5773,-1,-1,-1
406,5406,948.80,448.84,19.81,66.91,0.5479,-1,-1,-1
406,4261,970.56,445.36,26.52,78.56,0.4870,-1,-1,-1
406,5407,1886.25,405.93,33.28,217.14,0.3605,-1,-1,-1
406,5408,1306.22,430.19,33.09,114.13,0.3368,-1,-1,-1
406,5409,996.87,448.12,22.19,65.32,0.3334,-1,-1,-1
406,5410,584.11,459.67,18.36,37.17,0.3323,-1,-1,-1
406,5,595.25,452.16,18.92,52.69,0.3106,-1,-1,-1
407,5411,639.84,408.34,154.26,338.24,0.9086,-1,-1,-1
407,5412,176.44,434.96,172.73,354.43,0.8954,-1,-1,-1
407,2,497.98,439.61,149.95,292.50,0.8857,-1,-1,-1
407,4,1076.71,398.00,190.67,616.96,0.8747,-1,-1,-1
407,4787,412.06,442.09,91.56,329.60,0.8514,-1,-1,-1
407,5413,882.62,440.67,61.44,173.44,0.7810,-1,-1,-1
407,5066,990.74,423.56,108.18,512.95,0.7571,-1,-1,-1
407,5414,725.04,468.13,35.90,137.18,0.7051,-1,-1,-1
407,5415,617.42,458.56,29.04,73.45,0.7030,-1,-1,-1
407,5416,380.25,463.26,43.99,57.66,0.5886,-1,-1,-1
407,5417,1245.86,448.31,28.74,90.53,0.5806,-1,-1,-1
407,5418,947.42,449.36,22.90,67.51,0.5218,-1,-1,-1
407,5419,970.78,445.84,27.56,75.10,0.4924,-1,-1,-1
407,5420,584.32,459.92,18.81,45.93,0.3891,-1,-1,-1
407,5421,997.17,447.99,23.20,65.03,0.3713,-1,-1,-1
407,5422,570.50,485.93,39.66,132.10,0.3536,-1,-1,-1
407,5423,1884.80,404.33,34.74,212.68,0.3422,-1,-1,-1
408,5424,499.98,439.13,149.54,292.97,0.9168,-1,-1,-1
408,5425,642.55,409.82,153.40,336.92,0.9068,-1,-1,-1
408,5426,417.80,438.10,93.64,333.75,0.8599,-1,-1,-1
408,5427,204.18,435.59,144.76,339.37,0.8596,-1,-1,-1
408,5428,1077.50,397.80,190.95,616.21,0.8590,-1,-1,-1
408,5429,880.10,441.88,60.61,172.81,0.8201,-1,-1,-1
408,4,991.62,423.38,107.24,513.39,0.7666,-1,-1,-1
408,4261,618.27,458.54,28.02,73.83,0.7183,-1,-1,-1
408,5430,380.60,461.71,47.02,59.90,0.6151,-1,-1,-1
408,5431,946.75,448.58,26.31,72.30,0.6084,-1,-1,-1
408,5432,585.20,461.12,17.34,46.27,0.5020,-1,-1,-1
408,7,1242.62,448.76,32.20,90.13,0.4971,-1,-1,-1
408,5,972.28,453.08,25.29,67.24,0.4891,-1,-1,-1
408,5433,970.83,484.30,38.16,76.09,0.4028,-1,-1,-1
408,5434,595.93,452.23,16.95,54.52,0.3281,-1,-1,-1
409,5435,643.35,412.00,152.31,334.85,0.9114,-1,-1,-1
409,5436,501.69,441.37,149.79,290.35,0.8955,-1,-1,-1
409,4787,208.04,433.74,141.54,340.35,0.8724,-1,-1,-1
409,5437,1071.66,398.15,193.75,618.38,0.8693,-1,-1,-1
409,5438,423.65,439.29,101.31,331.85,0.8508,-1,-1,-1
409,7,876.55,440.94,63.47,172.70,0.8465,-1,-1,-1
409,2,992.26,422.86,106.81,513.15,0.7901,-1,-1,-1
409,5439,618.05,457.79,28.85,75.77,0.7504,-1,-1,-1
409,5440,951.30,449.17,21.75,72.09,0.5557,-1,-1,-1
409,5441,1245.67,449.01,27.89,89.54,0.5029,-1,-1,-1
409,5442,999.21,448.02,23.04,67.92,0.4546,-1,-1,-1
409,5443,381.20,462.03,44.96,62.24,0.4199,-1,-1,-1
409,5444,418.11,456.08,32.22,48.55,0.4058,-1,-1,-1
409,5445,595.89,452.18,17.45,55.67,0.3921,-1,-1,-1
409,5446,489.04,461.70,23.49,80.14,0.3810,-1,-1,-1
409,5,972.57,457.46,27.38,63.88,0.3490,-1,-1,-1
410,5447,645.50,410.11,150.45,335.85,0.9109,-1,-1,-1
410,5448,511.01,436.80,143.43,294.95,0.8971,-1,-1,-1
410,5449,223.36,430.74,127.48,342.84,0.8805,-1,-1,-1
410,5450,428.01,438.05,116.34,332.65,0.8598,-1,-1,-1
410,5451,1069.59,396.90,195.47,620.10,0.8429,-1,-1,-1
410,7,877.33,441.08,61.95,171.52,0.8249,-1,-1,-1
410,2,992.13,422.50,107.33,513.28,0.7752,-1,-1,-1
410,4261,618.46,457.81,27.66,74.97,0.7064,-1,-1,-1
410,5452,953.63,449.78,21.03,75.22,0.6488,-1,-1,-1
410,5453,419.09,456.48,31.98,55.59,0.5782,-1,-1,-1
410,5454,935.60,446.32,24.44,69.43,0.4930,-1,-1,-1
410,5455,952.94,483.70,56.07,98.42,0.4863,-1,-1,-1
410,5456,381.36,462.09,45.72,57.18,0.4739,-1,-1,-1
410,5457,1241.47,448.49,31.59,90.48,0.4491,-1,-1,-1
410,5458,974.57,452.52,27.47,65.13,0.4405,-1,-1,-1
410,4007,492.85,464.96,21.89,71.80,0.4029,-1,-1,-1
410,5,1000.61,448.11,23.25,67.41,0.3594,-1,-1,-1
411,2,645.70,411.83,150.33,331.41,0.9121,-1,-1,-1
411,4787,524.82,435.22,129.66,294.22,0.9019,-1,-1,-1
411,5459,433.66,440.43,127.87,330.25,0.8817,-1,-1,-1
411,5460,1065.68,397.02,196.79,620.57,0.8563,-1,-1,-1
411,5461,877.45,441.83,60.62,170.67,0.8506,-1,-1,-1
411,5462,249.40,431.95,104.33,341.00,0.8089,-1,-1,-1
411,4,988.86,422.87,109.79,512.74,0.7623,-1,-1,-1
411,4261,618.52,457.53,27.82,76.28,0.7199,-1,-1,-1
411,5,952.90,449.79,24.38,73.41,0.6966,-1,-1,-1
411,5463,418.44,456.07,33.35,59.91,0.5678,-1,-1,-1
411,5464,381.05,462.10,45.83,57.02,0.5200,-1,-1,-1
411,5465,1247.13,448.85,24.45,89.39,0.4752,-1,-1,-1
411,5466,1001.09,448.15,21.97,70.02,0.4653,-1,-1,-1
411,5467,975.89,452.90,26.59,66.27,0.3438,-1,-1,-1
411,5468,935.57,446.28,24.41,71.47,0.3335,-1,-1,-1
412,4,647.27,409.91,148.33,332.63,0.9165,-1,-1,-1
412,4787,528.05,434.11,127.15,287.72,0.9028,-1,-1,-1
412,5469,435.59,441.39,140.26,329.08,0.8893,-1,-1,-1
412,5470,267.55,431.38,97.73,344.35,0.8588,-1,-1,-1
412,5471,1063.78,398.45,194.02,618.42,0.8481,-1,-1,-1
412,5472,877.24,441.17,58.04,169.22,0.8298,-1,-1,-1
412,2,988.39,422.80,109.87,513.73,0.7694,-1,-1,-1
412,4261,618.87,456.99,27.02,72.82,0.7152,-1,-1,-1
412,5,951.71,450.45,26.45,73.67,0.7010,-1,-1,-1
412,5463,418.76,456.29,33.41,69.43,0.6451,-1,-1,-1
412,5473,1240.09,448.92,30.29,88.94,0.5486,-1,-1,-1
412,5474,381.46,462.01,42.61,57.52,0.5182,-1,-1,-1
412,5475,1001.21,447.77,23.02,70.50,0.5088,-1,-1,-1
412,5476,1183.36,422.46,86.66,190.77,0.4622,-1,-1,-1
412,5477,520.17,459.37,22.29,62.81,0.4449,-1,-1,-1
412,3,654.95,462.47,25.86,71.72,0.3764,-1,-1,-1
412,5467,976.57,449.88,26.19,68.68,0.3647,-1,-1,-1
412,4007,970.63,484.57,38.96,81.92,0.3270,-1,-1,-1
413,2,650.79,408.30,145.07,333.86,0.9126,-1,-1,-1
413,4787,536.71,436.92,118.22,280.94,0.8953,-1,-1,-1
413,5478,272.44,431.81,101.89,343.28,0.8720,-1,-1,-1
413,5479,434.87,442.62,156.17,327.58,0.8668,-1,-1,-1
413,5480,1061.55,398.85,197.20,617.60,0.8463,-1,-1,-1
413,5481,979.54,419.92,119.99,517.26,0.8058,-1,-1,-1
413,5482,876.29,441.11,57.28,169.48,0.7932,-1,-1,-1
413,5483,954.89,450.36,23.91,74.93,0.7271,-1,-1,-1
413,5484,617.66,457.02,27.84,74.29,0.7176,-1,-1,-1
413,4261,417.84,456.52,34.21,73.78,0.6206,-1,-1,-1
413,5485,520.46,459.86,23.09,65.01,0.6177,-1,-1,-1
413,5486,1238.78,448.22,31.37,89.51,0.5925,-1,-1,-1
413,5487,381.49,461.93,47.43,112.75,0.5597,-1,-1,-1
413,5488,1000.78,448.03,23.11,70.46,0.5436,-1,-1,-1
413,5489,1181.56,419.16,87.46,192.64,0.5045,-1,-1,-1
413,5,953.74,485.47,55.86,96.93,0.4614,-1,-1,-1
413,7,978.03,453.19,24.71,62.99,0.3949,-1,-1,-1
414,5490,435.35,442.25,158.71,327.94,0.8965,-1,-1,-1
414,4787,546.87,431.01,108.24,287.13,0.8905,-1,-1,-1
414,5491,656.50,408.20,140.13,333.08,0.8875,-1,-1,-1
414,5492,279.96,431.59,103.75,341.97,0.8450,-1,-1,-1
414,4,1058.52,397.30,197.43,618.65,0.8377,-1,-1,-1
414,5493,875.79,441.18,53.92,167.07,0.8356,-1,-1,-1
414,5494,983.17,418.64,114.92,518.52,0.8197,-1,-1,-1
414,5495,381.20,461.14,45.09,115.13,0.7237,-1,-1,-1
414,5496,955.05,450.36,24.05,74.15,0.7105,-1,-1,-1
414,4261,416.91,456.16,35.66,84.55,0.6226,-1,-1,-1
414,5497,617.32,456.35,28.58,73.27,0.5523,-1,-1,-1
414,5498,1242.16,448.45,25.92,89.35,0.4964,-1,-1,-1
414,5499,1002.15,447.94,21.94,70.28,0.4895,-1,-1,-1
414,5500,1176.59,416.09,91.92,203.20,0.4850,-1,-1,-1
414,5501,979.57,453.74,24.68,62.65,0.4181,-1,-1,-1
414,5502,662.16,463.04,21.82,41.56,0.3855,-1,-1,-1
414,2,954.07,485.83,55.07,96.99,0.3680,-1,-1,-1
414,4007,459.70,456.69,23.44,50.29,0.3634,-1,-1,-1
414,5,524.28,461.11,18.62,63.66,0.3374,-1,-1,-1
414,7,538.70,456.59,24.01,72.56,0.3032,-1,-1,-1
415,5503,661.52,407.59,135.08,332.80,0.9003,-1,-1,-1
415,4787,433.23,444.76,163.32,325.22,0.8838,-1,-1,-1
415,5504,548.73,432.30,107.10,287.14,0.8833,-1,-1,-1
415,5505,284.86,433.58,118.99,340.24,0.8793,-1,-1,-1
415,4,1056.31,398.17,195.66,617.65,0.8478,-1,-1,-1
415,5506,872.61,439.43,52.75,165.91,0.8271,-1,-1,-1
415,5507,978.31,418.53,118.67,519.05,0.8052,-1,-1,-1
415,5508,381.28,460.83,46.34,114.83,0.7356,-1,-1,-1
415,5509,956.26,450.05,23.18,74.62,0.6802,-1,-1,-1
415,4261,415.85,456.46,35.87,87.87,0.6345,-1,-1,-1
415,5510,453.89,455.89,35.23,56.74,0.6191,-1,-1,-1
415,5511,642.16,491.41,43.82,95.12,0.5873,-1,-1,-1
415,5512,1000.06,448.05,24.23,74.49,0.5495,-1,-1,-1
415,5513,1238.44,449.22,28.19,88.94,0.4708,-1,-1,-1
415,5514,618.08,455.95,28.02,76.87,0.4320,-1,-1,-1
415,5515,1176.23,419.49,91.87,193.68,0.3766,-1,-1,-1
415,5516,662.36,462.96,22.57,40.47,0.3122,-1,-1,-1
416,5517,432.64,445.86,164.47,323.82,0.8982,-1,-1,-1
416,5518,670.03,407.27,126.90,328.54,0.8919,-1,-1,-1
416,5519,287.27,433.76,137.73,339.39,0.8769,-1,-1,-1
416,5520,564.94,432.30,90.98,285.99,0.8754,-1,-1,-1
416,4,1053.19,399.35,204.33,619.47,0.8694,-1,-1,-1
416,7,871.18,439.17,48.74,165.89,0.8356,-1,-1,-1
416,5521,381.36,461.60,47.44,114.13,0.7636,-1,-1,-1
416,5522,987.59,414.37,107.11,522.70,0.7457,-1,-1,-1
416,5496,958.75,449.15,23.27,75.03,0.6803,-1,-1,-1
416,5523,642.17,491.74,44.60,95.74,0.6544,-1,-1,-1
416,5524,416.17,456.99,35.76,92.84,0.6333,-1,-1,-1
416,5525,1001.32,448.15,23.95,74.74,0.6173,-1,-1,-1
416,5526,1237.81,448.52,27.94,84.13,0.5399,-1,-1,-1
416,5527,541.40,456.20,23.20,65.36,0.4626,-1,-1,-1
416,5528,460.50,455.83,28.16,57.76,0.4613,-1,-1,-1
416,5529,954.71,484.83,54.89,98.73,0.4481,-1,-1,-1
416,5530,1171.98,415.52,96.19,196.83,0.4445,-1,-1,-1
416,5,662.30,463.07,23.04,41.76,0.3146,-1,-1,-1
417,5531,678.23,406.59,122.63,325.97,0.9043,-1,-1,-1
417,5532,431.89,446.66,166.27,322.74,0.9030,-1,-1,-1
417,5533,1052.99,396.13,200.02,621.05,0.8723,-1,-1,-1
417,5534,286.55,435.93,142.90,337.64,0.8418,-1,-1,-1
417,5535,579.24,432.48,83.84,285.94,0.8415,-1,-1,-1
417,2,866.74,438.00,46.80,166.83,0.8386,-1,-1,-1
417,5536,992.82,415.22,102.12,522.44,0.7894,-1,-1,-1
417,5537,381.52,461.77,47.35,114.35,0.7867,-1,-1,-1
417,5496,960.57,449.09,22.71,74.63,0.6517,-1,-1,-1
417,5538,416.22,456.89,37.03,100.94,0.6153,-1,-1,-1
417,5,454.13,455.13,35.52,72.44,0.5936,-1,-1,-1
417,5539,1003.64,448.16,20.98,74.81,0.5508,-1,-1,-1
417,5540,954.52,484.65,55.34,99.39,0.5120,-1,-1,-1
417,5541,1169.06,412.16,101.88,202.93,0.4281,-1,-1,-1
417,5542,1166.87,414.18,153.16,492.07,0.4256,-1,-1,-1
417,5543,1243.17,448.71,21.07,78.08,0.3644,-1,-1,-1
417,5544,641.56,490.82,45.01,102.34,0.3295,-1,-1,-1
417,4261,983.99,454.56,22.47,49.97,0.3265,-1,-1,-1
418,5545,687.44,406.95,115.80,324.28,0.9018,-1,-1,-1
418,5546,437.57,448.75,163.69,318.14,0.8940,-1,-1,-1
418,5547,286.97,438.18,162.52,334.74,0.8883,-1,-1,-1
418,5548,1050.11,396.59,203.33,620.86,0.8823,-1,-1,-1
418,5549,861.32,437.43,50.41,166.63,0.8250,-1,-1,-1
418,5550,590.41,431.73,74.31,286.82,0.8165,-1,-1,-1
418,5551,382.09,462.12,46.10,113.96,0.7961,-1,-1,-1
418,5552,989.55,414.82,103.33,523.00,0.7528,-1,-1,-1
418,5496,961.86,448.50,21.63,74.89,0.6807,-1,-1,-1
418,5553,415.88,456.99,36.39,107.17,0.6682,-1,-1,-1
418,5554,954.53,484.32,54.97,98.79,0.5778,-1,-1,-1
418,5555,456.57,458.57,31.81,76.01,0.5740,-1,-1,-1
418,5556,1004.54,448.37,19.47,75.21,0.5215,-1,-1,-1
418,5557,984.13,453.70,23.38,55.16,0.3838,-1,-1,-1
418,5558,479.64,455.83,27.52,50.31,0.3669,-1,-1,-1
418,5559,662.17,463.20,21.85,44.47,0.3483,-1,-1,-1
419,2,694.24,406.52,114.51,324.50,0.8909,-1,-1,-1
419,5560,1048.67,396.88,201.78,620.31,0.8861,-1,-1,-1
419,5561,286.91,437.64,162.59,334.87,0.8824,-1,-1,-1
419,5562,440.85,443.88,160.24,321.50,0.8801,-1,-1,-1
419,5563,861.11,436.66,49.40,167.65,0.8219,-1,-1,-1
419,5564,990.15,415.60,101.54,521.13,0.8157,-1,-1,-1
419,5565,382.02,461.22,45.87,114.72,0.7398,-1,-1,-1
419,5566,416.57,457.18,35.14,113.12,0.7287,-1,-1,-1
419,5567,595.22,431.64,72.27,286.18,0.7097,-1,-1,-1
419,5568,963.85,448.45,20.60,74.54,0.6914,-1,-1,-1
419,5569,954.66,484.02,55.13,99.39,0.6469,-1,-1,-1
419,5570,1004.43,448.44,19.87,74.85,0.5484,-1,-1,-1
419,5571,455.52,458.61,32.14,79.04,0.5300,-1,-1,-1
419,5572,479.88,455.87,28.17,54.02,0.5037,-1,-1,-1
419,5573,1163.56,415.20,156.80,493.69,0.4720,-1,-1,-1
419,5574,570.31,455.93,17.63,41.85,0.3780,-1,-1,-1
419,5,985.58,453.52,21.12,49.87,0.3248,-1,-1,-1
420,5575,288.55,439.57,170.36,330.67,0.9046,-1,-1,-1
420,5576,697.89,406.33,115.70,324.14,0.8908,-1,-1,-1
420,5577,1047.25,396.37,202.37,620.39,0.8816,-1,-1,-1
420,5578,601.44,431.84,86.76,286.77,0.8809,-1,-1,-1
420,5579,452.80,441.82,147.28,323.00,0.8780,-1,-1,-1
420,5580,863.19,436.60,42.48,168.69,0.8149,-1,-1,-1
420,5581,989.59,417.62,101.56,520.12,0.8072,-1,-1,-1
420,5582,416.92,456.59,35.41,114.04,0.7119,-1,-1,-1
420,5583,964.61,447.75,20.85,75.82,0.6736,-1,-1,-1
420,5584,451.56,456.35,35.97,87.92,0.5906,-1,-1,-1
420,7,955.05,484.57,54.98,98.53,0.5651,-1,-1,-1
420,5585,389.67,462.25,37.98,112.69,0.5241,-1,-1,-1
420,5586,1005.31,448.43,19.09,73.01,0.5199,-1,-1,-1
420,5587,1158.37,416.11,157.36,492.88,0.4844,-1,-1,-1
420,5588,570.44,456.59,17.96,52.90,0.4757,-1,-1,-1
420,4261,479.06,456.86,28.83,54.17,0.4585,-1,-1,-1
420,5,985.81,453.67,22.94,50.70,0.3119,-1,-1,-1
421,5589,286.72,440.12,176.02,331.61,0.9087,-1,-1,-1
421,5590,1047.41,397.42,200.25,619.06,0.8911,-1,-1,-1
421,5591,700.11,406.51,116.72,323.33,0.8783,-1,-1,-1
421,5592,461.41,437.82,139.37,324.36,0.8685,-1,-1,-1
421,5593,606.46,433.77,95.47,283.41,0.8536,-1,-1,-1
421,5594,860.95,438.31,45.30,166.05,0.8098,-1,-1,-1
421,5595,985.20,419.58,105.60,517.83,0.7799,-1,-1,-1
421,7,414.99,456.99,36.98,115.49,0.7272,-1,-1,-1
421,5596,450.00,456.39,36.43,92.56,0.6615,-1,-1,-1
421,5597,965.38,447.72,20.70,77.00,0.6367,-1,-1,-1
421,2,956.13,484.64,53.93,97.55,0.5569,-1,-1,-1
421,5598,1156.06,413.42,157.46,493.56,0.5554,-1,-1,-1
421,5599,480.35,455.86,27.13,56.06,0.5395,-1,-1,-1
421,5600,570.57,456.88,17.26,52.35,0.3975,-1,-1,-1
421,5601,1006.36,448.27,17.98,55.29,0.3812,-1,-1,-1
421,5602,1220.21,432.27,73.70,156.07,0.3691,-1,-1,-1
421,5603,683.44,457.45,31.98,75.26,0.3305,-1,-1,-1
421,5,985.91,453.33,26.59,63.33,0.3212,-1,-1,-1
422,2,290.16,442.49,189.23,325.85,0.9052,-1,-1,-1
422,5604,466.16,441.99,134.58,315.94,0.8902,-1,-1,-1
422,5605,705.42,408.00,115.91,322.71,0.8861,-1,-1,-1
422,5606,1048.21,397.26,202.24,620.96,0.8806,-1,-1,-1
422,5607,605.02,433.35,118.48,284.41,0.8744,-1,-1,-1
422,7,854.59,439.04,50.86,165.43,0.7991,-1,-1,-1
422,4,985.97,419.05,104.40,518.19,0.7982,-1,-1,-1
422,4261,415.95,457.02,35.88,114.27,0.7186,-1,-1,-1
422,5608,448.04,456.21,37.46,101.33,0.7110,-1,-1,-1
422,5609,967.26,449.30,19.85,73.69,0.5732,-1,-1,-1
422,5610,480.62,457.52,26.54,54.30,0.5352,-1,-1,-1
422,5611,1156.92,414.85,148.31,490.63,0.5093,-1,-1,-1
422,5612,684.51,457.87,31.32,71.60,0.4730,-1,-1,-1
422,5613,956.21,484.99,53.70,97.35,0.4639,-1,-1,-1
422,5614,1221.95,434.78,75.86,156.71,0.3627,-1,-1,-1
422,5615,1006.68,448.63,17.90,67.82,0.3452,-1,-1,-1
423,2,291.12,440.46,190.73,323.66,0.9105,-1,-1,-1
423,5616,478.60,441.90,121.62,314.51,0.8897,-1,-1,-1
423,5591,706.76,409.72,118.92,320.69,0.8888,-1,-1,-1
423,5617,1047.99,397.63,201.74,624.55,0.8772,-1,-1,-1
423,4787,606.76,436.33,132.34,281.61,0.8712,-1,-1,-1
423,7,851.44,440.51,49.98,163.77,0.8100,-1,-1,-1
423,4,972.57,422.49,117.30,517.67,0.8051,-1,-1,-1
423,4261,446.66,456.56,34.69,103.80,0.6965,-1,-1,-1
423,5618,1163.46,412.23,155.59,492.77,0.6780,-1,-1,-1
423,5619,415.29,456.55,37.11,114.85,0.6222,-1,-1,-1
423,5620,968.19,449.18,20.18,73.91,0.5865,-1,-1,-1
423,5621,588.45,453.43,20.32,58.72,0.5618,-1,-1,-1
423,5622,956.61,483.72,53.23,98.31,0.5581,-1,-1,-1
423,5623,1227.32,435.26,73.84,157.54,0.4647,-1,-1,-1
423,5624,479.61,457.80,27.52,56.70,0.4442,-1,-1,-1
423,5625,987.99,454.89,28.95,64.93,0.3892,-1,-1,-1
423,5,684.42,458.31,31.76,72.55,0.3590,-1,-1,-1
424,2,302.48,437.61,181.96,327.49,0.9224,-1,-1,-1
424,5626,710.60,406.73,118.54,323.52,0.8974,-1,-1,-1
424,4787,606.99,436.73,142.66,280.21,0.8853,-1,-1,-1
424,5627,492.57,440.27,108.32,315.90,0.8705,-1,-1,-1
424,5628,1047.74,397.50,211.23,629.68,0.8612,-1,-1,-1
424,7,851.20,441.13,49.04,162.19,0.8139,-1,-1,-1
424,4,971.34,423.62,118.31,517.71,0.7904,-1,-1,-1
424,5629,1161.78,412.32,161.60,495.63,0.6927,-1,-1,-1
424,5630,589.21,453.11,19.59,57.32,0.6591,-1,-1,-1
424,5631,447.01,456.66,34.46,104.46,0.6508,-1,-1,-1
424,5632,968.71,449.05,22.13,73.32,0.6342,-1,-1,-1
424,5633,423.44,458.02,28.45,115.17,0.5555,-1,-1,-1
424,5634,480.02,458.21,27.25,69.45,0.5221,-1,-1,-1
424,5635,990.10,455.08,29.23,67.08,0.4285,-1,-1,-1
424,5636,956.27,484.65,52.95,98.10,0.3648,-1,-1,-1
424,5637,686.10,469.84,30.17,61.02,0.3444,-1,-1,-1
425,2,308.02,437.51,176.39,325.42,0.9171,-1,-1,-1
425,5638,607.16,440.54,145.17,275.92,0.8887,-1,-1,-1
425,5639,716.15,407.26,116.83,323.38,0.8856,-1,-1,-1
425,5640,1049.08,397.33,200.87,638.13,0.8635,-1,-1,-1
425,5641,513.51,441.30,89.27,314.07,0.8603,-1,-1,-1
425,7,849.56,441.53,47.64,162.03,0.8413,-1,-1,-1
425,4787,971.67,422.63,118.28,517.28,0.7625,-1,-1,-1
425,5642,1161.49,413.75,161.80,496.99,0.7445,-1,-1,-1
425,5643,589.58,453.99,19.54,56.52,0.7176,-1,-1,-1
425,4261,444.80,456.50,35.64,95.54,0.6810,-1,-1,-1
425,5644,478.97,460.09,28.41,73.75,0.5056,-1,-1,-1
425,5645,955.04,483.73,55.00,99.19,0.5001,-1,-1,-1
425,5646,970.97,449.43,20.12,71.31,0.3988,-1,-1,-1
425,5647,1232.55,433.72,82.63,164.21,0.3467,-1,-1,-1
425,5648,616.18,458.58,27.06,34.07,0.3093,-1,-1,-1
425,5649,520.60,460.19,22.65,42.00,0.3030,-1,-1,-1
426,5650,715.93,409.31,119.41,321.10,0.9003,-1,-1,-1
426,5651,322.32,436.61,162.48,319.36,0.8991,-1,-1,-1
426,5652,608.60,440.60,143.72,275.10,0.8948,-1,-1,-1
426,5653,528.06,439.91,79.30,316.85,0.8505,-1,-1,-1
426,5654,1050.21,396.16,210.28,646.50,0.8446,-1,-1,-1
426,7,836.97,441.95,58.82,162.21,0.8253,-1,-1,-1
426,5655,1788.94,423.27,130.56,495.50,0.8014,-1,-1,-1
426,5656,977.30,425.35,113.01,517.76,0.7198,-1,-1,-1
426,5,590.36,453.56,19.44,56.28,0.6918,-1,-1,-1
426,5657,1238.56,432.70,83.67,304.23,0.5973,-1,-1,-1
426,5658,1164.41,413.41,159.96,497.03,0.5911,-1,-1,-1
426,5659,441.64,456.33,38.89,88.93,0.5026,-1,-1,-1
426,5660,478.56,460.38,29.01,56.68,0.4929,-1,-1,-1
426,5661,954.70,483.92,55.34,98.39,0.4547,-1,-1,-1
426,5662,450.11,502.59,53.83,131.29,0.4269,-1,-1,-1
426,5663,615.62,457.90,27.77,42.88,0.3530,-1,-1,-1
427,5664,609.41,443.36,143.34,270.59,0.9100,-1,-1,-1
427,5665,336.18,433.83,149.01,319.78,0.9026,-1,-1,-1
427,5666,719.59,408.31,118.06,323.05,0.8881,-1,-1,-1
427,5667,530.51,439.62,80.43,317.68,0.8692,-1,-1,-1
427,5668,911.55,484.64,98.73,101.82,0.8431,-1,-1,-1
427,7,842.97,441.32,53.73,162.89,0.7961,-1,-1,-1
427,5669,973.11,424.18,118.96,518.80,0.7716,-1,-1,-1
427,5670,1242.64,431.46,84.01,309.31,0.7453,-1,-1,-1
427,5671,1053.05,396.32,203.21,645.88,0.7227,-1,-1,-1
427,5672,443.47,456.18,36.40,86.75,0.6415,-1,-1,-1
427,5673,479.14,461.53,27.87,56.04,0.5921,-1,-1,-1
427,5674,1165.63,411.77,155.71,502.24,0.5145,-1,-1,-1
427,5675,520.37,460.59,22.96,43.12,0.4572,-1,-1,-1
427,5676,1494.85,349.83,424.67,720.76,0.4127,-1,-1,-1
427,5677,616.11,457.18,27.84,37.34,0.3471,-1,-1,-1
427,5678,591.09,461.35,17.79,48.19,0.3215,-1,-1,-1
428,4787,612.01,445.06,141.61,269.03,0.8969,-1,-1,-1
428,5679,722.37,408.48,118.29,323.12,0.8960,-1,-1,-1
428,5680,352.99,433.03,131.51,319.79,0.8834,-1,-1,-1
428,5681,1679.42,327.71,239.55,738.03,0.8784,-1,-1,-1
428,5682,532.69,439.90,82.88,317.86,0.8665,-1,-1,-1
428,7,911.50,484.33,97.88,101.94,0.8460,-1,-1,-1
428,5683,843.65,440.61,45.85,160.53,0.8087,-1,-1,-1
428,5684,1055.67,394.19,208.15,659.84,0.7762,-1,-1,-1
428,5685,976.21,420.29,117.03,521.64,0.7745,-1,-1,-1
428,5686,1168.20,413.61,156.51,504.35,0.5926,-1,-1,-1
428,5687,519.90,459.50,23.43,46.11,0.5069,-1,-1,-1
428,5688,477.27,461.10,28.90,54.24,0.4090,-1,-1,-1
428,5,616.80,456.54,27.96,38.89,0.3983,-1,-1,-1
428,5689,459.16,508.41,37.93,85.67,0.3148,-1,-1,-1
428,5690,1241.35,430.27,86.03,309.08,0.3068,-1,-1,-1
429,5691,725.97,409.04,118.45,322.77,0.8925,-1,-1,-1
429,5692,620.41,442.27,132.43,271.83,0.8925,-1,-1,-1
429,5693,370.31,434.68,113.30,317.90,0.8894,-1,-1,-1
429,5694,536.63,439.18,91.61,317.72,0.8801,-1,-1,-1
429,5695,911.01,483.58,97.92,102.12,0.8762,-1,-1,-1
429,5696,1632.65,321.64,286.76,742.92,0.8216,-1,-1,-1
429,5697,1060.41,394.59,199.96,663.00,0.8044,-1,-1,-1
429,5698,842.47,440.99,44.35,158.81,0.8031,-1,-1,-1
429,5699,977.45,422.13,116.93,520.86,0.7787,-1,-1,-1
429,5700,1172.08,412.65,152.93,506.11,0.6370,-1,-1,-1
429,5,519.91,459.67,24.51,49.30,0.5511,-1,-1,-1
429,5701,1248.28,429.45,87.85,309.87,0.5283,-1,-1,-1
429,5702,477.09,460.70,29.22,85.47,0.4842,-1,-1,-1
429,5703,604.52,493.18,33.96,88.26,0.4306,-1,-1,-1
429,5704,1015.35,450.11,25.23,71.20,0.4006,-1,-1,-1
429,4261,617.15,456.58,30.66,38.46,0.3714,-1,-1,-1
430,5705,540.28,439.50,108.37,317.09,0.8948,-1,-1,-1
430,5706,728.61,411.89,118.84,318.89,0.8715,-1,-1,-1
430,5707,911.13,481.37,97.92,105.04,0.8574,-1,-1,-1
430,5708,631.50,440.45,122.25,271.86,0.8488,-1,-1,-1
430,5709,1061.66,395.95,200.44,670.11,0.8142,-1,-1,-1
430,5710,980.67,423.95,117.55,517.47,0.8062,-1,-1,-1
430,5711,839.23,439.72,44.24,157.58,0.8007,-1,-1,-1
430,5712,391.63,433.78,94.69,320.77,0.7656,-1,-1,-1
430,5713,1583.72,320.52,335.45,747.66,0.6769,-1,-1,-1
430,5714,519.80,458.64,24.66,55.63,0.6648,-1,-1,-1
430,5715,1176.41,415.51,152.19,500.84,0.5949,-1,-1,-1
430,5716,477.33,461.93,28.77,86.17,0.3967,-1,-1,-1
430,5,380.53,463.91,27.25,32.51,0.3576,-1,-1,-1
430,5717,618.09,456.44,29.23,37.58,0.3412,-1,-1,-1
431,5718,544.53,441.33,123.08,315.87,0.8990,-1,-1,-1
431,5719,1535.94,313.54,383.71,753.51,0.8984,-1,-1,-1
431,5720,639.67,439.84,114.72,270.71,0.8815,-1,-1,-1
431,2,731.84,411.56,116.17,319.25,0.8750,-1,-1,-1
431,5721,838.48,438.87,44.71,157.92,0.8242,-1,-1,-1
431,5722,397.98,435.05,90.51,320.22,0.8139,-1,-1,-1
431,5723,911.56,481.87,97.47,104.42,0.8121,-1,-1,-1
431,5724,1066.44,396.30,180.68,670.76,0.7998,-1,-1,-1
431,5725,997.87,427.63,105.33,518.10,0.7981,-1,-1,-1
431,5726,520.22,458.98,24.98,60.70,0.7017,-1,-1,-1
431,5727,1182.36,411.73,136.61,327.17,0.5462,-1,-1,-1
431,5728,381.00,463.87,35.89,52.23,0.5154,-1,-1,-1
431,5729,1260.56,425.24,65.69,180.44,0.5056,-1,-1,-1
431,5730,617.69,456.74,28.43,84.39,0.3244,-1,-1,-1
431,4787,1880.35,387.79,39.21,228.99,0.3103,-1,-1,-1
431,4261,477.38,461.69,28.92,89.52,0.3020,-1,-1,-1
432,4787,650.42,438.53,104.38,269.58,0.8991,-1,-1,-1
432,5731,547.67,441.85,131.66,315.39,0.8963,-1,-1,-1
432,5732,735.81,413.09,115.04,317.67,0.8595,-1,-1,-1
432,5733,1494.56,304.32,424.12,738.17,0.8446,-1,-1,-1
432,5734,834.86,437.70,48.56,159.83,0.7992,-1,-1,-1
432,5735,1005.18,422.53,99.60,523.18,0.7858,-1,-1,-1
432,5736,1069.51,395.08,198.72,665.21,0.7679,-1,-1,-1
432,5737,402.26,436.99,88.15,319.05,0.7534,-1,-1,-1
432,5738,520.98,459.21,24.19,63.26,0.7177,-1,-1,-1
432,5739,911.19,482.08,97.87,104.17,0.6686,-1,-1,-1
432,7,1185.33,412.32,132.07,325.90,0.6468,-1,-1,-1
432,5740,546.23,457.67,27.78,46.78,0.6362,-1,-1,-1
432,5741,1002.97,448.88,21.63,71.17,0.4241,-1,-1,-1
432,5742,381.18,463.24,30.13,46.02,0.3391,-1,-1,-1
432,2,618.32,457.05,26.10,75.29,0.3285,-1,-1,-1
433,5743,548.31,443.64,140.28,313.13,0.9003,-1,-1,-1
433,5744,1446.34,300.64,473.66,718.68,0.8830,-1,-1,-1
433,2,738.61,412.80,113.39,317.93,0.8780,-1,-1,-1
433,5745,664.37,434.81,91.30,272.99,0.8451,-1,-1,-1
433,5746,1073.34,395.64,172.94,623.59,0.8254,-1,-1,-1
433,5747,1005.34,419.74,106.56,523.03,0.7629,-1,-1,-1
433,5748,834.24,437.77,45.32,160.18,0.7605,-1,-1,-1
433,5749,407.65,437.90,90.75,319.64,0.7474,-1,-1,-1
433,5750,521.12,459.43,24.54,65.84,0.7206,-1,-1,-1
433,5751,546.28,457.02,29.00,51.27,0.6664,-1,-1,-1
433,5752,911.51,482.17,98.15,103.54,0.6240,-1,-1,-1
433,5753,381.17,463.38,31.84,54.40,0.5340,-1,-1,-1
433,5754,1270.59,423.43,66.54,185.76,0.5244,-1,-1,-1
433,5755,1018.10,449.28,25.22,74.36,0.5227,-1,-1,-1
433,5756,619.32,456.90,26.19,77.93,0.4963,-1,-1,-1
433,7,1186.84,412.05,133.86,325.56,0.4226,-1,-1,-1
434,5757,547.41,443.25,140.89,313.80,0.9020,-1,-1,-1
434,5758,1399.23,304.46,500.44,753.92,0.8825,-1,-1,-1
434,4,743.69,414.05,112.12,316.56,0.8761,-1,-1,-1
434,5759,683.73,435.25,72.49,272.48,0.8531,-1,-1,-1
434,5760,1000.73,418.93,115.29,525.02,0.7590,-1,-1,-1
434,5761,835.00,437.86,41.79,160.37,0.7559,-1,-1,-1
434,5762,521.37,459.69,25.38,68.10,0.7451,-1,-1,-1
434,2,396.38,437.22,122.23,316.14,0.7275,-1,-1,-1
434,5,546.48,456.27,29.38,56.69,0.6775,-1,-1,-1
434,5763,382.71,464.85,32.97,55.27,0.6170,-1,-1,-1
434,5764,1076.77,395.25,168.62,613.91,0.6148,-1,-1,-1
434,5765,911.31,482.85,98.28,102.81,0.5662,-1,-1,-1
434,5766,1274.15,424.21,92.45,309.38,0.5498,-1,-1,-1
434,5767,1192.88,413.88,131.34,321.75,0.4279,-1,-1,-1
434,5768,399.62,456.21,42.80,63.51,0.4129,-1,-1,-1
434,7,1018.69,450.77,25.30,73.91,0.3792,-1,-1,-1
434,4261,642.17,462.23,51.99,100.41,0.3623,-1,-1,-1
434,4787,1709.72,430.52,72.76,152.06,0.3181,-1,-1,-1
435,4787,548.66,443.91,141.14,312.94,0.9129,-1,-1,-1
435,5769,746.65,414.12,105.98,313.04,0.8680,-1,-1,-1
435,5770,1360.82,305.37,468.00,731.33,0.8555,-1,-1,-1
435,5771,424.77,432.90,103.83,317.12,0.8245,-1,-1,-1
435,5772,697.56,433.25,63.19,273.77,0.7976,-1,-1,-1
435,5773,1082.68,396.06,166.29,395.92,0.7935,-1,-1,-1
435,5774,830.73,439.35,48.19,158.21,0.7879,-1,-1,-1
435,5775,1276.00,423.43,95.64,311.27,0.7855,-1,-1,-1
435,5776,911.07,482.43,98.13,104.13,0.7664,-1,-1,-1
435,5777,1007.21,420.61,113.67,489.24,0.7543,-1,-1,-1
435,5778,521.04,459.76,25.72,67.68,0.7456,-1,-1,-1
435,5779,1197.72,412.73,125.60,320.84,0.7404,-1,-1,-1
435,5780,547.86,456.11,28.13,63.60,0.6758,-1,-1,-1
435,5781,382.38,464.32,37.76,56.15,0.6148,-1,-1,-1
435,5782,1003.67,449.50,22.64,74.16,0.4854,-1,-1,-1
435,5783,1021.67,452.30,22.00,73.82,0.4655,-1,-1,-1
435,7,641.72,462.40,43.68,83.88,0.3733,-1,-1,-1
435,2,664.63,460.21,48.81,153.71,0.3224,-1,-1,-1
436,2,546.71,443.13,144.93,313.33,0.9233,-1,-1,-1
436,5784,749.48,414.86,103.54,310.49,0.8783,-1,-1,-1
436,5785,425.28,435.24,118.94,317.50,0.8585,-1,-1,-1
436,5786,1305.31,317.58,453.85,724.75,0.8454,-1,-1,-1
436,5787,1089.13,395.70,160.61,414.56,0.8173,-1,-1,-1
436,5788,829.11,440.49,43.30,156.60,0.7819,-1,-1,-1
436,5789,702.04,433.37,66.05,274.38,0.7800,-1,-1,-1
436,5790,521.33,459.53,25.42,68.23,0.7746,-1,-1,-1
436,5791,1200.03,412.05,125.71,313.88,0.7406,-1,-1,-1
436,5792,1015.28,420.39,109.21,382.75,0.7200,-1,-1,-1
436,5793,547.09,455.63,28.57,71.53,0.6879,-1,-1,-1
436,5794,382.09,462.82,43.02,57.59,0.6171,-1,-1,-1
436,5795,1280.98,422.95,88.45,255.00,0.6141,-1,-1,-1
436,5796,1021.49,449.97,23.35,75.15,0.4900,-1,-1,-1
436,5797,910.86,481.93,97.04,104.21,0.3197,-1,-1,-1
436,5,1003.69,448.99,24.27,74.15,0.3168,-1,-1,-1
436,7,644.91,463.72,45.64,143.99,0.3123,-1,-1,-1
437,2,545.33,442.67,146.43,314.03,0.9023,-1,-1,-1
437,5798,1229.33,321.50,465.90,739.92,0.8521,-1,-1,-1
437,5799,426.89,437.09,124.41,315.64,0.8494,-1,-1,-1
437,5800,1094.26,394.71,159.61,443.05,0.8266,-1,-1,-1
437,5801,754.31,414.91,102.67,309.81,0.8147,-1,-1,-1
437,5802,910.94,482.68,97.86,104.05,0.7947,-1,-1,-1
437,5803,704.05,434.92,69.88,273.40,0.7939,-1,-1,-1
437,5804,521.69,459.71,25.01,68.46,0.7834,-1,-1,-1
437,5805,547.77,455.16,27.59,73.26,0.7426,-1,-1,-1
437,5806,828.30,440.75,45.17,158.22,0.7419,-1,-1,-1
437,5807,1016.75,419.61,113.69,399.55,0.6623,-1,-1,-1
437,5808,645.80,463.94,45.76,142.30,0.5632,-1,-1,-1
437,5809,1206.18,411.07,123.63,295.66,0.5554,-1,-1,-1
437,5810,589.78,455.20,16.27,45.02,0.4863,-1,-1,-1
437,5811,1001.44,448.39,26.42,75.95,0.3783,-1,-1,-1
437,5812,678.41,455.79,18.56,35.10,0.3164,-1,-1,-1
437,5813,381.96,462.90,37.50,57.36,0.3009,-1,-1,-1
438,2,543.13,442.38,151.28,313.04,0.9133,-1,-1,-1
438,5814,430.97,439.51,128.73,311.92,0.8851,-1,-1,-1
438,5815,1187.46,332.86,429.06,709.03,0.8280,-1,-1,-1
438,4787,708.28,432.16,71.88,274.74,0.8165,-1,-1,-1
438,5816,760.43,412.92,99.22,309.65,0.8020,-1,-1,-1
438,5817,1099.94,399.88,159.37,452.74,0.7995,-1,-1,-1
438,5818,522.16,460.36,25.03,67.10,0.7528,-1,-1,-1
438,5,547.74,455.31,28.45,72.45,0.7521,-1,-1,-1
438,5819,830.13,442.16,39.95,155.28,0.7428,-1,-1,-1
438,5820,1013.88,421.29,121.48,416.15,0.7030,-1,-1,-1
438,5821,367.34,509.54,74.22,125.26,0.6488,-1,-1,-1
438,5822,1005.20,448.81,22.51,73.80,0.6126,-1,-1,-1
438,5823,589.74,456.28,16.02,46.42,0.5086,-1,-1,-1
438,5824,1021.52,458.86,23.31,67.59,0.4927,-1,-1,-1
438,5825,954.27,480.67,54.18,101.02,0.3911,-1,-1,-1
438,4261,414.45,457.23,35.50,56.22,0.3164,-1,-1,-1
438,5826,381.70,463.83,41.34,55.51,0.3062,-1,-1,-1
439,5827,431.23,440.15,127.97,309.38,0.9022,-1,-1,-1
439,5828,549.19,441.71,144.94,312.38,0.9007,-1,-1,-1
439,5829,711.87,432.89,76.80,275.13,0.8585,-1,-1,-1
439,5830,765.25,412.27,103.07,302.72,0.8352,-1,-1,-1
439,5831,1148.64,348.27,405.26,714.10,0.8273,-1,-1,-1
439,5832,363.16,508.15,75.58,127.09,0.7882,-1,-1,-1
439,5833,523.20,460.40,24.19,66.86,0.7424,-1,-1,-1
439,5834,1103.56,403.74,144.79,459.91,0.7364,-1,-1,-1
439,5835,550.30,455.41,25.85,72.34,0.6885,-1,-1,-1
439,5836,1009.77,420.57,131.24,434.94,0.6689,-1,-1,-1
439,5837,831.02,443.13,39.29,150.64,0.6140,-1,-1,-1
439,5838,589.59,454.39,16.96,50.16,0.5753,-1,-1,-1
439,5839,1004.45,449.18,25.10,73.99,0.5681,-1,-1,-1
439,5840,414.68,457.41,35.95,71.38,0.4471,-1,-1,-1
439,7,944.98,481.34,64.74,101.09,0.4322,-1,-1,-1
439,5841,381.95,462.91,44.72,70.30,0.4151,-1,-1,-1
439,5842,1023.14,464.15,22.16,62.99,0.3349,-1,-1,-1
440,5843,549.64,441.00,144.03,313.67,0.9024,-1,-1,-1
440,5844,432.31,441.85,129.05,307.38,0.8919,-1,-1,-1
440,5845,712.39,431.38,86.52,277.28,0.8370,-1,-1,-1
440,5846,1090.65,364.17,390.11,682.33,0.8199,-1,-1,-1
440,5847,354.81,508.13,77.70,119.88,0.8032,-1,-1,-1
440,5848,773.88,412.54,94.33,302.05,0.7676,-1,-1,-1
440,5849,1012.47,420.74,131.48,447.16,0.7278,-1,-1,-1
440,5850,523.71,461.15,24.21,66.30,0.7258,-1,-1,-1
440,5851,549.82,455.07,27.25,70.88,0.6317,-1,-1,-1
440,5852,590.04,454.78,16.44,49.38,0.5714,-1,-1,-1
440,5853,1004.88,449.07,23.40,74.21,0.5036,-1,-1,-1
440,5854,382.30,463.67,43.14,57.41,0.4750,-1,-1,-1
440,5855,695.66,454.77,39.16,105.77,0.4395,-1,-1,-1
440,5856,950.86,481.73,58.84,100.06,0.4316,-1,-1,-1
440,5857,414.56,456.95,35.60,101.61,0.4109,-1,-1,-1
440,5,434.27,456.79,29.73,39.43,0.3431,-1,-1,-1
441,5858,1312.63,427.94,140.86,326.45,0.8889,-1,-1,-1
441,5859,438.28,440.76,125.37,304.40,0.8794,-1,-1,-1
441,5860,554.82,440.14,139.35,312.22,0.8754,-1,-1,-1
441,5861,1051.62,367.68,367.27,692.94,0.8607,-1,-1,-1
441,5862,711.43,434.90,92.90,272.65,0.8533,-1,-1,-1
441,5863,348.15,509.30,78.31,120.82,0.7769,-1,-1,-1
441,5864,781.97,411.97,86.52,302.33,0.7738,-1,-1,-1
441,5865,523.88,459.58,24.38,68.01,0.6325,-1,-1,-1
441,5823,589.83,456.74,16.12,48.62,0.6220,-1,-1,-1
441,5866,1017.56,425.89,109.84,439.66,0.6037,-1,-1,-1
441,5867,382.10,463.55,41.25,69.91,0.5680,-1,-1,-1
441,5868,553.02,455.54,24.65,54.33,0.5159,-1,-1,-1
441,7,413.75,457.04,37.10,105.79,0.4585,-1,-1,-1
441,5869,432.78,456.33,31.76,43.44,0.4013,-1,-1,-1
441,5870,1000.61,448.63,28.58,73.97,0.3803,-1,-1,-1
441,5871,944.40,481.51,66.20,99.62,0.3677,-1,-1,-1
442,5872,563.52,439.28,131.36,302.97,0.8888,-1,-1,-1
442,2,442.71,438.12,118.20,307.94,0.8679,-1,-1,-1
442,5873,1306.65,428.93,149.09,328.14,0.8609,-1,-1,-1
442,5874,711.50,434.57,105.52,272.94,0.8326,-1,-1,-1
442,5875,783.31,411.29,85.37,301.30,0.8059,-1,-1,-1
442,5876,999.38,371.74,358.54,662.44,0.8028,-1,-1,-1
442,5877,342.12,508.37,77.93,131.94,0.7791,-1,-1,-1
442,5878,382.05,463.03,45.63,109.93,0.6418,-1,-1,-1
442,5,589.32,457.54,16.41,51.49,0.6254,-1,-1,-1
442,5879,552.23,455.47,26.46,58.02,0.5501,-1,-1,-1
442,5880,414.99,457.96,36.94,113.01,0.5402,-1,-1,-1
442,5881,524.22,460.29,23.09,68.45,0.4700,-1,-1,-1
442,5882,433.31,456.75,29.77,45.85,0.3998,-1,-1,-1
442,5883,1003.82,449.16,28.65,73.33,0.3564,-1,-1,-1
442,5884,953.84,482.02,55.73,97.16,0.3496,-1,-1,-1
442,5885,689.58,462.57,22.72,66.55,0.3163,-1,-1,-1
443,5886,574.01,438.61,119.33,306.73,0.8790,-1,-1,-1
443,2,447.03,437.34,117.77,306.82,0.8768,-1,-1,-1
443,5887,1309.66,428.85,148.04,328.67,0.8204,-1,-1,-1
443,5888,712.61,439.40,101.63,268.27,0.8171,-1,-1,-1
443,4787,786.69,410.68,82.93,302.30,0.7983,-1,-1,-1
443,5889,954.87,367.54,353.65,671.07,0.7864,-1,-1,-1
443,5890,335.73,509.98,77.43,133.92,0.7679,-1,-1,-1
443,5891,381.75,462.50,47.35,114.28,0.7677,-1,-1,-1
443,5,589.37,457.29,16.53,50.96,0.6622,-1,-1,-1
443,5892,415.99,457.13,35.55,115.58,0.6296,-1,-1,-1
443,5893,551.37,455.19,26.98,56.41,0.5754,-1,-1,-1
443,5894,1237.68,412.68,141.37,324.09,0.5433,-1,-1,-1
443,5895,679.02,458.31,22.88,71.84,0.3505,-1,-1,-1
443,5896,693.67,462.38,19.12,67.34,0.3480,-1,-1,-1
443,5897,617.98,456.81,21.99,38.43,0.3452,-1,-1,-1
443,4261,432.31,455.90,31.01,55.42,0.3087,-1,-1,-1
444,5898,461.76,435.81,104.09,302.40,0.8694,-1,-1,-1
444,5899,588.35,437.01,107.42,305.02,0.8639,-1,-1,-1
444,5900,712.76,439.38,103.96,268.13,0.8591,-1,-1,-1
444,5901,1314.84,427.75,142.62,334.27,0.8060,-1,-1,-1
444,2,793.53,412.08,79.26,301.75,0.8058,-1,-1,-1
444,4787,916.03,363.58,338.34,673.69,0.7958,-1,-1,-1
444,7,322.68,511.39,83.82,137.31,0.7649,-1,-1,-1
444,4261,381.82,461.63,46.75,114.55,0.7571,-1,-1,-1
444,5,589.18,457.82,16.79,51.25,0.6801,-1,-1,-1
444,5902,552.33,455.57,26.60,56.51,0.6369,-1,-1,-1
444,5903,417.69,457.25,34.37,114.95,0.6107,-1,-1,-1
444,5904,1173.34,414.05,171.21,499.16,0.5580,-1,-1,-1
444,5905,616.71,456.02,28.28,40.27,0.4684,-1,-1,-1
444,5906,680.50,457.77,24.21,74.39,0.4074,-1,-1,-1
444,5907,697.65,462.75,16.85,69.35,0.3976,-1,-1,-1
444,5908,1884.19,409.19,35.36,210.66,0.3018,-1,-1,-1
445,5909,592.03,436.64,103.79,300.18,0.8735,-1,-1,-1
445,4787,715.37,439.06,98.96,267.90,0.8715,-1,-1,-1
445,5910,471.00,433.41,95.45,298.90,0.8474,-1,-1,-1
445,5911,1324.42,427.18,132.41,335.22,0.8357,-1,-1,-1
445,5912,317.04,509.93,83.21,144.45,0.8276,-1,-1,-1
445,5913,381.67,461.94,46.66,114.72,0.8088,-1,-1,-1
445,5914,871.76,351.48,346.56,683.11,0.8047,-1,-1,-1
445,5915,794.12,411.14,82.59,302.73,0.7323,-1,-1,-1
445,5916,1243.54,412.30,140.20,332.33,0.7230,-1,-1,-1
445,5917,588.75,459.37,16.96,49.46,0.6860,-1,-1,-1
445,5918,616.97,456.08,32.96,40.45,0.6620,-1,-1,-1
445,5919,551.91,455.41,26.40,57.20,0.6483,-1,-1,-1
445,5920,418.91,456.48,34.11,114.99,0.5562,-1,-1,-1
445,5921,1146.10,407.87,192.17,498.94,0.5423,-1,-1,-1
445,5922,545.51,494.63,38.45,118.27,0.4811,-1,-1,-1
445,5923,694.42,462.15,19.94,70.12,0.3894,-1,-1,-1
445,5,720.77,451.94,30.74,66.77,0.3723,-1,-1,-1
446,4787,718.06,441.93,98.06,264.69,0.8485,-1,-1,-1
446,5924,484.85,431.96,89.66,294.29,0.8459,-1,-1,-1
446,5925,618.73,437.84,79.44,302.21,0.8417,-1,-1,-1
446,5926,837.52,341.21,333.86,657.77,0.8414,-1,-1,-1
446,5927,1332.92,425.61,124.86,337.99,0.8311,-1,-1,-1
446,5928,800.52,412.88,81.12,299.25,0.7712,-1,-1,-1
446,5929,381.87,462.82,46.60,113.90,0.7560,-1,-1,-1
446,5930,310.29,510.89,82.52,140.45,0.7522,-1,-1,-1
446,5931,617.09,456.23,30.69,41.13,0.7424,-1,-1,-1
446,5823,589.15,455.36,17.92,53.41,0.6959,-1,-1,-1
446,5932,417.45,458.67,35.16,113.97,0.6690,-1,-1,-1
446,5933,1133.91,407.42,167.22,662.70,0.6557,-1,-1,-1
446,5934,551.74,455.47,26.85,56.45,0.6234,-1,-1,-1
446,5935,721.27,451.73,29.72,84.68,0.5178,-1,-1,-1
446,5936,431.31,455.84,32.67,107.40,0.4586,-1,-1,-1
446,5937,1094.00,421.93,77.72,208.23,0.4371,-1,-1,-1
446,7,1241.52,413.97,121.40,342.17,0.3936,-1,-1,-1
446,5,684.78,461.86,29.33,69.60,0.3505,-1,-1,-1
447,5938,1325.25,424.20,132.72,338.58,0.8482,-1,-1,-1
447,5939,624.12,438.12,79.86,302.29,0.8480,-1,-1,-1
447,4787,718.99,437.17,98.72,269.70,0.8252,-1,-1,-1
447,5940,488.14,430.10,90.70,297.77,0.8224,-1,-1,-1
447,5941,305.27,512.31,81.87,133.71,0.7970,-1,-1,-1
447,5942,1137.11,409.59,192.11,660.05,0.7950,-1,-1,-1
447,5943,617.96,456.26,28.60,41.97,0.7710,-1,-1,-1
447,5944,382.11,462.61,46.03,113.73,0.7594,-1,-1,-1
447,5945,805.88,411.09,77.46,282.03,0.6915,-1,-1,-1
447,5946,793.00,336.14,352.10,671.18,0.6908,-1,-1,-1
447,5947,588.70,457.92,17.92,50.89,0.6877,-1,-1,-1
447,5948,1069.65,421.64,104.76,519.94,0.6819,-1,-1,-1
447,5949,1249.16,421.01,106.45,330.01,0.5944,-1,-1,-1
447,5950,552.19,455.48,26.41,59.94,0.5825,-1,-1,-1
447,5951,422.32,457.50,30.27,114.49,0.5588,-1,-1,-1
447,5952,721.61,451.49,29.12,83.88,0.5080,-1,-1,-1
447,5953,689.09,462.75,25.33,68.49,0.3364,-1,-1,-1
448,5954,1057.66,424.48,125.57,520.70,0.8584,-1,-1,-1
448,5955,633.88,438.17,73.80,299.07,0.8361,-1,-1,-1
448,5956,1137.41,410.26,194.13,658.80,0.8327,-1,-1,-1
448,5957,1325.70,423.12,132.79,339.59,0.8018,-1,-1,-1
448,5958,497.62,430.91,81.84,292.03,0.7831,-1,-1,-1
448,5959,382.20,461.97,46.00,114.62,0.7778,-1,-1,-1
448,5960,297.43,512.29,83.34,139.25,0.7266,-1,-1,-1
448,5961,616.51,456.39,28.25,45.96,0.6964,-1,-1,-1
448,5962,589.51,455.92,17.63,53.29,0.6942,-1,-1,-1
448,5963,772.21,335.11,337.10,652.25,0.6815,-1,-1,-1
448,5964,420.15,457.16,32.90,115.06,0.6423,-1,-1,-1
448,5965,718.95,454.88,18.75,80.80,0.5379,-1,-1,-1
448,5966,727.73,450.60,25.42,81.18,0.5331,-1,-1,-1
448,5967,726.37,438.41,124.62,267.76,0.5300,-1,-1,-1
448,5968,692.30,468.36,23.20,63.93,0.4709,-1,-1,-1
448,5969,557.69,455.31,21.64,58.56,0.3725,-1,-1,-1
448,5970,1254.78,438.62,111.09,314.04,0.3411,-1,-1,-1
448,5,472.26,455.45,26.22,55.66,0.3055,-1,-1,-1
449,5971,638.00,438.04,72.80,301.24,0.8449,-1,-1,-1
449,5972,1144.24,411.23,187.79,651.97,0.8395,-1,-1,-1
449,5973,1037.82,423.61,149.16,524.73,0.8368,-1,-1,-1
449,5974,288.88,512.55,85.75,140.88,0.8299,-1,-1,-1
449,5975,1330.84,422.58,127.97,340.47,0.8206,-1,-1,-1
449,5976,722.89,332.27,345.43,701.05,0.8087,-1,-1,-1
449,5977,381.86,461.83,46.62,114.76,0.7795,-1,-1,-1
449,5978,495.44,431.48,92.42,292.87,0.7728,-1,-1,-1
449,5979,589.31,456.60,17.39,52.32,0.6656,-1,-1,-1
449,5980,1070.22,441.59,31.52,84.90,0.6241,-1,-1,-1
449,5981,1020.30,453.08,25.46,72.47,0.5860,-1,-1,-1
449,5982,421.89,457.85,30.82,113.99,0.5615,-1,-1,-1
449,5983,726.81,449.86,26.21,79.27,0.5171,-1,-1,-1
449,5984,472.27,455.77,27.16,56.02,0.4592,-1,-1,-1
449,5985,719.10,453.39,19.90,82.58,0.4267,-1,-1,-1
449,5986,1004.73,448.88,22.06,73.31,0.4050,-1,-1,-1
449,5987,612.34,456.74,33.99,48.55,0.3959,-1,-1,-1
449,7,699.65,470.81,17.44,61.62,0.3548,-1,-1,-1
449,2,1887.55,411.42,31.98,203.42,0.3206,-1,-1,-1
449,5,559.30,455.09,19.68,75.91,0.3078,-1,-1,-1
450,5988,641.64,438.35,73.34,296.77,0.8791,-1,-1,-1
450,5989,690.93,339.36,349.19,705.56,0.8766,-1,-1,-1
450,5990,1039.90,424.58,146.83,523.88,0.8724,-1,-1,-1
450,5991,1332.50,421.06,127.16,341.43,0.8609,-1,-1,-1
450,5992,281.20,513.21,85.99,144.04,0.8521,-1,-1,-1
450,5993,1147.96,410.28,216.91,647.99,0.8359,-1,-1,-1
450,5994,506.70,431.80,89.34,292.06,0.7789,-1,-1,-1
450,5995,382.17,462.48,45.60,114.12,0.7718,-1,-1,-1
450,5996,418.53,456.69,33.67,113.85,0.6866,-1,-1,-1
450,5997,1069.51,441.32,31.13,90.64,0.6862,-1,-1,-1
450,5998,1022.38,452.83,24.19,73.16,0.6346,-1,-1,-1
450,5999,589.03,455.71,16.83,53.22,0.6286,-1,-1,-1
450,5,724.87,450.53,27.29,81.68,0.5681,-1,-1,-1
450,6000,472.07,455.89,26.73,57.85,0.5363,-1,-1,-1
450,6001,577.77,468.08,76.84,161.72,0.4447,-1,-1,-1
450,6002,973.37,483.30,35.66,75.12,0.4343,-1,-1,-1
450,6003,1000.43,448.61,26.87,73.93,0.4232,-1,-1,-1
450,6004,577.99,472.61,60.81,83.38,0.3196,-1,-1,-1
451,6005,1148.73,402.13,244.04,650.22,0.8995,-1,-1,-1
451,6006,1041.93,425.09,149.52,523.56,0.8701,-1,-1,-1
451,6007,510.37,431.63,106.32,291.71,0.8602,-1,-1,-1
451,6008,658.99,347.42,351.26,702.85,0.8540,-1,-1,-1
451,6009,643.95,437.50,75.99,298.16,0.8526,-1,-1,-1
451,6010,1344.55,419.88,115.12,342.77,0.8405,-1,-1,-1
451,6011,274.39,513.89,85.41,143.16,0.8367,-1,-1,-1
451,6012,381.94,461.99,45.86,114.08,0.7763,-1,-1,-1
451,6013,575.96,473.43,77.54,158.93,0.6869,-1,-1,-1
451,6014,418.80,456.64,33.78,114.39,0.6690,-1,-1,-1
451,7,1069.04,440.75,31.22,97.33,0.6030,-1,-1,-1
451,6015,1024.34,452.08,23.00,74.48,0.5767,-1,-1,-1
451,6016,589.87,456.72,16.20,50.72,0.5751,-1,-1,-1
451,6017,960.48,484.76,48.75,76.63,0.5014,-1,-1,-1
451,6018,1272.83,417.09,97.07,338.21,0.4424,-1,-1,-1
451,6019,998.49,447.31,29.06,75.90,0.4074,-1,-1,-1
451,6020,472.13,456.30,26.54,55.25,0.3825,-1,-1,-1
451,6021,623.39,457.20,22.51,35.90,0.3656,-1,-1,-1
452,6022,1152.16,400.56,271.88,643.45,0.8860,-1,-1,-1
452,6023,616.05,358.35,360.78,707.57,0.8702,-1,-1,-1
452,6024,266.13,513.20,86.73,143.03,0.8586,-1,-1,-1
452,6025,1043.57,426.09,154.54,522.98,0.8523,-1,-1,-1
452,6026,508.67,432.49,114.51,290.81,0.8344,-1,-1,-1
452,6027,382.35,462.24,45.47,113.97,0.7771,-1,-1,-1
452,6028,1360.37,419.15,106.47,344.40,0.7683,-1,-1,-1
452,6029,651.68,469.98,64.59,216.21,0.6359,-1,-1,-1
452,6030,419.09,457.13,33.07,113.75,0.6234,-1,-1,-1
452,6031,1067.63,442.34,31.85,100.78,0.5518,-1,-1,-1
452,6032,1000.81,447.65,25.46,74.89,0.5136,-1,-1,-1
452,6033,913.09,484.55,96.73,100.41,0.5004,-1,-1,-1
452,5,470.96,453.37,27.51,57.46,0.4864,-1,-1,-1
452,6034,590.06,455.56,15.28,50.81,0.4790,-1,-1,-1
452,6035,579.36,473.47,59.18,77.88,0.3168,-1,-1,-1
453,4787,1156.25,401.93,283.26,668.50,0.9085,-1,-1,-1
453,6036,1367.83,418.81,99.73,344.55,0.8605,-1,-1,-1
453,6037,1045.20,423.43,152.75,525.52,0.8591,-1,-1,-1
453,6038,575.43,365.90,365.85,701.55,0.8578,-1,-1,-1
453,6039,259.68,513.70,86.11,142.07,0.8423,-1,-1,-1
453,6040,507.62,437.20,116.80,288.67,0.8090,-1,-1,-1
453,6041,382.43,461.77,46.25,114.64,0.7636,-1,-1,-1
453,6042,831.77,409.81,45.25,136.83,0.7295,-1,-1,-1
453,6043,912.32,481.68,97.87,103.80,0.7210,-1,-1,-1
453,6044,419.50,457.01,32.78,113.94,0.6760,-1,-1,-1
453,5,1001.13,447.36,25.00,74.76,0.5677,-1,-1,-1
453,6045,1067.13,441.85,30.39,101.34,0.5649,-1,-1,-1
453,6046,471.49,453.20,27.05,61.85,0.4755,-1,-1,-1
453,6047,1886.15,409.71,33.39,203.52,0.3055,-1,-1,-1
454,4787,1150.33,410.41,302.05,661.74,0.9111,-1,-1,-1
454,6048,1047.46,422.91,153.94,526.48,0.8548,-1,-1,-1
454,6049,251.93,513.62,88.10,141.32,0.8524,-1,-1,-1
454,6050,531.03,380.28,378.12,689.13,0.8435,-1,-1,-1
454,6051,511.69,436.40,108.27,289.78,0.8399,-1,-1,-1
454,6052,826.45,409.43,79.69,300.83,0.8384,-1,-1,-1
454,6053,383.29,462.55,44.84,114.01,0.7636,-1,-1,-1
454,6054,418.91,457.02,34.13,114.52,0.6871,-1,-1,-1
454,7,1373.32,419.05,102.02,348.77,0.6275,-1,-1,-1
454,6055,1065.82,441.43,31.53,108.61,0.6132,-1,-1,-1
454,6056,471.02,451.09,27.18,63.14,0.5964,-1,-1,-1
454,6057,912.45,482.36,97.55,103.63,0.5913,-1,-1,-1
454,6058,990.86,447.33,35.75,74.69,0.5685,-1,-1,-1
455,4787,1150.62,408.32,310.05,663.52,0.9114,-1,-1,-1
455,6059,494.95,391.16,380.19,676.30,0.8763,-1,-1,-1
455,6060,1049.75,421.41,158.10,528.15,0.8618,-1,-1,-1
455,6061,244.74,515.44,88.20,138.14,0.8580,-1,-1,-1
455,2,817.77,408.90,88.85,300.76,0.8313,-1,-1,-1
455,6062,1376.89,419.03,102.19,350.45,0.7924,-1,-1,-1
455,6063,510.27,440.89,86.50,272.34,0.7691,-1,-1,-1
455,6064,383.53,462.40,46.51,113.96,0.7671,-1,-1,-1
455,6065,774.38,432.83,69.61,204.90,0.7014,-1,-1,-1
455,6066,471.15,451.85,27.40,104.05,0.7008,-1,-1,-1
455,6067,419.70,456.95,34.27,114.08,0.6963,-1,-1,-1
455,6068,1064.35,441.56,29.87,105.81,0.5363,-1,-1,-1
455,6069,1003.47,447.39,24.02,74.76,0.4745,-1,-1,-1
455,5856,951.32,482.64,59.36,100.58,0.4230,-1,-1,-1
455,7,1889.73,411.26,29.81,225.12,0.3733,-1,-1,-1
455,5,495.30,465.40,32.21,85.90,0.3111,-1,-1,-1
456,4787,1153.24,404.15,309.48,667.57,0.9146,-1,-1,-1
456,6070,448.33,395.56,396.38,672.55,0.8729,-1,-1,-1
456,6071,1055.13,420.14,169.16,529.44,0.8534,-1,-1,-1
456,6072,819.44,408.23,88.17,301.45,0.8498,-1,-1,-1
456,6073,240.10,514.61,87.03,138.37,0.8363,-1,-1,-1
456,6074,1380.37,418.29,107.61,354.15,0.8235,-1,-1,-1
456,6075,384.08,462.02,46.17,114.34,0.7613,-1,-1,-1
456,6076,732.01,452.24,22.71,77.47,0.7282,-1,-1,-1
456,6077,420.40,457.05,33.80,113.99,0.7047,-1,-1,-1
456,6078,1063.82,441.19,30.12,110.07,0.6374,-1,-1,-1
456,6079,778.86,434.14,67.04,259.00,0.5703,-1,-1,-1
456,6080,471.32,452.57,27.63,103.81,0.5448,-1,-1,-1
456,5839,1004.68,447.53,24.58,74.52,0.5055,-1,-1,-1
456,7,912.27,482.70,98.93,102.98,0.4510,-1,-1,-1
456,5,1024.17,447.50,28.89,79.60,0.3780,-1,-1,-1
456,4261,1890.60,411.59,28.95,216.57,0.3372,-1,-1,-1
457,4787,1151.80,402.75,311.03,669.29,0.9163,-1,-1,-1
457,2,409.69,396.06,398.68,672.05,0.9106,-1,-1,-1
457,5777,1060.68,419.95,159.91,529.95,0.8638,-1,-1,-1
457,7,1383.90,420.73,121.74,360.42,0.8442,-1,-1,-1
457,6081,231.67,515.76,87.90,136.47,0.8267,-1,-1,-1
457,6082,818.95,408.50,89.05,300.92,0.8202,-1,-1,-1
457,6083,383.95,461.57,46.59,115.03,0.7676,-1,-1,-1
457,6084,734.14,449.29,21.32,80.97,0.6980,-1,-1,-1
457,6085,421.71,456.93,32.75,114.03,0.6890,-1,-1,-1
457,6086,690.79,443.87,57.26,166.06,0.6193,-1,-1,-1
457,6087,1061.94,441.19,33.31,107.00,0.6169,-1,-1,-1
457,6088,792.02,435.12,56.02,257.19,0.5097,-1,-1,-1
457,5856,951.80,483.88,59.41,99.40,0.5056,-1,-1,-1
457,5,1006.27,447.41,22.95,74.70,0.4279,-1,-1,-1
457,6089,1887.96,411.76,31.59,214.09,0.3835,-1,-1,-1
457,6090,472.01,454.47,25.47,61.81,0.3810,-1,-1,-1
458,4787,1151.22,403.34,317.85,669.12,0.9132,-1,-1,-1
458,2,375.35,394.25,394.85,676.96,0.9065,-1,-1,-1
458,6091,1386.20,422.53,134.69,358.07,0.8995,-1,-1,-1
458,6092,1070.26,420.26,157.77,530.97,0.8814,-1,-1,-1
458,7,220.38,515.58,91.19,135.55,0.8455,-1,-1,-1
458,6093,684.28,442.90,108.54,289.83,0.8445,-1,-1,-1
458,4261,384.33,462.22,46.44,114.44,0.7667,-1,-1,-1
458,6094,952.77,483.13,57.91,99.19,0.6853,-1,-1,-1
458,6085,421.66,457.54,33.20,113.71,0.6606,-1,-1,-1
458,6095,828.66,408.79,78.89,300.76,0.6489,-1,-1,-1
458,6096,1061.22,441.67,32.87,105.49,0.6240,-1,-1,-1
458,6097,1006.83,447.45,22.42,74.49,0.4154,-1,-1,-1
458,6098,1111.83,433.22,36.54,94.74,0.4126,-1,-1,-1
458,5,1034.44,450.83,25.12,76.15,0.3982,-1,-1,-1
458,6099,665.27,462.63,22.60,47.32,0.3448,-1,-1,-1
459,6100,343.07,383.55,394.50,687.47,0.9270,-1,-1,-1
459,6101,1155.78,405.24,312.62,667.97,0.9056,-1,-1,-1
459,6102,1387.90,423.08,152.38,361.64,0.9030,-1,-1,-1
459,6103,1081.90,419.83,151.20,533.94,0.8736,-1,-1,-1
459,6104,683.55,443.06,109.15,290.05,0.8693,-1,-1,-1
459,6105,211.47,516.63,92.82,137.05,0.8416,-1,-1,-1
459,2,383.77,461.78,47.20,114.67,0.7781,-1,-1,-1
459,6106,802.95,414.13,104.87,294.47,0.7258,-1,-1,-1
459,6107,620.99,455.07,31.51,80.51,0.7196,-1,-1,-1
459,6108,1060.06,443.38,35.43,103.62,0.6645,-1,-1,-1
459,6109,951.14,483.14,59.44,99.78,0.6400,-1,-1,-1
459,6110,1111.87,432.99,40.89,108.12,0.4705,-1,-1,-1
459,6111,1036.33,451.99,23.37,75.44,0.4557,-1,-1,-1
459,5,1007.02,448.11,22.17,74.23,0.3890,-1,-1,-1
459,6112,665.09,463.14,22.38,59.20,0.3285,-1,-1,-1
460,6113,1156.98,403.62,309.96,666.46,0.9114,-1,-1,-1
460,6114,308.16,380.34,396.95,690.26,0.9040,-1,-1,-1
460,7,1395.20,424.50,160.06,361.80,0.8914,-1,-1,-1
460,6115,668.50,438.97,123.99,295.15,0.8855,-1,-1,-1
460,6116,1094.69,419.33,142.04,537.59,0.8406,-1,-1,-1
460,6117,201.46,520.59,95.06,133.08,0.8114,-1,-1,-1
460,6118,830.64,407.97,77.41,300.57,0.7778,-1,-1,-1
460,6119,622.84,455.61,29.15,80.16,0.7277,-1,-1,-1
460,6120,1033.19,450.78,26.47,78.24,0.6632,-1,-1,-1
460,6121,1059.24,446.14,36.13,100.32,0.6622,-1,-1,-1
460,6122,664.75,462.92,23.42,61.56,0.5873,-1,-1,-1
460,6123,945.89,483.44,64.64,98.73,0.5027,-1,-1,-1
460,6124,1111.00,432.91,43.16,120.07,0.5011,-1,-1,-1
460,5,1004.54,448.73,27.27,73.38,0.4579,-1,-1,-1
460,6125,783.50,443.22,37.36,110.27,0.3208,-1,-1,-1
460,4787,1685.76,430.19,98.75,204.66,0.3024,-1,-1,-1
460,2,577.35,438.59,60.79,166.15,0.3022,-1,-1,-1
461,6126,278.48,376.03,399.14,693.38,0.9088,-1,-1,-1
461,6127,1161.45,402.35,309.48,669.96,0.9046,-1,-1,-1
461,2,1402.04,426.24,164.95,365.14,0.8980,-1,-1,-1
461,6128,658.47,441.52,134.18,292.58,0.8825,-1,-1,-1
461,6129,804.41,407.72,103.43,302.14,0.8553,-1,-1,-1
461,7,193.59,518.42,94.81,133.36,0.8370,-1,-1,-1
461,6130,1108.53,419.87,136.38,541.68,0.8289,-1,-1,-1
461,6131,784.49,440.87,36.70,142.00,0.7290,-1,-1,-1
461,6132,1056.63,443.52,36.52,103.51,0.7104,-1,-1,-1
461,6133,555.96,437.24,93.77,260.01,0.6428,-1,-1,-1
461,6134,624.40,455.42,25.21,82.34,0.6401,-1,-1,-1
461,6135,1111.45,432.60,42.20,127.71,0.6364,-1,-1,-1
461,6136,951.95,482.50,58.69,100.87,0.6036,-1,-1,-1
461,5,1036.43,451.72,22.57,77.25,0.4507,-1,-1,-1
461,6137,549.11,447.78,34.78,56.27,0.3927,-1,-1,-1
461,6099,664.53,462.77,22.70,42.71,0.3899,-1,-1,-1
461,5755,1016.18,449.32,22.99,73.96,0.3497,-1,-1,-1
461,4787,1684.58,430.12,103.02,203.26,0.3296,-1,-1,-1
462,6138,249.52,367.84,404.71,701.93,0.9143,-1,-1,-1
462,6139,1163.71,405.40,308.40,663.74,0.9074,-1,-1,-1
462,7,1402.76,427.11,168.09,371.35,0.9050,-1,-1,-1
462,2,670.62,440.08,122.43,294.03,0.8925,-1,-1,-1
462,6140,183.47,521.14,97.80,136.64,0.8282,-1,-1,-1
462,6141,1114.47,421.28,137.93,543.90,0.8140,-1,-1,-1
462,6142,781.11,440.39,38.88,142.61,0.7926,-1,-1,-1
462,6143,805.82,407.41,101.28,303.02,0.7765,-1,-1,-1
462,5856,1055.70,441.34,36.28,105.80,0.7214,-1,-1,-1
462,6144,553.77,436.68,107.57,272.49,0.6544,-1,-1,-1
462,6145,1111.48,433.12,41.50,130.17,0.6430,-1,-1,-1
462,6146,526.29,457.58,23.72,68.35,0.6396,-1,-1,-1
462,6147,1037.91,452.23,21.71,76.42,0.5418,-1,-1,-1
462,5,1018.77,449.45,22.69,74.43,0.5127,-1,-1,-1
462,6148,664.53,462.72,23.60,43.64,0.4826,-1,-1,-1
462,6149,1004.60,448.47,20.58,72.31,0.4130,-1,-1,-1
462,6150,945.04,483.62,65.46,98.29,0.4041,-1,-1,-1
462,4787,1691.47,430.19,97.25,204.38,0.3433,-1,-1,-1
462,4261,529.54,454.52,51.18,102.73,0.3292,-1,-1,-1
463,2,218.85,365.54,410.83,705.40,0.9082,-1,-1,-1
463,6151,1411.38,426.33,163.20,373.32,0.9036,-1,-1,-1
463,6152,675.58,438.51,117.05,295.23,0.8946,-1,-1,-1
463,6153,1167.74,400.21,303.75,662.44,0.8812,-1,-1,-1
463,6154,1116.25,420.92,142.30,548.69,0.8165,-1,-1,-1
463,6155,778.22,440.04,40.23,142.95,0.8113,-1,-1,-1
463,6156,168.69,519.16,104.29,141.89,0.7889,-1,-1,-1
463,6157,564.35,433.84,109.30,276.59,0.7845,-1,-1,-1
463,6158,830.80,407.91,81.20,300.58,0.7705,-1,-1,-1
463,6159,1111.52,432.55,40.80,132.68,0.6998,-1,-1,-1
463,6160,1055.08,440.88,35.58,107.88,0.6347,-1,-1,-1
463,6161,950.20,484.25,60.13,99.83,0.5336,-1,-1,-1
463,5,1038.33,452.03,21.88,76.94,0.5248,-1,-1,-1
463,6162,519.44,457.50,37.49,101.20,0.5130,-1,-1,-1
463,6163,1003.42,448.95,19.62,69.35,0.4654,-1,-1,-1
463,6164,664.20,462.43,22.28,43.32,0.4109,-1,-1,-1
463,6165,1018.87,449.10,23.09,74.82,0.3584,-1,-1,-1
464,2,186.65,360.80,424.27,710.13,0.9198,-1,-1,-1
464,6166,1420.81,424.58,156.04,375.70,0.9078,-1,-1,-1
464,6167,559.51,432.08,112.58,278.82,0.8927,-1,-1,-1
464,6168,687.30,436.34,104.85,295.96,0.8860,-1,-1,-1
464,6169,1178.07,396.83,295.03,673.90,0.8692,-1,-1,-1
464,6170,832.13,407.78,79.95,301.55,0.8412,-1,-1,-1
464,6171,780.14,440.96,38.16,141.66,0.8132,-1,-1,-1
464,6172,1116.67,418.24,149.50,552.96,0.8119,-1,-1,-1
464,6173,1110.26,432.91,40.87,133.57,0.7092,-1,-1,-1
464,6174,1052.83,441.88,36.72,105.43,0.6639,-1,-1,-1
464,6175,162.30,516.88,99.41,116.74,0.6415,-1,-1,-1
464,6176,1003.46,448.85,18.71,70.19,0.4569,-1,-1,-1
464,6177,468.41,455.14,28.06,65.35,0.4313,-1,-1,-1
464,6178,664.22,462.55,21.37,44.11,0.3897,-1,-1,-1
464,6179,948.40,482.78,61.74,101.65,0.3828,-1,-1,-1
464,6180,1039.16,451.09,21.77,77.66,0.3746,-1,-1,-1
464,6181,1018.66,448.84,23.14,75.65,0.3216,-1,-1,-1
464,5,514.41,456.68,51.42,103.82,0.3204,-1,-1,-1
464,4787,1696.01,430.60,89.25,203.92,0.3176,-1,-1,-1
464,7,1082.45,483.59,33.65,106.87,0.3066,-1,-1,-1
465,2,157.76,365.07,426.14,707.39,0.9088,-1,-1,-1
465,6182,549.89,431.53,122.44,279.44,0.8973,-1,-1,-1
465,6183,1432.52,422.94,143.85,377.72,0.8962,-1,-1,-1
465,6184,1191.36,396.87,280.01,670.81,0.8755,-1,-1,-1
465,6185,702.94,436.32,91.70,296.27,0.8725,-1,-1,-1
465,4787,832.51,406.94,83.72,301.63,0.8345,-1,-1,-1
465,6186,510.20,461.66,69.87,173.82,0.7850,-1,-1,-1
465,6187,1116.72,419.19,164.38,553.29,0.7828,-1,-1,-1
465,6188,779.20,441.32,38.45,141.68,0.7705,-1,-1,-1
465,6189,1109.98,432.76,39.73,137.13,0.7020,-1,-1,-1
465,6190,1002.24,448.75,19.99,70.68,0.5967,-1,-1,-1
465,7,1055.40,440.93,33.85,104.39,0.5816,-1,-1,-1
465,6191,467.94,455.70,30.12,57.92,0.5583,-1,-1,-1
465,6192,952.42,483.82,57.86,100.06,0.5076,-1,-1,-1
465,6193,664.30,462.60,21.72,43.03,0.4593,-1,-1,-1
465,6194,1039.61,449.62,23.57,79.77,0.4382,-1,-1,-1
465,5,1021.79,448.38,20.22,76.02,0.3359,-1,-1,-1
466,6195,1204.17,397.55,269.50,672.74,0.8984,-1,-1,-1
466,6196,1438.11,420.10,137.57,380.75,0.8956,-1,-1,-1
466,6197,562.43,431.25,108.86,279.28,0.8936,-1,-1,-1
466,6198,123.85,368.10,429.61,703.32,0.8730,-1,-1,-1
466,6199,719.61,434.90,81.43,298.73,0.8588,-1,-1,-1
466,2,832.27,407.20,88.54,301.63,0.8175,-1,-1,-1
466,6200,505.81,465.12,72.09,176.73,0.7996,-1,-1,-1
466,5777,1119.83,418.46,155.21,556.92,0.7656,-1,-1,-1
466,6201,1109.64,432.73,39.28,146.78,0.6945,-1,-1,-1
466,6202,780.19,443.46,35.58,139.82,0.6890,-1,-1,-1
466,6203,1001.25,448.53,20.89,71.73,0.6798,-1,-1,-1
466,6204,467.14,457.88,28.69,55.23,0.6065,-1,-1,-1
466,6205,1043.50,443.24,44.33,103.93,0.5901,-1,-1,-1
466,6206,444.02,503.27,53.60,91.86,0.5604,-1,-1,-1
466,6207,1020.27,448.39,23.31,76.22,0.5288,-1,-1,-1
466,6208,562.34,449.14,29.42,55.91,0.3971,-1,-1,-1
466,6209,417.89,457.82,33.94,73.93,0.3939,-1,-1,-1
466,5,664.47,462.71,21.55,41.81,0.3588,-1,-1,-1
466,7,952.73,483.03,57.27,99.21,0.3114,-1,-1,-1
467,6210,109.47,372.09,425.83,698.05,0.8944,-1,-1,-1
467,6211,1218.50,398.11,255.50,666.76,0.8943,-1,-1,-1
467,6212,572.71,430.65,99.36,279.90,0.8852,-1,-1,-1
467,6213,1451.18,418.46,123.29,381.64,0.8846,-1,-1,-1
467,2,727.50,434.98,81.70,298.20,0.8498,-1,-1,-1
467,4787,832.26,407.21,89.68,301.93,0.8433,-1,-1,-1
467,6200,498.09,465.20,75.65,174.70,0.8203,-1,-1,-1
467,5777,1123.53,418.13,158.74,560.82,0.8146,-1,-1,-1
467,6214,1108.54,432.37,38.95,147.85,0.7047,-1,-1,-1
467,6215,1000.84,448.16,22.69,72.19,0.6751,-1,-1,-1
467,6216,466.13,451.56,27.74,59.63,0.5906,-1,-1,-1
467,6217,1020.42,448.22,23.02,75.54,0.5575,-1,-1,-1
467,6218,1044.57,441.62,42.13,103.23,0.5470,-1,-1,-1
467,6219,911.03,482.42,99.27,103.01,0.5438,-1,-1,-1
467,6220,562.48,450.40,29.49,61.69,0.5220,-1,-1,-1
467,6221,726.03,448.91,28.92,45.48,0.5026,-1,-1,-1
467,6222,415.17,457.17,36.32,104.72,0.4560,-1,-1,-1
467,4261,382.22,462.75,42.42,91.37,0.4381,-1,-1,-1
467,7,432.77,502.90,59.92,120.92,0.3884,-1,-1,-1
467,5,664.36,462.42,22.21,40.20,0.3039,-1,-1,-1
468,6223,83.56,379.62,426.66,691.49,0.8872,-1,-1,-1
468,6224,833.42,408.25,88.85,301.15,0.8755,-1,-1,-1
468,2,585.31,430.13,87.15,280.03,0.8620,-1,-1,-1
468,6225,1240.09,398.94,239.55,669.49,0.8583,-1,-1,-1
468,6226,1460.32,416.90,115.07,383.34,0.8576,-1,-1,-1
468,6227,493.39,467.43,76.42,177.49,0.8493,-1,-1,-1
468,6228,1131.88,418.81,148.31,566.04,0.8216,-1,-1,-1
468,6229,733.02,434.96,79.12,298.61,0.8038,-1,-1,-1
468,6230,1000.11,447.52,23.61,72.61,0.6658,-1,-1,-1
468,6231,1045.24,441.19,42.18,108.78,0.6488,-1,-1,-1
468,6232,1107.17,432.56,39.59,158.83,0.6346,-1,-1,-1
468,6233,1020.00,447.87,24.69,76.39,0.6080,-1,-1,-1
468,6234,381.80,462.58,45.04,112.10,0.6039,-1,-1,-1
468,6235,465.90,456.86,27.14,53.73,0.6021,-1,-1,-1
468,6236,563.32,452.89,26.59,70.92,0.5636,-1,-1,-1
468,6237,731.44,448.92,23.55,43.77,0.5196,-1,-1,-1
468,6238,1254.65,409.41,111.93,499.42,0.5053,-1,-1,-1
468,6239,435.61,503.34,52.56,129.47,0.4956,-1,-1,-1
468,6240,1280.54,409.34,86.46,194.52,0.4692,-1,-1,-1
468,5,1161.23,438.21,25.50,84.06,0.3889,-1,-1,-1
468,7,944.85,482.68,64.88,99.84,0.3764,-1,-1,-1
468,6164,663.76,462.33,22.63,40.96,0.3172,-1,-1,-1
468,4261,415.22,457.11,37.10,103.81,0.3143,-1,-1,-1
469,2,55.15,386.81,421.47,683.49,0.8904,-1,-1,-1
469,6241,1470.33,415.26,104.00,385.47,0.8784,-1,-1,-1
469,6242,834.58,407.81,88.25,301.73,0.8652,-1,-1,-1
469,6243,735.77,434.09,84.66,299.10,0.8578,-1,-1,-1
469,6244,1262.10,397.54,226.83,669.54,0.8423,-1,-1,-1
469,6245,1135.74,420.44,146.69,572.81,0.8374,-1,-1,-1
469,6246,488.63,465.40,76.97,179.47,0.8146,-1,-1,-1
469,6247,563.92,452.76,27.87,74.55,0.6940,-1,-1,-1
469,6248,595.54,429.51,77.48,279.78,0.6682,-1,-1,-1
469,6249,381.93,463.25,44.08,111.67,0.6672,-1,-1,-1
469,6250,1108.34,432.28,38.00,158.72,0.6508,-1,-1,-1
469,6251,465.36,456.59,27.35,54.02,0.6300,-1,-1,-1
469,6252,999.56,447.81,23.99,72.90,0.6253,-1,-1,-1
469,6253,1046.24,442.98,40.00,105.16,0.6229,-1,-1,-1
469,6254,1019.90,447.76,25.15,77.14,0.6010,-1,-1,-1
469,6255,425.90,503.06,58.89,131.68,0.5840,-1,-1,-1
469,6256,730.73,448.80,27.83,45.93,0.5811,-1,-1,-1
469,6257,1256.71,409.90,110.75,501.63,0.5228,-1,-1,-1
469,6258,1162.14,438.84,25.84,86.26,0.4404,-1,-1,-1
469,6259,943.87,482.56,64.99,99.67,0.4174,-1,-1,-1
469,5,415.08,458.29,37.47,94.58,0.4121,-1,-1,-1
469,7,1285.49,410.14,83.21,199.89,0.3932,-1,-1,-1
470,2,33.01,393.38,421.33,675.95,0.8909,-1,-1,-1
470,6260,834.15,408.69,88.84,300.66,0.8701,-1,-1,-1
470,6261,739.27,434.59,94.13,298.55,0.8642,-1,-1,-1
470,6262,1135.92,421.55,153.30,582.09,0.8346,-1,-1,-1
470,6263,1483.17,412.67,98.91,388.59,0.8303,-1,-1,-1
470,6264,1283.98,400.67,200.53,669.09,0.8215,-1,-1,-1
470,6265,481.20,468.99,78.83,174.39,0.8213,-1,-1,-1
470,6266,562.30,452.62,30.28,76.04,0.7272,-1,-1,-1
470,6267,1107.71,432.20,38.49,157.79,0.7161,-1,-1,-1
470,6268,382.10,463.81,46.22,111.98,0.7016,-1,-1,-1
470,6269,602.40,428.79,73.39,281.29,0.6849,-1,-1,-1
470,6270,1258.01,409.42,117.23,504.36,0.6631,-1,-1,-1
470,6271,997.88,448.25,25.13,72.32,0.6486,-1,-1,-1
470,6272,1045.43,442.20,39.47,108.22,0.6410,-1,-1,-1
470,6273,1020.79,448.10,27.01,77.20,0.5536,-1,-1,-1
470,6274,729.93,449.37,27.75,45.08,0.5248,-1,-1,-1
470,6275,465.45,456.46,28.08,53.92,0.5042,-1,-1,-1
470,6276,529.62,458.18,27.13,55.68,0.4628,-1,-1,-1
470,6277,1162.30,438.99,24.54,86.46,0.4420,-1,-1,-1
470,6278,945.63,482.48,63.45,99.84,0.4212,-1,-1,-1
470,6279,414.25,502.92,65.24,134.15,0.3758,-1,-1,-1
471,2,8.98,398.79,420.13,670.20,0.9097,-1,-1,-1
471,6280,742.32,435.65,104.88,297.61,0.8736,-1,-1,-1
471,6281,833.74,407.00,89.18,302.35,0.8627,-1,-1,-1
471,6282,1488.04,411.83,106.19,387.88,0.8554,-1,-1,-1
471,6283,1136.78,421.04,156.48,583.43,0.8500,-1,-1,-1
471,6284,473.91,467.40,80.80,180.48,0.8152,-1,-1,-1
471,6285,1305.55,401.05,197.59,664.39,0.7715,-1,-1,-1
471,6247,564.72,453.05,27.62,76.12,0.7393,-1,-1,-1
471,6286,1107.59,432.06,39.01,157.97,0.7026,-1,-1,-1
471,6287,600.19,429.39,76.83,281.01,0.6637,-1,-1,-1
471,6288,382.05,463.76,45.75,110.73,0.6509,-1,-1,-1
471,6289,1046.36,443.05,39.61,108.91,0.6359,-1,-1,-1
471,6290,412.02,501.99,62.53,135.99,0.6065,-1,-1,-1
471,6271,998.09,448.66,24.84,71.12,0.6001,-1,-1,-1
471,6291,730.25,449.96,24.94,47.90,0.5946,-1,-1,-1
471,6292,1277.97,409.35,103.15,504.32,0.5707,-1,-1,-1
471,6293,528.12,459.51,28.74,57.50,0.5571,-1,-1,-1
471,6294,1019.93,446.94,29.51,78.99,0.5107,-1,-1,-1
471,6295,465.34,455.81,27.68,55.49,0.4651,-1,-1,-1
471,6296,1294.76,408.81,85.88,199.50,0.4426,-1,-1,-1
471,6297,953.15,482.50,56.96,101.07,0.4185,-1,-1,-1
471,5,1162.42,438.97,23.79,87.22,0.3892,-1,-1,-1
471,4261,417.57,459.25,35.62,62.65,0.3759,-1,-1,-1
471,7,1885.16,414.31,34.39,196.04,0.3180,-1,-1,-1
472,2,2.44,405.43,399.36,665.14,0.9123,-1,-1,-1
472,6298,1137.16,420.64,159.67,585.02,0.8708,-1,-1,-1
472,4787,832.27,407.07,90.91,302.03,0.8701,-1,-1,-1
472,6299,740.17,437.04,108.44,296.42,0.8649,-1,-1,-1
472,6300,1494.59,411.61,112.42,388.26,0.8633,-1,-1,-1
472,6301,1312.35,397.14,201.25,672.88,0.7946,-1,-1,-1
472,6302,468.42,467.19,81.61,183.42,0.7796,-1,-1,-1
472,5,562.92,453.12,29.59,76.13,0.7699,-1,-1,-1
472,6303,607.81,429.64,75.22,279.83,0.7121,-1,-1,-1
472,6304,1107.39,431.53,38.41,158.45,0.6996,-1,-1,-1
472,6305,1045.46,444.47,37.14,104.55,0.6685,-1,-1,-1
472,6306,528.42,459.36,26.65,64.60,0.6574,-1,-1,-1
472,6307,730.15,450.15,23.92,53.19,0.5988,-1,-1,-1
472,7,922.81,482.81,86.67,101.19,0.5506,-1,-1,-1
472,6308,996.82,447.91,25.42,72.33,0.5484,-1,-1,-1
472,6309,1277.02,410.39,109.00,503.18,0.5446,-1,-1,-1
472,6310,465.04,456.76,26.86,53.46,0.5120,-1,-1,-1
472,6311,1885.96,409.73,33.58,219.94,0.3622,-1,-1,-1
472,6312,416.62,459.20,34.94,59.71,0.3377,-1,-1,-1
472,6313,590.82,455.85,16.16,42.45,0.3087,-1,-1,-1
472,6314,381.43,462.55,47.03,106.66,0.3016,-1,-1,-1
473,2,0.56,405.48,375.28,664.88,0.9183,-1,-1,-1
473,6315,741.55,436.64,107.94,296.74,0.8797,-1,-1,-1
473,6316,1140.51,420.28,162.30,584.97,0.8751,-1,-1,-1
473,6317,1499.17,411.53,115.71,387.58,0.8591,-1,-1,-1
473,6318,832.29,406.54,87.76,302.76,0.8505,-1,-1,-1
473,6319,458.21,470.02,85.17,181.66,0.8255,-1,-1,-1
473,6320,562.35,452.37,29.90,77.10,0.7699,-1,-1,-1
473,6321,615.14,430.14,73.72,278.97,0.7638,-1,-1,-1
473,6322,1316.74,398.37,196.48,671.33,0.7347,-1,-1,-1
473,6323,528.01,458.63,27.46,71.87,0.7147,-1,-1,-1
473,6324,1108.48,431.04,36.32,159.37,0.7002,-1,-1,-1
473,6325,731.03,449.75,22.09,59.07,0.5914,-1,-1,-1
473,6326,924.20,482.41,84.69,102.95,0.5689,-1,-1,-1
473,6327,1285.10,410.25,106.53,508.23,0.5456,-1,-1,-1
473,6328,985.76,447.57,36.19,72.62,0.4903,-1,-1,-1
473,6329,398.50,510.40,63.84,129.13,0.4727,-1,-1,-1
473,4261,381.38,462.70,43.34,104.29,0.4682,-1,-1,-1
473,6330,1048.03,446.09,30.87,97.70,0.3967,-1,-1,-1
473,6312,415.68,458.60,35.39,63.91,0.3838,-1,-1,-1
473,6331,1023.78,446.53,32.21,80.33,0.3261,-1,-1,-1
473,6332,1884.14,401.15,35.42,229.62,0.3128,-1,-1,-1
473,5,714.25,454.50,22.19,78.73,0.3009,-1,-1,-1
474,2,0.67,403.89,346.83,666.09,0.9266,-1,-1,-1
474,6333,742.30,437.90,108.32,295.06,0.8778,-1,-1,-1
474,6334,1145.37,419.48,160.25,586.31,0.8693,-1,-1,-1
474,6335,834.75,405.84,88.59,302.91,0.8647,-1,-1,-1
474,6336,1502.00,412.01,125.48,388.45,0.8617,-1,-1,-1
474,6337,452.27,468.99,85.80,187.51,0.8037,-1,-1,-1
474,6338,1326.27,395.53,187.82,674.87,0.7861,-1,-1,-1
474,6339,396.73,506.69,57.62,133.14,0.7637,-1,-1,-1
474,6340,563.65,452.74,28.64,76.55,0.7547,-1,-1,-1
474,6341,529.81,458.83,24.11,70.92,0.7446,-1,-1,-1
474,6342,730.56,450.28,22.56,68.63,0.6574,-1,-1,-1
474,7,926.30,482.85,82.96,100.95,0.6515,-1,-1,-1
474,6343,619.97,431.02,69.66,278.05,0.6305,-1,-1,-1
474,6344,1109.16,431.00,35.29,158.34,0.5836,-1,-1,-1
474,6345,892.02,430.77,53.31,244.19,0.5497,-1,-1,-1
474,6346,1277.98,409.68,117.83,523.60,0.5470,-1,-1,-1
474,6347,416.16,456.11,37.60,88.73,0.4678,-1,-1,-1
474,6348,988.96,447.49,33.35,72.82,0.4282,-1,-1,-1
474,6349,712.49,456.81,23.67,76.10,0.3674,-1,-1,-1
474,6350,590.95,454.64,16.19,49.63,0.3517,-1,-1,-1
474,6351,381.09,463.69,37.31,96.89,0.3095,-1,-1,-1
475,2,0.41,400.37,326.83,670.97,0.9409,-1,-1,-1
475,6352,1507.80,411.74,132.83,389.56,0.8930,-1,-1,-1
475,6353,741.90,439.65,109.77,293.42,0.8733,-1,-1,-1
475,6354,1147.59,419.13,167.49,588.14,0.8723,-1,-1,-1
475,6355,836.22,406.36,88.38,302.63,0.8622,-1,-1,-1
475,6356,621.29,432.32,73.09,276.82,0.8077,-1,-1,-1
475,6357,447.50,472.55,84.52,184.84,0.8073,-1,-1,-1
475,6358,382.93,503.53,67.38,139.00,0.7833,-1,-1,-1
475,6359,1333.11,395.61,191.28,673.67,0.7726,-1,-1,-1
475,6341,529.97,458.75,24.30,71.55,0.7587,-1,-1,-1
475,6360,562.10,452.73,30.03,76.77,0.7431,-1,-1,-1
475,6361,730.48,449.28,22.59,76.12,0.7223,-1,-1,-1
475,6362,892.67,431.01,66.10,245.01,0.6462,-1,-1,-1
475,6363,992.49,447.43,31.36,74.23,0.6063,-1,-1,-1
475,6364,711.92,454.82,24.24,79.95,0.5986,-1,-1,-1
475,6365,1285.67,409.50,113.79,526.43,0.5929,-1,-1,-1
475,6366,1109.42,430.58,36.45,159.37,0.5191,-1,-1,-1
475,6367,416.43,457.99,37.43,85.14,0.5003,-1,-1,-1
475,6368,382.82,464.19,44.64,56.43,0.3832,-1,-1,-1
475,6369,590.92,455.30,16.31,49.39,0.3620,-1,-1,-1
475,6370,1886.47,405.71,33.06,220.49,0.3361,-1,-1,-1
475,5,1050.80,441.20,27.36,100.72,0.3102,-1,-1,-1
475,7,958.64,482.71,50.93,78.25,0.3053,-1,-1,-1
476,2,0.22,395.22,308.57,675.96,0.9443,-1,-1,-1
476,6371,1512.42,412.63,150.44,391.04,0.9069,-1,-1,-1
476,6372,741.76,435.04,112.53,297.81,0.8733,-1,-1,-1
476,6373,1150.97,418.48,168.02,588.75,0.8657,-1,-1,-1
476,6374,836.86,405.21,86.07,304.11,0.8519,-1,-1,-1
476,6375,894.95,431.13,79.57,250.57,0.8415,-1,-1,-1
476,6376,622.94,432.30,77.55,275.65,0.8362,-1,-1,-1
476,6377,1340.85,394.62,179.93,674.52,0.8022,-1,-1,-1
476,6378,435.77,475.62,89.31,185.15,0.7919,-1,-1,-1
476,5,529.96,458.70,24.28,71.23,0.7509,-1,-1,-1
476,6379,730.02,449.31,24.93,77.44,0.7460,-1,-1,-1
476,7,563.44,452.98,28.84,77.44,0.7385,-1,-1,-1
476,6380,988.04,447.25,35.31,74.03,0.6044,-1,-1,-1
476,6381,1102.79,430.09,42.92,159.92,0.5167,-1,-1,-1
476,6382,1296.18,409.89,105.27,526.96,0.5163,-1,-1,-1
476,6383,711.81,457.75,24.11,76.16,0.4880,-1,-1,-1
476,6384,938.92,482.80,70.88,98.30,0.4510,-1,-1,-1
476,6385,356.07,506.06,32.24,64.57,0.4470,-1,-1,-1
476,6386,590.97,456.41,15.48,50.03,0.4345,-1,-1,-1
476,6387,1885.28,397.93,34.27,229.06,0.3371,-1,-1,-1
476,6388,551.72,463.90,13.63,53.85,0.3034,-1,-1,-1
477,2,0.51,388.18,288.77,683.10,0.9355,-1,-1,-1
477,7,1516.59,412.77,174.12,396.96,0.9087,-1,-1,-1
477,6389,1153.27,418.18,171.56,588.58,0.8885,-1,-1,-1
477,6390,742.86,435.25,111.11,296.48,0.8741,-1,-1,-1
477,4787,838.08,405.20,83.45,304.48,0.8510,-1,-1,-1
477,6391,897.02,430.95,87.23,251.94,0.8384,-1,-1,-1
477,6392,1341.57,393.66,188.20,675.84,0.8325,-1,-1,-1
477,6393,435.99,476.11,81.33,186.74,0.8250,-1,-1,-1
477,6394,728.36,449.27,25.75,79.77,0.7512,-1,-1,-1
477,6341,529.80,459.04,24.61,71.21,0.7449,-1,-1,-1
477,6395,565.43,453.57,27.31,76.44,0.7446,-1,-1,-1
477,6396,625.67,431.71,80.69,275.75,0.7035,-1,-1,-1
477,6397,1108.73,429.93,35.66,157.98,0.6439,-1,-1,-1
477,6398,752.61,443.23,37.66,70.21,0.6059,-1,-1,-1
477,6399,710.52,477.72,23.56,57.53,0.5940,-1,-1,-1
477,6400,986.71,447.15,36.02,74.39,0.5839,-1,-1,-1
477,6401,381.52,505.50,52.67,138.85,0.4546,-1,-1,-1
477,6402,416.73,457.16,36.47,90.64,0.4130,-1,-1,-1
477,6403,1034.31,445.54,50.06,96.28,0.4069,-1,-1,-1
477,6404,1314.56,412.39,82.70,274.88,0.3487,-1,-1,-1
477,6405,551.99,465.02,13.78,52.93,0.3374,-1,-1,-1
477,5,1160.75,438.62,28.42,87.37,0.3254,-1,-1,-1
477,6164,620.68,454.17,23.38,34.37,0.3225,-1,-1,-1
477,5856,965.96,483.10,43.33,77.45,0.3118,-1,-1,-1
478,2,0.56,383.33,271.37,687.93,0.9293,-1,-1,-1
478,7,1522.80,414.17,189.97,398.04,0.9183,-1,-1,-1
478,6406,1158.17,418.11,166.64,588.87,0.8644,-1,-1,-1
478,6407,745.77,435.15,106.75,296.12,0.8611,-1,-1,-1
478,4787,838.92,405.76,84.00,303.52,0.8071,-1,-1,-1
478,6375,897.67,431.95,94.21,251.79,0.8068,-1,-1,-1
478,6408,417.65,478.03,94.23,185.27,0.7986,-1,-1,-1
478,6409,627.73,432.50,85.12,274.10,0.7883,-1,-1,-1
478,6410,1347.11,391.39,194.73,675.41,0.7799,-1,-1,-1
478,6411,728.14,449.29,25.77,82.32,0.7533,-1,-1,-1
478,6412,530.02,459.18,24.29,70.86,0.7531,-1,-1,-1
478,6413,565.24,453.68,27.48,77.01,0.7515,-1,-1,-1
478,6414,709.96,477.58,23.67,57.86,0.6037,-1,-1,-1
478,6415,987.64,447.14,34.77,74.38,0.5846,-1,-1,-1
478,6416,366.17,505.73,64.17,137.74,0.5734,-1,-1,-1
478,6417,1104.98,430.31,39.47,157.27,0.5721,-1,-1,-1
478,6418,1317.34,409.55,87.59,548.99,0.5618,-1,-1,-1
478,6419,751.48,443.94,38.23,72.51,0.5361,-1,-1,-1
478,6420,415.70,457.42,37.11,86.46,0.4214,-1,-1,-1
478,6421,590.99,461.36,13.65,45.91,0.3996,-1,-1,-1
478,6164,619.96,454.95,23.66,34.67,0.3762,-1,-1,-1
478,6341,1037.49,446.82,26.56,83.69,0.3573,-1,-1,-1
478,5856,1161.01,438.88,28.58,87.19,0.3529,-1,-1,-1
478,6405,552.66,466.28,13.65,50.87,0.3437,-1,-1,-1
478,5,688.48,461.68,22.73,70.60,0.3162,-1,-1,-1
479,2,0.63,385.10,254.29,685.79,0.9296,-1,-1,-1
479,7,1530.29,414.39,199.16,400.89,0.9153,-1,-1,-1
479,5777,1163.29,419.69,164.00,587.37,0.8727,-1,-1,-1
479,6422,1350.84,391.28,212.19,679.86,0.8680,-1,-1,-1
479,6423,755.86,433.60,106.45,295.94,0.8417,-1,-1,-1
479,4787,841.97,405.04,83.32,303.74,0.8350,-1,-1,-1
479,6424,899.65,433.10,99.22,249.99,0.8082,-1,-1,-1
479,6425,413.70,476.90,89.48,190.73,0.7943,-1,-1,-1
479,6426,727.27,449.30,26.62,82.51,0.7600,-1,-1,-1
479,6427,530.69,458.78,24.92,71.38,0.7543,-1,-1,-1
479,5,565.46,453.74,28.04,77.16,0.7510,-1,-1,-1
479,6428,629.87,431.63,87.13,274.14,0.7196,-1,-1,-1
479,6429,1108.38,429.89,36.75,156.84,0.6362,-1,-1,-1
479,6430,709.84,477.97,24.04,57.24,0.6290,-1,-1,-1
479,6431,751.80,444.27,35.84,76.88,0.6034,-1,-1,-1
479,6432,987.86,447.22,34.81,74.04,0.5652,-1,-1,-1
479,6433,1320.31,409.31,84.32,542.22,0.5642,-1,-1,-1
479,6434,620.58,455.40,22.98,34.86,0.4097,-1,-1,-1
479,6435,1161.61,438.82,26.44,87.77,0.3973,-1,-1,-1
479,6436,590.30,457.66,15.34,49.18,0.3942,-1,-1,-1
479,6437,552.67,467.56,13.61,49.87,0.3907,-1,-1,-1
479,6438,1039.27,446.25,27.52,89.24,0.3872,-1,-1,-1
479,6439,948.88,482.07,60.47,96.09,0.3782,-1,-1,-1
479,6440,687.13,461.00,24.34,70.54,0.3088,-1,-1,-1
480,2,0.41,395.10,235.69,676.49,0.9265,-1,-1,-1
480,7,1535.27,416.03,206.68,405.17,0.9125,-1,-1,-1
480,6441,1355.32,389.71,222.63,682.87,0.8903,-1,-1,-1
480,6442,1169.85,418.53,161.97,589.46,0.8747,-1,-1,-1
480,6443,843.05,404.87,83.56,304.11,0.8630,-1,-1,-1
480,6444,900.02,431.56,102.00,251.06,0.8390,-1,-1,-1
480,6445,764.74,433.50,93.75,291.35,0.8363,-1,-1,-1
480,6446,633.95,431.25,86.09,271.73,0.8279,-1,-1,-1
480,6447,415.28,479.50,85.16,190.12,0.8142,-1,-1,-1
480,6448,565.16,453.64,28.40,77.74,0.7490,-1,-1,-1
480,6449,727.47,449.20,25.80,83.83,0.7380,-1,-1,-1
480,6450,531.33,459.20,24.37,71.80,0.7308,-1,-1,-1
480,6451,1325.01,407.49,88.61,542.17,0.7221,-1,-1,-1
480,6452,707.93,477.90,25.94,57.65,0.6798,-1,-1,-1
480,6453,751.00,445.94,34.23,79.46,0.6316,-1,-1,-1
480,6454,1110.86,429.98,35.47,157.47,0.6002,-1,-1,-1
480,6455,464.65,459.04,25.47,53.43,0.5931,-1,-1,-1
480,6456,590.45,458.05,14.97,48.31,0.5246,-1,-1,-1
480,6457,355.89,506.78,62.62,132.99,0.5058,-1,-1,-1
480,6458,1038.03,446.27,34.86,91.11,0.4971,-1,-1,-1
480,6459,989.12,447.20,32.46,73.54,0.4854,-1,-1,-1
480,6460,382.35,464.04,47.43,57.64,0.4487,-1,-1,-1
480,6461,959.05,483.27,50.29,78.23,0.4214,-1,-1,-1
480,6462,1160.79,439.42,28.24,87.85,0.4089,-1,-1,-1
480,5,553.31,469.17,13.09,47.59,0.4032,-1,-1,-1
480,6164,620.80,455.48,23.93,36.91,0.3182,-1,-1,-1
481,6463,1543.21,417.65,207.55,409.78,0.9086,-1,-1,-1
481,6464,0.37,418.17,217.35,654.21,0.9035,-1,-1,-1
481,6465,1359.04,390.98,235.36,681.38,0.8848,-1,-1,-1
481,6466,1177.49,416.15,161.52,591.20,0.8694,-1,-1,-1
481,2,844.25,405.85,80.94,303.93,0.8453,-1,-1,-1
481,6467,777.73,433.95,90.86,288.00,0.8436,-1,-1,-1
481,6468,903.28,432.50,97.00,248.28,0.8337,-1,-1,-1
481,6469,635.50,430.68,85.16,273.34,0.8025,-1,-1,-1
481,6470,406.02,478.18,90.44,193.15,0.7971,-1,-1,-1
481,6247,565.19,453.34,28.77,78.26,0.7539,-1,-1,-1
481,6471,727.65,449.50,25.21,83.89,0.7343,-1,-1,-1
481,6472,531.91,460.00,25.58,70.58,0.7048,-1,-1,-1
481,6473,1328.45,409.43,97.91,539.82,0.6921,-1,-1,-1
481,5,708.34,478.59,25.90,56.91,0.6213,-1,-1,-1
481,6474,462.63,459.07,27.26,53.55,0.5662,-1,-1,-1
481,6475,590.62,458.50,15.10,48.22,0.5628,-1,-1,-1
481,6476,961.83,483.19,47.52,77.67,0.5368,-1,-1,-1
481,6477,989.27,447.58,32.35,72.82,0.5265,-1,-1,-1
481,6478,357.24,508.82,59.85,128.92,0.5096,-1,-1,-1
481,6479,1112.79,430.06,31.24,158.65,0.4649,-1,-1,-1
481,6480,750.57,445.85,34.62,81.25,0.4380,-1,-1,-1
481,6481,553.31,466.68,13.59,50.37,0.4377,-1,-1,-1
481,6482,1161.30,439.41,27.78,87.39,0.4210,-1,-1,-1
481,6483,382.88,464.55,46.20,57.40,0.4129,-1,-1,-1
481,6164,621.17,455.88,23.71,36.69,0.4045,-1,-1,-1
481,7,1038.43,447.56,28.53,84.60,0.3581,-1,-1,-1
482,6484,1550.90,418.56,199.96,408.58,0.9032,-1,-1,-1
482,6485,0.41,446.30,198.77,625.50,0.9010,-1,-1,-1
482,4787,1360.33,391.38,249.95,681.33,0.8882,-1,-1,-1
482,5777,1183.08,415.58,156.21,590.86,0.8681,-1,-1,-1
482,2,908.95,433.09,93.29,247.35,0.8524,-1,-1,-1
482,6486,844.71,405.87,80.16,303.69,0.8392,-1,-1,-1
482,6487,785.07,434.90,81.46,287.16,0.8261,-1,-1,-1
482,6488,390.74,478.50,96.12,194.74,0.8168,-1,-1,-1
482,6489,637.68,431.20,83.02,272.96,0.7984,-1,-1,-1
482,7,565.45,452.50,27.80,79.24,0.7534,-1,-1,-1
482,6164,729.21,449.22,23.85,83.99,0.7275,-1,-1,-1
482,6490,1330.99,406.32,86.69,542.25,0.7180,-1,-1,-1
482,6491,532.60,460.16,25.02,70.46,0.6852,-1,-1,-1
482,5,708.08,478.36,25.94,57.10,0.6509,-1,-1,-1
482,6492,463.90,460.64,25.78,50.15,0.6321,-1,-1,-1
482,6493,383.17,464.00,45.55,56.24,0.6105,-1,-1,-1
482,6494,989.71,447.23,30.78,72.42,0.5922,-1,-1,-1
482,6495,1112.44,430.84,35.13,157.93,0.5857,-1,-1,-1
482,6496,1063.07,442.38,30.37,99.76,0.5488,-1,-1,-1
482,6497,749.62,446.78,35.37,130.79,0.5120,-1,-1,-1
482,6498,591.31,457.37,14.10,50.30,0.5014,-1,-1,-1
482,6499,1162.10,439.19,26.84,87.58,0.4535,-1,-1,-1
482,6500,964.16,483.47,45.15,79.82,0.4395,-1,-1,-1
482,6501,1037.73,448.50,30.80,82.73,0.4381,-1,-1,-1
482,6502,1017.81,452.64,22.35,68.94,0.3517,-1,-1,-1
482,6503,1086.70,460.87,36.84,137.04,0.3098,-1,-1,-1
483,7,1558.71,417.96,194.77,415.47,0.8947,-1,-1,-1
483,6504,1360.95,391.97,261.10,681.92,0.8905,-1,-1,-1
483,6505,0.45,497.01,179.50,575.83,0.8841,-1,-1,-1
483,5777,1186.10,415.78,152.92,587.89,0.8580,-1,-1,-1
483,2,906.17,432.96,96.41,247.00,0.8347,-1,-1,-1
483,6506,640.29,430.63,87.52,270.22,0.8316,-1,-1,-1
483,6507,848.86,406.84,77.72,302.83,0.8061,-1,-1,-1
483,6508,797.62,434.58,76.85,288.92,0.7999,-1,-1,-1
483,6509,383.79,478.53,99.95,194.99,0.7967,-1,-1,-1
483,6510,748.03,447.01,35.50,129.53,0.7495,-1,-1,-1
483,6511,1334.21,408.24,102.77,544.50,0.7463,-1,-1,-1
483,6512,566.01,452.72,28.05,80.52,0.7424,-1,-1,-1
483,6513,729.18,450.23,23.64,82.70,0.7158,-1,-1,-1
483,6514,533.37,459.54,25.93,71.08,0.7104,-1,-1,-1
483,6515,708.60,478.77,25.67,56.72,0.6394,-1,-1,-1
483,6516,463.78,460.44,25.87,50.80,0.6278,-1,-1,-1
483,6517,1112.51,430.52,36.10,158.15,0.6158,-1,-1,-1
483,6518,989.23,447.24,31.18,74.06,0.5665,-1,-1,-1
483,6519,383.22,464.33,36.94,56.16,0.4764,-1,-1,-1
483,6520,967.76,483.97,42.26,77.25,0.4665,-1,-1,-1
483,6521,591.60,460.47,14.11,47.53,0.4449,-1,-1,-1
483,6522,1038.17,446.47,34.07,84.23,0.4404,-1,-1,-1
483,6523,1065.68,444.79,25.99,98.63,0.4335,-1,-1,-1
483,6524,1086.87,461.90,35.99,134.45,0.4248,-1,-1,-1
483,6525,348.76,508.29,54.53,114.39,0.4027,-1,-1,-1
483,6526,1018.05,452.58,21.06,69.72,0.3530,-1,-1,-1
483,5856,1185.10,451.07,30.13,81.63,0.3468,-1,-1,-1
483,4261,45.39,527.75,68.29,111.67,0.3383,-1,-1,-1
483,5,1163.45,439.01,25.49,87.98,0.3230,-1,-1,-1
484,6527,1360.18,393.30,271.71,680.64,0.8950,-1,-1,-1
484,6528,1568.32,416.72,184.60,421.73,0.8938,-1,-1,-1
484,6529,1192.18,417.34,149.84,586.92,0.8756,-1,-1,-1
484,6530,899.54,434.84,103.81,246.40,0.8685,-1,-1,-1
484,6531,0.28,559.50,156.36,513.41,0.8317,-1,-1,-1
484,6532,800.66,432.27,67.59,292.88,0.8303,-1,-1,-1
484,4787,857.06,406.69,67.35,303.45,0.8124,-1,-1,-1
484,6533,643.22,430.15,90.69,270.52,0.8083,-1,-1,-1
484,6534,377.46,478.32,103.27,201.78,0.7835,-1,-1,-1
484,6535,1341.30,407.50,88.37,543.68,0.7820,-1,-1,-1
484,6536,745.91,447.17,39.14,133.18,0.7772,-1,-1,-1
484,6537,565.54,453.29,28.56,78.90,0.7506,-1,-1,-1
484,6538,532.93,459.43,26.04,70.92,0.6852,-1,-1,-1
484,6539,729.90,449.62,22.65,83.08,0.6766,-1,-1,-1
484,6540,1113.82,430.66,37.46,157.02,0.6675,-1,-1,-1
484,5,463.20,460.75,26.18,50.66,0.6485,-1,-1,-1
484,6541,1036.42,446.49,35.96,91.18,0.5879,-1,-1,-1
484,6542,989.12,448.14,30.98,73.03,0.5761,-1,-1,-1
484,6543,1085.69,464.29,38.41,132.50,0.5714,-1,-1,-1
484,6544,708.81,478.70,25.19,56.58,0.5626,-1,-1,-1
484,6521,591.09,459.66,15.35,47.67,0.4951,-1,-1,-1
484,6545,1064.05,445.30,28.89,96.43,0.4795,-1,-1,-1
484,7,1187.93,450.11,29.11,82.87,0.4173,-1,-1,-1
484,6546,1018.53,452.17,21.56,71.76,0.3919,-1,-1,-1
484,6547,1163.58,439.43,25.64,87.20,0.3895,-1,-1,-1
484,6548,29.71,531.57,75.34,101.92,0.3713,-1,-1,-1
484,2,620.53,456.05,26.90,38.44,0.3578,-1,-1,-1
485,6549,1360.37,393.17,274.34,681.37,0.8911,-1,-1,-1
485,6550,1195.82,417.89,151.43,588.92,0.8818,-1,-1,-1
485,6551,897.81,434.04,105.62,247.21,0.8665,-1,-1,-1
485,6552,1580.00,415.43,172.65,423.65,0.8636,-1,-1,-1
485,6553,645.14,431.66,98.44,266.66,0.8450,-1,-1,-1
485,6554,803.39,433.68,79.95,290.70,0.8360,-1,-1,-1
485,6555,1342.58,407.80,93.05,545.16,0.8227,-1,-1,-1
485,6556,364.16,479.40,106.22,195.04,0.8208,-1,-1,-1
485,6557,857.59,405.42,69.22,304.46,0.8037,-1,-1,-1
485,6558,744.99,447.67,37.58,131.62,0.7720,-1,-1,-1
485,6559,0.41,577.93,137.64,491.00,0.7716,-1,-1,-1
485,7,564.89,453.14,29.52,79.16,0.7541,-1,-1,-1
485,6560,462.79,461.05,25.77,50.07,0.6925,-1,-1,-1
485,6561,532.90,459.25,25.99,71.46,0.6849,-1,-1,-1
485,6562,1113.49,429.57,41.53,158.76,0.6793,-1,-1,-1
485,6563,728.87,450.78,23.35,82.21,0.6721,-1,-1,-1
485,6564,1037.50,447.15,32.40,84.88,0.5507,-1,-1,-1
485,5856,990.17,448.09,29.66,73.80,0.5470,-1,-1,-1
485,6565,709.17,478.68,24.08,54.67,0.5069,-1,-1,-1
485,6566,591.29,457.98,15.30,48.83,0.4845,-1,-1,-1
485,6567,17.20,529.42,78.40,111.94,0.4647,-1,-1,-1
485,5,1063.81,444.63,29.48,93.93,0.4189,-1,-1,-1
485,6568,1088.57,449.93,35.55,144.17,0.3973,-1,-1,-1
485,6569,1187.25,449.97,28.50,82.29,0.3502,-1,-1,-1
485,6570,620.92,455.70,26.88,38.32,0.3477,-1,-1,-1
485,6571,1163.78,439.42,24.66,87.15,0.3053,-1,-1,-1
486,4787,1362.60,393.25,276.04,679.96,0.8840,-1,-1,-1
486,6572,899.68,431.89,103.71,250.85,0.8794,-1,-1,-1
486,6573,1199.31,418.13,166.97,586.82,0.8769,-1,-1,-1
486,6574,1585.94,412.85,167.63,426.73,0.8746,-1,-1,-1
486,6575,804.03,435.06,87.25,288.68,0.8689,-1,-1,-1
486,6576,646.62,431.40,103.07,265.93,0.8490,-1,-1,-1
486,6577,1344.73,410.54,95.42,543.62,0.8230,-1,-1,-1
486,6578,354.00,479.26,104.59,196.81,0.8084,-1,-1,-1
486,6579,743.97,447.37,38.76,130.79,0.8014,-1,-1,-1
486,6580,861.57,406.02,62.52,300.99,0.7796,-1,-1,-1
486,6581,566.01,453.33,28.70,79.08,0.7507,-1,-1,-1
486,6582,1114.80,429.91,41.34,157.54,0.7433,-1,-1,-1
486,6583,533.31,458.96,26.10,72.83,0.7182,-1,-1,-1
486,6584,0.25,529.65,86.75,113.29,0.6308,-1,-1,-1
486,6585,730.36,450.62,19.92,82.99,0.5981,-1,-1,-1
486,6586,462.31,461.17,26.51,50.48,0.5715,-1,-1,-1
486,7,1037.19,447.41,28.13,81.75,0.5637,-1,-1,-1
486,6164,995.35,448.63,25.63,72.18,0.5557,-1,-1,-1
486,6587,1065.08,443.14,31.03,101.00,0.5478,-1,-1,-1
486,6588,1086.46,455.68,40.22,139.37,0.5122,-1,-1,-1
486,6589,0.09,595.64,116.05,375.74,0.4810,-1,-1,-1
486,6590,707.02,477.33,43.07,87.95,0.4752,-1,-1,-1
486,6591,591.73,457.46,15.16,49.61,0.4295,-1,-1,-1
486,6592,1019.82,453.89,19.62,68.38,0.4168,-1,-1,-1
486,6593,1184.88,449.73,29.48,82.80,0.4154,-1,-1,-1
486,6594,414.31,458.46,45.53,108.58,0.3971,-1,-1,-1
486,5,1163.68,439.14,24.76,87.54,0.3725,-1,-1,-1
487,6595,1596.64,413.41,157.32,426.78,0.8902,-1,-1,-1
487,6596,1201.33,419.91,182.91,585.71,0.8883,-1,-1,-1
487,6597,1362.78,394.14,275.22,679.60,0.8841,-1,-1,-1
487,6598,803.77,435.76,108.64,291.38,0.8834,-1,-1,-1
487,6599,647.18,430.55,110.48,266.31,0.8718,-1,-1,-1
487,6600,903.71,431.16,101.46,252.61,0.8592,-1,-1,-1
487,2,1347.61,410.93,95.75,523.36,0.8355,-1,-1,-1
487,6601,0.02,529.08,78.07,146.19,0.8201,-1,-1,-1
487,6602,333.85,479.26,121.87,198.33,0.8130,-1,-1,-1
487,6603,565.17,453.19,30.60,78.67,0.7744,-1,-1,-1
487,6604,866.75,405.49,58.99,295.06,0.7430,-1,-1,-1
487,6605,740.94,446.30,40.14,129.48,0.7221,-1,-1,-1
487,6606,1115.08,429.71,41.91,159.32,0.7186,-1,-1,-1
487,6607,533.40,459.78,26.52,71.96,0.6918,-1,-1,-1
487,6608,0.20,621.19,93.69,337.46,0.6615,-1,-1,-1
487,6609,1036.81,446.59,28.18,84.48,0.6284,-1,-1,-1
487,6610,462.48,461.11,26.10,50.52,0.5866,-1,-1,-1
487,6611,414.77,457.83,44.46,110.00,0.5320,-1,-1,-1
487,6612,994.93,449.11,25.97,71.61,0.4795,-1,-1,-1
487,6613,1063.79,447.46,31.06,96.07,0.4788,-1,-1,-1
487,6614,1184.83,450.10,30.06,82.78,0.4398,-1,-1,-1
487,6615,1089.95,449.97,38.55,145.31,0.4366,-1,-1,-1
487,6616,591.73,457.85,14.54,49.27,0.4227,-1,-1,-1
487,6617,1163.81,439.44,24.95,87.47,0.4128,-1,-1,-1
487,6618,728.71,450.99,20.13,82.54,0.3767,-1,-1,-1
488,6619,1606.44,410.01,148.89,430.09,0.8995,-1,-1,-1
488,6620,1202.83,419.58,184.47,585.46,0.8877,-1,-1,-1
488,6621,647.86,429.55,114.69,267.38,0.8813,-1,-1,-1
488,6622,802.88,437.53,125.69,288.71,0.8799,-1,-1,-1
488,6623,1365.02,393.79,266.53,679.21,0.8657,-1,-1,-1
488,6624,912.70,431.11,93.26,248.74,0.8641,-1,-1,-1
488,2,1352.15,411.79,104.42,531.16,0.8407,-1,-1,-1
488,6625,337.63,478.92,111.84,202.23,0.8309,-1,-1,-1
488,7,0.00,529.39,68.02,145.84,0.8139,-1,-1,-1
488,6626,565.53,452.62,30.31,80.62,0.7681,-1,-1,-1
488,6627,738.84,445.87,41.72,128.66,0.7233,-1,-1,-1
488,6628,872.64,406.72,55.21,292.41,0.7174,-1,-1,-1
488,6629,1115.61,429.72,41.65,158.92,0.7115,-1,-1,-1
488,6630,0.15,674.88,60.72,279.15,0.6952,-1,-1,-1
488,6631,463.05,460.25,24.93,50.59,0.6879,-1,-1,-1
488,6632,533.97,459.81,25.80,72.19,0.6802,-1,-1,-1
488,6633,1035.62,447.27,28.65,84.85,0.6144,-1,-1,-1
488,6634,414.98,457.93,42.93,112.91,0.6136,-1,-1,-1
488,6635,1072.23,446.17,29.85,96.63,0.5729,-1,-1,-1
488,6636,1184.79,449.74,28.55,83.19,0.5566,-1,-1,-1
488,6637,995.94,449.60,25.35,72.04,0.5414,-1,-1,-1
488,6638,1164.23,439.35,25.90,86.89,0.5299,-1,-1,-1
488,6639,1694.68,430.11,90.14,204.38,0.4676,-1,-1,-1
488,6640,592.06,458.84,14.10,48.28,0.4150,-1,-1,-1
488,6641,1087.81,445.20,43.34,151.36,0.4027,-1,-1,-1
489,6642,1366.00,393.97,266.14,677.74,0.8958,-1,-1,-1
489,5777,1205.15,420.29,181.93,585.26,0.8909,-1,-1,-1
489,6643,804.74,438.77,131.19,287.62,0.8878,-1,-1,-1
489,6644,648.24,431.44,117.19,266.95,0.8774,-1,-1,-1
489,6645,1614.32,407.35,143.73,432.49,0.8678,-1,-1,-1
489,4787,923.54,430.73,81.58,248.72,0.8637,-1,-1,-1
489,2,1352.75,409.19,107.49,546.42,0.8205,-1,-1,-1
489,6646,0.10,527.79,59.50,143.77,0.8106,-1,-1,-1
489,6647,331.65,479.62,107.65,204.82,0.7819,-1,-1,-1
489,5,565.90,452.38,29.92,80.82,0.7721,-1,-1,-1
489,6648,1115.41,429.80,42.36,159.94,0.7276,-1,-1,-1
489,6649,533.69,459.72,26.27,72.21,0.7134,-1,-1,-1
489,6650,734.54,446.11,44.13,127.07,0.6913,-1,-1,-1
489,6651,462.69,460.05,24.70,50.41,0.6763,-1,-1,-1
489,6652,874.85,406.64,50.05,263.00,0.6361,-1,-1,-1
489,6653,1031.55,447.09,35.33,82.87,0.6177,-1,-1,-1
489,6654,414.55,458.34,44.66,112.42,0.5906,-1,-1,-1
489,6655,1184.77,449.65,28.55,82.71,0.5790,-1,-1,-1
489,6656,996.65,449.43,24.88,72.35,0.5604,-1,-1,-1
489,6657,1164.07,439.18,26.24,87.00,0.5131,-1,-1,-1
489,6658,592.21,456.98,13.92,50.28,0.4504,-1,-1,-1
489,6659,1700.80,430.77,80.17,205.42,0.4371,-1,-1,-1
489,6660,1088.03,448.16,41.39,146.88,0.3879,-1,-1,-1
489,6661,1886.03,400.52,33.50,229.64,0.3283,-1,-1,-1
489,6662,1058.94,444.12,32.79,94.72,0.3188,-1,-1,-1
490,6663,649.13,431.67,118.67,268.98,0.8894,-1,-1,-1
490,5777,1205.43,420.75,186.97,586.07,0.8889,-1,-1,-1
490,6664,805.32,440.27,136.93,286.07,0.8808,-1,-1,-1
490,6665,934.83,430.21,72.22,248.94,0.8613,-1,-1,-1
490,6666,1367.27,393.48,266.61,678.01,0.8462,-1,-1,-1
490,6667,1614.45,405.01,145.02,435.69,0.8434,-1,-1,-1
490,2,1358.30,407.57,107.76,548.12,0.8146,-1,-1,-1
490,6668,312.33,479.17,116.34,206.48,0.8044,-1,-1,-1
490,6669,566.43,451.80,29.47,80.98,0.7631,-1,-1,-1
490,6670,1115.62,430.08,42.78,160.45,0.7532,-1,-1,-1
490,6671,534.43,460.75,25.87,68.32,0.6915,-1,-1,-1
490,6672,414.16,458.12,42.14,112.78,0.6580,-1,-1,-1
490,6673,1030.16,447.32,34.91,82.72,0.6383,-1,-1,-1
490,6674,733.93,445.52,43.55,122.43,0.6250,-1,-1,-1
490,6675,462.80,460.25,23.84,49.75,0.6201,-1,-1,-1
490,6676,1185.76,449.85,27.06,82.79,0.5848,-1,-1,-1
490,6677,0.06,536.31,48.08,149.24,0.5636,-1,-1,-1
490,6678,1164.34,439.24,26.10,87.65,0.5503,-1,-1,-1
490,5,996.03,450.01,24.90,72.31,0.5281,-1,-1,-1
490,6679,872.55,406.34,52.66,266.38,0.4294,-1,-1,-1
490,6680,1058.29,444.60,27.58,92.17,0.4018,-1,-1,-1
490,6681,592.36,459.88,13.41,47.75,0.3394,-1,-1,-1
491,6682,806.25,442.99,138.92,284.04,0.8955,-1,-1,-1
491,6683,648.85,431.96,119.24,270.04,0.8934,-1,-1,-1
491,6684,1206.09,422.07,188.89,585.65,0.8904,-1,-1,-1
491,6685,1368.64,390.89,271.79,680.89,0.8764,-1,-1,-1
491,6686,1625.17,404.32,133.94,436.74,0.8184,-1,-1,-1
491,6687,312.22,479.93,118.19,207.16,0.8058,-1,-1,-1
491,2,1363.62,413.17,113.08,541.85,0.7923,-1,-1,-1
491,6688,954.91,430.06,58.05,249.32,0.7886,-1,-1,-1
491,6689,1115.64,429.86,42.91,159.88,0.7832,-1,-1,-1
491,6690,566.50,451.73,29.22,80.13,0.7614,-1,-1,-1
491,6691,733.92,444.38,39.86,120.96,0.7348,-1,-1,-1
491,6692,534.50,459.90,26.25,70.44,0.6856,-1,-1,-1
491,6693,1030.41,446.71,34.12,82.71,0.6370,-1,-1,-1
491,6694,387.70,464.17,43.12,110.58,0.6076,-1,-1,-1
491,6695,1185.28,449.84,28.09,82.85,0.5933,-1,-1,-1
491,6696,1164.18,439.01,25.98,87.52,0.5822,-1,-1,-1
491,6697,463.24,460.28,22.88,49.86,0.5820,-1,-1,-1
491,6698,0.13,538.28,41.26,161.49,0.5441,-1,-1,-1
491,6699,425.14,462.50,30.17,108.20,0.4517,-1,-1,-1
491,6700,1058.79,444.80,25.89,89.77,0.4308,-1,-1,-1
491,6701,631.82,454.69,24.07,85.10,0.3938,-1,-1,-1
491,6702,997.23,450.60,24.63,62.37,0.3916,-1,-1,-1
491,7,1078.51,439.91,47.72,154.94,0.3467,-1,-1,-1
491,5,592.48,459.61,13.39,48.18,0.3063,-1,-1,-1
491,6341,554.34,456.81,18.51,57.70,0.3049,-1,-1,-1
492,6703,651.82,429.84,117.87,272.64,0.8962,-1,-1,-1
492,6704,1205.40,420.13,192.34,587.38,0.8902,-1,-1,-1
492,6705,806.63,446.97,140.99,280.37,0.8589,-1,-1,-1
492,6706,297.97,479.58,127.21,208.96,0.8356,-1,-1,-1
492,6707,1373.93,387.75,271.00,683.27,0.8259,-1,-1,-1
492,6708,1115.79,429.76,43.29,159.56,0.8041,-1,-1,-1
492,2,1367.63,408.04,115.77,558.69,0.7972,-1,-1,-1
492,6709,1627.87,402.63,144.27,438.83,0.7877,-1,-1,-1
492,6710,567.95,450.46,28.06,82.79,0.7519,-1,-1,-1
492,6711,732.81,444.56,38.45,127.23,0.7344,-1,-1,-1
492,6712,535.43,459.50,26.01,70.27,0.7323,-1,-1,-1
492,6713,385.37,464.00,45.51,111.16,0.6980,-1,-1,-1
492,4787,958.69,430.24,62.02,249.00,0.6871,-1,-1,-1
492,6714,1031.55,446.76,34.15,82.87,0.6731,-1,-1,-1
492,6715,1060.51,443.58,30.25,97.50,0.6242,-1,-1,-1
492,5856,1185.57,450.69,28.17,81.45,0.6083,-1,-1,-1
492,6716,461.67,460.34,23.95,49.97,0.5872,-1,-1,-1
492,6717,625.55,454.56,30.71,87.43,0.5789,-1,-1,-1
492,6718,1164.24,438.86,25.30,88.13,0.5241,-1,-1,-1
492,6719,1083.46,446.44,45.77,150.46,0.4347,-1,-1,-1
492,6720,424.78,463.78,31.09,106.85,0.4219,-1,-1,-1
492,6721,592.65,456.18,13.87,51.09,0.3741,-1,-1,-1
492,7,0.08,561.63,31.28,135.11,0.3642,-1,-1,-1
492,5,558.11,468.42,15.42,50.15,0.3329,-1,-1,-1
492,6164,1886.61,403.61,32.94,240.68,0.3312,-1,-1,-1
493,6722,653.88,431.82,115.57,271.52,0.9006,-1,-1,-1
493,6723,1206.65,420.76,192.56,586.76,0.8937,-1,-1,-1
493,6724,1372.62,410.20,116.47,552.26,0.8290,-1,-1,-1
493,6725,806.93,458.06,142.19,269.53,0.8186,-1,-1,-1
493,6726,1374.65,386.38,272.18,683.48,0.8134,-1,-1,-1
493,6727,300.67,479.74,115.90,208.71,0.8117,-1,-1,-1
493,6728,1115.24,429.72,44.10,160.87,0.7552,-1,-1,-1
493,6729,1635.39,403.48,142.33,446.26,0.7524,-1,-1,-1
493,6730,536.30,460.94,25.49,69.24,0.7315,-1,-1,-1
493,6731,383.79,463.56,47.29,112.35,0.7239,-1,-1,-1
493,6732,569.00,450.24,27.09,82.68,0.7232,-1,-1,-1
493,6733,732.96,444.39,36.16,131.24,0.7155,-1,-1,-1
493,6734,1032.75,446.55,31.59,83.28,0.7046,-1,-1,-1
493,6735,959.91,429.69,73.90,250.05,0.6796,-1,-1,-1
493,6736,1185.69,450.40,30.14,81.82,0.5963,-1,-1,-1
493,6737,630.00,455.45,27.26,87.04,0.5871,-1,-1,-1
493,6738,1061.02,443.17,30.27,97.39,0.5488,-1,-1,-1
493,6739,427.26,463.90,28.07,106.49,0.5089,-1,-1,-1
493,6740,0.06,575.45,17.77,62.53,0.5075,-1,-1,-1
493,5,1164.57,438.76,24.53,88.27,0.4839,-1,-1,-1
493,6741,593.17,456.29,13.44,50.25,0.4567,-1,-1,-1
493,6742,461.85,460.26,23.76,49.56,0.4516,-1,-1,-1
493,6743,1082.37,445.79,51.46,150.96,0.4175,-1,-1,-1
493,6744,1886.63,408.46,32.92,214.16,0.3447,-1,-1,-1
494,6745,1206.22,420.38,202.69,587.32,0.8915,-1,-1,-1
494,6746,657.88,430.93,111.65,271.97,0.8893,-1,-1,-1
494,6747,290.91,479.42,112.68,209.46,0.7999,-1,-1,-1
494,6748,1377.26,383.11,276.05,686.69,0.7927,-1,-1,-1
494,2,1379.50,409.96,119.03,501.24,0.7863,-1,-1,-1
494,6749,536.98,460.50,25.01,69.13,0.7451,-1,-1,-1
494,6750,1635.11,408.37,139.13,402.94,0.7447,-1,-1,-1
494,6751,568.51,450.21,27.43,83.73,0.7441,-1,-1,-1
494,6752,383.98,462.98,46.79,112.55,0.7391,-1,-1,-1
494,6753,961.49,430.90,80.69,248.81,0.7273,-1,-1,-1
494,6754,1114.07,429.50,44.95,160.51,0.7208,-1,-1,-1
494,6755,807.04,445.97,140.41,281.52,0.7106,-1,-1,-1
494,5,1032.82,446.33,31.31,82.88,0.6741,-1,-1,-1
494,6756,632.17,455.62,25.58,87.55,0.6335,-1,-1,-1
494,6757,1185.34,451.41,30.18,80.72,0.6143,-1,-1,-1
494,6758,1059.63,444.20,33.71,99.47,0.5815,-1,-1,-1
494,6759,732.54,446.36,35.19,130.11,0.5746,-1,-1,-1
494,6760,1164.80,438.95,24.14,87.77,0.5340,-1,-1,-1
494,6761,421.36,462.35,35.63,108.72,0.4874,-1,-1,-1
494,6762,1084.09,447.03,52.31,147.46,0.4751,-1,-1,-1
494,6763,462.13,460.48,23.14,49.68,0.4485,-1,-1,-1
494,6764,592.94,456.31,13.54,50.22,0.4369,-1,-1,-1
494,6765,1885.73,403.43,33.81,236.60,0.4368,-1,-1,-1
494,6766,859.36,405.95,54.38,89.76,0.3898,-1,-1,-1
495,6767,654.92,433.27,114.16,269.42,0.9016,-1,-1,-1
495,6768,1384.91,382.76,274.07,685.56,0.8830,-1,-1,-1
495,6769,1208.58,418.73,204.02,583.82,0.8819,-1,-1,-1
495,6770,814.02,444.06,138.85,283.68,0.8705,-1,-1,-1
495,6771,965.30,431.36,94.06,248.29,0.8302,-1,-1,-1
495,6772,278.24,480.88,122.03,214.88,0.8276,-1,-1,-1
495,6773,1381.06,404.49,124.33,564.97,0.8270,-1,-1,-1
495,6774,536.80,460.08,25.37,71.13,0.7471,-1,-1,-1
495,6775,1115.65,429.66,43.58,159.11,0.7345,-1,-1,-1
495,6776,568.77,449.48,27.31,83.38,0.7337,-1,-1,-1
495,2,1634.19,403.87,148.86,421.97,0.7283,-1,-1,-1
495,6777,384.10,463.13,46.84,112.68,0.7248,-1,-1,-1
495,6778,632.74,455.43,25.40,86.60,0.6696,-1,-1,-1
495,6779,730.39,447.79,35.41,127.35,0.6550,-1,-1,-1
495,5,1182.91,452.09,30.09,80.16,0.6512,-1,-1,-1
495,6780,1033.58,448.35,27.99,81.04,0.5591,-1,-1,-1
495,4261,460.32,460.84,24.29,49.71,0.5485,-1,-1,-1
495,6781,1085.33,448.62,48.24,147.48,0.5444,-1,-1,-1
495,4787,859.96,407.11,55.10,89.45,0.5407,-1,-1,-1
495,6782,1062.32,442.86,29.56,99.78,0.5327,-1,-1,-1
495,6783,415.27,459.80,41.56,111.23,0.4783,-1,-1,-1
495,6784,1163.51,438.89,24.64,87.67,0.4129,-1,-1,-1
495,6785,593.00,455.37,13.15,51.00,0.3978,-1,-1,-1
495,6786,669.11,462.22,17.50,36.36,0.3283,-1,-1,-1
495,7,795.15,467.91,63.33,64.70,0.3069,-1,-1,-1
496,6787,1390.47,382.73,280.27,686.10,0.8945,-1,-1,-1
496,6788,659.52,433.65,109.92,269.18,0.8899,-1,-1,-1
496,6789,1208.85,419.45,207.40,586.29,0.8891,-1,-1,-1
496,6790,821.33,444.03,131.61,283.67,0.8608,-1,-1,-1
496,6791,965.69,431.35,97.33,248.48,0.8510,-1,-1,-1
496,6792,270.74,479.60,116.20,218.52,0.8016,-1,-1,-1
496,6793,1388.01,401.28,124.66,569.82,0.7965,-1,-1,-1
496,7,568.50,450.95,28.02,81.72,0.7668,-1,-1,-1
496,6794,536.69,460.29,25.55,69.65,0.7517,-1,-1,-1
496,6795,384.09,463.25,46.66,112.78,0.7425,-1,-1,-1
496,6796,1114.42,429.72,45.04,158.99,0.7156,-1,-1,-1
496,6797,632.04,456.35,26.11,85.74,0.6874,-1,-1,-1
496,6798,460.32,460.83,24.29,50.30,0.6589,-1,-1,-1
496,6799,861.18,406.71,54.14,89.66,0.6524,-1,-1,-1
496,4261,1181.50,450.93,32.40,81.18,0.6309,-1,-1,-1
496,6800,1646.38,404.39,143.93,390.77,0.6104,-1,-1,-1
496,6801,1032.42,447.34,28.06,83.12,0.6054,-1,-1,-1
496,6802,414.86,458.38,41.76,112.62,0.5353,-1,-1,-1
496,6803,669.06,461.28,20.26,41.93,0.4419,-1,-1,-1
496,5,1064.72,442.81,28.67,98.97,0.4374,-1,-1,-1
496,6804,1163.49,438.85,24.67,87.49,0.4264,-1,-1,-1
496,6805,592.57,455.83,13.25,50.21,0.4042,-1,-1,-1
497,6806,1210.26,419.69,213.43,589.13,0.8914,-1,-1,-1
497,6807,663.32,433.88,106.45,269.14,0.8892,-1,-1,-1
497,6808,1402.53,382.56,275.87,684.96,0.8779,-1,-1,-1
497,2,834.14,443.09,117.79,284.01,0.8729,-1,-1,-1
497,4787,967.23,434.27,106.09,244.62,0.8633,-1,-1,-1
497,7,265.24,479.42,121.87,216.96,0.8359,-1,-1,-1
497,6809,383.84,463.03,46.69,112.86,0.7682,-1,-1,-1
497,6810,1649.57,405.62,146.57,432.75,0.7645,-1,-1,-1
497,6811,1391.62,408.45,128.94,554.65,0.7553,-1,-1,-1
497,6812,569.55,453.17,26.53,80.14,0.7515,-1,-1,-1
497,6813,536.88,460.62,26.83,69.36,0.7479,-1,-1,-1
497,6814,632.12,455.74,27.56,87.73,0.6768,-1,-1,-1
497,6815,861.46,407.43,55.15,89.63,0.6571,-1,-1,-1
497,6816,1181.84,450.93,31.52,81.22,0.6451,-1,-1,-1
497,6817,460.45,460.98,24.07,49.87,0.5903,-1,-1,-1
497,6818,414.85,458.38,41.24,112.20,0.5742,-1,-1,-1
497,6819,1111.17,430.18,47.58,158.82,0.5737,-1,-1,-1
497,6820,1163.56,439.09,24.73,87.31,0.5061,-1,-1,-1
497,6821,1029.91,446.86,30.57,82.38,0.4833,-1,-1,-1
497,5,1071.98,443.55,26.12,101.75,0.4158,-1,-1,-1
497,6822,591.90,457.94,14.94,47.83,0.4076,-1,-1,-1
497,6823,668.86,462.01,20.15,40.23,0.3947,-1,-1,-1
498,6824,1214.68,418.91,212.40,590.59,0.8970,-1,-1,-1
498,2,670.52,432.08,99.48,271.12,0.8867,-1,-1,-1
498,7,1663.05,407.49,185.60,472.95,0.8864,-1,-1,-1
498,6825,967.17,435.53,113.16,243.28,0.8811,-1,-1,-1
498,6826,845.91,445.77,106.20,282.28,0.8412,-1,-1,-1
498,6827,1417.92,377.97,268.61,693.71,0.8302,-1,-1,-1
498,6828,249.38,478.80,129.72,221.56,0.7950,-1,-1,-1
498,6829,384.32,463.83,45.93,112.15,0.7799,-1,-1,-1
498,6830,570.22,454.57,26.29,78.46,0.7604,-1,-1,-1
498,6831,536.73,460.63,28.48,72.41,0.7533,-1,-1,-1
498,6832,1392.38,408.45,134.62,555.98,0.7525,-1,-1,-1
498,5,631.39,457.87,27.94,85.96,0.6359,-1,-1,-1
498,6833,1182.84,452.22,29.14,80.08,0.6128,-1,-1,-1
498,6834,460.95,460.84,23.07,49.33,0.5457,-1,-1,-1
498,6835,1031.11,446.85,29.75,78.48,0.5413,-1,-1,-1
498,6836,418.46,460.40,37.57,110.41,0.4873,-1,-1,-1
498,6837,862.29,406.83,54.29,94.30,0.4758,-1,-1,-1
498,6838,591.75,457.98,14.65,48.34,0.4288,-1,-1,-1
498,6839,1164.96,439.18,23.54,87.49,0.4064,-1,-1,-1
498,4261,1106.87,429.61,51.50,158.70,0.3623,-1,-1,-1
498,6840,1072.31,443.84,20.13,95.71,0.3475,-1,-1,-1
498,6164,668.93,462.11,19.70,43.30,0.3063,-1,-1,-1
499,5777,1219.48,418.93,211.16,590.70,0.8919,-1,-1,-1
499,6841,1666.41,408.95,196.46,470.21,0.8858,-1,-1,-1
499,6842,966.97,437.74,116.20,241.37,0.8705,-1,-1,-1
499,6843,250.30,478.59,122.89,221.43,0.8526,-1,-1,-1
499,2,675.01,430.87,94.95,272.49,0.8447,-1,-1,-1
499,6844,861.08,446.17,90.10,281.26,0.8410,-1,-1,-1
499,6845,1430.40,375.84,264.68,696.26,0.7866,-1,-1,-1
499,6846,383.90,463.48,46.34,112.45,0.7856,-1,-1,-1
499,6847,537.27,460.69,28.92,71.77,0.7584,-1,-1,-1
499,6848,1399.32,407.75,131.66,511.04,0.7380,-1,-1,-1
499,6849,571.39,455.71,25.74,77.36,0.7378,-1,-1,-1
499,6850,1181.82,452.40,30.01,80.35,0.6369,-1,-1,-1
499,6851,631.38,457.14,28.69,87.12,0.6328,-1,-1,-1
499,6852,863.74,407.38,56.23,90.76,0.5596,-1,-1,-1
499,6853,418.75,461.47,37.36,109.48,0.5471,-1,-1,-1
499,6854,1111.01,430.24,48.30,157.08,0.4971,-1,-1,-1
499,6855,669.54,462.14,19.55,40.95,0.4637,-1,-1,-1
499,6856,459.99,460.93,23.79,49.00,0.4185,-1,-1,-1
499,6857,591.32,457.15,13.82,49.29,0.4153,-1,-1,-1
499,5,1080.12,448.61,28.56,97.72,0.3803,-1,-1,-1
499,6858,1164.59,438.82,23.43,88.10,0.3668,-1,-1,-1
499,6859,1030.91,446.39,30.20,75.35,0.3277,-1,-1,-1
500,2,1229.25,417.90,206.97,590.58,0.8912,-1,-1,-1
500,6860,1671.48,411.24,216.75,471.15,0.8899,-1,-1,-1
500,6861,685.88,431.72,84.52,271.13,0.8628,-1,-1,-1
500,6862,1390.82,411.73,148.74,553.94,0.8295,-1,-1,-1
500,6863,966.45,434.70,122.39,244.56,0.8160,-1,-1,-1
500,6864,1450.73,377.88,247.28,692.67,0.8158,-1,-1,-1
500,6865,230.90,479.61,125.18,225.31,0.7800,-1,-1,-1
500,4261,384.22,463.04,45.68,113.01,0.7779,-1,-1,-1
500,5,570.88,454.69,26.01,78.74,0.7623,-1,-1,-1
500,6866,537.27,460.36,28.80,73.40,0.7544,-1,-1,-1
500,6867,874.57,439.58,79.13,288.73,0.6926,-1,-1,-1
500,6868,1181.38,452.75,29.04,79.45,0.6770,-1,-1,-1
500,6869,669.36,462.19,20.69,72.90,0.6507,-1,-1,-1
500,6870,416.10,459.06,39.87,111.49,0.6252,-1,-1,-1
500,6871,631.97,457.87,31.93,85.99,0.5997,-1,-1,-1
500,6872,1076.76,447.04,28.71,100.06,0.5782,-1,-1,-1
500,6873,864.33,407.58,55.76,99.74,0.5579,-1,-1,-1
500,6874,460.85,460.95,22.66,49.17,0.5117,-1,-1,-1
500,6875,1113.08,429.88,46.84,157.28,0.4912,-1,-1,-1
500,6876,1164.07,438.80,23.66,88.22,0.4537,-1,-1,-1
501,6877,1680.34,420.10,223.52,467.38,0.9005,-1,-1,-1
501,6878,1241.19,418.67,204.96,591.36,0.8986,-1,-1,-1
501,6879,1472.17,374.74,245.72,697.11,0.8784,-1,-1,-1
501,6880,968.59,437.21,116.41,242.39,0.8693,-1,-1,-1
501,6881,1391.50,411.89,154.95,552.83,0.8663,-1,-1,-1
501,6882,692.77,430.89,78.34,271.91,0.8286,-1,-1,-1
501,6883,885.14,446.82,72.83,280.59,0.8075,-1,-1,-1
501,6884,212.69,480.09,126.99,230.37,0.8035,-1,-1,-1
501,6885,384.16,463.38,45.97,112.89,0.8009,-1,-1,-1
501,6886,537.59,460.44,29.33,73.15,0.7569,-1,-1,-1
501,6887,571.28,455.26,26.54,78.60,0.7550,-1,-1,-1
501,6888,416.20,461.10,39.27,109.01,0.6321,-1,-1,-1
501,5,632.85,457.30,31.24,86.87,0.6017,-1,-1,-1
501,6889,1182.04,453.28,28.12,78.68,0.5730,-1,-1,-1
501,6890,1076.03,445.76,29.80,101.07,0.5525,-1,-1,-1
501,6891,459.48,460.85,24.36,49.20,0.5492,-1,-1,-1
501,6892,669.32,462.27,19.71,73.07,0.5181,-1,-1,-1
501,6893,1114.73,429.58,45.18,157.19,0.5029,-1,-1,-1
501,6894,1096.65,433.97,45.85,160.90,0.4675,-1,-1,-1
501,6895,1164.09,438.68,23.58,87.77,0.4435,-1,-1,-1
501,2,858.03,408.23,66.78,300.49,0.3994,-1,-1,-1
501,7,864.36,408.20,59.02,103.35,0.3862,-1,-1,-1
502,6896,1493.85,376.01,232.87,697.21,0.8994,-1,-1,-1
502,6897,1690.78,411.75,228.14,480.21,0.8985,-1,-1,-1
502,6898,972.78,439.27,112.73,240.63,0.8797,-1,-1,-1
502,6899,1256.46,418.73,184.81,591.06,0.8710,-1,-1,-1
502,6900,1393.12,405.28,165.71,560.38,0.8535,-1,-1,-1
502,6901,888.88,437.36,81.28,290.64,0.8347,-1,-1,-1
502,6902,217.69,479.74,112.34,232.50,0.8080,-1,-1,-1
502,6903,383.77,463.43,46.31,112.91,0.7946,-1,-1,-1
502,6904,703.88,430.63,69.41,272.36,0.7923,-1,-1,-1
502,5,537.66,460.94,27.61,72.48,0.7561,-1,-1,-1
502,6905,571.70,455.08,25.84,78.65,0.7401,-1,-1,-1
502,6906,1074.53,444.53,31.07,101.94,0.6567,-1,-1,-1
502,4261,633.91,456.76,27.43,87.32,0.6493,-1,-1,-1
502,6907,669.42,462.16,19.72,76.60,0.6488,-1,-1,-1
502,6908,416.00,460.63,39.92,109.53,0.6393,-1,-1,-1
502,6909,1181.07,453.27,28.95,78.41,0.5842,-1,-1,-1
502,6856,460.12,460.81,23.65,49.14,0.5273,-1,-1,-1
502,6910,859.40,407.71,67.68,300.81,0.4912,-1,-1,-1
502,7,1113.10,429.85,47.06,155.62,0.4474,-1,-1,-1
502,6911,865.57,407.95,59.32,108.38,0.4185,-1,-1,-1
502,2,1164.39,438.91,23.56,87.46,0.3815,-1,-1,-1
503,6912,1696.00,408.17,217.82,494.07,0.9007,-1,-1,-1
503,6913,1509.03,374.77,208.17,697.85,0.8733,-1,-1,-1
503,6914,978.03,439.36,109.52,241.06,0.8654,-1,-1,-1
503,6915,893.44,437.97,77.99,290.17,0.8639,-1,-1,-1
503,6916,204.19,479.63,130.95,236.84,0.8433,-1,-1,-1
503,6917,1273.18,417.52,176.44,599.53,0.8430,-1,-1,-1
503,6918,1391.74,408.57,175.31,557.43,0.8418,-1,-1,-1
503,6919,383.50,463.57,46.41,112.77,0.8010,-1,-1,-1
503,6920,536.87,461.60,28.88,72.82,0.7472,-1,-1,-1
503,6164,570.64,454.61,27.24,79.38,0.7429,-1,-1,-1
503,6921,711.75,430.86,65.14,272.19,0.7348,-1,-1,-1
503,6922,416.44,462.20,39.99,107.73,0.6296,-1,-1,-1
503,4261,633.78,457.29,30.14,86.82,0.6277,-1,-1,-1
503,6923,859.54,408.26,65.89,300.64,0.6196,-1,-1,-1
503,6924,1182.23,452.79,27.53,78.71,0.5955,-1,-1,-1
503,6925,668.91,463.48,20.16,76.49,0.5773,-1,-1,-1
503,6926,1096.23,447.92,47.92,148.14,0.5288,-1,-1,-1
503,6927,1074.83,445.79,31.32,101.28,0.5276,-1,-1,-1
503,6928,459.60,460.83,23.79,48.87,0.4949,-1,-1,-1
503,6929,1115.47,430.84,45.03,155.18,0.4840,-1,-1,-1
503,6930,0.23,665.10,104.91,409.60,0.4650,-1,-1,-1
503,7,989.28,445.58,29.04,114.90,0.4535,-1,-1,-1
503,5,1164.22,438.94,22.20,87.61,0.3577,-1,-1,-1
503,2,865.96,407.98,58.97,109.88,0.3205,-1,-1,-1
504,6931,1705.51,409.81,212.95,494.77,0.8746,-1,-1,-1
504,6932,1512.93,373.68,222.65,696.61,0.8686,-1,-1,-1
504,2,989.57,439.75,99.54,239.61,0.8581,-1,-1,-1
504,6933,1402.07,408.68,168.52,553.92,0.8512,-1,-1,-1
504,6934,1292.24,417.92,161.59,600.55,0.8393,-1,-1,-1
504,6935,191.64,479.99,126.01,231.37,0.8282,-1,-1,-1
504,6936,897.05,438.78,85.12,289.02,0.8267,-1,-1,-1
504,4261,383.60,463.46,46.18,112.52,0.7704,-1,-1,-1
504,6937,536.72,462.23,29.50,71.67,0.7586,-1,-1,-1
504,7,570.52,454.54,28.48,79.45,0.7578,-1,-1,-1
504,4787,863.49,407.69,62.99,299.13,0.7287,-1,-1,-1
504,6938,633.51,457.50,29.62,86.21,0.6752,-1,-1,-1
504,5,668.40,462.78,21.09,76.57,0.6544,-1,-1,-1
504,6939,712.21,431.76,67.46,270.83,0.5978,-1,-1,-1
504,6940,1073.77,445.48,32.14,100.81,0.5512,-1,-1,-1
504,6941,425.86,462.76,30.98,107.56,0.5372,-1,-1,-1
504,6942,1179.96,452.50,28.71,79.09,0.5225,-1,-1,-1
504,6943,460.50,461.21,21.73,48.16,0.4726,-1,-1,-1
504,6944,1111.33,429.80,49.47,157.60,0.4201,-1,-1,-1
504,6945,1163.49,439.37,22.78,87.99,0.3610,-1,-1,-1
504,6946,987.36,445.15,31.65,106.87,0.3131,-1,-1,-1
505,7,1714.60,406.66,204.82,503.93,0.9100,-1,-1,-1
505,4787,1518.70,374.65,218.20,693.20,0.8841,-1,-1,-1
505,6947,899.32,441.00,104.72,286.28,0.8839,-1,-1,-1
505,6948,997.56,436.36,89.28,243.24,0.8727,-1,-1,-1
505,6949,1303.64,415.00,160.14,605.51,0.8374,-1,-1,-1
505,6950,177.29,479.67,121.71,239.90,0.8182,-1,-1,-1
505,6951,570.36,454.59,30.16,78.88,0.7848,-1,-1,-1
505,6952,1418.46,408.68,152.74,553.77,0.7826,-1,-1,-1
505,6953,383.63,463.77,46.32,112.40,0.7800,-1,-1,-1
505,2,536.93,463.26,30.26,70.80,0.7624,-1,-1,-1
505,6954,715.77,430.36,68.97,272.38,0.7543,-1,-1,-1
505,6955,865.06,408.50,64.92,294.36,0.7416,-1,-1,-1
505,4261,633.72,454.91,30.38,89.00,0.7079,-1,-1,-1
505,6956,668.70,462.77,20.78,77.51,0.6323,-1,-1,-1
505,6957,1179.21,452.04,29.91,79.39,0.6320,-1,-1,-1
505,6958,1109.04,430.73,50.24,162.37,0.5514,-1,-1,-1
505,6959,1073.74,444.18,32.41,103.72,0.5405,-1,-1,-1
505,6960,426.26,462.97,30.57,107.35,0.5332,-1,-1,-1
505,6961,459.94,460.94,22.68,48.17,0.4998,-1,-1,-1
505,5,1164.42,438.83,22.97,88.03,0.4002,-1,-1,-1
505,6962,1888.27,434.50,31.34,174.66,0.3349,-1,-1,-1
506,2,1724.50,405.38,194.98,505.90,0.9146,-1,-1,-1
506,6963,900.50,442.36,116.60,285.25,0.8762,-1,-1,-1
506,6964,1308.58,416.54,165.60,620.44,0.8594,-1,-1,-1
506,6965,1008.27,433.57,78.29,246.16,0.8503,-1,-1,-1
506,6966,163.71,479.93,131.89,244.41,0.8470,-1,-1,-1
506,6967,1523.66,374.86,213.64,694.76,0.8111,-1,-1,-1
506,6968,868.37,409.11,61.71,293.59,0.7999,-1,-1,-1
506,6969,1437.53,410.63,132.34,554.79,0.7830,-1,-1,-1
506,6970,383.40,463.90,45.78,112.54,0.7814,-1,-1,-1
506,4787,570.86,453.78,30.51,79.79,0.7703,-1,-1,-1
506,5,537.03,464.52,29.35,69.39,0.7632,-1,-1,-1
506,6971,718.11,430.63,77.97,272.18,0.7462,-1,-1,-1
506,7,634.36,454.46,27.41,88.88,0.7011,-1,-1,-1
506,6972,667.96,462.55,22.58,77.54,0.6810,-1,-1,-1
506,6973,1072.88,446.27,33.49,100.07,0.6258,-1,-1,-1
506,6974,1180.47,450.40,28.63,81.00,0.6141,-1,-1,-1
506,6975,425.06,464.96,31.96,105.44,0.5790,-1,-1,-1
506,6976,1101.23,430.71,55.93,163.79,0.5127,-1,-1,-1
506,6977,1163.46,439.46,23.09,87.38,0.5064,-1,-1,-1
506,6978,458.97,461.70,23.36,47.04,0.4372,-1,-1,-1
507,6979,900.82,443.99,127.86,283.19,0.8969,-1,-1,-1
507,6980,1736.29,400.46,183.04,510.49,0.8948,-1,-1,-1
507,6981,1312.23,416.56,158.39,626.97,0.8744,-1,-1,-1
507,6982,1525.74,375.23,216.85,696.76,0.8461,-1,-1,-1
507,6983,159.79,480.06,116.78,243.35,0.8445,-1,-1,-1
507,6984,1452.57,410.95,117.61,553.97,0.8324,-1,-1,-1
507,6985,1018.99,434.06,68.67,245.52,0.7898,-1,-1,-1
507,6986,383.24,463.15,46.29,113.31,0.7754,-1,-1,-1
507,6987,571.54,453.42,29.35,80.18,0.7731,-1,-1,-1
507,6988,868.82,408.66,61.60,295.26,0.7730,-1,-1,-1
507,6989,537.22,464.93,29.35,70.11,0.7576,-1,-1,-1
507,6990,635.04,455.33,27.41,88.40,0.7054,-1,-1,-1
507,6991,716.33,429.19,94.38,273.66,0.6815,-1,-1,-1
507,4261,667.77,462.62,22.57,76.60,0.6595,-1,-1,-1
507,6992,1181.16,450.59,26.38,80.52,0.6309,-1,-1,-1
507,6993,420.79,465.24,36.37,104.96,0.5515,-1,-1,-1
507,6994,1102.75,430.86,57.97,162.32,0.5289,-1,-1,-1
507,6995,1164.51,438.92,22.66,87.85,0.4948,-1,-1,-1
507,6996,1072.38,446.01,34.47,100.97,0.4612,-1,-1,-1
507,6997,457.28,461.54,24.49,46.42,0.4561,-1,-1,-1
507,5,701.84,447.31,34.88,34.58,0.4039,-1,-1,-1
507,7,1886.85,434.80,32.75,155.83,0.3031,-1,-1,-1
508,6998,901.15,445.69,137.32,281.80,0.8966,-1,-1,-1
508,6999,1746.70,399.16,172.64,510.04,0.8897,-1,-1,-1
508,5777,1317.93,417.98,176.99,628.64,0.8807,-1,-1,-1
508,7000,1528.82,372.31,222.99,698.05,0.8505,-1,-1,-1
508,7,140.81,479.86,140.41,248.63,0.8438,-1,-1,-1
508,7001,721.06,427.24,94.88,275.59,0.8380,-1,-1,-1
508,7002,1456.65,411.40,117.71,554.07,0.8309,-1,-1,-1
508,7003,383.03,463.36,46.78,113.30,0.7910,-1,-1,-1
508,7004,869.40,408.66,62.28,292.50,0.7869,-1,-1,-1
508,7005,538.74,462.96,29.93,72.14,0.7838,-1,-1,-1
508,6164,571.10,454.11,29.64,80.06,0.7655,-1,-1,-1
508,7006,1023.46,432.70,65.62,247.03,0.7520,-1,-1,-1
508,7007,635.44,454.55,25.81,89.23,0.6817,-1,-1,-1
508,7008,1100.40,430.86,60.33,163.77,0.6178,-1,-1,-1
508,7009,1181.50,450.37,26.73,80.85,0.6161,-1,-1,-1
508,7010,668.44,461.94,23.14,76.08,0.5814,-1,-1,-1
508,7011,418.60,463.83,38.27,106.38,0.5362,-1,-1,-1
508,7012,701.22,447.25,36.07,48.90,0.4766,-1,-1,-1
508,7013,1163.80,439.36,22.80,87.72,0.4352,-1,-1,-1
508,7014,1070.32,443.94,35.33,103.45,0.4211,-1,-1,-1
508,5,982.58,444.98,30.13,94.65,0.4198,-1,-1,-1
508,2,459.91,461.85,22.15,47.00,0.4084,-1,-1,-1
508,4261,1885.56,433.34,34.04,127.75,0.3499,-1,-1,-1
509,4787,901.61,445.47,143.72,282.81,0.8948,-1,-1,-1
509,7015,1533.07,374.25,235.90,695.63,0.8948,-1,-1,-1
509,5777,1319.80,420.08,208.35,635.32,0.8838,-1,-1,-1
509,7016,1756.17,397.28,163.44,512.99,0.8803,-1,-1,-1
509,2,121.55,479.26,136.78,249.08,0.8610,-1,-1,-1
509,7017,722.06,427.83,103.75,275.09,0.8492,-1,-1,-1
509,7018,1462.26,411.40,114.73,558.46,0.7902,-1,-1,-1
509,4261,382.82,463.42,46.59,113.34,0.7899,-1,-1,-1
509,7019,538.79,462.82,27.58,72.31,0.7721,-1,-1,-1
509,7020,571.03,455.44,29.96,77.96,0.7362,-1,-1,-1
509,7021,871.13,409.20,61.59,293.92,0.7256,-1,-1,-1
509,7022,637.95,454.40,26.11,89.57,0.6953,-1,-1,-1
509,7023,1030.16,437.19,60.34,242.60,0.6373,-1,-1,-1
509,7024,702.43,447.90,32.54,55.93,0.6144,-1,-1,-1
509,7,1181.32,450.65,26.91,80.56,0.6101,-1,-1,-1
509,7025,668.46,460.54,23.49,76.85,0.5534,-1,-1,-1
509,7026,425.53,463.12,31.53,107.40,0.5470,-1,-1,-1
509,7027,1101.02,431.22,60.37,161.12,0.4874,-1,-1,-1
509,5,1163.90,439.17,23.00,87.86,0.4648,-1,-1,-1
509,7028,460.31,461.83,21.95,47.23,0.4269,-1,-1,-1
509,7029,1069.57,442.04,34.94,126.50,0.4012,-1,-1,-1
509,7030,1886.79,434.03,32.81,125.98,0.3419,-1,-1,-1
510,7031,1771.53,395.45,148.07,511.50,0.9197,-1,-1,-1
510,5777,1319.61,412.55,227.27,645.35,0.8969,-1,-1,-1
510,7032,901.08,446.55,145.30,281.47,0.8798,-1,-1,-1
510,7033,721.86,427.50,107.02,275.73,0.8704,-1,-1,-1
510,7034,1537.33,373.15,246.27,698.61,0.8648,-1,-1,-1
510,7035,107.31,478.11,136.58,255.30,0.8570,-1,-1,-1
510,2,1467.10,408.49,115.64,541.25,0.8541,-1,-1,-1
510,7036,540.53,461.81,26.28,73.34,0.7692,-1,-1,-1
510,7037,383.19,463.47,46.04,113.15,0.7673,-1,-1,-1
510,5,570.27,453.74,30.66,80.18,0.7591,-1,-1,-1
510,7038,872.23,409.47,63.16,293.06,0.7379,-1,-1,-1
510,7039,1035.08,434.02,69.80,245.60,0.7148,-1,-1,-1
510,7040,701.63,448.79,32.43,122.65,0.6841,-1,-1,-1
510,7041,1180.85,450.60,27.43,80.44,0.6298,-1,-1,-1
510,7042,420.76,465.31,34.71,105.75,0.6046,-1,-1,-1
510,4261,637.35,455.92,30.77,88.19,0.5887,-1,-1,-1
510,7043,1102.33,431.20,58.66,163.78,0.5767,-1,-1,-1
510,7044,1162.96,438.87,24.15,87.94,0.5763,-1,-1,-1
510,7045,668.46,463.15,22.24,75.97,0.5654,-1,-1,-1
510,7046,459.54,461.37,23.01,47.63,0.4655,-1,-1,-1
511,7047,901.35,445.66,149.67,282.08,0.9033,-1,-1,-1
511,7048,1782.18,395.00,137.33,510.61,0.8940,-1,-1,-1
511,7049,722.62,432.58,109.36,270.69,0.8911,-1,-1,-1
511,7050,1319.39,417.98,239.22,639.40,0.8906,-1,-1,-1
511,7051,1538.78,373.94,278.03,697.60,0.8657,-1,-1,-1
511,7052,1038.37,434.64,73.03,245.11,0.8327,-1,-1,-1
511,7053,382.99,463.36,46.32,113.19,0.8090,-1,-1,-1
511,7054,1471.63,410.03,114.83,522.01,0.8076,-1,-1,-1
511,7055,541.46,462.44,25.50,72.61,0.7672,-1,-1,-1
511,7056,701.60,449.43,33.22,122.81,0.7460,-1,-1,-1
511,7057,98.01,503.11,133.96,229.43,0.7363,-1,-1,-1
511,7058,571.22,456.17,29.21,77.71,0.7210,-1,-1,-1
511,7059,872.32,409.39,88.55,294.07,0.6873,-1,-1,-1
511,7060,637.10,456.19,31.97,88.11,0.6485,-1,-1,-1
511,7061,417.89,463.91,36.09,107.17,0.6346,-1,-1,-1
511,7062,1182.50,451.41,25.70,79.65,0.6034,-1,-1,-1
511,7063,459.31,461.06,23.33,48.39,0.5005,-1,-1,-1
511,5,1163.20,439.08,23.14,87.64,0.4882,-1,-1,-1
511,7064,668.22,463.21,22.76,76.34,0.4180,-1,-1,-1
511,7065,1017.90,448.39,28.20,100.07,0.3444,-1,-1,-1
511,7,1094.51,436.16,50.52,154.58,0.3049,-1,-1,-1
512,7066,1319.49,420.41,245.69,642.69,0.9053,-1,-1,-1
512,7067,722.47,432.91,109.20,270.22,0.8975,-1,-1,-1
512,7068,901.10,448.35,152.01,279.11,0.8942,-1,-1,-1
512,7069,1790.79,389.88,128.75,508.60,0.8881,-1,-1,-1
512,7070,1039.65,434.02,84.85,245.93,0.8626,-1,-1,-1
512,7071,78.35,479.04,152.19,254.39,0.8488,-1,-1,-1
512,7072,1544.73,373.74,294.80,696.54,0.8364,-1,-1,-1
512,7073,1476.53,409.71,116.98,541.49,0.8262,-1,-1,-1
512,7074,381.63,462.89,47.58,113.75,0.8223,-1,-1,-1
512,7075,698.09,450.28,35.01,121.45,0.7666,-1,-1,-1
512,7076,570.92,454.92,28.63,79.90,0.7637,-1,-1,-1
512,7077,541.75,462.42,24.72,71.98,0.7448,-1,-1,-1
512,7078,873.56,409.59,68.79,291.58,0.7165,-1,-1,-1
512,7079,1094.53,454.52,46.46,136.91,0.6600,-1,-1,-1
512,7080,637.70,455.69,32.39,89.27,0.6254,-1,-1,-1
512,7081,1113.48,432.64,46.26,160.20,0.6042,-1,-1,-1
512,7082,1181.38,450.23,26.92,80.82,0.5965,-1,-1,-1
512,7083,422.92,464.22,31.96,106.24,0.5746,-1,-1,-1
512,7084,1162.18,439.17,24.81,87.30,0.5606,-1,-1,-1
512,7085,1019.55,447.88,28.39,103.48,0.5403,-1,-1,-1
512,5,457.46,461.30,25.15,48.20,0.4913,-1,-1,-1
513,7086,899.71,450.05,154.11,277.56,0.9058,-1,-1,-1
513,7087,1319.98,420.73,245.28,644.20,0.9015,-1,-1,-1
513,7088,724.47,434.10,111.38,269.04,0.8946,-1,-1,-1
513,7089,1806.13,389.08,113.50,514.29,0.8758,-1,-1,-1
513,7090,1043.82,435.85,91.75,244.43,0.8617,-1,-1,-1
513,7091,57.32,479.47,156.26,260.91,0.8614,-1,-1,-1
513,7092,1552.89,373.43,225.47,697.44,0.8273,-1,-1,-1
513,7093,381.58,463.65,47.56,113.01,0.8151,-1,-1,-1
513,7094,1482.13,410.33,117.29,541.14,0.8103,-1,-1,-1
513,7095,873.79,409.58,68.88,291.17,0.7805,-1,-1,-1
513,7096,698.16,450.70,35.18,120.07,0.7547,-1,-1,-1
513,7,570.84,455.56,28.86,78.86,0.7527,-1,-1,-1
513,7097,541.88,464.21,24.81,70.42,0.7347,-1,-1,-1
513,7098,1096.63,456.18,43.67,135.45,0.6168,-1,-1,-1
513,7099,1181.67,450.21,26.70,80.90,0.5944,-1,-1,-1
513,7100,639.06,456.60,27.85,88.00,0.5915,-1,-1,-1
513,7101,423.13,464.45,31.84,106.09,0.5787,-1,-1,-1
513,7102,1162.18,439.21,24.80,87.26,0.5562,-1,-1,-1
513,7103,619.11,461.65,23.24,51.64,0.4917,-1,-1,-1
513,7104,1110.68,432.67,49.40,160.30,0.4747,-1,-1,-1
513,7105,457.48,461.32,25.13,48.18,0.4677,-1,-1,-1
513,5,667.82,462.79,23.74,76.31,0.3627,-1,-1,-1
514,7106,725.58,433.39,111.79,268.99,0.8983,-1,-1,-1
514,7107,1319.54,421.40,248.17,644.20,0.8969,-1,-1,-1
514,7108,899.71,454.09,154.15,273.40,0.8890,-1,-1,-1
514,7,1808.31,387.65,111.29,519.12,0.8776,-1,-1,-1
514,4787,1045.35,439.46,97.20,240.68,0.8451,-1,-1,-1
514,2,49.58,480.64,167.45,258.89,0.8239,-1,-1,-1
514,7109,381.45,463.88,47.48,112.77,0.8150,-1,-1,-1
514,7110,1557.30,372.45,304.65,699.34,0.8132,-1,-1,-1
514,7111,873.95,408.85,92.78,295.41,0.7913,-1,-1,-1
514,7112,1485.84,413.86,116.93,543.24,0.7621,-1,-1,-1
514,7113,571.10,455.60,28.18,79.07,0.7505,-1,-1,-1
514,5,541.66,463.64,25.86,70.53,0.7465,-1,-1,-1
514,7114,694.33,451.63,35.24,120.67,0.7403,-1,-1,-1
514,7115,638.85,456.20,28.96,88.62,0.6978,-1,-1,-1
514,7116,1181.92,451.11,26.64,80.15,0.6100,-1,-1,-1
514,7117,1162.12,439.05,24.69,88.08,0.6093,-1,-1,-1
514,7118,419.59,462.20,34.69,109.07,0.5903,-1,-1,-1
514,7119,457.71,461.35,25.06,47.76,0.4829,-1,-1,-1
514,7120,1100.28,432.76,59.93,160.59,0.4552,-1,-1,-1
514,7121,667.75,459.03,26.60,79.36,0.4303,-1,-1,-1
515,7122,901.86,451.99,152.68,273.93,0.9012,-1,-1,-1
515,7123,728.39,431.89,108.68,271.31,0.8919,-1,-1,-1
515,7124,1322.45,421.96,243.92,644.44,0.8883,-1,-1,-1
515,7,1822.92,386.31,96.72,518.87,0.8792,-1,-1,-1
515,4787,1046.77,436.19,99.96,243.90,0.8611,-1,-1,-1
515,2,29.38,479.23,170.71,256.68,0.8224,-1,-1,-1
515,7125,1492.06,414.17,118.49,540.98,0.8164,-1,-1,-1
515,7126,1565.24,375.26,307.26,697.63,0.8083,-1,-1,-1
515,7127,381.28,463.97,47.59,112.66,0.8045,-1,-1,-1
515,7128,874.27,409.74,79.30,292.92,0.7756,-1,-1,-1
515,7129,687.91,452.12,40.03,119.79,0.7634,-1,-1,-1
515,6164,571.42,456.82,29.52,77.72,0.7577,-1,-1,-1
515,7130,541.62,463.36,24.82,71.23,0.7294,-1,-1,-1
515,7131,1099.51,433.80,48.07,158.85,0.6937,-1,-1,-1
515,7132,640.99,456.54,29.46,88.33,0.6369,-1,-1,-1
515,7133,1182.86,450.59,26.04,80.75,0.6241,-1,-1,-1
515,5,422.64,465.90,33.24,104.77,0.6172,-1,-1,-1
515,7134,1162.81,439.05,23.91,87.36,0.5958,-1,-1,-1
515,7135,459.00,461.28,23.42,48.75,0.5533,-1,-1,-1
515,7136,722.03,449.94,27.40,66.09,0.4814,-1,-1,-1
515,4261,668.06,458.82,26.96,79.71,0.4406,-1,-1,-1
516,7137,1323.77,420.89,243.63,644.82,0.8936,-1,-1,-1
516,7138,729.60,431.89,106.78,270.97,0.8932,-1,-1,-1
516,7139,1572.21,376.50,299.17,694.00,0.8866,-1,-1,-1
516,7140,12.58,478.58,179.35,268.90,0.8857,-1,-1,-1
516,7141,903.50,450.53,151.29,276.05,0.8848,-1,-1,-1
516,7142,1047.17,434.34,101.19,245.77,0.8800,-1,-1,-1
516,7143,1825.96,385.25,93.54,526.58,0.8453,-1,-1,-1
516,7144,1496.76,416.22,122.13,534.91,0.8036,-1,-1,-1
516,7145,874.60,409.67,91.11,294.48,0.7943,-1,-1,-1
516,7146,381.91,462.44,47.65,114.24,0.7872,-1,-1,-1
516,7147,688.29,452.03,39.04,118.50,0.7546,-1,-1,-1
516,2,542.14,461.51,25.80,73.34,0.7396,-1,-1,-1
516,7148,570.61,456.76,30.77,78.22,0.7315,-1,-1,-1
516,7149,641.14,455.86,29.59,89.82,0.6704,-1,-1,-1
516,7150,1162.61,439.43,24.64,87.25,0.6334,-1,-1,-1
516,7,1181.68,449.29,26.98,81.66,0.6137,-1,-1,-1
516,7151,1104.36,435.04,48.05,157.96,0.5626,-1,-1,-1
516,7152,423.91,463.86,32.12,106.84,0.5499,-1,-1,-1
516,7153,458.96,461.26,23.30,48.39,0.5070,-1,-1,-1
516,4261,722.20,450.92,27.70,74.61,0.4666,-1,-1,-1
516,5,668.46,458.43,26.72,79.49,0.3930,-1,-1,-1
517,7154,1325.20,420.35,243.05,646.11,0.8974,-1,-1,-1
517,7155,905.29,448.55,149.45,277.35,0.8944,-1,-1,-1
517,7156,732.66,430.50,104.96,272.34,0.8871,-1,-1,-1
517,7157,1046.50,434.76,102.10,245.55,0.8832,-1,-1,-1
517,7158,10.26,479.28,165.27,270.76,0.8289,-1,-1,-1
517,7159,874.72,409.81,79.67,293.26,0.8098,-1,-1,-1
517,7160,381.84,461.97,48.15,114.68,0.7931,-1,-1,-1
517,7161,1572.76,382.78,300.49,687.89,0.7843,-1,-1,-1
517,7162,1838.75,384.40,80.81,488.74,0.7589,-1,-1,-1
517,7163,571.43,455.99,31.17,79.50,0.7407,-1,-1,-1
517,2,687.34,454.43,37.19,114.75,0.7254,-1,-1,-1
517,7164,1502.84,417.67,121.95,536.50,0.7167,-1,-1,-1
517,7165,720.97,450.37,30.12,87.39,0.7131,-1,-1,-1
517,7166,541.31,464.53,27.12,70.44,0.7037,-1,-1,-1
517,7167,643.91,455.88,27.30,89.58,0.6637,-1,-1,-1
517,7,1181.54,450.21,26.73,80.42,0.6106,-1,-1,-1
517,7168,424.97,463.92,31.12,106.27,0.6068,-1,-1,-1
517,7169,1163.34,439.15,24.42,86.57,0.6066,-1,-1,-1
517,7170,1110.02,433.87,44.63,159.44,0.6023,-1,-1,-1
517,7171,458.83,461.20,23.45,48.34,0.5882,-1,-1,-1
518,5777,1327.12,419.10,242.23,647.82,0.9062,-1,-1,-1
518,7172,912.18,447.59,142.67,276.71,0.8843,-1,-1,-1
518,7173,0.21,479.61,174.50,270.09,0.8753,-1,-1,-1
518,7174,1047.21,435.09,102.50,244.77,0.8735,-1,-1,-1
518,7175,876.69,409.40,91.70,298.60,0.8418,-1,-1,-1
518,2,745.65,432.80,91.10,259.34,0.8168,-1,-1,-1
518,7176,1845.22,390.85,74.33,485.83,0.8042,-1,-1,-1
518,7177,381.78,461.78,47.87,114.94,0.7944,-1,-1,-1
518,7178,1578.61,379.17,258.49,689.52,0.7892,-1,-1,-1
518,4261,720.65,450.66,29.89,89.50,0.7701,-1,-1,-1
518,7179,571.98,456.96,30.92,78.26,0.7530,-1,-1,-1
518,7180,685.78,454.73,36.93,115.50,0.7343,-1,-1,-1
518,7181,1508.70,416.41,126.98,537.83,0.7087,-1,-1,-1
518,7182,541.42,464.84,26.85,70.31,0.6897,-1,-1,-1
518,7183,642.90,455.13,28.41,90.38,0.6435,-1,-1,-1
518,7,1179.97,450.22,28.19,80.30,0.6414,-1,-1,-1
518,7184,425.18,463.45,29.65,106.77,0.5979,-1,-1,-1
518,7185,1113.00,433.90,48.79,156.05,0.5434,-1,-1,-1
518,7186,459.30,461.15,23.54,48.16,0.4877,-1,-1,-1
518,7187,1164.33,439.09,22.87,87.76,0.4762,-1,-1,-1
518,5,1309.24,430.25,32.57,115.34,0.3035,-1,-1,-1
519,5777,1329.71,416.53,243.65,650.33,0.9170,-1,-1,-1
519,7188,1578.48,381.23,242.84,688.24,0.8848,-1,-1,-1
519,7189,922.59,447.69,132.52,276.33,0.8833,-1,-1,-1
519,2,1047.52,433.94,102.74,246.26,0.8660,-1,-1,-1
519,7190,877.65,409.26,80.26,294.16,0.8561,-1,-1,-1
519,7191,0.05,516.41,163.67,230.19,0.8446,-1,-1,-1
519,7192,741.76,431.85,98.39,258.93,0.8420,-1,-1,-1
519,7193,381.65,462.20,48.06,114.46,0.7988,-1,-1,-1
519,7194,720.22,450.74,30.60,89.75,0.7879,-1,-1,-1
519,7195,1516.29,416.47,128.17,542.78,0.7850,-1,-1,-1
519,7196,685.62,451.07,37.28,119.80,0.7564,-1,-1,-1
519,7197,571.80,456.79,31.11,78.82,0.7441,-1,-1,-1
519,7198,644.71,455.45,26.86,90.29,0.6726,-1,-1,-1
519,5,541.83,464.94,27.41,70.21,0.6630,-1,-1,-1
519,7199,1852.77,397.12,66.77,463.83,0.6417,-1,-1,-1
519,7,1180.67,451.33,27.95,79.49,0.6216,-1,-1,-1
519,4261,421.57,465.32,32.65,104.62,0.5744,-1,-1,-1
519,7200,459.12,461.11,23.78,48.29,0.5554,-1,-1,-1
519,7201,1165.05,438.82,21.57,87.92,0.5248,-1,-1,-1
519,7202,1111.11,434.19,44.19,155.09,0.4284,-1,-1,-1
520,5777,1333.72,414.78,242.81,651.47,0.9114,-1,-1,-1
520,7203,0.37,478.40,151.25,273.19,0.8849,-1,-1,-1
520,7204,1581.33,386.07,269.77,683.41,0.8787,-1,-1,-1
520,7205,924.12,446.83,134.38,273.58,0.8766,-1,-1,-1
520,2,878.36,408.29,82.44,295.28,0.8583,-1,-1,-1
520,7206,1048.11,435.91,101.83,244.00,0.8080,-1,-1,-1
520,7207,751.24,431.48,92.14,257.31,0.7989,-1,-1,-1
520,4261,381.89,462.74,48.00,113.86,0.7989,-1,-1,-1
520,7208,720.27,450.97,31.00,89.11,0.7899,-1,-1,-1
520,7209,571.83,455.90,31.27,79.41,0.7520,-1,-1,-1
520,7210,1522.42,415.89,128.41,537.90,0.7508,-1,-1,-1
520,7211,684.40,448.94,37.26,121.49,0.7498,-1,-1,-1
520,7212,644.22,454.75,27.57,90.60,0.7004,-1,-1,-1
520,7213,1179.81,450.50,28.54,79.64,0.6871,-1,-1,-1
520,7214,542.00,465.17,26.53,70.33,0.6869,-1,-1,-1
520,7215,420.79,465.97,33.69,104.02,0.5764,-1,-1,-1
520,5,459.07,461.31,24.07,48.14,0.5598,-1,-1,-1
520,7216,1861.60,397.67,58.03,476.07,0.5020,-1,-1,-1
520,7217,1165.01,438.94,21.19,87.46,0.4516,-1,-1,-1
520,7,1114.49,435.85,52.88,154.04,0.3017,-1,-1,-1
521,5777,1337.04,414.16,243.46,652.48,0.9165,-1,-1,-1
521,7218,1585.44,383.03,259.91,687.09,0.8737,-1,-1,-1
521,7219,933.54,445.38,130.11,274.79,0.8651,-1,-1,-1
521,2,879.65,407.40,85.84,297.02,0.8475,-1,-1,-1
521,7220,1049.08,434.29,98.57,245.44,0.8314,-1,-1,-1
521,7221,719.81,450.20,31.85,89.86,0.7937,-1,-1,-1
521,7222,684.01,447.89,36.61,121.86,0.7901,-1,-1,-1
521,4261,382.13,463.36,47.55,113.52,0.7900,-1,-1,-1
521,7223,1528.99,415.72,134.46,539.38,0.7864,-1,-1,-1
521,7224,572.21,457.44,30.84,77.87,0.7625,-1,-1,-1
521,7225,766.81,429.67,76.05,257.92,0.7574,-1,-1,-1
521,7226,644.49,454.67,27.51,90.95,0.7178,-1,-1,-1
521,7227,542.43,466.09,25.25,69.34,0.6727,-1,-1,-1
521,7228,1181.09,450.28,27.27,79.87,0.6306,-1,-1,-1
521,7229,1163.38,438.91,23.46,87.88,0.5868,-1,-1,-1
521,7230,422.69,464.28,31.58,106.05,0.5694,-1,-1,-1
521,5,459.23,461.18,23.24,48.28,0.4985,-1,-1,-1
521,7231,0.20,528.45,133.53,221.53,0.4609,-1,-1,-1
521,7232,669.13,457.30,24.69,80.08,0.3547,-1,-1,-1
521,7233,1859.18,418.58,60.47,420.76,0.3054,-1,-1,-1
522,5777,1343.42,413.22,242.57,653.50,0.8963,-1,-1,-1
522,7234,1047.72,432.61,102.84,247.35,0.8698,-1,-1,-1
522,7235,879.98,407.15,86.01,300.75,0.8683,-1,-1,-1
522,2,771.76,430.25,73.72,257.70,0.8451,-1,-1,-1
522,7236,957.80,445.87,111.18,274.95,0.8274,-1,-1,-1
522,7237,0.06,508.39,128.28,241.75,0.8235,-1,-1,-1
522,7238,1537.36,414.84,133.60,547.20,0.8091,-1,-1,-1
522,7239,1586.78,379.68,271.23,688.78,0.8071,-1,-1,-1
522,7240,719.07,450.19,31.81,90.60,0.8003,-1,-1,-1
522,7241,682.04,447.92,38.13,121.31,0.7991,-1,-1,-1
522,7242,382.26,463.62,47.54,112.92,0.7922,-1,-1,-1
522,7,571.96,457.49,31.29,78.05,0.7636,-1,-1,-1
522,7243,644.93,454.51,27.68,91.79,0.6833,-1,-1,-1
522,7244,542.69,467.30,24.37,68.40,0.6676,-1,-1,-1
522,7245,1180.59,451.30,27.45,78.72,0.6478,-1,-1,-1
522,4261,417.33,461.21,35.76,109.64,0.5862,-1,-1,-1
522,5,459.49,461.23,23.18,48.62,0.5524,-1,-1,-1
522,7246,1164.67,438.91,22.24,87.68,0.5287,-1,-1,-1
522,7247,1141.28,448.83,25.51,99.25,0.3116,-1,-1,-1
523,5777,1352.85,414.36,244.19,651.54,0.8879,-1,-1,-1
523,7248,1050.80,436.43,102.02,243.44,0.8759,-1,-1,-1
523,4787,880.66,406.87,88.01,298.36,0.8484,-1,-1,-1
523,7249,957.25,445.74,108.15,274.69,0.8479,-1,-1,-1
523,7250,783.85,430.28,66.18,257.37,0.8318,-1,-1,-1
523,7251,1538.03,414.33,144.50,552.12,0.8185,-1,-1,-1
523,7252,0.07,525.54,112.00,230.76,0.8131,-1,-1,-1
523,7253,678.16,448.96,41.58,121.26,0.7888,-1,-1,-1
523,7254,571.85,456.38,32.00,78.87,0.7849,-1,-1,-1
523,7255,382.61,463.47,46.79,113.04,0.7778,-1,-1,-1
523,7256,1586.93,382.19,271.53,688.25,0.7775,-1,-1,-1
523,7257,719.11,449.33,31.41,91.58,0.7729,-1,-1,-1
523,7258,543.21,465.49,25.21,70.16,0.6954,-1,-1,-1
523,7259,645.94,454.24,27.18,91.09,0.6576,-1,-1,-1
523,7260,423.05,464.86,30.82,105.68,0.6443,-1,-1,-1
523,7261,1180.16,450.21,27.27,79.45,0.6406,-1,-1,-1
523,5,458.59,460.99,23.85,48.26,0.5547,-1,-1,-1
523,7262,1166.73,438.65,19.76,87.93,0.5023,-1,-1,-1
523,7263,1143.88,442.63,24.22,104.11,0.4446,-1,-1,-1
523,2,1010.19,448.19,23.88,36.95,0.3589,-1,-1,-1
524,7264,1592.71,374.27,281.09,694.37,0.8997,-1,-1,-1
524,7265,1364.97,412.52,237.25,653.68,0.8891,-1,-1,-1
524,7266,1054.15,433.13,97.79,246.30,0.8810,-1,-1,-1
524,7267,973.25,442.63,98.72,279.29,0.8629,-1,-1,-1
524,7268,1540.57,413.51,150.76,562.80,0.8186,-1,-1,-1
524,7269,785.29,430.70,69.65,260.55,0.8163,-1,-1,-1
524,7270,887.99,407.62,86.83,299.40,0.8005,-1,-1,-1
524,7271,675.51,449.75,41.64,120.29,0.7935,-1,-1,-1
524,7272,572.93,455.52,31.37,80.11,0.7861,-1,-1,-1
524,7273,0.10,534.61,112.90,226.76,0.7766,-1,-1,-1
524,7274,382.82,462.72,47.16,113.37,0.7508,-1,-1,-1
524,7275,718.69,448.96,30.90,92.31,0.7307,-1,-1,-1
524,7276,646.86,454.58,27.36,91.46,0.6900,-1,-1,-1
524,7277,543.31,464.07,26.80,70.99,0.6544,-1,-1,-1
524,7278,1181.59,450.23,26.73,79.57,0.6432,-1,-1,-1
524,7279,424.72,465.88,29.06,104.40,0.6411,-1,-1,-1
524,4261,459.93,460.94,22.77,48.04,0.5219,-1,-1,-1
524,5,1166.59,438.92,20.22,87.79,0.4407,-1,-1,-1
524,7280,1010.19,448.13,24.54,37.16,0.4159,-1,-1,-1
524,2,1144.69,446.32,24.24,100.69,0.3967,-1,-1,-1
525,7281,1383.93,412.97,222.51,653.19,0.9006,-1,-1,-1
525,7282,1597.16,374.02,285.38,695.25,0.8848,-1,-1,-1
525,7283,1059.72,432.11,92.81,246.38,0.8638,-1,-1,-1
525,2,981.97,442.26,95.12,279.93,0.8609,-1,-1,-1
525,7284,1541.06,413.35,159.29,571.40,0.8464,-1,-1,-1
525,7285,673.19,452.44,42.04,117.38,0.8345,-1,-1,-1
525,7286,888.60,406.87,88.51,299.66,0.8324,-1,-1,-1
525,7287,572.37,452.38,33.31,83.11,0.7657,-1,-1,-1
525,7288,718.64,448.25,28.59,93.26,0.7597,-1,-1,-1
525,7289,382.95,462.30,47.43,113.62,0.7430,-1,-1,-1
525,7290,0.07,531.46,86.05,226.98,0.7195,-1,-1,-1
525,7291,543.80,466.07,26.37,69.43,0.7129,-1,-1,-1
525,7292,646.79,456.40,28.80,89.22,0.6724,-1,-1,-1
525,7293,789.41,430.52,70.88,260.59,0.6686,-1,-1,-1
525,7294,422.86,464.75,33.36,106.19,0.6387,-1,-1,-1
525,7295,1181.89,450.08,25.50,79.73,0.5853,-1,-1,-1
525,7296,1147.18,447.32,25.22,99.37,0.5843,-1,-1,-1
525,7297,459.01,461.44,22.97,47.41,0.5785,-1,-1,-1
525,7298,1009.96,448.18,30.17,37.61,0.5457,-1,-1,-1
525,7299,1166.23,439.06,22.20,88.01,0.4853,-1,-1,-1
526,7300,1402.07,410.55,209.22,656.31,0.8840,-1,-1,-1
526,7301,1602.55,369.53,307.90,700.68,0.8733,-1,-1,-1
526,2,991.22,443.11,92.73,280.40,0.8562,-1,-1,-1
526,7302,1539.82,411.80,172.00,580.87,0.8523,-1,-1,-1
526,7303,1065.15,431.46,89.33,245.94,0.8421,-1,-1,-1
526,7304,893.92,406.98,83.00,300.84,0.8339,-1,-1,-1
526,7305,672.21,453.50,42.73,116.10,0.8318,-1,-1,-1
526,7306,718.43,447.93,30.35,93.88,0.7746,-1,-1,-1
526,7307,572.39,453.25,33.24,81.87,0.7677,-1,-1,-1
526,7308,383.00,462.35,47.38,113.38,0.7486,-1,-1,-1
526,7309,647.83,456.30,30.03,90.45,0.7099,-1,-1,-1
526,7310,544.08,466.04,25.18,69.31,0.7073,-1,-1,-1
526,7311,0.13,577.59,52.13,183.95,0.6762,-1,-1,-1
526,7312,792.08,430.69,72.27,259.15,0.6515,-1,-1,-1
526,7313,422.76,464.80,33.50,106.09,0.6465,-1,-1,-1
526,7314,458.73,461.43,23.12,48.36,0.6382,-1,-1,-1
526,7315,1010.11,448.30,32.31,38.64,0.5829,-1,-1,-1
526,7316,1181.82,451.16,26.02,78.31,0.5300,-1,-1,-1
526,7317,1167.15,439.24,21.35,87.27,0.5185,-1,-1,-1
526,7318,0.04,527.34,71.85,131.52,0.3276,-1,-1,-1
527,7319,1606.00,378.21,299.77,691.58,0.8843,-1,-1,-1
527,7320,1425.43,411.19,190.33,655.18,0.8659,-1,-1,-1
527,5777,996.51,443.43,87.56,279.95,0.8545,-1,-1,-1
527,7321,899.53,406.40,80.41,301.19,0.8521,-1,-1,-1
527,7322,671.77,452.40,42.92,117.88,0.8399,-1,-1,-1
527,7323,1544.38,410.79,178.69,585.08,0.8297,-1,-1,-1
527,7324,1070.34,432.02,95.91,243.08,0.7975,-1,-1,-1
527,7325,718.68,448.09,29.52,93.96,0.7943,-1,-1,-1
527,7326,572.23,452.90,32.93,82.09,0.7668,-1,-1,-1
527,4261,383.01,462.29,47.37,113.42,0.7490,-1,-1,-1
527,7327,544.18,466.54,24.78,68.87,0.7008,-1,-1,-1
527,7328,650.42,456.76,24.80,89.79,0.6985,-1,-1,-1
527,7329,0.06,526.97,62.85,228.80,0.6962,-1,-1,-1
527,2,794.13,430.52,87.67,259.42,0.6550,-1,-1,-1
527,7,422.66,464.18,33.70,106.73,0.6453,-1,-1,-1
527,7330,1010.48,448.29,33.10,38.79,0.5959,-1,-1,-1
527,7331,459.01,461.38,22.60,47.92,0.5276,-1,-1,-1
527,7332,1181.87,451.42,25.80,78.13,0.4115,-1,-1,-1
527,7333,1167.69,439.20,20.71,82.65,0.3202,-1,-1,-1
527,7334,1852.28,385.53,67.22,269.72,0.3120,-1,-1,-1
528,7335,1606.99,375.94,308.24,694.35,0.8918,-1,-1,-1
528,7336,1078.44,431.93,103.89,242.57,0.8911,-1,-1,-1
528,7337,1438.81,410.65,182.29,656.69,0.8763,-1,-1,-1
528,7338,1000.85,442.58,85.02,282.48,0.8619,-1,-1,-1
528,7339,1542.93,409.83,189.91,587.45,0.8575,-1,-1,-1
528,7340,915.41,406.53,68.31,301.56,0.8350,-1,-1,-1
528,7341,796.72,431.68,98.97,257.42,0.8296,-1,-1,-1
528,2,671.63,454.01,43.18,116.10,0.8198,-1,-1,-1
528,7342,718.90,448.62,30.25,93.98,0.7965,-1,-1,-1
528,7343,574.12,454.08,32.03,80.78,0.7950,-1,-1,-1
528,4261,383.10,463.63,46.59,112.09,0.7133,-1,-1,-1
528,7344,544.55,464.70,25.57,71.12,0.7065,-1,-1,-1
528,4787,0.10,548.83,49.16,220.77,0.6445,-1,-1,-1
528,7345,1010.17,448.91,33.09,39.25,0.6364,-1,-1,-1
528,7346,648.40,456.98,27.30,89.82,0.6312,-1,-1,-1
528,7347,424.43,464.54,31.98,105.95,0.6078,-1,-1,-1
528,7348,457.54,460.93,24.09,47.96,0.5245,-1,-1,-1
528,7,1181.91,452.54,24.38,76.93,0.4505,-1,-1,-1
528,5,1166.52,439.28,21.69,87.55,0.3026,-1,-1,-1
529,5777,1614.67,364.95,304.69,706.38,0.9147,-1,-1,-1
529,7349,1085.03,431.73,99.17,242.13,0.8755,-1,-1,-1
529,7350,1443.51,410.46,184.40,652.47,0.8747,-1,-1,-1
529,7351,1004.41,443.83,85.23,279.69,0.8644,-1,-1,-1
529,7352,918.47,406.17,68.91,301.91,0.8501,-1,-1,-1
529,7353,797.61,431.52,100.01,257.51,0.8441,-1,-1,-1
529,7354,1562.90,411.65,182.06,591.90,0.8412,-1,-1,-1
529,2,671.55,452.40,40.94,117.23,0.8143,-1,-1,-1
529,7355,718.24,448.64,29.06,93.44,0.7936,-1,-1,-1
529,7356,575.00,453.91,31.12,81.25,0.7843,-1,-1,-1
529,7357,383.44,464.35,46.35,111.73,0.7303,-1,-1,-1
529,7358,544.28,464.77,24.92,71.29,0.7145,-1,-1,-1
529,7359,648.43,457.31,26.34,90.11,0.6665,-1,-1,-1
529,7360,1010.18,448.84,33.91,40.20,0.6485,-1,-1,-1
529,7361,423.28,463.88,32.86,106.72,0.6442,-1,-1,-1
529,7362,457.66,461.23,23.41,46.88,0.4985,-1,-1,-1
529,7363,1181.60,453.57,25.01,76.14,0.4689,-1,-1,-1
530,7364,1447.95,411.12,183.83,655.35,0.8752,-1,-1,-1
530,7365,1620.31,375.06,299.38,696.06,0.8735,-1,-1,-1
530,7366,920.06,406.95,70.03,301.72,0.8700,-1,-1,-1
530,7367,797.66,432.14,120.78,256.08,0.8679,-1,-1,-1
530,7368,1096.88,431.92,88.54,242.90,0.8618,-1,-1,-1
530,7369,1005.98,446.30,98.73,277.02,0.8609,-1,-1,-1
530,7370,1582.84,410.05,167.43,599.31,0.8494,-1,-1,-1
530,2,669.78,452.58,40.61,115.78,0.7934,-1,-1,-1
530,7371,574.56,455.29,30.94,80.36,0.7886,-1,-1,-1
530,7372,718.16,449.17,29.04,92.09,0.7704,-1,-1,-1
530,4261,383.33,463.51,46.54,112.47,0.7407,-1,-1,-1
530,5,543.81,464.26,24.89,71.92,0.7023,-1,-1,-1
530,7373,425.44,467.17,29.68,103.15,0.6336,-1,-1,-1
530,7374,649.08,457.09,24.93,90.59,0.6294,-1,-1,-1
530,7375,1009.49,448.93,35.50,42.83,0.5817,-1,-1,-1
530,7362,456.45,462.34,24.01,45.43,0.4350,-1,-1,-1
530,7376,0.07,562.74,30.36,119.62,0.3168,-1,-1,-1
530,7,1180.67,450.67,22.73,79.04,0.3060,-1,-1,-1
531,7377,1626.77,369.42,293.18,701.79,0.8902,-1,-1,-1
531,7378,1450.19,411.57,188.87,655.20,0.8843,-1,-1,-1
531,7379,798.11,432.71,124.09,255.15,0.8796,-1,-1,-1
531,7380,1588.83,410.87,170.12,598.80,0.8665,-1,-1,-1
531,7381,1093.08,432.43,93.09,242.55,0.8659,-1,-1,-1
531,7382,1007.00,445.27,102.00,277.47,0.8493,-1,-1,-1
531,7383,920.15,407.56,71.69,300.15,0.8443,-1,-1,-1
531,4261,717.80,449.51,29.70,91.63,0.7864,-1,-1,-1
531,7384,575.72,455.27,29.31,80.77,0.7814,-1,-1,-1
531,7385,381.99,463.58,47.39,112.30,0.7623,-1,-1,-1
531,7386,668.56,451.87,40.47,115.40,0.7599,-1,-1,-1
531,5,542.92,464.10,25.13,71.82,0.6812,-1,-1,-1
531,7387,649.71,455.95,24.90,91.55,0.6154,-1,-1,-1
531,7388,417.04,460.45,37.22,110.32,0.6086,-1,-1,-1
531,7389,456.99,462.38,22.97,45.15,0.5111,-1,-1,-1
531,7390,1009.93,448.89,33.12,43.15,0.5066,-1,-1,-1
531,7391,1182.03,450.54,21.90,78.84,0.5043,-1,-1,-1
532,7392,1451.49,413.26,210.04,651.97,0.8951,-1,-1,-1
532,7393,797.93,433.97,123.06,254.38,0.8711,-1,-1,-1
532,7394,1593.31,410.71,177.99,601.03,0.8631,-1,-1,-1
532,7395,1007.87,445.22,114.45,277.38,0.8605,-1,-1,-1
532,7396,1643.15,366.11,276.63,704.65,0.8586,-1,-1,-1
532,2,1099.43,433.38,85.20,242.14,0.8566,-1,-1,-1
532,7397,920.71,407.97,74.98,299.54,0.8479,-1,-1,-1
532,7398,574.95,455.38,30.75,80.90,0.7973,-1,-1,-1
532,7399,382.19,464.19,47.25,111.71,0.7700,-1,-1,-1
532,7400,717.20,450.41,27.60,92.16,0.7615,-1,-1,-1
532,7401,668.73,451.70,37.58,116.27,0.7604,-1,-1,-1
532,5,543.32,463.37,25.65,72.85,0.6928,-1,-1,-1
532,7402,1009.88,448.71,34.84,47.48,0.6760,-1,-1,-1
532,7403,650.42,454.87,23.68,92.88,0.5684,-1,-1,-1
532,7404,416.12,462.19,38.93,108.96,0.5636,-1,-1,-1
532,7405,457.14,462.52,22.46,44.19,0.4502,-1,-1,-1
532,7406,1181.88,450.31,22.65,78.80,0.4067,-1,-1,-1
533,7407,1658.25,363.33,261.19,708.25,0.9142,-1,-1,-1
533,7408,1452.40,413.37,219.66,653.00,0.8947,-1,-1,-1
533,7409,1597.33,411.34,179.90,608.88,0.8883,-1,-1,-1
533,7410,797.63,434.51,116.90,253.43,0.8865,-1,-1,-1
533,7411,920.55,408.27,86.51,299.43,0.8763,-1,-1,-1
533,7412,1007.67,444.44,119.02,277.85,0.8468,-1,-1,-1
533,7413,575.91,454.61,30.27,81.35,0.8000,-1,-1,-1
533,4261,382.10,463.28,47.35,112.60,0.7735,-1,-1,-1
533,7414,715.95,450.95,31.22,92.14,0.7670,-1,-1,-1
533,7415,666.65,449.89,36.59,117.92,0.7593,-1,-1,-1
533,7416,543.18,462.79,26.71,73.31,0.7479,-1,-1,-1
533,7417,1101.04,439.67,84.08,234.81,0.7031,-1,-1,-1
533,7418,1009.82,448.56,34.18,48.32,0.6512,-1,-1,-1
533,7419,420.16,464.54,34.76,106.49,0.5766,-1,-1,-1
533,7420,648.20,454.32,26.43,93.31,0.5733,-1,-1,-1
533,7421,1161.35,442.01,29.83,107.22,0.4917,-1,-1,-1
533,7422,456.62,462.78,23.07,44.44,0.4752,-1,-1,-1
534,7423,1679.39,364.42,240.16,708.61,0.9075,-1,-1,-1
534,7424,1453.22,413.13,220.64,653.86,0.9009,-1,-1,-1
534,7425,799.15,433.74,129.76,254.22,0.8997,-1,-1,-1
534,7426,920.51,407.77,94.13,300.06,0.8874,-1,-1,-1
534,7427,1600.79,411.77,184.57,615.09,0.8727,-1,-1,-1
534,2,1008.13,445.75,126.44,277.20,0.8703,-1,-1,-1
534,7428,576.96,454.99,29.86,80.79,0.7968,-1,-1,-1
534,7429,1102.16,436.96,88.20,240.43,0.7897,-1,-1,-1
534,7430,716.68,451.35,28.54,92.78,0.7663,-1,-1,-1
534,7431,543.46,461.56,27.28,74.49,0.7575,-1,-1,-1
534,7432,665.73,450.60,35.33,117.63,0.7486,-1,-1,-1
534,7433,383.41,463.66,45.56,111.99,0.7436,-1,-1,-1
534,7434,651.50,453.93,22.61,93.84,0.6404,-1,-1,-1
534,7435,420.86,464.66,34.81,106.09,0.6301,-1,-1,-1
534,7436,1010.64,448.42,36.00,55.87,0.5777,-1,-1,-1
534,7437,456.22,462.32,23.58,44.54,0.4385,-1,-1,-1
534,7438,1183.13,449.25,20.82,79.72,0.3650,-1,-1,-1
534,7,1162.47,441.06,29.41,99.07,0.3583,-1,-1,-1
534,5,697.61,469.04,17.47,64.52,0.3413,-1,-1,-1
535,7439,801.06,434.54,129.88,252.36,0.9047,-1,-1,-1
535,5777,1454.43,413.34,219.92,653.93,0.8967,-1,-1,-1
535,7440,920.90,408.31,99.01,298.83,0.8816,-1,-1,-1
535,7441,1730.56,366.73,189.01,703.42,0.8815,-1,-1,-1
535,7442,1008.69,445.65,128.44,278.51,0.8808,-1,-1,-1
535,7443,1609.39,410.94,184.22,612.75,0.8633,-1,-1,-1
535,7444,1102.73,435.57,89.11,242.00,0.8608,-1,-1,-1
535,7445,578.28,455.34,29.26,80.98,0.7938,-1,-1,-1
535,5,716.05,450.46,29.32,93.33,0.7759,-1,-1,-1
535,4261,383.50,463.35,46.38,112.42,0.7386,-1,-1,-1
535,7446,665.01,451.69,34.90,116.24,0.7020,-1,-1,-1
535,7447,543.47,461.21,28.27,75.58,0.6914,-1,-1,-1
535,7448,650.96,453.11,23.18,94.87,0.6698,-1,-1,-1
535,7449,1011.29,447.97,33.21,60.95,0.6116,-1,-1,-1
535,7450,418.34,459.01,38.09,111.94,0.5823,-1,-1,-1
535,7451,456.31,462.62,23.68,43.49,0.4015,-1,-1,-1
536,7452,803.01,433.93,127.04,253.44,0.8988,-1,-1,-1
536,7453,1748.38,364.69,171.35,704.82,0.8905,-1,-1,-1
536,7454,1454.48,413.84,223.03,652.93,0.8890,-1,-1,-1
536,7455,921.39,408.54,100.86,298.79,0.8885,-1,-1,-1
536,7456,1008.47,451.39,127.93,273.17,0.8770,-1,-1,-1
536,7457,1616.80,409.70,179.13,613.16,0.8729,-1,-1,-1
536,7458,1104.77,437.56,86.29,240.01,0.8488,-1,-1,-1
536,7459,578.99,455.81,29.09,80.97,0.7990,-1,-1,-1
536,7460,382.87,462.88,46.98,113.38,0.7703,-1,-1,-1
536,7461,716.13,450.02,28.42,94.09,0.7688,-1,-1,-1
536,7462,544.25,461.76,26.76,75.02,0.7316,-1,-1,-1
536,2,663.38,452.57,33.66,113.85,0.7121,-1,-1,-1
536,7463,1010.70,447.92,35.07,64.58,0.6625,-1,-1,-1
536,7464,421.03,460.32,34.94,110.67,0.5884,-1,-1,-1
536,7465,650.55,453.56,23.97,93.71,0.5675,-1,-1,-1
536,7362,455.83,462.54,23.40,43.70,0.4509,-1,-1,-1
536,5,1166.24,439.79,27.42,89.81,0.3162,-1,-1,-1
537,7466,1759.77,364.06,159.90,706.37,0.9080,-1,-1,-1
537,7467,800.50,434.23,129.23,253.06,0.9014,-1,-1,-1
537,7468,921.35,409.99,102.28,297.23,0.8916,-1,-1,-1
537,7469,1008.09,446.00,128.63,278.83,0.8851,-1,-1,-1
537,7470,1454.55,413.39,228.39,654.31,0.8851,-1,-1,-1
537,7471,1108.40,436.30,74.70,241.06,0.8365,-1,-1,-1
537,7472,1621.03,408.93,185.66,612.99,0.8218,-1,-1,-1
537,5,579.55,456.00,29.09,80.39,0.7776,-1,-1,-1
537,7473,717.55,449.54,27.72,93.76,0.7664,-1,-1,-1
537,7474,382.81,462.83,47.07,113.60,0.7639,-1,-1,-1
537,7475,663.18,451.93,33.87,115.14,0.7568,-1,-1,-1
537,7476,544.38,461.80,26.65,74.83,0.7324,-1,-1,-1
537,7477,1166.91,440.77,26.97,107.08,0.6494,-1,-1,-1
537,7478,420.95,461.57,35.13,109.56,0.6235,-1,-1,-1
537,7479,1010.79,447.93,35.04,67.76,0.6185,-1,-1,-1
537,7480,651.29,454.15,23.36,92.80,0.4258,-1,-1,-1
537,2,455.73,462.69,22.78,44.25,0.3591,-1,-1,-1
538,7481,802.44,433.58,127.72,252.45,0.8998,-1,-1,-1
538,7482,921.63,410.71,105.76,297.22,0.8935,-1,-1,-1
538,7483,1764.43,364.41,155.06,706.47,0.8792,-1,-1,-1
538,7484,1008.27,446.38,127.25,277.72,0.8769,-1,-1,-1
538,7485,1455.30,412.26,232.32,654.63,0.8713,-1,-1,-1
538,7486,1624.58,411.07,185.28,608.11,0.8471,-1,-1,-1
538,7487,1113.34,437.22,73.26,241.08,0.8208,-1,-1,-1
538,5,579.13,455.91,29.72,80.55,0.7894,-1,-1,-1
538,7488,717.02,449.18,27.78,95.02,0.7813,-1,-1,-1
538,7489,382.52,462.44,47.06,113.80,0.7649,-1,-1,-1
538,7490,544.55,461.14,27.57,75.29,0.7521,-1,-1,-1
538,7491,660.45,452.40,36.74,115.42,0.7227,-1,-1,-1
538,7492,419.85,461.74,36.37,108.83,0.6128,-1,-1,-1
538,7493,1010.27,447.97,33.04,70.35,0.5808,-1,-1,-1
538,7494,649.98,454.79,23.20,91.40,0.4236,-1,-1,-1
538,7495,692.73,460.83,20.17,70.46,0.4233,-1,-1,-1
539,7496,1772.02,363.86,147.51,707.14,0.9030,-1,-1,-1
539,7497,921.31,411.01,109.13,296.94,0.8968,-1,-1,-1
539,7498,805.32,432.12,125.21,253.76,0.8925,-1,-1,-1
539,2,1011.44,446.11,125.02,278.55,0.8851,-1,-1,-1
539,5777,1458.51,410.58,237.86,655.71,0.8621,-1,-1,-1
539,7499,1633.15,413.83,181.09,598.88,0.8501,-1,-1,-1
539,7500,1113.65,438.63,70.28,238.88,0.8286,-1,-1,-1
539,5,580.15,456.83,28.69,79.75,0.7934,-1,-1,-1
539,7,659.38,452.83,35.96,113.94,0.7786,-1,-1,-1
539,7501,715.91,449.40,29.09,94.80,0.7782,-1,-1,-1
539,4261,382.33,463.05,47.59,113.10,0.7588,-1,-1,-1
539,7502,544.70,461.48,26.88,74.92,0.7551,-1,-1,-1
539,7503,421.26,460.93,34.33,109.61,0.5913,-1,-1,-1
539,7504,1009.57,448.34,34.57,74.41,0.5846,-1,-1,-1
539,7505,690.08,462.19,22.58,69.30,0.4457,-1,-1,-1
539,7506,1171.21,447.05,29.02,99.36,0.3571,-1,-1,-1
540,7507,808.05,431.16,123.23,255.00,0.8966,-1,-1,-1
540,5777,921.45,411.89,109.38,295.96,0.8849,-1,-1,-1
540,7508,1016.74,440.45,119.68,284.15,0.8697,-1,-1,-1
540,7509,1780.16,374.14,139.38,697.14,0.8684,-1,-1,-1
540,7510,1634.50,415.96,185.86,597.23,0.8611,-1,-1,-1
540,7511,1461.48,410.38,237.65,656.95,0.8501,-1,-1,-1
540,2,1115.36,436.46,68.38,241.84,0.8358,-1,-1,-1
540,7512,381.56,462.33,47.73,113.84,0.7969,-1,-1,-1
540,7513,715.12,448.47,28.99,94.19,0.7834,-1,-1,-1
540,7514,579.92,456.91,29.71,79.37,0.7819,-1,-1,-1
540,7515,544.69,461.31,27.64,75.91,0.7796,-1,-1,-1
540,7516,657.99,452.74,36.22,114.26,0.6895,-1,-1,-1
540,7517,1009.00,448.04,35.70,75.42,0.5988,-1,-1,-1
540,7518,423.19,463.45,32.12,106.51,0.5629,-1,-1,-1
540,7,688.32,459.59,23.31,73.39,0.5463,-1,-1,-1
540,7519,1174.03,444.42,26.27,103.34,0.5229,-1,-1,-1
540,5,496.36,461.62,19.20,51.40,0.3269,-1,-1,-1
541,7520,1637.79,414.50,186.86,602.26,0.8943,-1,-1,-1
541,7521,815.06,431.27,116.73,254.58,0.8898,-1,-1,-1
541,7522,1788.96,380.09,130.50,691.26,0.8812,-1,-1,-1
541,7523,921.09,412.59,120.82,294.91,0.8736,-1,-1,-1
541,7524,1466.22,409.25,237.05,659.11,0.8635,-1,-1,-1
541,7525,1029.99,437.05,107.70,287.54,0.8555,-1,-1,-1
541,2,1115.56,434.58,71.00,244.63,0.8001,-1,-1,-1
541,7526,714.70,448.48,29.09,94.94,0.7925,-1,-1,-1
541,7527,544.89,461.22,27.28,76.46,0.7772,-1,-1,-1
541,4261,381.23,462.66,47.30,113.66,0.7743,-1,-1,-1
541,7528,578.46,456.96,31.48,79.04,0.7662,-1,-1,-1
541,7529,654.60,454.27,38.14,113.16,0.6681,-1,-1,-1
541,7530,414.59,457.22,40.99,113.50,0.6486,-1,-1,-1
541,7531,1174.68,443.93,30.94,103.64,0.6476,-1,-1,-1
541,7532,1009.21,448.28,35.31,74.81,0.6334,-1,-1,-1
541,7533,688.40,460.43,22.28,72.13,0.4983,-1,-1,-1
542,7534,1795.36,383.35,124.12,689.16,0.8826,-1,-1,-1
542,7535,1638.93,415.03,188.62,602.73,0.8810,-1,-1,-1
542,7536,921.22,412.93,125.51,294.36,0.8798,-1,-1,-1
542,7537,1038.44,446.11,101.55,278.51,0.8778,-1,-1,-1
542,7538,818.09,431.35,113.80,255.61,0.8757,-1,-1,-1
542,7539,1474.61,408.90,235.13,659.31,0.8707,-1,-1,-1
542,2,1117.29,438.26,69.14,240.54,0.7994,-1,-1,-1
542,7540,714.41,448.77,31.09,94.92,0.7903,-1,-1,-1
542,7541,655.00,453.93,35.77,111.75,0.7823,-1,-1,-1
542,7542,577.02,456.47,33.12,79.63,0.7715,-1,-1,-1
542,7543,381.43,462.84,46.72,113.05,0.7608,-1,-1,-1
542,7544,414.94,456.90,40.25,113.90,0.6827,-1,-1,-1
542,7545,544.87,460.95,29.40,77.14,0.6709,-1,-1,-1
542,7546,1009.38,448.33,34.23,76.95,0.6490,-1,-1,-1
542,7547,687.65,461.20,22.99,71.80,0.4981,-1,-1,-1
542,7548,496.08,451.56,20.74,61.45,0.3246,-1,-1,-1
542,5,1177.78,446.41,24.75,100.32,0.3103,-1,-1,-1
543,7549,921.96,413.01,121.78,294.17,0.8886,-1,-1,-1
543,7550,827.89,430.83,104.58,254.59,0.8781,-1,-1,-1
543,7551,1484.47,409.31,231.39,654.90,0.8717,-1,-1,-1
543,7552,1642.28,414.05,192.49,603.90,0.8660,-1,-1,-1
543,7553,1806.80,392.51,112.80,680.12,0.8251,-1,-1,-1
543,7554,1043.13,442.58,101.33,281.88,0.8204,-1,-1,-1
543,7555,654.81,453.97,35.75,112.28,0.8163,-1,-1,-1
543,7556,1118.47,434.78,75.45,244.15,0.7981,-1,-1,-1
543,4261,713.83,448.93,32.29,94.50,0.7868,-1,-1,-1
543,7557,381.13,463.05,47.21,113.03,0.7829,-1,-1,-1
543,7558,545.78,461.52,26.84,76.39,0.7705,-1,-1,-1
543,7559,580.22,456.82,30.15,79.47,0.7602,-1,-1,-1
543,7560,416.34,458.09,38.50,112.54,0.6494,-1,-1,-1
543,7561,1009.25,448.36,32.75,78.31,0.5854,-1,-1,-1
543,7562,1180.81,446.62,39.57,100.02,0.5068,-1,-1,-1
543,7563,687.03,460.27,20.67,72.13,0.4541,-1,-1,-1
543,5,496.17,459.14,22.68,53.14,0.3431,-1,-1,-1
544,7564,922.91,412.14,128.41,294.23,0.9001,-1,-1,-1
544,7565,1648.03,413.75,191.16,600.01,0.8733,-1,-1,-1
544,7566,837.56,430.21,95.73,255.03,0.8700,-1,-1,-1
544,7567,1497.63,407.87,223.75,659.89,0.8638,-1,-1,-1
544,7568,1051.29,435.40,99.46,288.77,0.8107,-1,-1,-1
544,7569,655.03,453.94,35.37,112.77,0.8056,-1,-1,-1
544,7570,715.12,449.13,31.71,94.63,0.7939,-1,-1,-1
544,7571,381.53,463.34,46.89,112.79,0.7903,-1,-1,-1
544,7572,1809.09,388.48,110.82,683.55,0.7785,-1,-1,-1
544,7573,580.24,455.83,31.08,81.29,0.7670,-1,-1,-1
544,7574,546.56,461.51,26.92,76.37,0.7528,-1,-1,-1
544,7575,1122.57,438.65,69.81,240.79,0.7165,-1,-1,-1
544,7576,1180.31,446.66,43.98,100.64,0.6480,-1,-1,-1
544,7577,423.22,461.00,31.41,109.19,0.6144,-1,-1,-1
544,7578,1010.60,448.42,31.70,77.80,0.6106,-1,-1,-1
544,7579,495.96,458.22,24.28,54.10,0.4598,-1,-1,-1
544,7580,687.33,459.52,20.19,72.72,0.4406,-1,-1,-1
544,5,539.25,461.01,16.44,67.07,0.3025,-1,-1,-1
545,2,926.51,414.04,127.07,286.50,0.8887,-1,-1,-1
545,7581,847.36,429.21,93.63,255.47,0.8680,-1,-1,-1
545,7582,1660.97,412.72,185.18,600.52,0.8627,-1,-1,-1
545,7583,1517.29,406.62,208.63,657.39,0.8500,-1,-1,-1
545,7584,714.77,449.66,32.66,94.05,0.8029,-1,-1,-1
545,7585,655.79,453.61,33.70,109.50,0.8018,-1,-1,-1
545,7586,381.17,463.35,47.27,112.62,0.7919,-1,-1,-1
545,7587,578.72,455.57,33.44,80.69,0.7782,-1,-1,-1
545,7588,546.62,461.04,28.47,76.42,0.7729,-1,-1,-1
545,7589,1125.30,443.11,62.84,236.16,0.7692,-1,-1,-1
545,7590,1814.67,407.28,105.01,665.49,0.7542,-1,-1,-1
545,7591,1069.49,445.46,87.81,278.68,0.7479,-1,-1,-1
545,7592,420.92,452.44,34.53,117.57,0.6268,-1,-1,-1
545,7593,1183.21,446.62,47.33,100.17,0.5191,-1,-1,-1
545,7594,1012.28,451.84,29.36,73.22,0.4428,-1,-1,-1
545,7595,496.32,460.25,24.33,53.12,0.4204,-1,-1,-1
545,7596,682.60,458.55,22.29,73.26,0.3883,-1,-1,-1
545,4261,540.73,461.40,14.54,66.46,0.3309,-1,-1,-1
545,5,1048.92,447.07,29.19,61.21,0.3030,-1,-1,-1
546,2,930.39,411.97,123.08,287.84,0.8782,-1,-1,-1
546,7597,1533.82,405.40,192.95,655.89,0.8652,-1,-1,-1
546,7598,856.71,429.57,87.70,254.90,0.8602,-1,-1,-1
546,7599,1645.95,413.77,205.70,602.40,0.8596,-1,-1,-1
546,7600,1075.87,445.15,84.89,278.98,0.8148,-1,-1,-1
546,4261,714.44,449.98,31.74,94.04,0.7961,-1,-1,-1
546,7601,656.25,452.85,33.23,109.77,0.7939,-1,-1,-1
546,7602,580.37,455.47,31.76,80.59,0.7858,-1,-1,-1
546,7603,381.39,462.53,46.68,113.30,0.7722,-1,-1,-1
546,7604,1127.27,434.41,61.46,244.64,0.7403,-1,-1,-1
546,7605,547.76,462.07,28.19,75.38,0.7334,-1,-1,-1
546,7606,1816.66,431.36,102.98,640.87,0.6986,-1,-1,-1
546,7607,423.01,453.19,32.46,116.68,0.5704,-1,-1,-1
546,7608,1183.56,447.16,47.75,100.02,0.4939,-1,-1,-1
546,5,1013.00,449.85,29.52,78.74,0.4389,-1,-1,-1
546,7609,686.52,460.20,22.04,72.78,0.3972,-1,-1,-1
546,7610,1049.77,448.53,32.10,62.45,0.3205,-1,-1,-1
547,2,937.26,412.65,116.62,286.08,0.8698,-1,-1,-1
547,7611,1665.00,413.44,191.78,601.13,0.8667,-1,-1,-1
547,7612,1543.07,405.99,189.44,658.92,0.8632,-1,-1,-1
547,7613,655.29,452.14,34.46,110.68,0.8180,-1,-1,-1
547,7614,381.04,463.48,47.69,112.57,0.7984,-1,-1,-1
547,7615,580.76,455.25,32.11,81.15,0.7895,-1,-1,-1
547,7616,714.14,450.28,31.98,94.48,0.7893,-1,-1,-1
547,7617,865.70,428.52,81.35,256.80,0.7638,-1,-1,-1
547,7618,1080.55,435.96,75.64,287.73,0.7472,-1,-1,-1
547,7619,1821.14,415.92,98.50,656.63,0.7274,-1,-1,-1
547,7620,547.69,460.20,29.04,77.24,0.7207,-1,-1,-1
547,7621,1131.92,437.47,59.19,241.15,0.7198,-1,-1,-1
547,4261,422.78,458.22,33.14,111.63,0.5738,-1,-1,-1
547,5,1185.49,446.63,46.45,101.17,0.5117,-1,-1,-1
547,7622,686.97,460.37,22.66,72.46,0.3888,-1,-1,-1
547,7623,1047.16,445.54,32.39,68.10,0.3356,-1,-1,-1
548,7624,1677.53,414.11,185.73,600.89,0.8837,-1,-1,-1
548,7625,943.49,411.94,110.92,289.67,0.8683,-1,-1,-1
548,7626,1546.90,405.76,190.09,655.68,0.8591,-1,-1,-1
548,7627,862.06,429.42,93.60,255.02,0.8201,-1,-1,-1
548,7628,380.80,463.60,47.69,112.18,0.8048,-1,-1,-1
548,7629,581.48,455.61,31.11,80.58,0.8035,-1,-1,-1
548,7630,654.33,451.82,35.68,111.77,0.8019,-1,-1,-1
548,2,1085.25,435.32,84.29,288.36,0.7822,-1,-1,-1
548,7631,715.26,450.73,32.54,94.02,0.7773,-1,-1,-1
548,7632,547.87,459.63,28.88,77.96,0.7737,-1,-1,-1
548,7633,1185.56,446.58,46.35,101.04,0.6899,-1,-1,-1
548,7634,1138.72,442.74,52.41,235.43,0.6813,-1,-1,-1
548,7635,1826.07,484.71,93.63,588.14,0.6797,-1,-1,-1
548,7636,421.34,452.74,34.39,117.19,0.5806,-1,-1,-1
548,7637,687.02,463.73,22.40,68.91,0.3443,-1,-1,-1
549,7638,1686.67,410.10,183.12,602.95,0.8853,-1,-1,-1
549,7639,949.18,411.52,105.62,288.30,0.8669,-1,-1,-1
549,5777,1549.28,404.93,193.41,660.96,0.8657,-1,-1,-1
549,2,1086.59,435.34,88.59,288.06,0.8261,-1,-1,-1
549,7640,654.37,451.93,35.07,111.49,0.7977,-1,-1,-1
549,7641,865.26,429.22,91.40,255.12,0.7933,-1,-1,-1
549,7,583.14,455.57,29.78,80.90,0.7844,-1,-1,-1
549,7642,381.26,463.48,47.32,112.38,0.7812,-1,-1,-1
549,7643,714.38,450.25,32.71,94.65,0.7713,-1,-1,-1
549,7644,548.62,459.87,27.97,77.57,0.7572,-1,-1,-1
549,7645,1829.37,421.06,90.31,652.97,0.6910,-1,-1,-1
549,7646,1184.95,445.52,46.39,102.68,0.6438,-1,-1,-1
549,7647,420.45,450.85,34.73,119.18,0.6180,-1,-1,-1
549,7648,1143.08,445.78,50.27,233.82,0.5880,-1,-1,-1
549,7649,1043.09,448.29,38.27,73.81,0.3855,-1,-1,-1
549,4261,686.63,461.69,19.95,70.98,0.3253,-1,-1,-1
549,5,696.78,462.67,20.75,70.71,0.3103,-1,-1,-1
550,7611,1689.65,407.87,187.29,606.83,0.8798,-1,-1,-1
550,2,959.11,411.15,95.75,287.74,0.8782,-1,-1,-1
550,5777,1552.92,404.43,194.54,646.07,0.8703,-1,-1,-1
550,7650,1087.30,436.96,93.41,287.52,0.8560,-1,-1,-1
550,7651,653.11,451.50,35.08,111.68,0.8006,-1,-1,-1
550,7652,715.11,449.27,32.86,95.26,0.7670,-1,-1,-1
550,7653,583.63,455.72,29.57,80.85,0.7646,-1,-1,-1
550,7654,381.33,463.08,47.40,112.62,0.7639,-1,-1,-1
550,7655,1184.95,444.62,46.70,103.57,0.7638,-1,-1,-1
550,5,548.69,459.37,28.96,78.10,0.7536,-1,-1,-1
550,7656,867.28,429.32,84.41,255.22,0.6999,-1,-1,-1
550,7657,422.83,459.62,32.04,110.36,0.5538,-1,-1,-1
550,7658,1139.88,445.79,55.06,233.01,0.5002,-1,-1,-1
550,7659,1046.46,449.97,34.30,76.53,0.4794,-1,-1,-1
550,7660,1839.41,727.12,80.24,345.92,0.4620,-1,-1,-1
550,7,1086.40,447.41,34.60,47.07,0.4041,-1,-1,-1
550,4261,693.45,462.24,24.72,71.27,0.3165,-1,-1,-1
551,7661,967.75,410.83,88.81,288.98,0.8607,-1,-1,-1
551,7662,1701.72,410.94,182.97,603.73,0.8438,-1,-1,-1
551,7663,1087.70,439.89,93.93,284.38,0.8376,-1,-1,-1
551,7664,1555.31,404.39,198.91,656.39,0.8281,-1,-1,-1
551,7665,380.62,463.07,48.41,113.30,0.8112,-1,-1,-1
551,7666,652.62,451.27,35.00,111.77,0.7983,-1,-1,-1
551,5,582.72,455.13,30.97,81.20,0.7806,-1,-1,-1
551,7667,715.66,449.72,33.15,95.70,0.7757,-1,-1,-1
551,7668,549.24,459.03,27.09,78.47,0.7373,-1,-1,-1
551,7669,1184.64,445.36,47.07,103.18,0.7274,-1,-1,-1
551,7670,417.55,455.76,39.05,114.34,0.5715,-1,-1,-1
551,7671,692.61,460.57,24.08,73.07,0.5272,-1,-1,-1
551,7672,869.86,429.59,84.28,254.88,0.4900,-1,-1,-1
551,7673,1047.92,450.37,33.62,83.55,0.4762,-1,-1,-1
551,7674,1845.57,953.88,74.03,120.96,0.3440,-1,-1,-1
551,7675,510.34,460.59,17.93,52.73,0.3111,-1,-1,-1
552,7676,1554.89,404.39,211.74,662.53,0.8464,-1,-1,-1
552,7677,1704.99,412.26,188.35,602.19,0.8457,-1,-1,-1
552,7678,1087.02,439.37,106.15,285.00,0.8431,-1,-1,-1
552,7679,651.75,451.82,36.69,111.67,0.8070,-1,-1,-1
552,7680,977.72,410.76,80.55,287.85,0.7955,-1,-1,-1
552,5,581.86,455.36,31.76,81.75,0.7949,-1,-1,-1
552,7681,716.39,448.76,33.54,96.80,0.7939,-1,-1,-1
552,7682,380.89,462.97,48.36,113.26,0.7861,-1,-1,-1
552,7683,887.18,429.46,81.02,254.42,0.7681,-1,-1,-1
552,7684,549.01,459.57,28.45,78.00,0.7275,-1,-1,-1
552,7685,1190.58,443.62,41.65,104.20,0.6338,-1,-1,-1
552,7686,421.58,460.86,35.11,109.27,0.5294,-1,-1,-1
552,4261,694.63,460.11,23.27,73.45,0.5124,-1,-1,-1
552,7,1048.04,451.62,32.92,79.22,0.4614,-1,-1,-1
552,7687,1086.88,446.84,36.23,56.11,0.3772,-1,-1,-1
552,7688,1885.68,389.43,33.86,239.26,0.3561,-1,-1,-1
552,2,1852.92,969.93,66.68,108.27,0.3464,-1,-1,-1
553,7689,1710.52,408.03,190.99,605.88,0.8695,-1,-1,-1
553,7690,1555.21,405.47,219.19,665.18,0.8599,-1,-1,-1
553,2,1087.15,440.33,106.10,283.80,0.8554,-1,-1,-1
553,7691,990.45,410.20,69.21,282.12,0.8051,-1,-1,-1
553,7692,716.43,448.93,35.88,96.79,0.8002,-1,-1,-1
553,7693,651.01,453.57,35.10,110.03,0.7947,-1,-1,-1
553,7694,583.82,455.45,29.76,81.28,0.7905,-1,-1,-1
553,7695,887.10,429.71,90.76,254.56,0.7904,-1,-1,-1
553,7696,381.36,462.50,47.87,113.63,0.7705,-1,-1,-1
553,7697,1195.24,440.30,37.59,107.93,0.7626,-1,-1,-1
553,7698,550.17,459.74,26.72,78.04,0.6616,-1,-1,-1
553,7699,416.47,458.03,40.33,112.27,0.5617,-1,-1,-1
553,7700,1049.44,451.15,31.97,92.02,0.4978,-1,-1,-1
553,7701,547.77,460.09,15.12,73.92,0.3549,-1,-1,-1
553,7702,1087.09,446.23,35.89,55.30,0.3274,-1,-1,-1
553,7703,693.81,461.80,21.75,71.80,0.3127,-1,-1,-1
554,7704,1087.30,439.37,112.46,284.15,0.8782,-1,-1,-1
554,7705,890.25,430.27,97.59,254.62,0.8539,-1,-1,-1
554,7706,1553.89,405.32,227.78,661.72,0.8507,-1,-1,-1
554,7707,1716.92,407.42,191.76,607.58,0.8202,-1,-1,-1
554,7708,716.03,448.34,37.87,96.95,0.8017,-1,-1,-1
554,7709,582.91,454.95,30.50,82.41,0.7817,-1,-1,-1
554,7710,649.88,454.39,35.77,109.85,0.7736,-1,-1,-1
554,7711,381.26,462.63,47.46,113.25,0.7575,-1,-1,-1
554,7712,1198.87,440.50,34.22,108.00,0.7351,-1,-1,-1
554,7713,998.01,409.72,66.05,291.49,0.7025,-1,-1,-1
554,7714,550.13,459.24,26.90,78.67,0.6607,-1,-1,-1
554,7715,1046.88,451.21,34.45,92.65,0.5738,-1,-1,-1
554,7716,417.29,458.88,40.44,112.01,0.5654,-1,-1,-1
554,7717,1087.62,446.21,34.45,62.75,0.3867,-1,-1,-1
554,7718,542.74,459.48,17.23,68.30,0.3706,-1,-1,-1
554,7719,696.14,461.95,18.45,71.97,0.3206,-1,-1,-1
555,7720,1087.39,434.81,116.43,289.28,0.8804,-1,-1,-1
555,7721,1554.34,404.63,238.43,664.76,0.8453,-1,-1,-1
555,7722,887.26,430.96,103.47,253.95,0.8282,-1,-1,-1
555,7723,715.75,447.84,37.61,97.21,0.8083,-1,-1,-1
555,7724,1002.81,410.24,64.88,289.81,0.7866,-1,-1,-1
555,7,582.32,455.16,30.80,83.12,0.7835,-1,-1,-1
555,7725,1723.68,404.71,192.79,610.04,0.7811,-1,-1,-1
555,7726,380.95,461.76,48.37,114.22,0.7550,-1,-1,-1
555,7727,649.57,457.67,33.76,106.31,0.7345,-1,-1,-1
555,7728,549.99,460.88,26.05,77.76,0.7061,-1,-1,-1
555,7729,1200.63,440.49,32.76,108.27,0.6617,-1,-1,-1
555,7730,1048.65,452.55,32.45,90.81,0.5978,-1,-1,-1
555,7731,421.12,460.47,36.38,110.15,0.5096,-1,-1,-1
555,7732,542.42,460.24,17.20,68.19,0.4424,-1,-1,-1
555,7733,1086.59,446.33,34.10,67.93,0.4101,-1,-1,-1
555,5,695.07,466.28,19.95,67.02,0.3449,-1,-1,-1
556,2,1088.64,432.23,115.20,292.04,0.8869,-1,-1,-1
556,7734,1555.72,404.46,242.79,665.14,0.8536,-1,-1,-1
556,7735,890.63,431.61,99.38,253.21,0.8532,-1,-1,-1
556,7736,1728.58,405.83,190.67,607.39,0.8331,-1,-1,-1
556,7737,1003.16,410.01,78.90,291.57,0.8043,-1,-1,-1
556,7738,716.34,447.72,37.78,97.62,0.8039,-1,-1,-1
556,7739,380.97,462.67,47.61,113.36,0.7873,-1,-1,-1
556,7740,582.37,455.37,30.72,82.33,0.7774,-1,-1,-1
556,7741,649.16,456.70,32.52,107.72,0.7496,-1,-1,-1
556,7742,549.88,459.70,26.39,78.66,0.6922,-1,-1,-1
556,7743,1050.69,451.45,29.88,89.21,0.5662,-1,-1,-1
556,7744,1208.07,439.40,25.88,108.96,0.5275,-1,-1,-1
556,4261,418.56,459.60,38.51,110.91,0.5186,-1,-1,-1
556,7745,694.90,466.31,20.16,67.31,0.4563,-1,-1,-1
556,7746,1086.36,445.81,34.96,74.60,0.3185,-1,-1,-1
557,7747,889.31,432.49,102.78,252.38,0.8843,-1,-1,-1
557,5777,1556.11,403.01,252.68,666.75,0.8733,-1,-1,-1
557,7748,1088.71,431.52,116.76,292.87,0.8725,-1,-1,-1
557,7749,1734.86,405.51,184.84,607.75,0.8406,-1,-1,-1
557,7750,381.11,463.46,47.87,112.36,0.8075,-1,-1,-1
557,7751,581.83,455.26,31.02,82.47,0.7943,-1,-1,-1
557,7752,714.80,447.57,36.65,97.97,0.7850,-1,-1,-1
557,7753,1002.78,411.43,88.30,289.00,0.7659,-1,-1,-1
557,7741,648.61,456.55,32.87,107.97,0.7548,-1,-1,-1
557,5,549.33,458.48,27.64,80.80,0.6764,-1,-1,-1
557,7754,1050.28,451.53,30.50,92.72,0.6724,-1,-1,-1
557,7755,1209.45,440.58,27.36,108.32,0.6281,-1,-1,-1
557,7699,416.17,458.14,41.19,112.42,0.6051,-1,-1,-1
557,7756,693.44,463.16,21.42,70.60,0.4834,-1,-1,-1
557,7,1083.83,445.15,36.42,95.61,0.4616,-1,-1,-1
557,2,1170.93,447.61,54.67,227.28,0.3366,-1,-1,-1
557,4261,670.91,455.11,22.96,89.28,0.3304,-1,-1,-1
558,7757,891.21,432.44,105.46,252.38,0.8821,-1,-1,-1
558,5777,1557.35,403.16,258.96,664.38,0.8626,-1,-1,-1
558,7758,1741.94,408.70,177.52,607.19,0.8610,-1,-1,-1
558,7759,1089.50,435.06,115.95,288.65,0.8556,-1,-1,-1
558,7760,381.03,463.26,47.52,112.80,0.8067,-1,-1,-1
558,7761,1001.98,411.97,98.94,287.74,0.8001,-1,-1,-1
558,7762,581.88,454.88,30.78,82.57,0.7897,-1,-1,-1
558,7763,716.64,447.44,35.03,98.24,0.7843,-1,-1,-1
558,7764,1209.93,440.35,28.60,108.80,0.7384,-1,-1,-1
558,7765,646.82,456.91,34.81,106.00,0.7349,-1,-1,-1
558,7766,549.47,459.51,27.52,79.38,0.6667,-1,-1,-1
558,7767,1051.79,450.89,28.20,92.07,0.5729,-1,-1,-1
558,4261,417.49,458.27,40.87,112.18,0.5402,-1,-1,-1
558,7768,1082.70,446.33,38.14,97.60,0.4720,-1,-1,-1
558,7769,693.81,464.93,21.72,69.05,0.4615,-1,-1,-1
558,2,669.45,454.38,24.17,92.84,0.4125,-1,-1,-1
558,5,518.06,457.01,15.89,53.27,0.3762,-1,-1,-1
559,2,891.97,432.09,108.35,252.51,0.8860,-1,-1,-1
559,7770,1004.63,415.78,106.14,283.75,0.8386,-1,-1,-1
559,7771,380.97,463.22,47.62,112.98,0.8282,-1,-1,-1
559,7772,1558.36,404.48,271.68,660.72,0.8276,-1,-1,-1
559,7773,1746.95,405.30,172.61,609.63,0.8012,-1,-1,-1
559,7774,1092.01,440.21,114.55,280.26,0.7979,-1,-1,-1
559,7775,716.52,447.36,34.48,98.43,0.7936,-1,-1,-1
559,7776,581.41,454.53,31.23,82.76,0.7746,-1,-1,-1
559,7777,646.61,458.40,34.98,103.10,0.7351,-1,-1,-1
559,7778,1211.93,440.55,28.45,108.52,0.7209,-1,-1,-1
559,7779,549.42,460.45,28.05,78.57,0.6435,-1,-1,-1
559,7780,416.56,459.34,40.47,111.12,0.5826,-1,-1,-1
559,7781,518.44,455.79,20.42,56.99,0.5420,-1,-1,-1
559,7782,669.10,455.09,25.65,92.70,0.5065,-1,-1,-1
559,7783,1083.34,445.47,37.29,116.17,0.4794,-1,-1,-1
559,7784,1053.05,449.33,27.02,91.24,0.4588,-1,-1,-1
559,7785,693.81,466.45,21.65,67.35,0.4136,-1,-1,-1
559,5,1116.97,430.80,33.19,67.39,0.3328,-1,-1,-1
559,7362,450.89,463.04,19.46,40.75,0.3102,-1,-1,-1
560,2,892.95,432.10,106.69,246.84,0.8780,-1,-1,-1
560,7786,1006.41,416.49,97.79,282.91,0.8659,-1,-1,-1
560,7787,1095.91,442.00,119.01,274.12,0.8257,-1,-1,-1
560,7788,579.43,454.18,33.30,83.01,0.7998,-1,-1,-1
560,7789,1213.68,440.19,31.63,108.63,0.7921,-1,-1,-1
560,7790,717.52,448.30,30.09,97.56,0.7791,-1,-1,-1
560,7791,1561.80,401.05,279.44,660.24,0.7772,-1,-1,-1
560,4261,380.93,462.88,48.30,112.73,0.7680,-1,-1,-1
560,7792,645.20,457.46,33.37,103.10,0.7511,-1,-1,-1
560,7793,549.88,460.93,27.51,78.31,0.6758,-1,-1,-1
560,7794,668.95,455.19,25.31,94.40,0.5901,-1,-1,-1
560,7795,1749.12,405.38,170.45,620.91,0.5820,-1,-1,-1
560,7796,1082.61,445.67,36.97,114.05,0.5715,-1,-1,-1
560,7797,418.70,459.70,37.85,110.89,0.5335,-1,-1,-1
560,7798,519.56,456.26,20.97,56.08,0.5301,-1,-1,-1
560,7799,695.70,469.19,19.27,65.01,0.4288,-1,-1,-1
561,2,896.01,431.44,101.50,245.09,0.8716,-1,-1,-1
561,7800,1565.76,401.87,278.36,661.64,0.8628,-1,-1,-1
561,7801,1006.68,414.57,101.43,284.64,0.8620,-1,-1,-1
561,7802,1105.23,442.67,104.46,270.31,0.8311,-1,-1,-1
561,7803,718.07,448.67,34.38,97.81,0.8068,-1,-1,-1
561,7804,380.84,463.97,50.05,112.01,0.8012,-1,-1,-1
561,7805,578.86,454.16,34.19,83.67,0.7853,-1,-1,-1
561,7806,1215.43,441.03,38.80,108.06,0.7732,-1,-1,-1
561,4261,644.53,455.81,32.90,104.63,0.7498,-1,-1,-1
561,7807,550.56,459.99,27.53,79.62,0.7217,-1,-1,-1
561,7808,669.40,455.01,23.45,97.75,0.6313,-1,-1,-1
561,7809,1753.79,405.29,165.80,618.19,0.5710,-1,-1,-1
561,7810,422.22,462.11,33.72,108.37,0.5554,-1,-1,-1
561,7811,693.61,466.68,21.02,66.37,0.4936,-1,-1,-1
561,7812,1081.95,444.23,34.34,115.15,0.3264,-1,-1,-1
561,7813,522.79,456.69,18.75,55.89,0.3218,-1,-1,-1
561,5,1115.47,431.05,36.82,75.58,0.3126,-1,-1,-1
562,7814,1118.99,438.48,104.30,274.80,0.8800,-1,-1,-1
562,7815,1007.46,414.56,116.16,284.10,0.8747,-1,-1,-1
562,7816,1569.40,400.27,284.81,664.33,0.8657,-1,-1,-1
562,7817,718.70,448.95,34.26,96.90,0.8402,-1,-1,-1
562,7818,911.75,431.49,85.36,249.15,0.8369,-1,-1,-1
562,7819,1216.72,441.10,41.06,107.92,0.7995,-1,-1,-1
562,7820,580.19,453.58,33.39,83.67,0.7933,-1,-1,-1
562,7821,381.95,463.53,48.13,111.82,0.7804,-1,-1,-1
562,7822,1759.69,402.62,159.92,616.35,0.7759,-1,-1,-1
562,7823,644.39,455.08,32.42,105.07,0.7457,-1,-1,-1
562,7824,551.58,459.57,26.41,79.59,0.7355,-1,-1,-1
562,7825,1078.32,444.17,38.99,118.64,0.6453,-1,-1,-1
562,7826,669.88,455.12,23.81,97.87,0.6433,-1,-1,-1
562,7827,416.10,458.99,40.54,111.60,0.5852,-1,-1,-1
562,7828,524.28,457.34,19.78,55.44,0.5682,-1,-1,-1
562,7829,1113.01,430.70,40.20,81.18,0.5123,-1,-1,-1
562,4261,695.02,467.46,19.71,65.62,0.5116,-1,-1,-1
562,5,1006.89,449.19,19.89,26.99,0.3369,-1,-1,-1
563,7830,1007.35,415.74,111.54,283.54,0.8815,-1,-1,-1
563,7831,1126.33,435.99,100.23,276.76,0.8706,-1,-1,-1
563,7832,911.63,431.65,88.83,251.38,0.8705,-1,-1,-1
563,7833,1573.36,400.25,292.91,669.78,0.8529,-1,-1,-1
563,7834,718.81,448.98,34.65,96.94,0.8458,-1,-1,-1
563,7835,1770.55,402.01,149.03,619.05,0.8344,-1,-1,-1
563,5,579.79,453.26,34.28,84.41,0.8100,-1,-1,-1
563,7836,1215.38,441.79,47.67,107.74,0.8078,-1,-1,-1
563,7837,381.76,463.93,48.52,111.86,0.7607,-1,-1,-1
563,7838,644.42,453.80,31.66,106.33,0.7579,-1,-1,-1
563,7839,550.91,458.63,28.50,82.21,0.7392,-1,-1,-1
563,7840,669.41,454.55,24.12,96.81,0.6212,-1,-1,-1
563,7841,1079.25,444.61,37.45,121.72,0.5962,-1,-1,-1
563,7842,525.53,457.14,19.25,56.25,0.5563,-1,-1,-1
563,7843,420.28,460.88,36.43,109.51,0.5370,-1,-1,-1
563,7844,1113.71,430.88,41.14,82.77,0.5113,-1,-1,-1
563,7845,695.04,469.00,20.04,63.66,0.4926,-1,-1,-1
563,7,1006.69,449.15,20.65,28.18,0.3357,-1,-1,-1
563,4261,680.17,457.24,19.44,81.60,0.3082,-1,-1,-1
564,7846,1007.38,414.06,116.90,285.91,0.8802,-1,-1,-1
564,7847,919.66,430.74,81.35,246.15,0.8800,-1,-1,-1
564,7848,1581.15,400.75,286.44,667.47,0.8628,-1,-1,-1
564,7849,1134.56,437.66,96.47,274.98,0.8518,-1,-1,-1
564,7850,718.42,449.30,34.99,97.81,0.8476,-1,-1,-1
564,7851,580.71,453.27,33.21,84.63,0.8119,-1,-1,-1
564,7852,1218.31,443.36,44.63,106.55,0.7964,-1,-1,-1
564,7853,644.14,452.78,30.55,107.78,0.7646,-1,-1,-1
564,7854,1773.91,393.56,145.63,632.90,0.7572,-1,-1,-1
564,7855,382.59,463.85,49.31,111.63,0.7371,-1,-1,-1
564,5,551.14,458.45,28.75,80.39,0.6909,-1,-1,-1
564,7856,1078.10,445.12,41.49,124.10,0.6268,-1,-1,-1
564,7857,417.18,459.52,39.52,110.98,0.5828,-1,-1,-1
564,7,670.53,454.18,25.55,95.39,0.5725,-1,-1,-1
564,7858,1118.33,430.72,36.31,82.75,0.4475,-1,-1,-1
564,7859,693.78,469.19,21.31,63.31,0.4391,-1,-1,-1
564,7860,527.25,457.15,18.00,56.09,0.4361,-1,-1,-1
564,4261,1005.67,449.51,21.80,53.44,0.4300,-1,-1,-1
565,2,1007.44,412.97,131.75,287.13,0.8892,-1,-1,-1
565,7861,1592.26,400.16,278.92,669.91,0.8744,-1,-1,-1
565,7862,1774.94,398.95,144.79,648.12,0.8486,-1,-1,-1
565,7863,718.86,449.42,34.19,97.91,0.8420,-1,-1,-1
565,7864,928.54,431.37,72.62,245.23,0.8209,-1,-1,-1
565,7865,580.84,452.85,33.23,84.86,0.8013,-1,-1,-1
565,7866,1218.20,443.86,45.62,106.42,0.7999,-1,-1,-1
565,7867,1146.44,436.73,86.83,276.58,0.7944,-1,-1,-1
565,7868,382.35,463.37,48.90,112.40,0.7465,-1,-1,-1
565,7869,643.32,452.38,31.60,108.03,0.7443,-1,-1,-1
565,7870,669.16,453.47,23.67,98.62,0.6681,-1,-1,-1
565,7871,552.58,457.26,28.85,80.05,0.6620,-1,-1,-1
565,7872,416.89,459.13,40.07,110.86,0.6001,-1,-1,-1
565,7873,528.18,457.70,17.53,55.97,0.5338,-1,-1,-1
565,7874,1118.32,430.90,34.92,85.44,0.4784,-1,-1,-1
565,7875,1081.20,445.60,36.70,123.03,0.4751,-1,-1,-1
565,7876,1005.27,449.86,23.71,42.28,0.4660,-1,-1,-1
565,7877,695.61,469.66,19.30,62.67,0.4280,-1,-1,-1
566,7878,1605.79,400.49,274.12,668.17,0.8785,-1,-1,-1
566,7879,1008.24,411.01,119.33,289.56,0.8691,-1,-1,-1
566,7880,718.77,449.35,34.29,98.99,0.8397,-1,-1,-1
566,7881,1781.51,390.97,138.19,660.52,0.8141,-1,-1,-1
566,2,1150.90,435.68,84.28,282.46,0.8122,-1,-1,-1
566,5,579.92,452.34,33.97,85.95,0.8100,-1,-1,-1
566,7882,935.69,430.16,71.63,244.87,0.8091,-1,-1,-1
566,7883,550.99,456.52,29.41,81.10,0.7435,-1,-1,-1
566,7884,643.12,453.38,30.56,107.05,0.7302,-1,-1,-1
566,7885,1221.18,446.39,43.08,105.02,0.7289,-1,-1,-1
566,7886,382.33,463.87,48.24,111.40,0.7036,-1,-1,-1
566,7887,668.56,453.68,26.39,97.79,0.6898,-1,-1,-1
566,7888,528.64,455.01,17.89,58.28,0.6541,-1,-1,-1
566,4261,416.98,459.46,40.39,111.07,0.5810,-1,-1,-1
566,7889,1002.47,450.61,29.84,59.34,0.4974,-1,-1,-1
566,7890,1081.90,446.25,36.66,122.71,0.4392,-1,-1,-1
566,7891,1113.83,431.06,38.98,151.72,0.3547,-1,-1,-1
566,7892,694.62,470.05,20.77,63.01,0.3376,-1,-1,-1
567,7893,1624.74,400.91,259.42,669.26,0.8727,-1,-1,-1
567,7894,1008.39,441.21,135.99,259.55,0.8666,-1,-1,-1
567,7895,719.27,449.18,34.26,98.80,0.8254,-1,-1,-1
567,7896,1792.30,403.09,127.38,612.84,0.8234,-1,-1,-1
567,7897,580.88,452.76,33.10,85.61,0.8057,-1,-1,-1
567,7898,943.13,429.97,66.95,246.07,0.7595,-1,-1,-1
567,7899,1153.81,437.26,80.97,278.91,0.7542,-1,-1,-1
567,7900,641.78,453.54,31.80,106.54,0.7363,-1,-1,-1
567,7901,381.80,464.00,48.96,112.00,0.7220,-1,-1,-1
567,7902,550.61,455.89,30.13,83.03,0.7184,-1,-1,-1
567,7903,668.22,453.40,25.98,98.86,0.7008,-1,-1,-1
567,7904,530.14,455.53,16.27,57.80,0.6454,-1,-1,-1
567,7905,1083.53,447.39,34.39,125.61,0.6421,-1,-1,-1
567,7906,1225.29,445.12,40.35,107.30,0.6358,-1,-1,-1
567,7907,421.31,462.28,36.06,108.38,0.5168,-1,-1,-1
567,4261,1116.42,430.86,36.87,148.22,0.4524,-1,-1,-1
567,7908,911.66,444.67,48.99,141.13,0.3728,-1,-1,-1
567,5,694.05,468.45,19.89,64.98,0.3143,-1,-1,-1
568,7909,1008.04,419.53,136.30,281.11,0.8969,-1,-1,-1
568,7910,1648.97,400.47,240.05,666.75,0.8706,-1,-1,-1
568,4261,719.09,448.53,35.38,100.66,0.8288,-1,-1,-1
568,2,1803.37,406.31,116.22,645.73,0.8052,-1,-1,-1
568,7911,581.40,452.19,33.00,86.84,0.7998,-1,-1,-1
568,7912,551.02,458.87,29.61,80.23,0.7389,-1,-1,-1
568,7913,641.31,454.36,30.15,106.18,0.7366,-1,-1,-1
568,5,667.26,452.42,27.33,99.63,0.7164,-1,-1,-1
568,7914,382.63,462.80,46.61,113.79,0.7132,-1,-1,-1
568,7915,948.57,430.79,65.04,244.89,0.6972,-1,-1,-1
568,7916,1150.93,434.32,90.62,281.99,0.6911,-1,-1,-1
568,7917,1118.30,431.20,35.31,145.95,0.6624,-1,-1,-1
568,7918,528.67,456.75,17.98,56.07,0.6439,-1,-1,-1
568,7919,1228.62,442.92,37.70,109.64,0.5995,-1,-1,-1
568,7920,422.90,461.57,34.78,109.03,0.5599,-1,-1,-1
568,7921,447.15,463.00,21.66,90.30,0.3550,-1,-1,-1
568,7922,1084.84,447.07,35.07,129.06,0.3219,-1,-1,-1
569,7923,1008.04,414.75,136.90,285.87,0.8972,-1,-1,-1
569,7924,1661.22,399.35,231.31,670.19,0.8696,-1,-1,-1
569,4261,719.42,448.14,35.04,101.01,0.8220,-1,-1,-1
569,7925,1154.21,436.65,94.04,278.16,0.8131,-1,-1,-1
569,5,581.24,451.95,33.59,88.71,0.7964,-1,-1,-1
569,7926,640.38,455.15,30.32,104.72,0.7691,-1,-1,-1
569,7927,666.80,453.65,27.22,98.69,0.7537,-1,-1,-1
569,7928,550.83,458.65,29.35,81.48,0.7485,-1,-1,-1
569,7929,1118.65,430.78,34.34,145.81,0.7322,-1,-1,-1
569,7930,1233.87,443.64,32.91,108.31,0.7236,-1,-1,-1
569,7931,1810.87,409.75,108.79,634.63,0.7199,-1,-1,-1
569,7932,381.97,463.17,46.96,113.62,0.7172,-1,-1,-1
569,7933,530.06,455.94,16.70,57.01,0.6348,-1,-1,-1
569,7934,421.08,462.03,36.11,108.88,0.5574,-1,-1,-1
569,7935,937.04,430.48,75.64,245.31,0.4941,-1,-1,-1
569,7936,1001.62,451.52,35.31,72.86,0.4533,-1,-1,-1
569,7937,1087.97,451.54,31.92,122.99,0.3517,-1,-1,-1
570,2,1008.18,413.42,136.31,286.58,0.9094,-1,-1,-1
570,7938,1158.49,438.74,106.17,276.03,0.8713,-1,-1,-1
570,7939,1664.37,398.68,229.58,672.12,0.8676,-1,-1,-1
570,7940,719.81,447.80,35.19,101.40,0.8246,-1,-1,-1
570,5,582.33,452.03,32.81,88.33,0.7967,-1,-1,-1
570,7,666.35,453.50,28.30,99.16,0.7675,-1,-1,-1
570,7741,639.67,455.13,30.31,104.76,0.7558,-1,-1,-1
570,4261,380.92,464.83,46.75,112.76,0.7428,-1,-1,-1
570,7941,1118.17,430.98,34.29,145.58,0.7192,-1,-1,-1
570,7942,551.06,458.41,29.65,81.95,0.7163,-1,-1,-1
570,7943,941.96,429.94,80.11,246.00,0.7026,-1,-1,-1
570,7944,1237.88,442.64,30.56,109.27,0.6527,-1,-1,-1
570,7945,1805.34,410.23,114.39,575.91,0.6395,-1,-1,-1
570,7946,530.91,457.71,15.57,55.49,0.5871,-1,-1,-1
570,7947,421.34,461.97,35.12,109.13,0.5459,-1,-1,-1
570,7948,1001.74,451.63,35.08,70.54,0.5089,-1,-1,-1
571,2,1008.74,412.73,135.41,287.90,0.8998,-1,-1,-1
571,7949,1668.61,398.90,231.86,671.11,0.8822,-1,-1,-1
571,7950,1154.01,437.44,120.46,276.39,0.8492,-1,-1,-1
571,7951,719.16,447.68,36.06,101.58,0.8240,-1,-1,-1
571,7952,380.40,464.64,45.69,112.66,0.8074,-1,-1,-1
571,7953,581.13,452.62,33.29,88.44,0.7934,-1,-1,-1
571,4261,637.68,455.34,32.47,105.25,0.7793,-1,-1,-1
571,7954,665.89,454.45,28.85,98.21,0.7614,-1,-1,-1
571,7955,551.49,458.99,29.05,81.10,0.7198,-1,-1,-1
571,7956,1116.69,430.82,36.75,145.72,0.7191,-1,-1,-1
571,7957,946.53,430.39,78.91,245.23,0.7065,-1,-1,-1
571,7958,1816.69,397.58,102.97,495.45,0.6688,-1,-1,-1
571,7959,1238.92,447.61,29.47,104.46,0.6324,-1,-1,-1
571,7960,422.42,464.45,33.67,106.89,0.6073,-1,-1,-1
571,7961,530.58,457.79,15.76,55.77,0.5533,-1,-1,-1
571,7,1001.57,451.56,34.65,70.91,0.5166,-1,-1,-1
571,5,695.54,470.06,21.76,64.14,0.3093,-1,-1,-1
572,2,1012.42,415.03,131.69,285.11,0.8932,-1,-1,-1
572,7962,1158.26,436.96,123.01,276.35,0.8928,-1,-1,-1
572,7963,1672.31,399.13,232.44,670.58,0.8873,-1,-1,-1
572,4261,719.54,447.07,36.30,102.99,0.8279,-1,-1,-1
572,7964,941.12,430.42,86.83,245.68,0.8266,-1,-1,-1
572,7965,637.77,455.41,32.67,105.02,0.7922,-1,-1,-1
572,7,581.58,452.15,33.02,88.01,0.7898,-1,-1,-1
572,7966,665.02,454.00,29.95,98.49,0.7624,-1,-1,-1
572,7967,380.81,464.09,44.53,112.96,0.7619,-1,-1,-1
572,7968,1826.96,395.46,92.71,476.98,0.7427,-1,-1,-1
572,7969,1118.13,430.09,34.73,146.11,0.7310,-1,-1,-1
572,7970,550.86,457.53,29.86,82.94,0.7186,-1,-1,-1
572,7971,422.28,457.23,33.87,113.66,0.5930,-1,-1,-1
572,7972,1002.89,451.33,32.83,70.59,0.5081,-1,-1,-1
572,7973,1240.94,440.95,29.02,111.49,0.4306,-1,-1,-1
572,7974,690.29,467.79,17.80,64.98,0.3392,-1,-1,-1
572,5,532.10,458.08,14.69,55.08,0.3033,-1,-1,-1
573,2,1016.86,414.64,127.32,285.45,0.9024,-1,-1,-1
573,7975,1676.01,398.70,235.55,672.78,0.8920,-1,-1,-1
573,7976,1159.03,437.99,125.19,275.43,0.8901,-1,-1,-1
573,4261,719.69,446.96,37.05,103.21,0.8291,-1,-1,-1
573,7977,582.36,453.42,32.69,87.62,0.7972,-1,-1,-1
573,5,637.79,455.44,32.02,104.40,0.7846,-1,-1,-1
573,7978,380.95,465.34,44.10,111.88,0.7840,-1,-1,-1
573,7979,1119.57,430.60,33.11,145.77,0.7818,-1,-1,-1
573,7980,665.55,453.44,29.68,99.51,0.7687,-1,-1,-1
573,7981,948.17,430.72,88.23,245.18,0.7652,-1,-1,-1
573,7982,1835.43,411.00,84.12,454.77,0.7185,-1,-1,-1
573,7983,551.12,458.91,30.31,82.34,0.7160,-1,-1,-1
573,7984,422.56,463.18,33.29,107.63,0.5989,-1,-1,-1
573,7985,1243.85,440.17,27.50,112.81,0.5255,-1,-1,-1
573,7986,1004.55,451.41,30.82,69.04,0.3953,-1,-1,-1
573,7987,532.80,457.11,14.66,55.77,0.3911,-1,-1,-1
573,7988,691.50,469.25,18.76,62.77,0.3240,-1,-1,-1
574,7989,1673.98,398.43,242.96,673.95,0.9129,-1,-1,-1
574,7990,1025.16,412.55,119.04,287.24,0.8920,-1,-1,-1
574,7991,1159.94,436.82,127.37,276.75,0.8797,-1,-1,-1
574,4261,719.68,446.95,37.76,103.10,0.8376,-1,-1,-1
574,7992,583.46,454.71,32.22,87.45,0.8031,-1,-1,-1
574,7993,946.71,431.68,96.11,244.69,0.7951,-1,-1,-1
574,7994,637.53,455.19,31.68,103.69,0.7783,-1,-1,-1
574,7995,666.79,455.54,28.30,97.09,0.7673,-1,-1,-1
574,7996,552.79,460.29,28.81,80.36,0.7588,-1,-1,-1
574,7997,1118.73,430.39,34.45,145.21,0.7442,-1,-1,-1
574,7998,381.19,465.03,43.01,112.23,0.7390,-1,-1,-1
574,7999,1245.73,439.33,27.88,112.83,0.6245,-1,-1,-1
574,7699,423.38,465.37,33.57,105.25,0.5953,-1,-1,-1
574,8000,1838.30,386.91,81.26,464.86,0.5220,-1,-1,-1
574,5,696.28,470.94,20.36,63.42,0.3639,-1,-1,-1
574,8001,547.09,460.97,14.57,70.51,0.3529,-1,-1,-1
574,8002,533.41,456.43,15.38,56.54,0.3473,-1,-1,-1
574,2,1151.87,431.48,70.51,245.23,0.3464,-1,-1,-1
575,8003,1673.44,397.57,246.34,675.32,0.9348,-1,-1,-1
575,8004,1030.02,411.66,114.59,288.27,0.8916,-1,-1,-1
575,2,1161.47,439.72,128.09,273.75,0.8801,-1,-1,-1
575,8005,956.09,431.18,93.43,245.19,0.8459,-1,-1,-1
575,8006,719.77,447.76,37.58,102.55,0.8286,-1,-1,-1
575,8007,581.96,453.60,34.83,88.40,0.7918,-1,-1,-1
575,8008,638.35,454.46,32.38,103.55,0.7892,-1,-1,-1
575,8009,553.05,460.30,29.08,80.59,0.7563,-1,-1,-1
575,8010,668.05,455.63,27.89,97.44,0.7521,-1,-1,-1
575,8011,381.52,464.30,43.77,112.82,0.7413,-1,-1,-1
575,8012,1117.88,430.42,35.70,145.71,0.6918,-1,-1,-1
575,8013,421.68,463.47,34.68,106.99,0.5640,-1,-1,-1
575,8014,1153.16,431.83,64.61,245.94,0.5152,-1,-1,-1
575,8015,1249.76,439.98,28.94,111.23,0.4919,-1,-1,-1
575,8016,1846.51,403.69,73.03,462.96,0.4884,-1,-1,-1
575,8017,696.36,470.56,21.16,64.08,0.3913,-1,-1,-1
575,8018,530.75,458.49,17.77,54.20,0.3383,-1,-1,-1
576,5777,1674.62,397.29,245.16,675.79,0.9298,-1,-1,-1
576,8019,1161.62,438.81,129.63,274.06,0.8926,-1,-1,-1
576,8020,1042.08,413.45,102.78,285.80,0.8818,-1,-1,-1
576,8021,957.47,431.35,99.27,244.30,0.8545,-1,-1,-1
576,8022,720.83,448.26,37.01,102.07,0.8316,-1,-1,-1
576,8023,583.43,453.30,34.08,88.65,0.7854,-1,-1,-1
576,4261,637.89,453.15,31.66,104.95,0.7667,-1,-1,-1
576,2,382.09,464.36,42.56,113.19,0.7428,-1,-1,-1
576,8024,554.79,461.20,28.00,80.03,0.7427,-1,-1,-1
576,8025,1117.98,430.02,36.06,145.36,0.6933,-1,-1,-1
576,8026,667.09,455.61,29.24,98.17,0.6917,-1,-1,-1
576,8027,420.36,463.84,36.32,107.31,0.6056,-1,-1,-1
576,8028,1153.11,430.10,66.08,247.13,0.5884,-1,-1,-1
576,8029,1254.48,439.25,25.84,111.62,0.5285,-1,-1,-1
576,8030,698.17,470.92,21.87,63.51,0.3697,-1,-1,-1
576,8031,1851.43,415.83,68.13,458.93,0.3068,-1,-1,-1
577,5777,1674.34,397.42,245.10,676.11,0.9365,-1,-1,-1
577,8032,1162.52,441.77,130.10,271.37,0.8881,-1,-1,-1
577,8033,1050.30,414.47,95.19,284.53,0.8578,-1,-1,-1
577,2,957.71,431.48,110.93,245.03,0.8501,-1,-1,-1
577,4261,720.62,448.46,37.18,101.81,0.8367,-1,-1,-1
577,5,583.76,453.07,33.87,88.44,0.7867,-1,-1,-1
577,7741,637.46,453.21,32.06,105.87,0.7550,-1,-1,-1
577,8034,554.64,459.27,28.92,81.64,0.7540,-1,-1,-1
577,8035,667.26,456.09,28.77,97.94,0.7522,-1,-1,-1
577,8036,382.90,464.19,41.10,112.59,0.7087,-1,-1,-1
577,8037,1153.14,431.01,70.35,246.89,0.6948,-1,-1,-1
577,8038,1120.96,432.10,33.48,144.57,0.5960,-1,-1,-1
577,8039,421.33,463.02,37.24,107.52,0.5699,-1,-1,-1
577,8040,695.87,470.60,22.30,62.86,0.4042,-1,-1,-1
577,8041,1257.38,440.76,25.39,109.78,0.3658,-1,-1,-1
577,8042,531.60,459.54,16.66,53.81,0.3229,-1,-1,-1
578,5777,1674.08,401.62,245.42,671.80,0.9321,-1,-1,-1
578,8032,1164.25,440.38,128.01,272.07,0.8916,-1,-1,-1
578,8020,1055.36,413.34,90.00,285.89,0.8698,-1,-1,-1
578,2,959.73,437.83,108.21,237.18,0.8500,-1,-1,-1
578,4261,720.52,448.73,36.99,102.30,0.8423,-1,-1,-1
578,5,587.49,453.19,29.73,87.13,0.7981,-1,-1,-1
578,7741,636.44,453.14,32.56,105.70,0.7805,-1,-1,-1
578,8043,554.54,460.17,28.38,80.45,0.7771,-1,-1,-1
578,8044,666.78,455.92,29.67,98.76,0.7495,-1,-1,-1
578,8045,382.22,465.45,39.15,111.44,0.7180,-1,-1,-1
578,8046,1151.07,432.58,71.29,246.28,0.6853,-1,-1,-1
578,8047,421.93,463.88,38.86,106.97,0.6020,-1,-1,-1
578,8048,1121.05,435.98,33.32,137.49,0.5175,-1,-1,-1
578,8049,1260.78,440.25,32.41,110.05,0.4190,-1,-1,-1
578,8050,694.37,470.01,21.38,64.57,0.3517,-1,-1,-1
578,8051,1871.48,435.22,48.08,431.16,0.3344,-1,-1,-1
579,5777,1674.74,405.35,244.68,667.35,0.9333,-1,-1,-1
579,2,1165.76,439.69,126.20,272.93,0.9050,-1,-1,-1
579,8052,959.75,435.33,112.13,239.32,0.8674,-1,-1,-1
579,8053,1063.55,413.44,81.85,285.61,0.8549,-1,-1,-1
579,4261,721.80,449.11,36.85,102.00,0.8344,-1,-1,-1
579,7735,636.65,453.17,30.23,104.82,0.7897,-1,-1,-1
579,7741,586.81,453.14,31.18,86.66,0.7845,-1,-1,-1
579,5,553.54,460.08,29.41,80.34,0.7671,-1,-1,-1
579,7,666.34,455.96,29.91,98.61,0.7595,-1,-1,-1
579,8054,1152.43,431.04,78.39,248.76,0.7368,-1,-1,-1
579,8055,382.03,465.18,39.75,111.62,0.7268,-1,-1,-1
579,8056,420.53,461.74,38.28,109.49,0.5907,-1,-1,-1
579,8057,1120.63,432.70,35.91,142.96,0.5762,-1,-1,-1
579,8058,912.16,478.65,63.79,108.13,0.4133,-1,-1,-1
579,8059,1700.50,430.40,79.06,189.53,0.4063,-1,-1,-1
579,8060,695.50,470.76,21.59,63.83,0.3736,-1,-1,-1
580,5777,1674.51,405.17,244.87,667.70,0.9202,-1,-1,-1
580,8061,960.91,433.95,109.95,241.05,0.8863,-1,-1,-1
580,8062,1169.06,439.45,124.46,273.13,0.8838,-1,-1,-1
580,8063,722.61,449.43,36.28,101.77,0.8318,-1,-1,-1
580,8064,587.71,453.30,30.25,86.19,0.7926,-1,-1,-1
580,2,635.86,453.69,30.21,104.95,0.7881,-1,-1,-1
580,8065,666.05,456.85,30.36,96.88,0.7877,-1,-1,-1
580,5,554.26,459.10,29.19,81.43,0.7807,-1,-1,-1
580,8066,1077.84,412.70,68.28,286.77,0.7799,-1,-1,-1
580,8067,1151.13,431.48,76.89,248.28,0.7715,-1,-1,-1
580,8068,381.87,465.22,40.00,111.79,0.7280,-1,-1,-1
580,4261,420.30,461.81,38.40,109.13,0.6278,-1,-1,-1
580,7,1122.22,439.23,33.76,134.63,0.5970,-1,-1,-1
580,8069,694.50,469.48,20.02,64.08,0.4423,-1,-1,-1
580,8070,1162.73,440.30,24.31,99.53,0.4227,-1,-1,-1
581,5777,1673.69,404.60,245.94,667.79,0.9215,-1,-1,-1
581,8071,1175.96,433.97,118.19,278.99,0.8910,-1,-1,-1
581,8072,961.48,436.46,110.42,237.50,0.8831,-1,-1,-1
581,8073,722.74,449.83,37.04,101.76,0.8418,-1,-1,-1
581,8074,1151.44,431.85,81.02,247.69,0.8265,-1,-1,-1
581,8075,1082.91,413.63,68.24,285.57,0.8224,-1,-1,-1
581,8076,587.64,453.53,30.71,85.38,0.7936,-1,-1,-1
581,8077,665.81,454.61,31.20,100.58,0.7904,-1,-1,-1
581,8078,554.79,459.81,29.17,80.38,0.7770,-1,-1,-1
581,8079,633.29,453.94,32.22,103.95,0.7377,-1,-1,-1
581,2,381.89,464.49,42.81,112.58,0.7002,-1,-1,-1
581,4261,422.77,464.92,37.77,106.26,0.6935,-1,-1,-1
581,8080,695.43,470.55,19.13,63.42,0.4346,-1,-1,-1
581,8081,1161.51,439.83,25.94,97.91,0.4236,-1,-1,-1
581,8082,1125.55,446.20,32.34,125.43,0.4224,-1,-1,-1
581,5,544.42,461.31,17.82,70.64,0.3887,-1,-1,-1
582,5777,1674.90,405.78,244.71,666.91,0.9189,-1,-1,-1
582,8083,1184.78,434.67,112.14,277.75,0.8956,-1,-1,-1
582,8084,961.73,434.30,110.54,239.17,0.8874,-1,-1,-1
582,4261,723.10,449.57,38.18,102.12,0.8433,-1,-1,-1
582,8085,1153.08,432.26,79.74,247.53,0.8156,-1,-1,-1
582,8086,588.37,453.46,30.13,84.86,0.8038,-1,-1,-1
582,8087,1084.81,413.94,66.35,285.86,0.7962,-1,-1,-1
582,8088,664.92,454.11,32.21,101.16,0.7874,-1,-1,-1
582,8089,554.77,460.40,29.50,79.35,0.7742,-1,-1,-1
582,8090,633.43,454.43,31.63,103.27,0.7645,-1,-1,-1
582,2,381.54,464.51,42.83,112.87,0.7147,-1,-1,-1
582,5,421.75,464.22,39.35,106.91,0.7083,-1,-1,-1
582,8091,696.19,470.39,18.16,62.82,0.4261,-1,-1,-1
582,8092,1162.08,439.85,24.50,102.64,0.4124,-1,-1,-1
582,8093,544.77,463.33,16.86,67.79,0.3800,-1,-1,-1
582,7741,911.78,480.23,74.76,106.07,0.3787,-1,-1,-1
582,7,1126.77,445.96,31.54,124.90,0.3181,-1,-1,-1
583,5777,1675.75,405.89,244.00,667.66,0.9200,-1,-1,-1
583,8032,1193.55,438.30,106.11,274.75,0.8870,-1,-1,-1
583,2,964.56,434.44,107.83,239.03,0.8862,-1,-1,-1
583,8094,1154.17,432.30,77.51,247.65,0.8718,-1,-1,-1
583,8095,722.83,448.76,38.08,103.34,0.8426,-1,-1,-1
583,8096,586.34,453.36,32.25,86.50,0.7967,-1,-1,-1
583,8097,633.96,455.31,30.18,102.08,0.7782,-1,-1,-1
583,8098,1085.20,412.57,67.37,287.40,0.7769,-1,-1,-1
583,5,555.80,459.68,28.79,81.27,0.7584,-1,-1,-1
583,8099,380.88,464.78,44.42,112.93,0.7581,-1,-1,-1
583,8100,663.87,452.60,32.99,103.23,0.7460,-1,-1,-1
583,4261,422.95,464.19,36.74,107.32,0.6772,-1,-1,-1
583,8101,545.28,462.78,16.98,70.05,0.4632,-1,-1,-1
583,7,1164.05,440.43,22.69,102.10,0.4270,-1,-1,-1
583,8102,695.55,471.10,18.37,61.77,0.3740,-1,-1,-1
583,8103,707.77,476.64,21.11,59.03,0.3322,-1,-1,-1
583,7741,1132.07,445.28,26.74,124.47,0.3258,-1,-1,-1
584,5777,1677.42,398.77,242.29,674.75,0.9300,-1,-1,-1
584,8104,967.36,434.17,105.27,238.09,0.8903,-1,-1,-1
584,8105,1200.50,441.56,103.64,271.38,0.8784,-1,-1,-1
584,8106,1158.44,431.63,74.43,247.20,0.8621,-1,-1,-1
584,8107,723.44,448.29,37.37,103.27,0.8399,-1,-1,-1
584,5,585.64,453.00,33.38,86.81,0.7936,-1,-1,-1
584,8108,1088.16,413.37,68.88,284.82,0.7774,-1,-1,-1
584,8109,633.66,455.79,29.50,101.40,0.7652,-1,-1,-1
584,4261,555.42,459.84,29.31,81.65,0.7512,-1,-1,-1
584,8110,381.05,464.41,43.16,113.32,0.7449,-1,-1,-1
584,8111,663.43,452.41,33.51,103.79,0.7421,-1,-1,-1
584,7741,422.75,463.90,36.03,107.72,0.6754,-1,-1,-1
584,8112,547.93,462.38,13.86,70.75,0.5242,-1,-1,-1
584,2,1163.93,439.93,22.88,100.55,0.4820,-1,-1,-1
584,8113,707.89,477.48,20.25,58.15,0.3877,-1,-1,-1
584,8114,695.73,471.39,17.71,61.84,0.3420,-1,-1,-1
585,5777,1679.40,394.01,240.34,679.73,0.9255,-1,-1,-1
585,8115,972.87,434.14,100.61,237.45,0.8725,-1,-1,-1
585,8116,1212.41,435.51,95.99,277.45,0.8721,-1,-1,-1
585,2,1161.33,431.97,74.61,245.01,0.8549,-1,-1,-1
585,4261,723.24,447.63,39.88,103.74,0.8397,-1,-1,-1
585,5,584.09,453.13,35.68,87.36,0.7986,-1,-1,-1
585,8117,1089.37,412.92,76.86,286.53,0.7786,-1,-1,-1
585,8118,380.51,464.22,47.09,113.62,0.7675,-1,-1,-1
585,7741,556.16,460.27,28.71,81.31,0.7643,-1,-1,-1
585,8119,633.35,455.89,28.72,101.20,0.7521,-1,-1,-1
585,7,663.37,452.63,35.39,102.87,0.7395,-1,-1,-1
585,7920,422.17,458.95,36.01,112.18,0.6278,-1,-1,-1
585,8120,706.77,479.79,20.97,55.68,0.5302,-1,-1,-1
585,8081,1161.56,439.65,25.28,88.84,0.5079,-1,-1,-1
585,8121,548.57,466.23,13.88,66.99,0.3186,-1,-1,-1
586,5777,1682.80,397.21,237.02,676.88,0.9231,-1,-1,-1
586,2,978.13,435.34,95.85,236.16,0.8806,-1,-1,-1
586,8032,1222.51,436.58,89.72,275.79,0.8553,-1,-1,-1
586,8020,1092.81,413.06,77.95,287.37,0.8470,-1,-1,-1
586,8122,1167.82,432.36,70.04,244.13,0.8442,-1,-1,-1
586,8123,724.16,447.29,37.84,104.06,0.8270,-1,-1,-1
586,8124,584.14,453.48,36.35,87.60,0.8047,-1,-1,-1
586,8125,382.44,463.97,45.36,114.00,0.7554,-1,-1,-1
586,5,632.13,455.78,29.28,101.24,0.7327,-1,-1,-1
586,8126,557.14,462.63,25.77,79.08,0.7291,-1,-1,-1
586,4261,663.87,453.66,35.47,103.54,0.7246,-1,-1,-1
586,7741,422.49,461.03,35.42,110.11,0.6172,-1,-1,-1
586,8127,706.52,477.05,23.34,58.88,0.5530,-1,-1,-1
586,7,1161.92,440.18,24.91,87.31,0.4370,-1,-1,-1
587,5777,1689.93,400.95,229.67,672.90,0.9253,-1,-1,-1
587,8128,1093.42,413.58,95.06,286.46,0.8688,-1,-1,-1
587,8129,984.67,433.03,89.62,236.10,0.8645,-1,-1,-1
587,8130,724.82,447.42,39.20,104.59,0.8400,-1,-1,-1
587,8131,1173.37,431.98,68.39,243.85,0.8353,-1,-1,-1
587,8132,586.89,453.68,33.94,86.94,0.7912,-1,-1,-1
587,8133,1225.29,435.21,91.45,277.70,0.7910,-1,-1,-1
587,8134,663.84,454.54,36.00,102.22,0.7715,-1,-1,-1
587,7741,630.33,455.82,30.92,101.07,0.7489,-1,-1,-1
587,8135,382.30,464.09,45.41,114.06,0.7255,-1,-1,-1
587,8136,557.94,461.75,26.71,80.10,0.7038,-1,-1,-1
587,4261,419.43,458.65,38.23,112.62,0.6508,-1,-1,-1
587,5,705.63,475.57,22.30,59.61,0.5259,-1,-1,-1
587,8137,548.89,466.34,13.98,66.92,0.3346,-1,-1,-1
588,5777,1695.57,394.82,224.08,679.25,0.9271,-1,-1,-1
588,8138,1093.87,414.69,95.46,285.36,0.8809,-1,-1,-1
588,8139,991.12,434.70,84.32,233.37,0.8705,-1,-1,-1
588,8140,725.62,447.62,36.90,104.49,0.8465,-1,-1,-1
588,2,1181.77,431.72,61.40,243.21,0.8139,-1,-1,-1
588,8141,1230.58,433.91,90.01,278.88,0.8038,-1,-1,-1
588,8142,587.41,454.06,33.38,86.98,0.7937,-1,-1,-1
588,8143,663.24,454.80,37.19,103.09,0.7906,-1,-1,-1
588,7741,629.70,455.56,31.02,100.33,0.7519,-1,-1,-1
588,8144,557.84,464.10,25.56,78.05,0.7224,-1,-1,-1
588,7,382.64,462.81,44.31,114.97,0.7067,-1,-1,-1
588,7857,417.37,459.35,41.70,112.16,0.5966,-1,-1,-1
588,4261,704.65,475.43,23.93,60.08,0.5444,-1,-1,-1
588,8145,548.65,466.38,13.97,67.08,0.3162,-1,-1,-1
588,5,701.42,471.37,12.12,62.98,0.3071,-1,-1,-1
589,5777,1704.20,411.72,215.35,662.51,0.9263,-1,-1,-1
589,8020,1093.94,413.05,96.95,286.89,0.8678,-1,-1,-1
589,2,998.49,433.25,81.29,235.25,0.8476,-1,-1,-1
589,8146,1239.15,433.47,84.26,279.73,0.8413,-1,-1,-1
589,8147,724.97,446.92,38.94,105.50,0.8393,-1,-1,-1
589,8148,1186.76,431.23,59.98,245.56,0.8089,-1,-1,-1
589,8149,586.26,454.33,33.47,87.36,0.8005,-1,-1,-1
589,7,662.69,454.89,37.90,103.50,0.7901,-1,-1,-1
589,7741,629.49,455.42,30.73,100.11,0.7754,-1,-1,-1
589,8150,557.38,464.65,26.40,77.84,0.7291,-1,-1,-1
589,8151,382.04,463.65,44.75,114.45,0.7228,-1,-1,-1
589,7857,422.57,465.42,33.63,105.80,0.5841,-1,-1,-1
589,8127,705.38,475.25,23.25,60.45,0.5348,-1,-1,-1
589,8152,912.00,482.10,97.38,103.63,0.4418,-1,-1,-1
589,4261,549.18,467.81,13.53,65.71,0.3488,-1,-1,-1
589,5,701.11,472.12,13.32,61.96,0.3268,-1,-1,-1
590,5777,1717.30,414.03,202.30,659.18,0.8952,-1,-1,-1
590,8020,1093.51,414.97,93.88,284.95,0.8762,-1,-1,-1
590,2,1005.61,432.27,78.30,235.73,0.8509,-1,-1,-1
590,8153,725.76,447.67,37.18,104.70,0.8470,-1,-1,-1
590,8154,1240.21,430.57,85.57,282.27,0.8183,-1,-1,-1
590,8155,586.75,454.42,32.12,87.55,0.8095,-1,-1,-1
590,8156,1186.35,431.05,61.47,248.31,0.8035,-1,-1,-1
590,7,662.24,455.01,38.07,102.07,0.8028,-1,-1,-1
590,7741,627.18,455.22,32.78,99.83,0.7553,-1,-1,-1
590,5,557.49,463.36,25.95,79.09,0.7253,-1,-1,-1
590,7857,417.39,459.01,38.29,112.38,0.6526,-1,-1,-1
590,8036,382.21,462.83,41.30,115.29,0.6338,-1,-1,-1
590,4261,705.43,476.18,22.78,59.48,0.6105,-1,-1,-1
590,8157,548.57,464.94,14.34,68.60,0.4580,-1,-1,-1
590,8158,990.46,453.35,28.85,33.58,0.3534,-1,-1,-1
591,8159,1093.99,414.78,105.41,285.00,0.8911,-1,-1,-1
591,8160,1735.48,385.85,184.12,687.87,0.8722,-1,-1,-1
591,8161,725.88,447.95,37.73,104.25,0.8319,-1,-1,-1
591,8162,1009.41,432.41,81.43,235.59,0.8115,-1,-1,-1
591,8163,587.14,454.25,31.21,87.69,0.8089,-1,-1,-1
591,8164,1238.61,445.85,89.82,267.17,0.8002,-1,-1,-1
591,8165,661.03,454.41,38.48,103.89,0.7888,-1,-1,-1
591,7741,627.25,454.17,31.91,101.07,0.7757,-1,-1,-1
591,8166,1189.36,432.54,61.28,245.91,0.7705,-1,-1,-1
591,5,557.70,464.65,25.91,78.07,0.7296,-1,-1,-1
591,7857,382.63,462.48,42.64,115.84,0.6640,-1,-1,-1
591,2,422.38,458.16,33.97,113.02,0.6575,-1,-1,-1
591,4261,705.26,476.92,22.72,58.80,0.6529,-1,-1,-1
591,8167,989.49,453.25,28.72,47.28,0.3678,-1,-1,-1
591,8168,548.67,464.89,14.47,68.75,0.3389,-1,-1,-1
591,7,953.80,480.32,55.21,103.42,0.3342,-1,-1,-1
592,8169,1093.95,414.16,105.15,285.81,0.8930,-1,-1,-1
592,8170,1191.34,431.85,63.90,245.17,0.8361,-1,-1,-1
592,8171,726.12,448.14,37.25,104.52,0.8271,-1,-1,-1
592,2,1245.66,440.69,91.70,272.22,0.8152,-1,-1,-1
592,8172,587.15,455.32,31.00,87.34,0.8070,-1,-1,-1
592,8173,627.09,454.45,32.49,100.74,0.7708,-1,-1,-1
592,8174,661.35,455.04,38.90,103.57,0.7382,-1,-1,-1
592,8175,1016.83,432.53,71.72,235.58,0.7354,-1,-1,-1
592,8176,557.77,467.12,24.96,75.80,0.7327,-1,-1,-1
592,8177,382.41,462.83,40.57,115.41,0.7198,-1,-1,-1
592,8178,705.64,477.19,23.06,58.66,0.7014,-1,-1,-1
592,8179,1760.65,403.66,158.93,669.37,0.6773,-1,-1,-1
592,8180,420.62,457.18,35.37,114.13,0.6632,-1,-1,-1
592,8181,990.06,453.37,27.43,51.21,0.5165,-1,-1,-1
592,8182,546.45,464.72,16.50,69.01,0.4013,-1,-1,-1
592,4261,952.23,482.93,56.18,99.77,0.3392,-1,-1,-1
593,2,1094.45,413.42,104.92,286.74,0.8921,-1,-1,-1
593,8183,1193.96,432.08,64.56,245.28,0.8499,-1,-1,-1
593,8184,1248.78,438.04,94.87,274.75,0.8461,-1,-1,-1
593,8185,726.06,448.26,36.10,104.45,0.8363,-1,-1,-1
593,5,585.46,455.01,32.80,88.07,0.8066,-1,-1,-1
593,8186,627.06,454.48,32.84,100.63,0.7799,-1,-1,-1
593,7,661.25,456.08,37.84,102.07,0.7654,-1,-1,-1
593,8187,557.07,461.82,26.43,81.86,0.7367,-1,-1,-1
593,8188,382.35,463.61,41.11,114.78,0.7333,-1,-1,-1
593,8189,705.94,476.99,22.73,58.56,0.7003,-1,-1,-1
593,7741,1030.20,440.63,59.47,227.02,0.6957,-1,-1,-1
593,8190,421.46,456.95,34.00,114.35,0.6585,-1,-1,-1
593,8191,1787.45,403.28,132.16,672.57,0.5126,-1,-1,-1
593,8192,547.16,464.37,16.05,69.63,0.4242,-1,-1,-1
593,8193,988.65,452.43,29.22,53.71,0.3888,-1,-1,-1
593,4261,953.98,484.00,55.52,99.88,0.3846,-1,-1,-1
594,2,1095.01,413.87,104.97,285.83,0.8836,-1,-1,-1
594,8032,1247.32,439.87,96.06,273.38,0.8625,-1,-1,-1
594,8194,1193.23,431.64,70.64,245.56,0.8618,-1,-1,-1
594,8195,726.29,448.42,35.17,104.00,0.8364,-1,-1,-1
594,5,585.17,454.87,32.98,88.24,0.8071,-1,-1,-1
594,7,661.24,455.61,36.70,103.67,0.7874,-1,-1,-1
594,4261,626.59,454.38,34.03,100.17,0.7785,-1,-1,-1
594,8196,556.82,462.22,26.48,81.39,0.7352,-1,-1,-1
594,8197,382.62,464.46,41.62,114.06,0.7221,-1,-1,-1
594,8198,421.28,457.49,34.52,113.81,0.6757,-1,-1,-1
594,8199,705.54,476.46,23.00,59.10,0.6629,-1,-1,-1
594,8200,1016.04,434.83,75.64,233.93,0.6386,-1,-1,-1
594,8201,1871.40,522.85,48.14,353.69,0.4609,-1,-1,-1
594,8202,988.78,452.12,28.19,50.50,0.4291,-1,-1,-1
594,8203,953.13,483.45,58.02,98.93,0.4236,-1,-1,-1
594,8204,547.25,464.82,15.61,69.20,0.3364,-1,-1,-1
595,2,1095.60,412.87,104.78,286.52,0.8911,-1,-1,-1
595,8032,1246.55,437.12,100.34,276.06,0.8785,-1,-1,-1
595,8020,1195.62,431.54,70.08,247.37,0.8728,-1,-1,-1
595,4261,726.46,448.45,35.05,104.55,0.8299,-1,-1,-1
595,5,583.97,454.75,33.92,88.27,0.7805,-1,-1,-1
595,7,660.84,454.93,36.90,103.89,0.7745,-1,-1,-1
595,7741,627.18,454.50,33.61,100.66,0.7662,-1,-1,-1
595,8205,382.53,464.00,41.17,114.34,0.7448,-1,-1,-1
595,8206,557.01,460.74,25.91,83.00,0.7298,-1,-1,-1
595,8207,418.84,457.11,34.75,114.11,0.6736,-1,-1,-1
595,8208,705.71,476.25,22.51,59.19,0.6424,-1,-1,-1
595,8209,1027.93,436.33,65.35,231.77,0.6262,-1,-1,-1
595,8210,955.26,483.73,55.90,99.96,0.4773,-1,-1,-1
595,8211,1879.49,391.38,40.03,459.26,0.3845,-1,-1,-1
595,8212,988.20,452.15,28.27,57.19,0.3399,-1,-1,-1
595,8213,546.54,468.85,15.27,64.85,0.3294,-1,-1,-1
596,8020,1095.83,413.59,104.61,283.90,0.8853,-1,-1,-1
596,8032,1248.64,434.26,105.26,279.10,0.8748,-1,-1,-1
596,2,1196.30,431.79,71.29,246.72,0.8693,-1,-1,-1
596,4261,726.33,448.62,35.47,105.22,0.8356,-1,-1,-1
596,8214,1031.79,438.52,78.40,229.54,0.7868,-1,-1,-1
596,7,660.77,454.13,37.36,104.16,0.7783,-1,-1,-1
596,5,584.62,454.14,32.87,88.49,0.7761,-1,-1,-1
596,8215,626.94,455.21,33.28,99.92,0.7662,-1,-1,-1
596,8216,556.70,460.87,26.11,82.67,0.7489,-1,-1,-1
596,7741,382.65,464.51,41.24,113.83,0.7273,-1,-1,-1
596,8217,420.68,456.87,32.73,114.59,0.6444,-1,-1,-1
596,8218,705.40,475.65,23.15,59.68,0.6357,-1,-1,-1
596,8219,1885.14,391.30,34.40,442.12,0.4297,-1,-1,-1
596,8220,954.68,485.14,56.62,98.55,0.4191,-1,-1,-1
596,8221,546.84,464.03,15.44,69.73,0.4087,-1,-1,-1
596,8222,988.53,451.85,28.40,61.47,0.3437,-1,-1,-1
597,8223,1249.47,439.84,108.28,273.28,0.8876,-1,-1,-1
597,8224,1097.25,412.83,102.73,285.50,0.8822,-1,-1,-1
597,2,1197.82,432.32,72.31,247.77,0.8494,-1,-1,-1
597,4261,726.51,448.57,35.05,106.08,0.8313,-1,-1,-1
597,8225,582.99,453.00,33.96,89.92,0.7874,-1,-1,-1
597,7741,627.36,455.72,32.93,99.83,0.7617,-1,-1,-1
597,8226,1025.06,439.95,80.58,227.96,0.7473,-1,-1,-1
597,8227,382.18,464.01,41.29,114.25,0.7400,-1,-1,-1
597,5,556.86,461.86,24.47,81.72,0.7384,-1,-1,-1
597,8228,660.86,453.60,36.91,105.12,0.7291,-1,-1,-1
597,8229,706.23,476.79,22.25,58.66,0.6595,-1,-1,-1
597,8230,420.50,457.60,32.67,113.80,0.6268,-1,-1,-1
597,8231,955.12,484.59,56.22,99.02,0.5101,-1,-1,-1
597,8232,547.04,463.85,15.54,70.06,0.4272,-1,-1,-1
597,8233,986.80,452.20,31.00,65.18,0.4216,-1,-1,-1
598,8234,1101.54,414.33,98.55,284.33,0.8841,-1,-1,-1
598,8235,1251.71,438.02,107.46,274.79,0.8708,-1,-1,-1
598,2,1196.59,432.72,75.48,246.72,0.8647,-1,-1,-1
598,4261,726.39,448.32,36.09,107.25,0.8352,-1,-1,-1
598,8236,1024.01,439.46,92.82,228.86,0.7981,-1,-1,-1
598,5,583.05,453.45,33.58,89.44,0.7746,-1,-1,-1
598,8237,627.07,456.62,33.40,98.75,0.7631,-1,-1,-1
598,8238,556.87,460.53,24.11,82.50,0.7510,-1,-1,-1
598,8239,382.27,463.13,42.08,115.06,0.7376,-1,-1,-1
598,8240,659.98,452.04,36.80,107.02,0.7213,-1,-1,-1
598,8241,420.97,457.17,32.29,114.19,0.6621,-1,-1,-1
598,8242,705.69,477.79,22.92,57.68,0.6463,-1,-1,-1
598,8243,546.52,462.92,15.59,71.14,0.4136,-1,-1,-1
598,8244,911.72,485.79,99.24,99.14,0.3482,-1,-1,-1
598,8245,987.30,452.06,29.33,61.31,0.3218,-1,-1,-1
599,8246,1251.97,436.09,108.48,276.28,0.8869,-1,-1,-1
599,8247,1105.34,413.79,95.87,283.04,0.8789,-1,-1,-1
599,2,1196.56,433.54,78.02,246.51,0.8631,-1,-1,-1
599,4261,726.21,448.37,37.60,106.86,0.8353,-1,-1,-1
599,8248,1024.27,436.76,91.69,232.06,0.8026,-1,-1,-1
599,8020,583.49,453.40,33.35,89.68,0.7819,-1,-1,-1
599,8249,382.67,463.08,43.34,114.95,0.7665,-1,-1,-1
599,8250,556.49,459.56,25.55,83.77,0.7628,-1,-1,-1
599,8251,660.62,451.64,36.93,107.68,0.7421,-1,-1,-1
599,7741,625.56,457.06,34.59,97.16,0.7412,-1,-1,-1
599,8252,421.45,458.06,32.22,112.96,0.6942,-1,-1,-1
599,8253,704.62,476.97,23.73,58.54,0.6501,-1,-1,-1
599,8254,986.47,451.99,28.73,60.37,0.4660,-1,-1,-1
599,8255,545.88,464.69,15.92,69.47,0.3933,-1,-1,-1
599,5,1011.95,453.05,15.99,58.93,0.3379,-1,-1,-1
599,7,953.97,486.56,56.26,96.90,0.3199,-1,-1,-1
600,8256,1257.53,431.29,103.44,281.11,0.8827,-1,-1,-1
600,8257,1195.58,434.64,83.94,245.53,0.8670,-1,-1,-1
600,8020,1111.77,413.54,90.28,275.83,0.8610,-1,-1,-1
600,4261,726.31,447.67,36.07,109.15,0.8396,-1,-1,-1
600,2,1026.39,436.90,96.74,231.49,0.8135,-1,-1,-1
600,8032,581.11,453.83,35.44,88.30,0.7863,-1,-1,-1
600,8258,555.64,460.05,26.44,83.39,0.7579,-1,-1,-1
600,5777,625.57,456.22,35.68,99.38,0.7519,-1,-1,-1
600,8259,382.19,464.46,40.21,114.16,0.7423,-1,-1,-1
600,8260,660.92,452.57,35.38,107.03,0.6732,-1,-1,-1
600,7857,421.33,458.31,32.91,112.98,0.6628,-1,-1,-1
600,5,704.41,476.52,23.95,58.94,0.5496,-1,-1,-1
600,8261,954.58,484.15,55.88,99.25,0.4857,-1,-1,-1
600,8262,546.66,463.11,15.26,70.55,0.4352,-1,-1,-1
600,7741,1012.16,452.99,16.29,57.13,0.4038,-1,-1,-1
600,7,987.26,452.60,27.79,59.58,0.3929,-1,-1,-1