1,1,1341.04,415.91,168.30,375.89,0.8976,-1,-1,-1
1,2,1444.57,431.43,157.79,335.73,0.8942,-1,-1,-1
1,3,583.95,444.48,88.09,264.25,0.8867,-1,-1,-1
1,4,437.86,441.07,108.81,284.02,0.8782,-1,-1,-1
1,5,1015.83,429.36,42.12,99.80,0.8238,-1,-1,-1
1,6,936.93,434.28,38.64,81.14,0.8038,-1,-1,-1
1,7,1255.41,447.92,34.26,98.38,0.7744,-1,-1,-1
1,8,731.01,458.14,36.44,110.64,0.7241,-1,-1,-1
1,9,546.73,458.04,35.71,100.50,0.7211,-1,-1,-1
1,10,1101.40,436.75,36.16,110.72,0.6237,-1,-1,-1
1,11,1162.84,439.25,29.58,87.11,0.5249,-1,-1,-1
1,12,507.64,462.64,50.59,183.74,0.4912,-1,-1,-1
1,13,1367.64,433.51,26.35,50.88,0.4778,-1,-1,-1
1,14,686.11,484.70,43.83,116.16,0.4656,-1,-1,-1
1,15,579.28,455.54,29.87,79.89,0.4241,-1,-1,-1
1,16,973.52,458.01,31.02,56.56,0.4003,-1,-1,-1
1,17,671.33,449.91,20.62,73.70,0.3838,-1,-1,-1
1,18,1309.38,431.99,31.91,114.22,0.3837,-1,-1,-1
1,19,954.75,487.21,55.11,96.03,0.3511,-1,-1,-1
1,20,579.58,430.36,16.38,36.23,0.3142,-1,-1,-1
2,2,1454.31,430.86,147.76,337.61,0.8999,-1,-1,-1
2,3,584.60,444.72,88.22,263.86,0.8826,-1,-1,-1
2,1,1342.70,419.28,173.79,371.99,0.8804,-1,-1,-1
2,20,438.80,441.53,113.96,282.86,0.8315,-1,-1,-1
2,5,1016.49,429.48,41.24,100.02,0.8305,-1,-1,-1
2,6,936.35,434.13,39.71,82.05,0.8092,-1,-1,-1
2,13,1256.16,447.95,32.49,98.24,0.7607,-1,-1,-1
2,15,547.84,461.21,35.12,97.41,0.7387,-1,-1,-1
2,12,731.38,460.85,35.68,107.91,0.6681,-1,-1,-1
2,7,1101.58,436.58,36.19,112.39,0.6233,-1,-1,-1
2,10,954.32,486.64,56.58,97.26,0.5134,-1,-1,-1
2,8,580.04,455.39,28.41,93.42,0.4923,-1,-1,-1
2,22,375.87,444.28,32.36,66.11,0.4487,-1,-1,-1
2,17,691.83,484.61,38.66,112.92,0.4464,-1,-1,-1
2,14,518.68,465.54,39.43,182.97,0.3537,-1,-1,-1
2,18,1309.55,430.73,31.81,116.14,0.3089,-1,-1,-1
2,23,1859.02,490.65,51.90,167.04,0.3083,-1,-1,-1
3,24,1343.64,419.78,178.37,378.90,0.9087,-1,-1,-1
3,25,1462.78,431.11,143.58,338.13,0.8838,-1,-1,-1
3,26,584.80,445.24,88.74,263.52,0.8802,-1,-1,-1
3,17,438.07,441.77,119.52,283.56,0.8713,-1,-1,-1
3,27,1016.81,429.61,41.32,100.09,0.8381,-1,-1,-1
3,28,936.15,433.65,40.18,82.08,0.8138,-1,-1,-1
3,18,1256.39,447.92,33.17,98.19,0.7707,-1,-1,-1
3,29,546.18,454.34,36.61,103.13,0.7169,-1,-1,-1
3,30,732.10,469.17,35.36,100.35,0.6848,-1,-1,-1
3,31,510.20,462.59,47.53,189.14,0.6677,-1,-1,-1
3,32,643.14,461.19,60.05,182.41,0.6326,-1,-1,-1
3,33,912.16,486.47,98.27,98.92,0.5626,-1,-1,-1
3,34,1101.80,436.10,36.17,113.64,0.5492,-1,-1,-1
3,35,376.19,444.30,31.72,65.09,0.4484,-1,-1,-1
3,36,974.80,447.83,30.11,62.15,0.4339,-1,-1,-1
3,37,579.81,455.24,28.73,93.61,0.3884,-1,-1,-1
3,38,1374.21,432.73,21.46,67.58,0.3878,-1,-1,-1
3,3,688.93,484.45,41.55,114.61,0.3869,-1,-1,-1
3,39,1309.64,431.02,31.44,115.66,0.3264,-1,-1,-1
4,40,1348.29,416.38,174.07,383.61,0.9032,-1,-1,-1
4,41,438.42,441.84,122.35,283.52,0.8855,-1,-1,-1
4,42,584.74,445.60,88.87,263.37,0.8790,-1,-1,-1
4,43,1015.08,429.58,43.31,100.08,0.8182,-1,-1,-1
4,44,1471.13,430.36,136.24,340.08,0.8079,-1,-1,-1
4,33,935.84,434.11,41.56,81.52,0.8033,-1,-1,-1
4,45,1256.20,447.92,34.24,98.36,0.7829,-1,-1,-1
4,46,732.40,474.11,35.02,95.60,0.7717,-1,-1,-1
4,47,644.48,458.78,59.85,185.18,0.7373,-1,-1,-1
4,48,546.48,453.32,36.07,105.67,0.6614,-1,-1,-1
4,49,1101.59,435.79,36.62,113.00,0.6489,-1,-1,-1
4,50,509.50,459.89,49.05,194.85,0.5601,-1,-1,-1
4,51,1371.62,434.17,31.53,73.88,0.5224,-1,-1,-1
4,52,954.52,487.80,55.30,95.59,0.4208,-1,-1,-1
4,53,376.22,443.75,33.90,65.24,0.4191,-1,-1,-1
4,54,579.66,454.19,28.64,96.96,0.4119,-1,-1,-1
4,55,976.89,457.88,28.07,51.43,0.4006,-1,-1,-1
4,11,1163.15,439.26,27.92,87.07,0.3293,-1,-1,-1
5,56,1353.52,414.91,175.52,385.44,0.9120,-1,-1,-1
5,57,438.40,442.72,123.34,282.34,0.8830,-1,-1,-1
5,58,584.86,445.63,89.11,263.41,0.8798,-1,-1,-1
5,59,1484.11,429.04,139.97,341.50,0.8515,-1,-1,-1
5,60,1016.16,429.65,42.57,99.91,0.8139,-1,-1,-1
5,28,935.78,434.25,40.59,81.31,0.7978,-1,-1,-1
5,61,732.54,474.28,35.10,96.02,0.7942,-1,-1,-1
5,62,1256.13,447.91,34.41,98.52,0.7796,-1,-1,-1
5,63,644.84,458.12,60.73,185.45,0.7379,-1,-1,-1
5,64,510.27,460.76,49.22,199.56,0.6737,-1,-1,-1
5,65,545.97,453.55,36.77,104.36,0.6670,-1,-1,-1
5,66,1101.64,435.78,36.57,113.06,0.6348,-1,-1,-1
5,67,1368.31,436.64,41.35,87.74,0.4489,-1,-1,-1
5,68,376.22,443.76,33.74,64.94,0.4062,-1,-1,-1
5,69,1162.87,439.35,29.38,87.08,0.3532,-1,-1,-1
5,70,978.05,454.30,28.50,57.45,0.3471,-1,-1,-1
5,71,912.59,492.92,97.32,92.93,0.3307,-1,-1,-1
5,72,1309.56,430.99,31.59,115.66,0.3050,-1,-1,-1
6,73,1361.07,415.92,169.06,384.83,0.9065,-1,-1,-1
6,3,438.16,442.16,125.01,282.38,0.8823,-1,-1,-1
6,58,584.39,445.71,89.82,263.39,0.8813,-1,-1,-1
6,74,1488.15,427.71,136.25,343.48,0.8363,-1,-1,-1
6,75,935.42,434.32,40.10,81.31,0.7977,-1,-1,-1
6,76,1013.25,429.33,44.37,100.47,0.7793,-1,-1,-1
6,77,646.62,457.25,60.08,185.91,0.7784,-1,-1,-1
6,78,1256.28,447.95,34.16,98.45,0.7648,-1,-1,-1
6,79,546.54,454.97,36.35,102.89,0.7474,-1,-1,-1
6,80,732.75,470.65,35.20,99.39,0.6981,-1,-1,-1
6,81,509.83,460.11,49.88,203.13,0.6741,-1,-1,-1
6,82,1101.51,436.20,36.90,112.47,0.6240,-1,-1,-1
6,83,1368.13,434.96,41.80,124.24,0.5235,-1,-1,-1
6,84,1309.40,430.72,31.89,116.02,0.3096,-1,-1,-1
6,85,736.95,457.73,29.46,35.26,0.3066,-1,-1,-1
6,86,578.34,428.96,16.80,42.74,0.3027,-1,-1,-1
7,3,1375.18,413.69,158.22,386.54,0.9127,-1,-1,-1
7,87,584.05,445.16,90.31,264.04,0.8864,-1,-1,-1
7,88,438.21,441.66,127.59,283.28,0.8778,-1,-1,-1
7,28,1490.31,426.70,125.83,344.15,0.8455,-1,-1,-1
7,89,1016.55,430.07,42.73,99.34,0.7946,-1,-1,-1
7,90,935.40,434.73,38.00,81.60,0.7941,-1,-1,-1
7,91,732.36,475.89,35.13,94.09,0.7675,-1,-1,-1
7,92,648.31,457.95,59.07,186.12,0.7473,-1,-1,-1
7,93,1256.26,448.01,30.16,98.42,0.7397,-1,-1,-1
7,94,547.83,454.24,34.74,103.09,0.7142,-1,-1,-1
7,95,912.04,488.80,98.23,96.80,0.6797,-1,-1,-1
7,96,512.06,469.26,47.91,200.36,0.5851,-1,-1,-1
7,97,1101.32,437.03,36.83,112.01,0.5276,-1,-1,-1
7,98,697.23,491.34,33.44,106.94,0.4370,-1,-1,-1
7,99,1370.06,434.46,40.95,126.11,0.4289,-1,-1,-1
7,100,736.20,457.73,28.56,35.65,0.4248,-1,-1,-1
7,101,1162.33,439.38,30.27,87.11,0.3715,-1,-1,-1
7,102,579.35,453.38,27.79,97.54,0.3343,-1,-1,-1
8,103,437.58,441.94,132.03,282.82,0.8887,-1,-1,-1
8,104,1388.77,412.72,141.77,388.01,0.8875,-1,-1,-1
8,105,583.95,444.92,91.00,264.17,0.8838,-1,-1,-1
8,106,1490.57,425.03,151.90,345.73,0.8698,-1,-1,-1
8,107,911.89,490.22,98.38,96.10,0.7910,-1,-1,-1
8,108,934.57,434.45,38.29,81.67,0.7731,-1,-1,-1
8,109,1016.36,430.14,41.02,99.23,0.7660,-1,-1,-1
8,110,649.59,459.08,57.79,187.19,0.7580,-1,-1,-1
8,111,1255.63,447.85,28.51,98.59,0.7507,-1,-1,-1
8,112,731.91,477.04,35.51,93.72,0.7022,-1,-1,-1
8,113,548.01,454.92,33.92,103.05,0.6541,-1,-1,-1
8,114,1101.74,437.67,36.09,110.81,0.6403,-1,-1,-1
8,115,513.08,473.16,47.36,202.17,0.5528,-1,-1,-1
8,116,1162.21,439.54,29.87,86.91,0.5197,-1,-1,-1
8,117,736.01,457.76,30.07,35.30,0.4740,-1,-1,-1
8,118,374.76,444.67,29.81,62.70,0.4345,-1,-1,-1
8,99,1369.93,433.49,45.87,127.47,0.3379,-1,-1,-1
8,102,577.43,428.58,16.14,33.48,0.3326,-1,-1,-1
8,119,696.94,458.35,30.66,71.97,0.3011,-1,-1,-1
9,120,1403.94,410.59,129.24,389.60,0.8950,-1,-1,-1
9,121,584.19,443.88,89.60,265.30,0.8890,-1,-1,-1
9,122,439.34,441.13,130.50,283.76,0.8851,-1,-1,-1
9,123,1497.65,422.72,154.19,347.71,0.8681,-1,-1,-1
9,124,934.48,434.65,37.37,81.11,0.7888,-1,-1,-1
9,125,1015.83,431.15,41.80,98.24,0.7495,-1,-1,-1
9,126,1255.05,447.89,31.12,97.91,0.7461,-1,-1,-1
9,127,732.48,475.91,34.14,97.32,0.7389,-1,-1,-1
9,128,547.99,457.60,34.45,100.28,0.7054,-1,-1,-1
9,129,1100.11,436.74,37.64,111.33,0.6881,-1,-1,-1
9,130,1370.31,433.93,53.64,126.05,0.6687,-1,-1,-1
9,131,652.60,459.19,55.31,189.21,0.6385,-1,-1,-1
9,132,511.58,470.83,49.63,212.10,0.5898,-1,-1,-1
9,133,911.81,490.64,98.34,95.58,0.5842,-1,-1,-1
9,134,1305.70,430.73,35.03,115.77,0.4850,-1,-1,-1
9,135,1161.34,439.76,30.32,86.63,0.4611,-1,-1,-1
9,136,735.21,458.25,25.93,37.35,0.4536,-1,-1,-1
9,137,375.23,444.58,27.25,61.60,0.3409,-1,-1,-1
9,138,576.68,427.93,16.56,30.07,0.3227,-1,-1,-1
9,139,983.38,450.20,26.52,61.46,0.3127,-1,-1,-1
10,140,583.84,443.68,90.21,265.42,0.8886,-1,-1,-1
10,141,439.15,441.35,130.93,283.55,0.8883,-1,-1,-1
10,142,1419.93,407.69,117.00,392.46,0.8854,-1,-1,-1
10,143,933.91,434.59,37.73,81.06,0.8006,-1,-1,-1
10,144,653.43,456.45,55.02,192.82,0.7766,-1,-1,-1
10,145,1254.70,447.83,32.61,98.29,0.7507,-1,-1,-1
10,146,1013.97,431.88,43.93,97.27,0.7457,-1,-1,-1
10,147,1376.88,435.13,49.81,124.49,0.7317,-1,-1,-1
10,148,549.07,459.46,32.96,98.93,0.7215,-1,-1,-1
10,149,1100.17,436.75,37.58,111.16,0.6692,-1,-1,-1
10,150,514.06,471.39,49.00,219.39,0.4889,-1,-1,-1
10,151,1519.79,422.74,144.46,348.61,0.4819,-1,-1,-1
10,152,1306.35,430.58,34.61,116.00,0.4799,-1,-1,-1
10,153,731.99,464.15,34.65,107.94,0.4296,-1,-1,-1
10,154,1161.19,439.74,30.56,86.66,0.4291,-1,-1,-1
10,155,375.46,444.55,27.28,63.54,0.3791,-1,-1,-1
10,156,983.51,454.07,27.25,58.00,0.3360,-1,-1,-1
10,157,679.77,449.22,20.08,41.88,0.3261,-1,-1,-1
11,158,440.36,442.54,128.95,282.34,0.8946,-1,-1,-1
11,159,584.15,443.70,89.41,265.51,0.8925,-1,-1,-1
11,160,1431.10,407.87,115.13,392.64,0.8745,-1,-1,-1
11,161,1534.83,421.88,137.15,349.37,0.8412,-1,-1,-1
11,162,933.93,434.57,36.96,81.11,0.8037,-1,-1,-1
11,163,1255.18,447.91,30.30,98.03,0.7535,-1,-1,-1
11,164,1013.13,432.07,44.54,97.54,0.7527,-1,-1,-1
11,165,654.30,456.63,53.16,192.39,0.7434,-1,-1,-1
11,166,732.01,473.73,34.25,100.41,0.7213,-1,-1,-1
11,167,1380.93,435.42,49.50,122.94,0.7153,-1,-1,-1
11,168,547.42,460.04,34.97,98.91,0.6963,-1,-1,-1
11,169,1100.33,436.72,37.41,111.10,0.6601,-1,-1,-1
11,170,1305.78,430.61,35.17,116.11,0.5508,-1,-1,-1
11,171,513.12,467.06,54.29,228.31,0.5038,-1,-1,-1
11,172,1162.31,439.73,29.33,86.76,0.4722,-1,-1,-1
11,173,375.66,444.82,27.12,62.83,0.3505,-1,-1,-1
11,174,983.55,454.39,25.91,57.77,0.3376,-1,-1,-1
11,175,576.46,427.80,16.79,29.51,0.3133,-1,-1,-1
11,176,596.98,428.31,12.15,27.22,0.3072,-1,-1,-1
11,136,734.43,458.20,27.11,38.07,0.3012,-1,-1,-1
12,177,584.02,443.59,89.62,265.36,0.8895,-1,-1,-1
12,178,442.16,443.10,121.18,282.41,0.8781,-1,-1,-1
12,136,1438.17,407.92,119.76,392.87,0.8729,-1,-1,-1
12,179,1537.87,423.09,159.01,353.48,0.7970,-1,-1,-1
12,180,934.06,434.60,36.59,81.27,0.7947,-1,-1,-1
12,181,1254.81,447.82,32.46,97.50,0.7678,-1,-1,-1
12,125,1015.56,433.68,42.56,95.52,0.7551,-1,-1,-1
12,182,659.67,457.49,50.17,187.82,0.6872,-1,-1,-1
12,183,1100.49,437.00,37.06,110.49,0.6624,-1,-1,-1
12,184,731.39,474.79,34.59,98.86,0.6619,-1,-1,-1
12,185,548.39,461.46,33.36,97.59,0.6428,-1,-1,-1
12,186,1379.97,432.42,48.31,126.45,0.6399,-1,-1,-1
12,187,1307.08,430.97,33.79,115.56,0.5349,-1,-1,-1
12,188,1161.04,439.72,29.81,86.68,0.4728,-1,-1,-1
12,189,513.27,465.74,56.60,233.45,0.3817,-1,-1,-1
12,190,984.90,456.28,25.63,56.51,0.3573,-1,-1,-1
12,191,375.71,445.15,27.32,63.44,0.3331,-1,-1,-1
13,192,442.03,443.86,122.33,282.19,0.8929,-1,-1,-1
13,193,584.05,443.34,88.89,265.76,0.8877,-1,-1,-1
13,194,1450.60,423.99,117.36,376.09,0.8435,-1,-1,-1
13,186,1539.54,423.23,145.01,359.59,0.8317,-1,-1,-1
13,180,933.30,434.75,37.10,81.51,0.7846,-1,-1,-1
13,181,1255.19,447.86,31.69,97.40,0.7697,-1,-1,-1
13,195,1017.56,433.73,39.07,95.10,0.7562,-1,-1,-1
13,196,660.90,460.95,47.78,184.53,0.7386,-1,-1,-1
13,197,1100.53,436.62,36.74,111.51,0.6615,-1,-1,-1
13,198,728.95,476.28,36.60,97.00,0.6612,-1,-1,-1
13,199,910.56,490.45,98.94,96.18,0.6481,-1,-1,-1
13,200,1384.74,430.60,51.69,127.69,0.6187,-1,-1,-1
13,201,515.44,464.94,58.05,234.48,0.5613,-1,-1,-1
13,202,1307.27,430.76,33.99,115.82,0.5496,-1,-1,-1
13,203,549.63,463.07,32.12,95.84,0.5472,-1,-1,-1
13,204,1160.35,439.96,30.12,86.26,0.4812,-1,-1,-1
13,205,983.41,455.83,28.30,57.34,0.4509,-1,-1,-1
13,206,733.32,458.21,26.70,38.05,0.4049,-1,-1,-1
13,207,681.72,450.61,20.57,42.22,0.3249,-1,-1,-1
13,174,1007.12,453.90,15.42,59.02,0.3113,-1,-1,-1
14,208,443.44,443.68,120.17,284.78,0.8918,-1,-1,-1
14,209,584.12,443.50,89.45,265.72,0.8859,-1,-1,-1
14,210,1453.64,407.07,127.77,395.55,0.8616,-1,-1,-1
14,211,1555.46,423.79,133.92,361.64,0.8329,-1,-1,-1
14,212,934.25,434.79,36.19,81.91,0.7965,-1,-1,-1
14,213,1390.84,433.38,48.47,125.36,0.7729,-1,-1,-1
14,214,1255.04,447.87,31.23,97.41,0.7630,-1,-1,-1
14,215,1016.73,434.11,40.95,95.10,0.7566,-1,-1,-1
14,216,661.93,459.53,45.90,185.10,0.7259,-1,-1,-1
14,217,550.24,463.85,32.47,94.70,0.6533,-1,-1,-1
14,218,1100.87,436.73,36.80,111.28,0.6443,-1,-1,-1
14,219,1307.00,430.58,34.19,115.93,0.5683,-1,-1,-1
14,220,729.19,473.87,36.40,100.69,0.5626,-1,-1,-1
14,221,516.31,463.72,56.95,236.71,0.5343,-1,-1,-1
14,222,1161.79,439.83,29.50,86.50,0.4676,-1,-1,-1
14,223,733.53,458.28,27.53,38.90,0.3778,-1,-1,-1
14,224,983.52,453.00,27.69,62.46,0.3375,-1,-1,-1
14,186,1689.15,430.56,96.00,206.09,0.3251,-1,-1,-1
14,225,1859.00,524.79,45.62,132.02,0.3160,-1,-1,-1
15,209,444.46,444.01,118.59,286.01,0.8901,-1,-1,-1
15,180,583.80,443.36,88.97,265.51,0.8888,-1,-1,-1
15,226,1455.00,431.64,156.75,374.19,0.8698,-1,-1,-1
15,211,1567.68,423.90,143.00,365.33,0.8417,-1,-1,-1
15,212,933.70,435.19,36.41,81.49,0.8051,-1,-1,-1
15,227,1015.92,435.83,41.80,92.85,0.7859,-1,-1,-1
15,228,1255.01,447.74,30.98,97.86,0.7740,-1,-1,-1
15,229,730.28,457.64,33.88,112.12,0.6604,-1,-1,-1
15,230,550.26,462.62,31.25,95.88,0.6595,-1,-1,-1
15,231,1100.55,436.97,37.31,111.31,0.6570,-1,-1,-1
15,232,1395.37,432.18,45.65,125.64,0.6561,-1,-1,-1
15,233,662.86,461.31,47.71,183.31,0.5145,-1,-1,-1
15,234,1307.52,430.24,33.86,116.37,0.5007,-1,-1,-1
15,235,526.71,468.78,46.63,234.25,0.4586,-1,-1,-1
15,236,985.07,456.44,26.68,59.72,0.4304,-1,-1,-1
15,237,1163.68,439.85,26.15,86.52,0.4043,-1,-1,-1
15,238,950.11,492.16,60.96,91.60,0.3944,-1,-1,-1
15,239,576.13,455.22,30.36,71.33,0.3207,-1,-1,-1
15,240,375.90,444.89,26.57,63.15,0.3191,-1,-1,-1
16,241,584.26,443.07,88.81,265.77,0.8904,-1,-1,-1
16,242,444.31,444.03,118.43,285.07,0.8667,-1,-1,-1
16,243,1455.26,408.74,191.37,402.87,0.8522,-1,-1,-1
16,244,933.87,435.01,36.01,81.95,0.8016,-1,-1,-1
16,245,1016.12,435.64,41.46,93.05,0.7930,-1,-1,-1
16,246,1557.10,426.00,172.14,361.07,0.7708,-1,-1,-1
16,163,1254.83,447.76,30.31,97.88,0.7588,-1,-1,-1
16,247,729.05,457.51,35.20,112.27,0.6855,-1,-1,-1
16,248,1100.91,437.02,36.84,111.02,0.6394,-1,-1,-1
16,249,549.93,464.81,30.83,94.09,0.6333,-1,-1,-1
16,250,663.54,461.23,45.69,184.91,0.6298,-1,-1,-1
16,251,524.66,468.10,49.89,234.90,0.6123,-1,-1,-1
16,252,1307.21,430.59,33.73,115.96,0.5271,-1,-1,-1
16,253,1162.36,439.80,27.86,86.53,0.5054,-1,-1,-1
16,254,984.42,455.96,31.09,62.75,0.4319,-1,-1,-1
16,255,683.54,452.97,21.86,44.95,0.4174,-1,-1,-1
17,256,584.21,442.74,88.36,266.05,0.8826,-1,-1,-1
17,257,447.18,445.84,113.76,286.56,0.8666,-1,-1,-1
17,258,1454.31,417.62,203.76,393.82,0.8514,-1,-1,-1
17,259,1549.89,427.20,194.43,364.84,0.8369,-1,-1,-1
17,260,933.65,435.17,35.66,81.87,0.8101,-1,-1,-1
17,261,1016.82,435.77,40.37,93.39,0.7737,-1,-1,-1
17,163,1253.94,447.66,30.41,97.82,0.7503,-1,-1,-1
17,262,1100.67,436.73,36.85,111.53,0.7013,-1,-1,-1
17,263,663.83,460.39,42.12,189.42,0.6341,-1,-1,-1
17,264,727.34,457.94,35.81,111.04,0.5463,-1,-1,-1
17,265,1161.87,439.81,27.80,86.62,0.5287,-1,-1,-1
17,266,1307.90,431.05,32.61,115.55,0.4960,-1,-1,-1
17,267,549.11,462.22,31.96,95.91,0.4784,-1,-1,-1
17,268,526.46,468.09,49.11,234.14,0.4767,-1,-1,-1
17,269,683.73,454.33,21.55,43.48,0.3902,-1,-1,-1
18,270,1455.45,415.59,218.88,400.45,0.8853,-1,-1,-1
18,271,583.86,443.66,89.87,265.31,0.8841,-1,-1,-1
18,272,1548.95,429.68,199.00,363.36,0.8293,-1,-1,-1
18,273,447.60,444.68,114.30,285.82,0.8167,-1,-1,-1
18,274,933.87,435.44,34.92,81.79,0.8082,-1,-1,-1
18,275,1016.83,434.93,40.63,93.99,0.7753,-1,-1,-1
18,276,1254.58,447.54,29.63,97.84,0.7568,-1,-1,-1
18,277,1100.31,436.79,37.08,111.24,0.6652,-1,-1,-1
18,278,663.40,459.71,45.80,191.73,0.6064,-1,-1,-1
18,279,726.82,458.17,36.59,108.01,0.5993,-1,-1,-1
18,280,1306.43,430.23,34.28,116.41,0.5114,-1,-1,-1
18,281,1162.32,439.82,27.49,86.66,0.5085,-1,-1,-1
18,282,684.72,454.42,22.34,44.06,0.4947,-1,-1,-1
18,283,526.69,465.69,49.66,236.88,0.4918,-1,-1,-1
18,284,548.24,462.96,32.57,93.39,0.3633,-1,-1,-1
18,285,1411.14,433.41,29.08,123.72,0.3444,-1,-1,-1
18,249,575.28,427.06,17.99,37.78,0.3350,-1,-1,-1
19,286,1455.69,411.48,240.40,405.22,0.9353,-1,-1,-1
19,287,586.17,443.74,90.18,265.49,0.8891,-1,-1,-1
19,288,449.60,444.88,120.46,289.21,0.8148,-1,-1,-1
19,289,933.89,435.47,34.54,82.25,0.8085,-1,-1,-1
19,290,1018.76,435.48,38.48,93.43,0.7892,-1,-1,-1
19,291,1254.33,446.94,29.96,98.34,0.7810,-1,-1,-1
19,292,725.71,458.19,39.82,97.72,0.6918,-1,-1,-1
19,277,1100.32,436.68,37.01,111.52,0.6874,-1,-1,-1
19,293,688.29,453.73,21.19,42.58,0.5922,-1,-1,-1
19,294,1161.65,439.80,27.76,86.57,0.5602,-1,-1,-1
19,295,663.78,465.96,66.11,188.52,0.5266,-1,-1,-1
19,296,1307.22,430.15,32.84,116.32,0.5091,-1,-1,-1
19,297,1412.85,432.02,31.66,126.41,0.4235,-1,-1,-1
19,298,1000.72,453.82,22.73,66.59,0.4206,-1,-1,-1
19,299,953.92,488.93,57.36,95.17,0.4098,-1,-1,-1
19,118,373.92,444.53,30.27,63.17,0.3363,-1,-1,-1
19,278,577.24,453.63,30.79,88.32,0.3054,-1,-1,-1
19,282,648.04,455.98,20.30,36.85,0.3006,-1,-1,-1
20,300,1457.77,412.92,247.60,410.85,0.9167,-1,-1,-1
20,301,585.45,442.90,95.36,266.07,0.8890,-1,-1,-1
20,302,454.59,442.80,117.29,291.86,0.8550,-1,-1,-1
20,303,1016.43,435.27,41.09,94.14,0.8167,-1,-1,-1
20,304,933.51,435.48,34.74,81.47,0.8081,-1,-1,-1
20,305,1552.27,450.64,202.21,348.78,0.8011,-1,-1,-1
20,306,1252.41,446.96,31.92,98.37,0.7761,-1,-1,-1
20,307,723.83,458.55,42.72,113.76,0.7360,-1,-1,-1
20,308,1100.37,436.54,37.03,112.14,0.6767,-1,-1,-1
20,309,687.53,453.29,23.81,45.90,0.6565,-1,-1,-1
20,310,1162.70,439.77,26.68,86.71,0.5486,-1,-1,-1
20,311,663.40,461.45,65.62,190.89,0.4576,-1,-1,-1
20,312,1001.59,454.59,20.67,68.02,0.4573,-1,-1,-1
20,313,1307.12,430.45,32.57,116.14,0.4078,-1,-1,-1
20,314,374.00,444.66,29.17,62.46,0.3669,-1,-1,-1
20,315,954.84,493.44,55.03,89.28,0.3547,-1,-1,-1
20,316,984.03,456.27,19.63,54.64,0.3485,-1,-1,-1
21,300,1457.02,414.06,256.85,412.40,0.9452,-1,-1,-1
21,317,586.15,443.11,98.03,266.22,0.8957,-1,-1,-1
21,309,456.70,442.44,115.99,292.40,0.8739,-1,-1,-1
21,318,1016.44,434.81,41.13,94.87,0.8222,-1,-1,-1
21,319,933.73,435.12,34.49,81.71,0.8071,-1,-1,-1
21,320,1252.51,446.75,32.52,98.69,0.7639,-1,-1,-1
21,321,1100.29,436.55,37.08,112.06,0.7039,-1,-1,-1
21,322,724.12,458.80,43.81,100.43,0.6845,-1,-1,-1
21,323,1417.50,432.24,40.61,125.94,0.6246,-1,-1,-1
21,324,662.96,460.75,63.97,190.21,0.6182,-1,-1,-1
21,325,1163.01,439.84,26.62,86.73,0.6049,-1,-1,-1
21,326,689.13,452.35,24.54,51.22,0.5347,-1,-1,-1
21,327,373.64,444.68,29.87,62.77,0.4819,-1,-1,-1
21,328,1001.00,454.84,22.34,68.54,0.4061,-1,-1,-1
21,329,550.50,459.32,29.77,71.10,0.3922,-1,-1,-1
21,330,1308.44,430.75,31.71,115.82,0.3649,-1,-1,-1
21,331,954.68,490.92,55.64,92.02,0.3576,-1,-1,-1
22,319,1462.59,412.57,251.84,416.74,0.9477,-1,-1,-1
22,317,586.66,442.83,100.13,266.50,0.8975,-1,-1,-1
22,332,458.93,443.30,116.69,291.77,0.8676,-1,-1,-1
22,333,1576.25,427.97,198.17,368.94,0.8143,-1,-1,-1
22,328,933.52,434.90,34.18,82.09,0.8097,-1,-1,-1
22,334,1017.50,435.32,39.51,94.53,0.8061,-1,-1,-1
22,335,1251.61,446.84,33.75,98.75,0.7473,-1,-1,-1
22,336,662.62,459.92,58.46,191.09,0.7078,-1,-1,-1
22,337,1099.87,436.32,37.37,111.58,0.6902,-1,-1,-1
22,338,1162.85,439.66,25.71,86.81,0.6255,-1,-1,-1
22,339,724.36,458.88,44.83,98.07,0.5831,-1,-1,-1
22,340,690.19,452.91,24.86,49.24,0.5784,-1,-1,-1
22,341,1418.04,433.18,46.11,124.63,0.5629,-1,-1,-1
22,342,1002.39,454.66,21.82,68.06,0.4986,-1,-1,-1
22,343,911.34,486.51,99.05,100.25,0.4649,-1,-1,-1
22,344,550.45,461.31,28.89,51.56,0.4134,-1,-1,-1
22,345,1308.64,430.92,32.61,115.05,0.4046,-1,-1,-1
22,314,373.90,444.49,28.88,61.58,0.3373,-1,-1,-1
23,336,1466.61,411.89,250.74,417.58,0.9267,-1,-1,-1
23,328,586.75,442.97,101.19,267.42,0.9019,-1,-1,-1
23,346,459.56,442.60,117.98,291.91,0.8702,-1,-1,-1
23,347,933.25,435.13,33.84,82.48,0.8038,-1,-1,-1
23,348,1018.55,435.57,37.85,93.47,0.8020,-1,-1,-1
23,349,1250.75,446.52,34.42,99.04,0.7727,-1,-1,-1
23,350,1099.92,436.38,36.90,111.20,0.7099,-1,-1,-1
23,351,1418.24,437.96,57.99,120.30,0.6700,-1,-1,-1
23,352,661.57,459.02,58.56,188.99,0.6403,-1,-1,-1
23,353,1162.89,439.77,25.70,86.56,0.6361,-1,-1,-1
23,354,690.84,453.21,25.85,48.89,0.6187,-1,-1,-1
23,355,1593.72,425.49,175.89,374.22,0.6133,-1,-1,-1
23,356,910.55,485.80,97.81,100.31,0.6057,-1,-1,-1
23,357,551.87,465.13,27.40,47.84,0.5335,-1,-1,-1
23,358,1002.27,454.07,22.69,67.03,0.5266,-1,-1,-1
23,359,722.52,459.63,48.15,105.34,0.4871,-1,-1,-1
23,360,374.34,444.44,28.87,62.84,0.4621,-1,-1,-1
23,313,1307.58,430.02,31.97,116.31,0.4176,-1,-1,-1
23,361,578.38,456.63,30.51,74.01,0.3387,-1,-1,-1
23,333,1885.95,411.26,33.59,203.55,0.3177,-1,-1,-1
23,325,1080.62,482.55,45.48,112.30,0.3069,-1,-1,-1
23,319,984.55,456.91,18.57,36.04,0.3024,-1,-1,-1
24,351,1473.13,410.55,245.01,418.77,0.9004,-1,-1,-1
24,317,586.70,443.05,101.71,267.03,0.9000,-1,-1,-1
24,362,467.12,442.31,111.11,290.30,0.8349,-1,-1,-1
24,363,1018.81,435.70,37.94,93.27,0.8167,-1,-1,-1
24,364,933.46,435.08,33.42,82.52,0.8075,-1,-1,-1
24,365,1418.58,433.77,61.97,124.51,0.7926,-1,-1,-1
24,366,1648.32,424.34,133.03,375.16,0.7723,-1,-1,-1
24,367,1250.68,446.33,34.14,99.07,0.7546,-1,-1,-1
24,368,1100.05,436.33,36.76,111.20,0.7183,-1,-1,-1
24,369,910.09,486.72,99.08,99.70,0.6692,-1,-1,-1
24,370,1163.10,439.67,26.27,86.70,0.6301,-1,-1,-1
24,371,691.57,450.94,31.69,58.21,0.5684,-1,-1,-1
24,372,374.23,444.52,29.13,64.01,0.5571,-1,-1,-1
24,373,660.77,459.35,55.18,189.58,0.5313,-1,-1,-1
24,374,1002.28,454.20,22.64,68.16,0.5099,-1,-1,-1
24,375,553.11,465.82,25.82,46.50,0.4846,-1,-1,-1
24,376,721.43,458.92,48.85,98.22,0.4178,-1,-1,-1
24,377,1306.94,430.15,33.24,116.10,0.3616,-1,-1,-1
24,361,578.74,456.62,29.90,77.21,0.3570,-1,-1,-1
24,378,1077.98,483.27,47.55,111.45,0.3504,-1,-1,-1
24,379,984.25,457.76,18.85,44.04,0.3145,-1,-1,-1
24,380,725.87,458.47,34.20,41.45,0.3019,-1,-1,-1
25,381,1484.40,405.43,233.15,422.44,0.9321,-1,-1,-1
25,317,588.13,443.20,100.41,267.50,0.9035,-1,-1,-1
25,382,908.94,486.74,99.73,100.12,0.8532,-1,-1,-1
25,383,469.67,442.76,109.70,289.77,0.8460,-1,-1,-1
25,384,933.44,435.25,33.34,81.61,0.8030,-1,-1,-1
25,385,1019.15,435.33,36.38,93.87,0.7994,-1,-1,-1
25,386,1417.82,432.43,65.14,125.25,0.7967,-1,-1,-1
25,387,1659.56,427.71,145.49,371.49,0.7931,-1,-1,-1
25,388,1248.93,446.09,35.07,99.02,0.7629,-1,-1,-1
25,389,1100.55,436.46,35.81,111.61,0.7040,-1,-1,-1
25,390,661.67,458.29,56.58,191.57,0.6272,-1,-1,-1
25,391,1163.43,439.44,25.07,86.93,0.5670,-1,-1,-1
25,392,692.06,450.27,28.41,60.13,0.5628,-1,-1,-1
25,393,1003.06,453.88,20.89,65.35,0.5348,-1,-1,-1
25,394,372.69,444.35,30.93,64.27,0.5033,-1,-1,-1
25,395,720.86,459.26,49.59,100.50,0.4734,-1,-1,-1
25,396,1307.00,431.16,31.32,114.98,0.3964,-1,-1,-1
25,397,578.10,455.31,31.02,132.42,0.3490,-1,-1,-1
25,398,1078.63,483.72,46.32,110.87,0.3312,-1,-1,-1
26,399,1497.08,405.19,220.03,422.74,0.9359,-1,-1,-1
26,400,591.35,443.21,96.72,267.22,0.8902,-1,-1,-1
26,401,909.37,486.47,100.66,100.26,0.8864,-1,-1,-1
26,402,464.89,441.44,115.43,291.73,0.8532,-1,-1,-1
26,403,1670.41,422.60,160.35,377.58,0.8428,-1,-1,-1
26,404,933.35,435.24,33.20,81.59,0.7992,-1,-1,-1
26,405,1249.07,446.40,34.44,97.91,0.7817,-1,-1,-1
26,406,1417.96,433.88,68.79,124.50,0.7773,-1,-1,-1
26,407,1019.79,437.08,35.34,92.46,0.7594,-1,-1,-1
26,408,722.69,459.20,49.56,100.24,0.7009,-1,-1,-1
26,409,660.48,457.91,59.12,192.07,0.6498,-1,-1,-1
26,410,1100.69,436.44,35.83,112.00,0.6469,-1,-1,-1
26,411,693.58,449.85,29.50,68.20,0.5576,-1,-1,-1
26,412,1164.05,439.21,24.33,87.05,0.5323,-1,-1,-1
26,413,1002.71,453.94,21.29,65.92,0.5294,-1,-1,-1
26,414,372.59,444.55,30.52,64.20,0.5149,-1,-1,-1
26,415,1305.51,430.78,32.31,115.21,0.4983,-1,-1,-1
26,416,1079.05,483.83,45.62,111.58,0.4496,-1,-1,-1
26,417,1553.98,443.17,25.31,109.06,0.4167,-1,-1,-1
26,392,577.86,455.04,31.24,132.56,0.3901,-1,-1,-1
26,418,417.20,459.65,40.19,94.03,0.3507,-1,-1,-1
27,405,1513.22,401.16,202.82,426.40,0.9291,-1,-1,-1
27,400,589.05,443.92,98.44,268.43,0.8985,-1,-1,-1
27,392,908.20,486.75,102.86,99.86,0.8799,-1,-1,-1
27,419,1676.29,418.55,169.30,381.54,0.8651,-1,-1,-1
27,420,1419.67,432.51,67.74,125.18,0.8439,-1,-1,-1
27,421,468.11,441.65,113.77,292.89,0.8375,-1,-1,-1
27,422,1249.18,446.40,34.62,97.95,0.7998,-1,-1,-1
27,423,933.41,435.60,33.00,81.67,0.7952,-1,-1,-1
27,424,1020.66,437.74,33.96,91.42,0.7321,-1,-1,-1
27,425,719.93,459.56,51.83,103.44,0.7205,-1,-1,-1
27,426,661.32,458.18,62.96,193.46,0.7175,-1,-1,-1
27,427,1002.33,453.72,23.56,67.16,0.6821,-1,-1,-1
27,428,695.48,448.40,26.53,63.69,0.6053,-1,-1,-1
27,429,373.38,444.49,29.27,64.11,0.5756,-1,-1,-1
27,430,1100.66,436.59,35.75,111.89,0.5621,-1,-1,-1
27,431,1163.30,439.39,25.19,86.83,0.5509,-1,-1,-1
27,432,1303.31,430.79,35.40,114.75,0.4432,-1,-1,-1
27,433,1553.79,443.03,29.28,109.52,0.4154,-1,-1,-1
27,434,575.36,454.37,34.20,133.17,0.3302,-1,-1,-1
28,428,1533.71,400.45,180.57,428.13,0.9061,-1,-1,-1
28,435,589.42,444.31,97.29,268.35,0.8893,-1,-1,-1
28,436,471.76,440.98,109.92,293.52,0.8633,-1,-1,-1
28,437,1421.40,431.86,66.16,125.81,0.8419,-1,-1,-1
28,438,1248.26,446.47,36.82,98.00,0.8068,-1,-1,-1
28,439,933.17,435.82,33.19,81.00,0.7988,-1,-1,-1
28,440,1680.14,417.93,173.18,382.22,0.7955,-1,-1,-1
28,441,910.19,485.71,99.51,100.47,0.7871,-1,-1,-1
28,442,1019.42,438.66,34.13,90.86,0.7335,-1,-1,-1
28,359,721.18,460.03,49.50,103.31,0.7118,-1,-1,-1
28,443,661.24,457.75,61.64,192.63,0.6834,-1,-1,-1
28,444,1099.83,436.36,36.76,111.51,0.6438,-1,-1,-1
28,445,1002.85,454.16,21.97,68.53,0.6133,-1,-1,-1
28,446,697.87,448.08,25.28,64.79,0.5740,-1,-1,-1
28,447,1554.22,442.09,29.94,110.41,0.5358,-1,-1,-1
28,448,1165.49,439.21,23.22,87.07,0.4572,-1,-1,-1
28,449,373.22,444.61,28.64,63.38,0.4412,-1,-1,-1
28,450,1305.69,430.27,32.35,115.75,0.4130,-1,-1,-1
29,428,1553.65,398.22,161.62,431.74,0.8877,-1,-1,-1
29,451,595.77,443.66,92.25,269.11,0.8818,-1,-1,-1
29,452,473.54,441.59,111.91,292.95,0.8590,-1,-1,-1
29,453,1679.55,415.11,185.80,385.96,0.8500,-1,-1,-1
29,454,1427.28,431.60,60.43,127.44,0.8399,-1,-1,-1
29,455,1248.38,446.44,34.01,97.50,0.8144,-1,-1,-1
29,456,908.93,485.51,101.40,100.91,0.8032,-1,-1,-1
29,457,933.18,435.75,33.14,81.33,0.7576,-1,-1,-1
29,442,1020.75,439.33,32.12,90.26,0.6878,-1,-1,-1
29,458,1004.10,453.65,21.67,69.26,0.6439,-1,-1,-1
29,459,697.49,448.43,26.62,67.01,0.6024,-1,-1,-1
29,460,1100.52,436.53,36.44,111.77,0.5413,-1,-1,-1
29,461,1163.56,439.30,24.70,87.10,0.5326,-1,-1,-1
29,462,722.21,460.00,46.73,108.66,0.5316,-1,-1,-1
29,463,1555.40,451.19,29.35,101.79,0.4937,-1,-1,-1
29,464,373.47,444.63,28.28,63.20,0.4462,-1,-1,-1
29,465,1306.71,430.09,32.06,116.16,0.4303,-1,-1,-1
29,466,577.12,454.43,34.37,133.86,0.4248,-1,-1,-1
29,467,662.79,458.21,57.58,195.43,0.4060,-1,-1,-1
29,468,1082.22,483.54,44.16,112.77,0.3755,-1,-1,-1
30,469,598.28,443.77,90.27,268.82,0.8888,-1,-1,-1
30,470,1575.13,397.31,148.46,433.07,0.8739,-1,-1,-1
30,471,1432.25,431.47,55.46,125.47,0.8526,-1,-1,-1
30,472,473.52,439.71,112.59,295.97,0.8489,-1,-1,-1
30,473,1680.82,415.59,170.35,388.99,0.8181,-1,-1,-1
30,474,1248.60,446.47,33.83,97.42,0.8046,-1,-1,-1
30,475,933.19,435.79,32.93,81.00,0.7380,-1,-1,-1
30,476,697.82,448.44,26.20,63.58,0.6206,-1,-1,-1
30,477,1556.31,442.62,28.79,110.48,0.5733,-1,-1,-1
30,478,662.54,457.35,58.15,195.69,0.5487,-1,-1,-1
30,479,1004.37,453.96,21.80,68.73,0.5081,-1,-1,-1
30,480,1307.07,430.28,31.08,115.76,0.5015,-1,-1,-1
30,481,1163.77,439.33,24.03,87.08,0.4959,-1,-1,-1
30,482,576.26,453.08,33.98,135.09,0.4949,-1,-1,-1
30,483,954.70,486.20,55.83,96.31,0.4316,-1,-1,-1
30,484,1099.33,436.58,37.24,111.51,0.4026,-1,-1,-1
30,485,374.30,444.56,26.62,63.12,0.4024,-1,-1,-1
30,486,722.10,460.14,45.84,111.36,0.3919,-1,-1,-1
30,487,1017.17,441.82,33.84,87.62,0.3577,-1,-1,-1
31,488,599.77,443.83,90.67,269.14,0.8836,-1,-1,-1
31,489,1679.92,415.58,217.35,394.03,0.8732,-1,-1,-1
31,490,475.67,439.82,110.32,298.31,0.8540,-1,-1,-1
31,491,1599.09,397.04,138.17,436.62,0.8360,-1,-1,-1
31,492,1439.90,431.54,47.30,125.81,0.8198,-1,-1,-1
31,493,1248.03,446.63,35.35,97.23,0.7766,-1,-1,-1
31,494,932.87,435.64,33.64,81.08,0.7729,-1,-1,-1
31,495,1162.10,439.39,26.45,87.20,0.5590,-1,-1,-1
31,496,1014.70,441.54,36.87,88.25,0.5534,-1,-1,-1
31,497,698.74,450.57,25.69,59.62,0.5256,-1,-1,-1
31,498,954.06,486.80,55.93,96.50,0.5179,-1,-1,-1
31,499,576.66,453.33,34.00,134.51,0.4880,-1,-1,-1
31,500,664.75,462.06,58.04,192.24,0.4745,-1,-1,-1
31,501,372.60,444.60,29.45,62.67,0.4710,-1,-1,-1
31,502,1307.81,430.85,31.69,115.08,0.4581,-1,-1,-1
31,503,1555.59,444.14,29.18,108.98,0.4096,-1,-1,-1
31,504,730.26,460.44,30.09,51.69,0.3997,-1,-1,-1
31,505,577.56,424.44,18.80,35.81,0.3452,-1,-1,-1
31,506,1085.76,436.39,51.11,157.27,0.3084,-1,-1,-1
32,507,1684.54,415.28,225.20,399.16,0.8828,-1,-1,-1
32,508,477.27,440.18,111.12,299.63,0.8798,-1,-1,-1
32,509,601.22,444.40,90.13,268.69,0.8685,-1,-1,-1
32,510,1607.00,396.41,154.16,444.32,0.8422,-1,-1,-1
32,511,932.94,435.63,33.58,81.61,0.7899,-1,-1,-1
32,493,1248.57,446.43,35.41,96.73,0.7812,-1,-1,-1
32,512,1443.36,431.16,44.53,126.47,0.7716,-1,-1,-1
32,513,1015.13,441.70,35.26,87.23,0.7126,-1,-1,-1
32,514,1162.05,439.33,26.11,87.27,0.5706,-1,-1,-1
32,515,954.96,484.86,54.80,97.79,0.5395,-1,-1,-1
32,516,1555.86,442.15,28.59,110.94,0.5182,-1,-1,-1
32,517,664.25,459.18,58.35,194.32,0.5072,-1,-1,-1
32,518,699.54,451.68,26.90,58.29,0.4281,-1,-1,-1
32,519,576.93,454.90,34.66,133.73,0.4124,-1,-1,-1
32,520,720.10,460.60,44.38,114.96,0.3703,-1,-1,-1
32,521,372.74,444.67,28.90,62.26,0.3491,-1,-1,-1
32,522,1081.14,436.36,55.82,159.64,0.3441,-1,-1,-1
33,523,605.05,443.01,87.08,270.32,0.8894,-1,-1,-1
33,524,476.70,440.17,112.17,302.33,0.8831,-1,-1,-1
33,525,1708.29,411.31,211.71,398.35,0.8791,-1,-1,-1
33,526,1613.14,396.58,161.92,445.57,0.8727,-1,-1,-1
33,527,932.77,435.63,33.69,81.52,0.7965,-1,-1,-1
33,512,1247.86,446.39,35.86,97.39,0.7314,-1,-1,-1
33,528,1453.35,431.01,34.09,125.69,0.7081,-1,-1,-1
33,529,951.95,484.52,58.02,98.60,0.6515,-1,-1,-1
33,530,1015.56,441.42,34.90,87.43,0.6490,-1,-1,-1
33,531,664.80,456.92,61.44,197.21,0.6161,-1,-1,-1
33,532,1161.11,439.24,27.14,87.43,0.5645,-1,-1,-1
33,533,372.74,444.53,31.66,63.48,0.5380,-1,-1,-1
33,534,576.27,453.74,35.14,134.82,0.4604,-1,-1,-1
33,535,699.89,454.10,26.47,45.50,0.4479,-1,-1,-1
33,536,732.91,461.08,26.87,39.82,0.3466,-1,-1,-1
33,537,1557.22,442.76,27.70,110.08,0.3186,-1,-1,-1
34,538,606.16,443.02,85.79,270.11,0.8867,-1,-1,-1
34,523,477.44,439.93,111.55,307.52,0.8805,-1,-1,-1
34,539,1618.62,397.68,174.90,459.74,0.8299,-1,-1,-1
34,540,1697.07,431.97,222.35,384.94,0.8139,-1,-1,-1
34,541,1457.52,430.74,32.24,126.66,0.7740,-1,-1,-1
34,542,933.15,436.07,33.02,81.31,0.7546,-1,-1,-1
34,543,1248.87,446.23,37.20,97.62,0.6974,-1,-1,-1
34,544,1011.86,441.03,36.15,86.89,0.6389,-1,-1,-1
34,545,664.65,457.95,61.87,195.71,0.6070,-1,-1,-1
34,546,953.53,483.41,55.51,100.04,0.5423,-1,-1,-1
34,547,731.94,460.79,27.96,71.99,0.4857,-1,-1,-1
34,548,1163.05,439.93,25.35,86.58,0.4744,-1,-1,-1
34,549,372.04,444.13,36.65,64.90,0.4435,-1,-1,-1
34,550,576.08,445.63,36.19,142.68,0.4329,-1,-1,-1
34,551,1004.91,454.55,16.84,61.20,0.3643,-1,-1,-1
34,552,1557.92,455.15,26.44,97.14,0.3535,-1,-1,-1
34,505,577.50,423.23,19.65,38.72,0.3461,-1,-1,-1
34,553,701.64,454.07,25.42,46.11,0.3177,-1,-1,-1
34,554,1083.43,436.44,52.97,155.89,0.3174,-1,-1,-1
35,555,478.63,440.19,110.00,308.09,0.8872,-1,-1,-1
35,556,607.23,443.63,85.26,269.79,0.8806,-1,-1,-1
35,557,1625.63,398.10,191.61,465.11,0.8481,-1,-1,-1
35,558,933.00,436.22,33.04,81.24,0.7726,-1,-1,-1
35,559,1458.56,431.21,32.38,125.64,0.7659,-1,-1,-1
35,560,1009.18,441.11,38.59,86.03,0.7299,-1,-1,-1
35,561,1248.95,446.35,37.29,97.67,0.7291,-1,-1,-1
35,562,910.33,485.07,98.86,101.39,0.7222,-1,-1,-1
35,563,1693.81,402.05,225.85,417.36,0.6824,-1,-1,-1
35,564,665.83,456.46,60.73,199.47,0.6628,-1,-1,-1
35,565,1161.55,439.71,28.16,86.79,0.5699,-1,-1,-1
35,566,703.46,453.14,25.95,45.06,0.5461,-1,-1,-1
35,567,576.52,448.36,37.53,139.76,0.5389,-1,-1,-1
35,568,576.87,423.89,20.18,37.62,0.3881,-1,-1,-1
35,569,1308.16,431.17,32.54,115.30,0.3881,-1,-1,-1
35,570,728.42,460.95,31.69,73.05,0.3845,-1,-1,-1
36,571,1627.37,399.09,229.68,465.49,0.9000,-1,-1,-1
36,572,607.97,443.00,85.04,270.73,0.8870,-1,-1,-1
36,573,478.57,440.55,109.76,310.06,0.8837,-1,-1,-1
36,574,933.03,436.21,32.94,81.71,0.7886,-1,-1,-1
36,559,1456.90,430.55,36.94,126.50,0.7549,-1,-1,-1
36,575,1248.98,446.17,36.40,98.74,0.7355,-1,-1,-1
36,576,1007.96,440.69,38.93,85.42,0.6967,-1,-1,-1
36,577,577.67,454.26,39.10,133.67,0.6963,-1,-1,-1
36,578,668.66,456.78,59.72,198.68,0.6650,-1,-1,-1
36,579,706.09,453.78,24.16,46.42,0.5522,-1,-1,-1
36,580,953.42,485.11,55.45,96.93,0.4943,-1,-1,-1
36,581,731.69,460.81,28.47,74.03,0.4920,-1,-1,-1
36,582,1161.73,439.76,27.19,86.92,0.4828,-1,-1,-1
36,583,1760.07,416.08,159.76,405.74,0.4550,-1,-1,-1
36,584,716.63,490.05,40.35,85.91,0.3960,-1,-1,-1
36,585,576.92,423.87,20.11,37.78,0.3660,-1,-1,-1
36,554,1084.46,435.35,51.57,156.51,0.3222,-1,-1,-1
36,502,1307.97,431.05,31.52,115.25,0.3210,-1,-1,-1
37,586,1629.56,400.43,256.45,458.60,0.9247,-1,-1,-1
37,577,609.00,443.12,84.47,270.49,0.8867,-1,-1,-1
37,587,478.42,439.72,110.62,308.91,0.8854,-1,-1,-1
37,588,1455.31,430.60,40.82,127.44,0.7804,-1,-1,-1
37,589,669.15,456.95,62.59,199.25,0.7786,-1,-1,-1
37,590,933.26,436.38,32.82,81.55,0.7484,-1,-1,-1
37,591,1252.58,446.26,32.57,97.88,0.7121,-1,-1,-1
37,592,1006.39,440.19,40.32,86.31,0.7050,-1,-1,-1
37,593,705.18,452.25,25.76,45.28,0.6090,-1,-1,-1
37,594,731.13,461.59,29.92,72.15,0.5930,-1,-1,-1
37,595,576.67,453.52,41.02,134.26,0.5756,-1,-1,-1
37,596,953.62,484.78,55.75,97.81,0.5586,-1,-1,-1
37,597,1164.56,439.64,25.39,86.85,0.5187,-1,-1,-1
37,598,372.96,444.80,27.85,63.87,0.4753,-1,-1,-1
37,599,577.07,423.87,19.70,37.51,0.3699,-1,-1,-1
37,600,1099.86,435.22,36.68,113.01,0.3413,-1,-1,-1
38,588,1630.05,400.83,272.28,471.16,0.9340,-1,-1,-1
38,577,611.80,443.61,83.31,270.09,0.8779,-1,-1,-1
38,555,479.25,440.95,110.29,308.16,0.8769,-1,-1,-1
38,601,1005.26,439.98,42.21,86.59,0.7574,-1,-1,-1
38,602,933.28,436.37,32.72,81.35,0.7350,-1,-1,-1
38,603,1253.64,446.34,31.51,97.84,0.7178,-1,-1,-1
38,604,1454.73,430.58,43.80,125.72,0.7016,-1,-1,-1
38,605,670.44,457.87,63.96,198.71,0.6942,-1,-1,-1
38,606,954.24,484.67,55.60,98.53,0.6369,-1,-1,-1
38,607,709.35,452.55,22.39,45.00,0.6115,-1,-1,-1
38,608,1161.44,439.47,28.79,87.12,0.5953,-1,-1,-1
38,609,732.39,461.61,28.90,69.93,0.5693,-1,-1,-1
38,610,373.33,444.93,28.04,63.60,0.5557,-1,-1,-1
38,611,578.24,454.84,39.93,133.33,0.5158,-1,-1,-1
38,612,408.14,462.63,41.70,49.69,0.4895,-1,-1,-1
38,613,576.97,424.07,19.73,42.67,0.3607,-1,-1,-1
38,614,488.25,455.56,32.09,62.89,0.3214,-1,-1,-1
38,615,1307.87,430.63,31.67,115.89,0.3100,-1,-1,-1
39,616,1631.07,402.73,276.58,468.58,0.9283,-1,-1,-1
39,617,479.71,440.84,109.51,309.58,0.8780,-1,-1,-1
39,618,613.79,443.91,81.08,269.88,0.8747,-1,-1,-1
39,619,1453.24,431.26,59.08,125.07,0.8256,-1,-1,-1
39,620,1814.63,416.34,104.93,406.74,0.7992,-1,-1,-1
39,621,933.31,436.13,32.74,81.10,0.7752,-1,-1,-1
39,622,671.85,458.84,62.18,198.99,0.7561,-1,-1,-1
39,623,1005.74,440.16,41.60,85.61,0.7242,-1,-1,-1
39,624,1254.96,446.38,31.07,97.86,0.7213,-1,-1,-1
39,625,951.05,485.56,59.12,97.49,0.6757,-1,-1,-1
39,626,716.58,482.21,41.50,95.78,0.6698,-1,-1,-1
39,627,578.52,456.31,41.30,131.70,0.5990,-1,-1,-1
39,628,1160.94,439.63,28.19,86.99,0.5946,-1,-1,-1
39,629,710.44,451.45,22.00,44.14,0.4736,-1,-1,-1
39,630,1085.06,435.54,51.45,159.51,0.4379,-1,-1,-1
39,631,491.55,455.18,29.58,55.18,0.4178,-1,-1,-1
39,577,732.84,461.60,29.75,72.88,0.4133,-1,-1,-1
40,619,1630.88,404.41,287.38,479.53,0.9445,-1,-1,-1
40,632,614.99,444.16,81.95,269.85,0.8805,-1,-1,-1
40,633,479.90,441.47,109.60,309.67,0.8746,-1,-1,-1
40,634,1456.16,431.02,60.77,125.86,0.8309,-1,-1,-1
40,635,1005.37,440.43,42.72,86.47,0.8044,-1,-1,-1
40,636,1256.21,445.37,32.56,98.86,0.7765,-1,-1,-1
40,637,933.68,436.04,32.45,81.00,0.7542,-1,-1,-1
40,638,672.37,459.17,64.26,201.03,0.6963,-1,-1,-1
40,639,578.12,455.16,41.99,132.58,0.6822,-1,-1,-1
40,640,1161.17,439.45,28.38,87.18,0.5788,-1,-1,-1
40,641,1821.57,412.67,98.01,407.76,0.5446,-1,-1,-1
40,642,1085.29,435.82,51.46,159.76,0.5077,-1,-1,-1
40,643,492.56,455.10,28.30,52.34,0.4908,-1,-1,-1
40,644,711.99,452.62,24.05,39.99,0.4824,-1,-1,-1
40,645,409.04,462.87,41.61,48.93,0.4820,-1,-1,-1
40,646,732.87,461.12,31.89,75.23,0.4767,-1,-1,-1
40,647,948.96,484.36,61.43,100.16,0.4499,-1,-1,-1
40,615,1307.85,430.36,31.12,115.86,0.4325,-1,-1,-1
40,648,714.23,483.40,39.63,89.86,0.3261,-1,-1,-1
41,649,1633.78,402.51,285.26,483.23,0.9379,-1,-1,-1
41,650,479.14,441.90,110.38,310.76,0.8820,-1,-1,-1
41,651,613.98,444.29,84.55,269.65,0.8697,-1,-1,-1
41,652,1456.77,431.33,61.10,125.16,0.8256,-1,-1,-1
41,653,1256.28,445.85,33.25,98.31,0.7840,-1,-1,-1
41,654,933.42,436.01,32.80,81.58,0.7691,-1,-1,-1
41,655,1005.45,440.23,41.66,86.23,0.7673,-1,-1,-1
41,656,675.77,462.27,63.19,200.18,0.7545,-1,-1,-1
41,657,578.46,454.61,41.19,134.04,0.6581,-1,-1,-1
41,658,732.81,461.08,32.87,76.36,0.5594,-1,-1,-1
41,659,1161.01,439.76,27.55,86.88,0.5511,-1,-1,-1
41,660,712.46,452.74,26.22,44.15,0.5230,-1,-1,-1
41,661,493.27,455.06,26.85,51.83,0.5055,-1,-1,-1
41,662,408.38,462.80,41.96,48.78,0.4832,-1,-1,-1
41,663,950.15,484.93,60.09,100.36,0.4575,-1,-1,-1
41,664,1307.98,430.45,31.24,116.16,0.4038,-1,-1,-1
41,665,373.82,444.69,28.22,63.04,0.3979,-1,-1,-1
41,666,577.96,424.02,18.97,44.59,0.3179,-1,-1,-1
41,634,1831.89,412.69,87.68,407.24,0.3106,-1,-1,-1
42,667,1641.11,397.71,278.57,488.85,0.9375,-1,-1,-1
42,668,479.20,441.91,110.40,312.96,0.8795,-1,-1,-1
42,669,615.02,444.13,85.41,269.82,0.8685,-1,-1,-1
42,652,1459.34,431.40,60.36,125.60,0.8367,-1,-1,-1
42,670,1256.47,445.86,32.77,98.17,0.7794,-1,-1,-1
42,671,934.06,436.48,32.01,81.12,0.7214,-1,-1,-1
42,672,1007.15,440.51,37.69,85.04,0.7022,-1,-1,-1
42,673,578.46,455.87,42.07,132.46,0.6829,-1,-1,-1
42,674,684.72,473.32,53.26,188.74,0.6199,-1,-1,-1
42,675,489.88,454.91,31.07,50.66,0.5585,-1,-1,-1
42,676,1778.45,386.19,141.24,437.05,0.5462,-1,-1,-1
42,677,1160.91,439.78,28.35,87.05,0.5008,-1,-1,-1
42,678,910.09,486.99,99.97,99.02,0.4543,-1,-1,-1
42,679,733.17,460.87,34.19,85.94,0.4540,-1,-1,-1
42,680,716.12,452.31,23.58,42.91,0.4399,-1,-1,-1
42,681,407.35,462.31,42.94,49.05,0.4375,-1,-1,-1
42,682,577.88,424.21,19.08,43.82,0.4167,-1,-1,-1
42,683,372.91,444.42,40.99,64.36,0.3732,-1,-1,-1
42,684,1099.92,435.55,36.76,113.24,0.3038,-1,-1,-1
43,652,1650.95,396.94,268.85,490.06,0.9431,-1,-1,-1
43,685,617.76,444.14,85.38,269.50,0.8812,-1,-1,-1
43,686,479.12,442.00,109.94,316.45,0.8756,-1,-1,-1
43,634,1463.98,431.39,55.97,124.41,0.8473,-1,-1,-1
43,687,1851.22,394.36,68.33,426.82,0.8430,-1,-1,-1
43,688,1256.59,446.16,32.91,97.73,0.7690,-1,-1,-1
43,689,578.65,454.96,41.38,133.46,0.7162,-1,-1,-1
43,690,933.82,436.24,32.06,81.52,0.7131,-1,-1,-1
43,691,1008.47,440.83,36.60,84.95,0.7072,-1,-1,-1
43,692,682.56,463.13,56.13,199.83,0.6232,-1,-1,-1
43,693,717.03,448.98,21.17,49.36,0.5985,-1,-1,-1
43,694,910.75,485.98,99.13,100.11,0.5781,-1,-1,-1
43,695,1161.57,439.54,27.59,87.17,0.5562,-1,-1,-1
43,696,490.96,454.82,29.41,51.03,0.5376,-1,-1,-1
43,697,1307.69,430.25,31.53,115.78,0.4977,-1,-1,-1
43,698,734.63,461.38,32.43,88.12,0.4962,-1,-1,-1
43,699,407.78,462.63,42.32,49.42,0.4848,-1,-1,-1
43,700,578.71,424.29,18.39,42.29,0.4150,-1,-1,-1
43,701,373.20,444.24,39.41,65.68,0.4022,-1,-1,-1
44,702,1669.26,393.97,250.28,492.81,0.9390,-1,-1,-1
44,703,618.48,444.21,84.66,269.32,0.8863,-1,-1,-1
44,704,478.06,442.08,111.42,318.16,0.8821,-1,-1,-1
44,705,1467.28,431.17,52.41,124.74,0.8431,-1,-1,-1
44,706,1256.65,446.17,32.68,97.86,0.7613,-1,-1,-1
44,707,577.95,454.20,42.71,134.57,0.7160,-1,-1,-1
44,708,734.71,461.16,33.85,95.28,0.6729,-1,-1,-1
44,709,1860.76,406.19,58.86,412.08,0.6696,-1,-1,-1
44,710,683.05,463.14,55.42,200.19,0.6661,-1,-1,-1
44,711,1006.56,441.42,41.05,84.50,0.6559,-1,-1,-1
44,712,935.30,437.27,30.49,80.47,0.6412,-1,-1,-1
44,713,1160.82,439.66,28.96,86.99,0.6236,-1,-1,-1
44,714,717.85,448.96,20.71,46.47,0.5927,-1,-1,-1
44,715,491.22,454.76,28.84,50.59,0.5611,-1,-1,-1
44,716,952.49,485.61,56.76,97.78,0.4535,-1,-1,-1
44,717,1307.96,430.43,31.27,116.12,0.4461,-1,-1,-1
44,718,407.74,462.66,41.91,49.75,0.4084,-1,-1,-1
44,719,578.64,424.10,18.58,41.71,0.4038,-1,-1,-1
44,720,1100.28,436.48,36.22,111.54,0.3144,-1,-1,-1
45,702,1690.53,391.49,229.04,495.66,0.9354,-1,-1,-1
45,703,618.94,444.61,85.43,269.05,0.8796,-1,-1,-1
45,704,478.46,441.59,110.80,319.32,0.8773,-1,-1,-1
45,721,1476.16,431.20,44.18,123.25,0.7724,-1,-1,-1
45,722,1256.84,446.37,34.15,97.74,0.7683,-1,-1,-1
45,723,933.70,436.50,31.91,80.77,0.7237,-1,-1,-1
45,724,1007.31,441.79,39.87,82.66,0.7046,-1,-1,-1
45,725,909.18,485.40,100.02,100.77,0.6683,-1,-1,-1
45,726,577.23,450.81,43.07,138.03,0.6298,-1,-1,-1
45,727,1160.82,439.66,30.54,87.01,0.5956,-1,-1,-1
45,728,717.77,448.43,20.93,47.77,0.5881,-1,-1,-1
45,729,687.74,462.86,53.05,200.84,0.5850,-1,-1,-1
45,730,733.50,461.14,34.75,93.48,0.5490,-1,-1,-1
45,675,489.16,454.74,30.24,51.30,0.5461,-1,-1,-1
45,731,1704.34,432.59,56.92,148.36,0.5434,-1,-1,-1
45,732,406.88,462.53,43.35,50.24,0.5385,-1,-1,-1
45,733,1308.00,430.30,31.14,116.01,0.4546,-1,-1,-1
45,719,578.21,424.03,18.90,41.87,0.3530,-1,-1,-1
45,734,373.65,444.13,33.51,65.41,0.3437,-1,-1,-1
46,721,1712.18,387.32,207.32,499.78,0.9284,-1,-1,-1
46,735,619.11,444.24,86.34,269.54,0.8779,-1,-1,-1
46,736,476.42,440.25,112.04,321.40,0.8633,-1,-1,-1
46,737,1257.31,446.25,33.88,97.62,0.7428,-1,-1,-1
46,738,1484.10,431.23,36.11,122.27,0.7207,-1,-1,-1
46,739,934.06,436.73,31.65,80.32,0.7024,-1,-1,-1
46,740,577.76,456.72,42.19,132.03,0.6638,-1,-1,-1
46,741,1008.74,442.53,35.18,81.61,0.6436,-1,-1,-1
46,742,717.95,448.63,21.99,47.95,0.6419,-1,-1,-1
46,743,1161.20,439.39,30.48,87.27,0.5842,-1,-1,-1
46,744,910.10,484.79,98.79,101.29,0.5769,-1,-1,-1
46,745,736.56,461.46,33.10,74.37,0.5687,-1,-1,-1
46,746,489.35,454.29,28.04,49.17,0.5122,-1,-1,-1
46,747,688.30,462.46,57.64,200.66,0.4744,-1,-1,-1
46,748,1879.59,420.95,39.97,394.45,0.4071,-1,-1,-1
46,749,577.50,423.96,19.44,41.04,0.3303,-1,-1,-1
46,750,1307.29,429.88,32.96,116.49,0.3109,-1,-1,-1
47,751,1734.19,384.15,185.35,502.14,0.9164,-1,-1,-1
47,752,618.95,444.47,86.55,268.76,0.8906,-1,-1,-1
47,703,476.67,439.53,111.63,322.16,0.8723,-1,-1,-1
47,753,1488.94,431.85,32.07,120.57,0.7552,-1,-1,-1
47,754,1257.23,446.28,34.27,97.76,0.7499,-1,-1,-1
47,755,576.98,456.76,43.02,131.86,0.6934,-1,-1,-1
47,756,1007.55,442.31,38.71,83.73,0.6762,-1,-1,-1
47,757,933.80,436.61,31.69,80.55,0.6616,-1,-1,-1
47,758,735.91,461.67,35.22,81.17,0.6455,-1,-1,-1
47,759,688.15,459.32,60.20,203.78,0.6441,-1,-1,-1
47,760,488.74,454.29,28.66,49.06,0.5763,-1,-1,-1
47,761,718.15,447.81,24.38,49.67,0.5715,-1,-1,-1
47,762,1162.17,439.59,29.57,87.03,0.5112,-1,-1,-1
47,763,952.86,484.09,56.45,98.86,0.4758,-1,-1,-1
47,764,1307.08,430.10,32.41,116.06,0.4326,-1,-1,-1
47,765,1085.51,483.25,41.24,111.48,0.3410,-1,-1,-1
47,766,577.53,424.06,19.36,40.48,0.3273,-1,-1,-1
47,549,372.47,444.22,37.35,65.69,0.3063,-1,-1,-1
47,767,608.45,460.05,25.63,76.11,0.3016,-1,-1,-1
48,751,1760.05,383.87,159.57,503.92,0.9063,-1,-1,-1
48,752,619.69,444.35,87.52,268.72,0.8888,-1,-1,-1
48,768,473.72,439.17,114.36,322.32,0.8658,-1,-1,-1
48,769,1258.75,446.08,33.38,97.73,0.7669,-1,-1,-1
48,770,688.45,464.18,57.34,198.74,0.7454,-1,-1,-1
48,771,576.30,447.96,44.44,140.46,0.6570,-1,-1,-1
48,772,1495.46,431.65,26.96,121.67,0.6514,-1,-1,-1
48,773,934.05,436.24,31.58,81.25,0.6442,-1,-1,-1
48,774,718.36,448.15,26.11,49.33,0.6151,-1,-1,-1
48,775,734.85,461.73,36.19,79.56,0.6120,-1,-1,-1
48,776,1085.72,484.84,42.86,111.78,0.5375,-1,-1,-1
48,777,1009.24,442.69,33.94,81.44,0.5334,-1,-1,-1
48,778,1160.67,438.93,28.95,87.85,0.5061,-1,-1,-1
48,779,952.69,486.00,56.57,96.07,0.4660,-1,-1,-1
48,780,489.39,454.39,28.03,47.46,0.4592,-1,-1,-1
48,781,373.63,444.22,38.07,66.11,0.3957,-1,-1,-1
48,782,1306.39,429.61,33.30,116.40,0.3525,-1,-1,-1
48,783,1036.47,466.53,16.23,61.13,0.3509,-1,-1,-1
48,784,578.27,423.98,18.18,41.88,0.3223,-1,-1,-1
49,785,1790.96,382.10,128.68,505.34,0.9093,-1,-1,-1
49,735,620.57,444.60,87.71,268.40,0.8844,-1,-1,-1
49,752,473.32,439.53,114.92,322.02,0.8594,-1,-1,-1
49,786,1259.91,446.22,32.97,97.67,0.7906,-1,-1,-1
49,787,688.93,456.78,57.28,206.12,0.7577,-1,-1,-1
49,788,934.06,436.11,31.43,81.27,0.7302,-1,-1,-1
49,789,737.19,461.28,36.58,76.76,0.6508,-1,-1,-1
49,790,1009.44,442.47,34.05,82.17,0.6320,-1,-1,-1
49,791,575.97,450.71,45.34,137.73,0.6227,-1,-1,-1
49,792,1162.01,439.30,27.83,87.37,0.6216,-1,-1,-1
49,793,952.79,485.53,56.69,96.91,0.5554,-1,-1,-1
49,794,488.50,454.63,28.30,46.10,0.5390,-1,-1,-1
49,795,720.46,448.58,24.71,48.97,0.4907,-1,-1,-1
49,796,1500.42,433.16,22.05,120.83,0.4761,-1,-1,-1
49,797,609.79,460.65,23.40,75.55,0.4677,-1,-1,-1
49,798,373.87,444.30,27.63,63.93,0.3492,-1,-1,-1
49,799,623.09,455.62,16.63,35.81,0.3476,-1,-1,-1
49,800,1086.19,485.04,41.49,110.29,0.3182,-1,-1,-1
50,801,620.61,444.00,90.27,269.03,0.8860,-1,-1,-1
50,802,473.15,439.23,114.58,322.66,0.8727,-1,-1,-1
50,803,1807.96,383.33,111.69,503.68,0.8592,-1,-1,-1
50,800,1259.86,446.49,33.73,97.43,0.7911,-1,-1,-1
50,804,934.68,436.10,31.40,81.39,0.7517,-1,-1,-1
50,805,690.55,456.40,58.46,206.78,0.7493,-1,-1,-1
50,806,1009.24,442.81,36.49,81.27,0.6808,-1,-1,-1
50,807,955.16,485.29,54.41,96.57,0.6174,-1,-1,-1
50,808,723.59,447.35,23.32,49.90,0.5970,-1,-1,-1
50,809,1162.01,439.30,27.31,87.23,0.5828,-1,-1,-1
50,810,739.01,461.32,38.56,71.90,0.5316,-1,-1,-1
50,811,581.92,452.09,39.33,136.36,0.5172,-1,-1,-1
50,812,488.65,454.49,28.30,45.78,0.5061,-1,-1,-1
50,813,1099.50,436.79,36.59,110.93,0.4215,-1,-1,-1
50,814,1307.74,429.90,32.58,116.33,0.4141,-1,-1,-1
50,815,1500.83,433.29,26.49,120.40,0.3743,-1,-1,-1
50,816,609.26,458.89,26.04,77.16,0.3484,-1,-1,-1
50,817,578.42,424.36,18.34,39.58,0.3480,-1,-1,-1
51,818,621.61,444.95,90.88,267.95,0.8906,-1,-1,-1
51,819,1819.66,382.48,99.96,503.23,0.8849,-1,-1,-1
51,820,471.19,439.29,116.58,322.17,0.8754,-1,-1,-1
51,821,689.15,456.37,58.36,206.94,0.7925,-1,-1,-1
51,822,1260.61,446.12,34.52,97.97,0.7576,-1,-1,-1
51,823,934.64,436.09,31.37,81.41,0.7456,-1,-1,-1
51,824,1008.12,442.72,36.45,81.53,0.7201,-1,-1,-1
51,825,954.35,486.25,56.15,96.94,0.5903,-1,-1,-1
51,826,725.51,448.02,21.33,50.41,0.5779,-1,-1,-1
51,792,1162.02,439.38,28.21,87.19,0.5676,-1,-1,-1
51,827,581.63,452.09,39.51,136.46,0.5496,-1,-1,-1
51,828,374.00,444.65,28.39,64.87,0.4996,-1,-1,-1
51,829,488.42,454.38,28.15,45.24,0.4725,-1,-1,-1
51,830,741.23,461.81,37.37,74.42,0.4701,-1,-1,-1
51,831,1517.63,445.40,27.03,107.68,0.4582,-1,-1,-1
51,832,1306.76,430.12,33.39,114.73,0.4287,-1,-1,-1
51,833,608.60,459.84,25.28,76.04,0.3896,-1,-1,-1
51,834,1099.81,436.76,36.77,110.22,0.3416,-1,-1,-1
51,784,578.18,423.29,17.53,40.91,0.3133,-1,-1,-1
51,796,1500.64,435.40,23.39,118.53,0.3082,-1,-1,-1
51,799,623.16,455.50,16.96,35.34,0.3077,-1,-1,-1
52,818,622.16,444.94,90.49,268.06,0.8831,-1,-1,-1
52,835,470.99,439.43,114.94,322.11,0.8798,-1,-1,-1
52,836,1822.96,383.90,96.69,501.57,0.8661,-1,-1,-1
52,837,689.22,456.49,65.30,206.64,0.8100,-1,-1,-1
52,838,1260.32,445.92,33.33,98.03,0.7795,-1,-1,-1
52,839,934.41,436.09,31.29,81.32,0.7452,-1,-1,-1
52,840,577.43,440.28,43.05,148.80,0.7137,-1,-1,-1
52,841,1007.32,441.39,38.11,83.88,0.6783,-1,-1,-1
52,842,954.61,486.18,55.47,96.62,0.6059,-1,-1,-1
52,822,1161.12,439.44,30.26,87.15,0.5359,-1,-1,-1
52,843,727.63,447.55,18.95,50.87,0.4877,-1,-1,-1
52,844,606.49,452.99,28.31,82.93,0.4741,-1,-1,-1
52,845,1519.15,446.66,39.20,104.71,0.3855,-1,-1,-1
52,846,1307.51,430.12,33.18,115.66,0.3369,-1,-1,-1
52,847,489.77,454.30,27.16,43.99,0.3301,-1,-1,-1
53,848,1822.92,385.28,96.62,501.63,0.8994,-1,-1,-1
53,849,623.50,444.42,90.31,269.31,0.8901,-1,-1,-1
53,850,471.15,438.83,113.59,323.15,0.8786,-1,-1,-1
53,837,689.17,457.13,68.01,206.07,0.8227,-1,-1,-1
53,838,1260.15,445.75,34.05,98.05,0.7682,-1,-1,-1
53,842,933.56,435.76,31.71,81.57,0.7518,-1,-1,-1
53,851,579.87,452.04,41.12,136.54,0.6931,-1,-1,-1
53,852,1161.72,439.22,30.30,87.31,0.6237,-1,-1,-1
53,853,727.60,447.09,18.65,51.71,0.5761,-1,-1,-1
53,854,1501.32,440.13,53.46,112.87,0.5721,-1,-1,-1
53,855,954.51,488.59,55.55,93.63,0.5315,-1,-1,-1
53,856,1008.44,441.31,36.19,84.21,0.4867,-1,-1,-1
53,857,1098.87,436.91,36.87,111.64,0.4866,-1,-1,-1
53,858,607.75,457.72,25.87,78.50,0.4384,-1,-1,-1
53,859,1307.87,429.64,32.08,116.33,0.4190,-1,-1,-1
53,847,489.44,454.28,27.63,43.44,0.4057,-1,-1,-1
53,818,742.39,461.32,37.94,97.44,0.3749,-1,-1,-1
54,860,624.80,445.36,88.88,268.06,0.8912,-1,-1,-1
54,861,471.26,437.89,113.59,323.80,0.8852,-1,-1,-1
54,862,1821.18,433.06,98.38,451.78,0.8452,-1,-1,-1
54,863,1260.10,446.68,35.80,97.33,0.7910,-1,-1,-1
54,864,690.83,457.03,65.79,207.83,0.7868,-1,-1,-1
54,723,933.51,435.92,32.12,81.90,0.7789,-1,-1,-1
54,865,580.41,443.74,40.58,145.27,0.7022,-1,-1,-1
54,866,1160.78,439.17,29.18,87.36,0.6262,-1,-1,-1
54,867,1501.45,433.60,58.70,119.23,0.5930,-1,-1,-1
54,868,728.77,446.70,21.44,51.11,0.5330,-1,-1,-1
54,869,954.00,485.81,56.34,96.72,0.5313,-1,-1,-1
54,870,1007.60,441.61,35.85,84.37,0.4688,-1,-1,-1
54,871,1307.23,430.14,32.73,114.98,0.4637,-1,-1,-1
54,872,489.53,454.29,27.97,43.03,0.3881,-1,-1,-1
54,873,623.17,455.71,16.82,36.13,0.3600,-1,-1,-1
54,857,1099.11,436.90,36.88,111.52,0.3571,-1,-1,-1
54,844,605.21,456.54,29.16,79.30,0.3410,-1,-1,-1
54,874,741.69,462.42,38.47,97.22,0.3194,-1,-1,-1
55,875,624.92,444.91,87.98,268.83,0.8936,-1,-1,-1
55,876,471.32,438.53,113.60,323.22,0.8747,-1,-1,-1
55,877,1822.23,427.64,97.31,458.79,0.8000,-1,-1,-1
55,878,695.39,456.84,62.03,207.55,0.7833,-1,-1,-1
55,879,1260.14,446.71,35.45,97.21,0.7769,-1,-1,-1
55,880,933.81,435.66,31.94,82.16,0.7642,-1,-1,-1
55,864,581.08,443.89,40.47,145.33,0.7000,-1,-1,-1
55,838,1160.92,439.41,30.40,87.04,0.6247,-1,-1,-1
55,881,1007.14,441.22,34.30,83.43,0.6247,-1,-1,-1
55,882,954.70,486.29,56.16,96.53,0.5736,-1,-1,-1
55,883,730.00,446.93,21.46,51.58,0.5223,-1,-1,-1
55,884,1099.05,436.67,36.82,111.75,0.5124,-1,-1,-1
55,885,1528.35,446.19,35.58,104.74,0.5116,-1,-1,-1
55,886,1307.57,429.49,32.04,115.88,0.4580,-1,-1,-1
55,887,489.58,454.35,28.32,43.22,0.4165,-1,-1,-1
55,888,373.89,444.45,40.37,65.03,0.3700,-1,-1,-1
55,889,743.94,463.39,38.40,96.29,0.3400,-1,-1,-1
55,844,611.88,456.92,23.47,78.98,0.3098,-1,-1,-1
56,890,624.77,444.43,89.69,269.91,0.8938,-1,-1,-1
56,875,470.50,437.81,115.09,324.38,0.8704,-1,-1,-1
56,891,694.24,457.35,63.44,209.78,0.8094,-1,-1,-1
56,892,1259.94,447.63,35.92,96.34,0.7857,-1,-1,-1
56,893,1823.05,404.47,96.39,482.21,0.7596,-1,-1,-1
56,773,934.16,435.59,31.53,81.73,0.7506,-1,-1,-1
56,888,582.33,454.17,39.83,134.77,0.6723,-1,-1,-1
56,894,1009.19,441.16,33.00,83.03,0.6481,-1,-1,-1
56,895,1160.30,439.23,30.88,87.40,0.6424,-1,-1,-1
56,896,954.11,485.93,56.70,97.30,0.5901,-1,-1,-1
56,897,1099.35,436.41,36.56,112.04,0.5495,-1,-1,-1
56,898,1533.61,450.98,32.36,99.02,0.5043,-1,-1,-1
56,899,730.79,447.17,20.89,49.89,0.4594,-1,-1,-1
56,900,601.61,461.86,31.70,74.06,0.4498,-1,-1,-1
56,901,488.42,454.34,30.75,43.81,0.4086,-1,-1,-1
56,902,1503.33,435.08,54.72,118.12,0.4076,-1,-1,-1
56,903,373.88,444.38,40.20,65.28,0.3593,-1,-1,-1
56,904,742.18,462.15,42.98,92.90,0.3414,-1,-1,-1
56,886,1307.09,428.69,33.01,116.76,0.3162,-1,-1,-1
56,905,1037.29,459.40,20.62,69.03,0.3136,-1,-1,-1
57,890,625.01,444.21,89.76,270.87,0.8986,-1,-1,-1
57,835,470.35,439.24,116.00,322.49,0.8729,-1,-1,-1
57,906,698.26,455.94,60.06,212.22,0.8025,-1,-1,-1
57,907,1824.16,474.98,95.38,410.77,0.7912,-1,-1,-1
57,908,1259.11,446.79,36.61,97.12,0.7667,-1,-1,-1
57,839,934.33,435.68,31.20,81.17,0.7482,-1,-1,-1
57,909,1534.92,452.06,31.62,98.96,0.7060,-1,-1,-1
57,910,1008.18,441.98,32.82,82.21,0.7002,-1,-1,-1
57,911,743.50,462.77,43.95,95.17,0.6406,-1,-1,-1
57,912,954.71,487.23,56.47,95.47,0.6336,-1,-1,-1
57,913,1161.57,439.29,27.70,87.04,0.6295,-1,-1,-1
57,914,582.08,452.45,40.60,136.11,0.6021,-1,-1,-1
57,915,488.45,454.59,31.15,46.82,0.5160,-1,-1,-1
57,916,730.73,447.03,22.28,50.00,0.4975,-1,-1,-1
57,917,373.63,444.36,40.26,65.04,0.4316,-1,-1,-1
57,918,1099.37,436.58,36.51,112.28,0.4074,-1,-1,-1
57,919,1502.35,448.18,21.65,104.30,0.3792,-1,-1,-1
57,920,1036.72,455.54,21.00,72.71,0.3763,-1,-1,-1
57,921,605.14,456.80,30.42,78.78,0.3425,-1,-1,-1
58,922,625.02,443.97,90.45,273.06,0.8988,-1,-1,-1
58,923,473.15,439.11,117.25,323.45,0.8738,-1,-1,-1
58,924,1259.26,447.81,37.19,95.98,0.7942,-1,-1,-1
58,925,697.44,455.71,60.35,215.30,0.7854,-1,-1,-1
58,926,934.41,435.52,31.51,81.30,0.7543,-1,-1,-1
58,927,581.87,455.23,41.88,133.71,0.7247,-1,-1,-1
58,928,1535.98,449.88,32.72,100.77,0.6782,-1,-1,-1
58,910,1009.08,442.24,31.28,82.33,0.6600,-1,-1,-1
58,929,490.30,454.69,30.94,46.18,0.6440,-1,-1,-1
58,930,1161.99,439.10,28.51,87.20,0.6173,-1,-1,-1
58,931,1035.96,452.55,21.73,76.91,0.5750,-1,-1,-1
58,932,954.32,486.71,55.95,95.34,0.5467,-1,-1,-1
58,933,732.96,447.64,20.26,48.71,0.5378,-1,-1,-1
58,934,1507.86,431.95,54.73,120.88,0.4425,-1,-1,-1
58,935,1826.59,602.84,93.02,284.58,0.3958,-1,-1,-1
58,936,745.04,464.54,44.22,92.43,0.3743,-1,-1,-1
58,937,374.31,444.71,28.05,63.26,0.3536,-1,-1,-1
59,938,625.21,443.96,90.24,274.45,0.8997,-1,-1,-1
59,922,472.78,438.37,123.84,324.10,0.8724,-1,-1,-1
59,939,1510.41,432.47,57.14,120.19,0.8080,-1,-1,-1
59,940,1259.86,447.87,36.72,95.85,0.7922,-1,-1,-1
59,941,934.79,435.89,31.31,80.81,0.7749,-1,-1,-1
59,942,699.62,454.89,61.50,210.85,0.7599,-1,-1,-1
59,943,1008.44,442.21,32.08,82.48,0.6528,-1,-1,-1
59,944,1162.51,439.18,25.91,87.07,0.6267,-1,-1,-1
59,945,489.49,454.80,32.50,51.21,0.6107,-1,-1,-1
59,946,953.26,485.94,56.96,97.42,0.6060,-1,-1,-1
59,947,1036.76,454.83,21.54,73.84,0.6011,-1,-1,-1
59,948,1539.95,449.20,29.78,91.13,0.4784,-1,-1,-1
59,949,584.46,455.34,39.36,133.28,0.4690,-1,-1,-1
59,950,1829.96,693.88,89.61,193.23,0.4600,-1,-1,-1
59,951,734.35,447.63,19.95,47.96,0.4321,-1,-1,-1
59,952,375.30,444.61,40.22,65.27,0.3431,-1,-1,-1
60,941,624.35,443.84,90.70,275.58,0.9042,-1,-1,-1
60,890,476.65,441.11,128.60,321.46,0.8424,-1,-1,-1
60,953,1260.23,447.10,36.82,96.52,0.8129,-1,-1,-1
60,954,700.42,455.67,61.24,215.64,0.7838,-1,-1,-1
60,823,934.92,435.80,31.06,81.15,0.7217,-1,-1,-1
60,955,1008.40,442.48,32.30,82.32,0.7071,-1,-1,-1
60,956,581.92,460.45,39.84,128.19,0.7037,-1,-1,-1
60,957,1162.70,438.97,28.18,87.40,0.6547,-1,-1,-1
60,945,487.68,454.87,35.85,54.36,0.6054,-1,-1,-1
60,958,911.63,486.10,98.98,99.88,0.5758,-1,-1,-1
60,947,1036.93,454.00,21.08,75.13,0.5709,-1,-1,-1
60,959,1541.81,444.39,29.17,106.57,0.5637,-1,-1,-1
60,960,745.88,465.22,45.44,94.37,0.5336,-1,-1,-1
60,961,734.74,446.48,21.63,49.72,0.3992,-1,-1,-1
60,962,607.68,452.72,26.95,83.28,0.3702,-1,-1,-1
60,963,1513.38,431.71,48.37,120.03,0.3661,-1,-1,-1
60,859,1308.33,429.82,31.72,115.96,0.3629,-1,-1,-1
60,952,374.85,444.74,42.30,65.42,0.3528,-1,-1,-1
60,964,622.84,453.63,16.89,39.51,0.3493,-1,-1,-1
61,938,623.08,444.67,91.71,276.31,0.9069,-1,-1,-1
61,965,477.58,441.51,135.55,321.08,0.8766,-1,-1,-1
61,966,1260.22,447.25,36.74,96.09,0.8121,-1,-1,-1
61,967,701.08,455.44,61.29,217.71,0.7806,-1,-1,-1
61,968,934.06,435.28,31.70,81.39,0.7324,-1,-1,-1
61,969,581.86,455.13,39.68,133.47,0.7051,-1,-1,-1
61,970,1006.17,443.38,33.90,81.21,0.6961,-1,-1,-1
61,944,1162.64,439.32,24.33,87.01,0.6390,-1,-1,-1
61,971,1036.61,454.75,20.58,74.06,0.5830,-1,-1,-1
61,694,910.97,485.66,98.58,100.47,0.5825,-1,-1,-1
61,972,734.55,447.04,21.82,50.56,0.5810,-1,-1,-1
61,973,483.09,454.75,40.70,59.00,0.5623,-1,-1,-1
61,974,1518.32,431.04,48.09,121.05,0.5217,-1,-1,-1
61,975,1838.94,757.50,80.60,131.23,0.4831,-1,-1,-1
61,976,747.54,465.34,46.62,93.77,0.4152,-1,-1,-1
61,977,608.54,452.73,28.12,83.39,0.3955,-1,-1,-1
61,978,1837.48,387.11,82.20,499.87,0.3572,-1,-1,-1
61,684,1099.62,436.17,36.84,113.46,0.3244,-1,-1,-1
61,962,622.83,454.20,16.36,36.14,0.3229,-1,-1,-1
62,979,622.05,444.38,92.61,278.92,0.9037,-1,-1,-1
62,938,480.12,440.96,139.75,322.33,0.8790,-1,-1,-1
62,980,702.29,456.31,61.15,216.16,0.7983,-1,-1,-1
62,981,1258.26,446.57,37.64,97.29,0.7781,-1,-1,-1
62,982,933.75,435.55,31.57,81.65,0.7585,-1,-1,-1
62,983,1006.06,443.85,33.43,80.16,0.7471,-1,-1,-1
62,984,582.14,456.32,39.30,132.17,0.6850,-1,-1,-1
62,966,1162.46,439.24,26.04,87.00,0.6400,-1,-1,-1
62,985,483.79,454.81,40.64,60.02,0.6235,-1,-1,-1
62,986,735.12,448.19,23.88,50.84,0.5235,-1,-1,-1
62,987,1524.87,430.20,37.65,120.32,0.5205,-1,-1,-1
62,988,950.78,484.15,59.20,99.60,0.4805,-1,-1,-1
62,989,1037.00,456.13,26.06,72.62,0.4578,-1,-1,-1
62,990,1307.46,428.99,31.79,116.29,0.4479,-1,-1,-1
62,991,610.31,452.58,26.78,83.01,0.3969,-1,-1,-1
62,992,984.83,458.28,17.64,24.35,0.3353,-1,-1,-1
62,993,576.68,418.04,18.93,40.09,0.3273,-1,-1,-1
63,966,620.68,446.13,92.56,284.00,0.9035,-1,-1,-1
63,962,476.62,441.47,148.86,322.31,0.9010,-1,-1,-1
63,994,1258.24,445.88,37.74,97.84,0.7876,-1,-1,-1
63,995,700.24,457.98,63.01,215.84,0.7863,-1,-1,-1
63,996,1005.17,443.65,34.79,80.96,0.7512,-1,-1,-1
63,997,933.00,436.00,32.40,81.43,0.7444,-1,-1,-1
63,998,1160.65,439.23,27.95,86.91,0.6784,-1,-1,-1
63,999,581.75,456.56,38.48,131.90,0.6770,-1,-1,-1
63,1000,1037.82,454.49,27.04,73.79,0.5744,-1,-1,-1
63,1001,735.13,448.33,26.42,52.47,0.5527,-1,-1,-1
63,1002,1531.59,431.19,32.93,119.84,0.5108,-1,-1,-1
63,1003,496.36,454.70,31.07,42.28,0.4931,-1,-1,-1
63,1004,1098.61,437.08,36.85,110.63,0.4816,-1,-1,-1
63,1005,910.35,485.00,98.63,100.71,0.4456,-1,-1,-1
63,1006,1306.58,429.27,32.79,115.99,0.4309,-1,-1,-1
63,1007,576.69,418.94,17.70,36.15,0.3682,-1,-1,-1
63,1008,622.51,453.98,15.00,35.67,0.3335,-1,-1,-1
63,1009,599.23,423.75,12.24,30.86,0.3060,-1,-1,-1
64,996,620.20,447.09,93.81,281.55,0.9036,-1,-1,-1
64,966,478.22,442.53,147.86,321.35,0.8791,-1,-1,-1
64,1010,701.43,458.71,61.89,215.90,0.7870,-1,-1,-1
64,1011,1005.18,444.16,34.45,80.28,0.7824,-1,-1,-1
64,1012,1258.25,444.69,37.27,98.99,0.7647,-1,-1,-1
64,1013,932.78,436.01,32.21,81.18,0.7433,-1,-1,-1
64,1014,580.75,455.40,39.13,132.78,0.6926,-1,-1,-1
64,1015,1161.49,439.22,25.93,87.03,0.6542,-1,-1,-1
64,1016,495.83,454.77,31.00,39.84,0.5956,-1,-1,-1
64,1001,734.63,448.72,28.35,50.65,0.5641,-1,-1,-1
64,1017,1098.22,437.07,37.00,110.52,0.5361,-1,-1,-1
64,1018,1306.16,429.63,32.63,115.54,0.5241,-1,-1,-1
64,1019,1037.33,454.40,22.52,73.73,0.4692,-1,-1,-1
64,1020,952.29,485.51,56.37,97.64,0.4062,-1,-1,-1
64,1021,1535.04,430.13,31.26,120.36,0.3882,-1,-1,-1
64,1022,576.55,419.23,17.65,34.94,0.3692,-1,-1,-1
64,1023,1556.00,444.57,21.67,88.28,0.3114,-1,-1,-1
64,1024,608.89,453.50,26.41,79.17,0.3060,-1,-1,-1
65,1025,619.05,446.97,95.04,281.99,0.9037,-1,-1,-1
65,1026,479.79,443.70,150.09,320.93,0.8645,-1,-1,-1
65,1027,701.47,458.29,61.63,216.57,0.8092,-1,-1,-1
65,1028,1003.99,444.20,34.84,79.83,0.8042,-1,-1,-1
65,1029,932.52,436.04,32.39,81.21,0.7689,-1,-1,-1
65,1030,1258.15,444.40,37.56,99.64,0.7545,-1,-1,-1
65,1031,1160.69,438.80,26.28,87.42,0.6444,-1,-1,-1
65,1032,737.06,449.05,25.76,50.85,0.5857,-1,-1,-1
65,1033,494.60,454.97,35.15,42.14,0.5494,-1,-1,-1
65,1034,1097.86,436.99,37.02,111.09,0.5467,-1,-1,-1
65,1035,583.63,455.49,35.78,132.77,0.5385,-1,-1,-1
65,1036,909.59,485.98,98.72,99.50,0.4689,-1,-1,-1
65,1037,1305.67,429.88,33.04,115.70,0.4616,-1,-1,-1
65,1038,1035.03,455.10,28.52,73.40,0.4602,-1,-1,-1
65,1039,1536.18,430.30,31.13,120.78,0.4541,-1,-1,-1
65,1040,750.40,465.58,41.17,95.38,0.4076,-1,-1,-1
65,1041,607.20,453.43,28.06,76.78,0.3549,-1,-1,-1
66,1025,618.66,446.50,94.97,283.95,0.9061,-1,-1,-1
66,1042,481.51,442.73,160.24,324.20,0.8823,-1,-1,-1
66,1043,701.20,456.62,64.12,218.32,0.8178,-1,-1,-1
66,996,1004.35,444.25,33.87,80.11,0.7864,-1,-1,-1
66,1044,932.52,436.18,32.07,80.62,0.7757,-1,-1,-1
66,1045,1258.10,444.71,37.68,98.87,0.7754,-1,-1,-1
66,1046,738.42,450.05,23.99,49.54,0.6861,-1,-1,-1
66,1047,1160.97,439.10,26.28,87.19,0.6159,-1,-1,-1
66,1033,494.55,454.88,34.32,44.41,0.6062,-1,-1,-1
66,1048,581.53,456.30,38.05,131.65,0.5920,-1,-1,-1
66,1049,1098.12,437.04,36.74,110.38,0.5519,-1,-1,-1
66,1050,1536.27,431.20,31.43,120.58,0.5361,-1,-1,-1
66,1051,371.65,444.29,30.21,61.51,0.4779,-1,-1,-1
66,1052,1034.74,451.45,27.49,77.77,0.4452,-1,-1,-1
66,1053,1305.71,429.52,32.96,115.58,0.3829,-1,-1,-1
66,1054,415.68,459.54,33.74,50.08,0.3186,-1,-1,-1
67,996,618.47,446.71,96.23,285.05,0.9027,-1,-1,-1
67,1055,490.68,442.67,152.05,324.53,0.8665,-1,-1,-1
67,1025,702.47,457.13,62.81,218.44,0.8140,-1,-1,-1
67,1028,1003.07,444.01,36.18,80.14,0.7975,-1,-1,-1
67,1056,1258.24,445.52,37.46,98.12,0.7890,-1,-1,-1
67,1057,932.84,436.06,32.22,80.99,0.7715,-1,-1,-1
67,1058,739.70,451.29,23.25,48.39,0.6511,-1,-1,-1
67,1059,1098.31,436.98,36.90,110.44,0.6316,-1,-1,-1
67,1060,1161.38,438.74,26.66,87.55,0.6223,-1,-1,-1
67,1061,493.88,454.65,34.18,52.30,0.5257,-1,-1,-1
67,1062,1538.76,431.57,33.79,119.31,0.4952,-1,-1,-1
67,1063,371.73,444.24,30.07,61.81,0.4927,-1,-1,-1
67,1064,1305.92,429.76,32.53,115.42,0.4017,-1,-1,-1
67,1065,982.97,457.73,19.67,53.00,0.3992,-1,-1,-1
67,1066,1034.56,452.05,30.67,76.40,0.3840,-1,-1,-1
67,1067,585.08,453.37,34.30,134.14,0.3767,-1,-1,-1
67,1051,415.89,459.64,34.00,49.46,0.3132,-1,-1,-1
68,1068,616.70,445.25,96.40,286.75,0.8966,-1,-1,-1
68,1055,493.51,443.75,149.87,323.56,0.8861,-1,-1,-1
68,1043,701.65,456.53,65.48,219.02,0.8355,-1,-1,-1
68,1069,1003.57,443.50,35.37,80.07,0.8045,-1,-1,-1
68,1070,1258.35,448.08,36.43,95.54,0.7961,-1,-1,-1
68,1071,933.13,436.08,32.14,81.20,0.7483,-1,-1,-1
68,1072,1159.85,439.35,27.11,86.81,0.6793,-1,-1,-1
68,1073,740.94,450.89,25.12,48.24,0.6502,-1,-1,-1
68,1074,1098.76,436.64,36.71,110.95,0.6340,-1,-1,-1
68,1075,951.68,485.02,57.59,97.70,0.6186,-1,-1,-1
68,1076,1542.86,432.07,29.67,119.16,0.5894,-1,-1,-1
68,1077,496.01,454.45,33.11,55.14,0.4897,-1,-1,-1
68,1078,1307.08,430.52,31.89,114.62,0.4002,-1,-1,-1
68,1079,369.77,444.46,46.56,63.89,0.3727,-1,-1,-1
68,1080,1034.22,449.58,32.56,78.50,0.3133,-1,-1,-1
69,1043,615.72,445.04,96.75,287.70,0.9030,-1,-1,-1
69,1081,497.28,443.49,145.54,324.65,0.8977,-1,-1,-1
69,1033,701.31,456.74,65.72,218.73,0.8207,-1,-1,-1
69,1082,1258.38,448.04,36.24,95.56,0.7947,-1,-1,-1
69,1083,1003.66,443.18,31.92,80.67,0.7762,-1,-1,-1
69,1071,933.27,436.15,31.93,81.05,0.7548,-1,-1,-1
69,1084,1160.80,439.32,26.47,87.06,0.6736,-1,-1,-1
69,1085,740.67,449.34,26.25,48.93,0.6453,-1,-1,-1
69,1086,1098.88,436.57,37.22,111.72,0.6233,-1,-1,-1
69,1087,953.05,485.46,56.55,97.33,0.5874,-1,-1,-1
69,1088,1544.25,431.38,38.65,119.24,0.4958,-1,-1,-1
69,1089,1306.37,430.79,31.05,114.85,0.4760,-1,-1,-1
69,1090,496.31,454.56,32.11,56.47,0.4554,-1,-1,-1
69,1091,1035.66,451.11,32.86,75.20,0.4083,-1,-1,-1
69,1092,369.77,444.57,33.54,63.86,0.3828,-1,-1,-1
70,1093,615.80,445.11,96.36,287.65,0.9070,-1,-1,-1
70,1081,496.94,444.01,145.85,323.95,0.8779,-1,-1,-1
70,1094,701.30,456.86,67.25,218.08,0.7964,-1,-1,-1
70,1095,1258.33,447.31,35.40,96.20,0.7906,-1,-1,-1
70,1096,1003.16,443.09,35.10,80.74,0.7630,-1,-1,-1
70,1097,933.28,436.14,31.94,81.03,0.7599,-1,-1,-1
70,1098,1160.92,439.33,26.19,87.04,0.6687,-1,-1,-1
70,1099,1098.94,436.63,37.21,111.51,0.6239,-1,-1,-1
70,1100,1543.67,430.76,36.36,119.74,0.5892,-1,-1,-1
70,1087,953.03,487.12,56.39,95.87,0.5829,-1,-1,-1
70,1101,743.49,449.17,25.58,49.68,0.5723,-1,-1,-1
70,1102,496.34,454.62,32.89,58.58,0.4914,-1,-1,-1
70,1103,369.33,444.47,48.74,63.86,0.4534,-1,-1,-1
70,1104,1037.62,451.51,31.72,59.33,0.3985,-1,-1,-1
70,1105,1306.94,430.02,31.60,116.15,0.3629,-1,-1,-1
71,1106,614.16,443.86,97.05,288.76,0.9024,-1,-1,-1
71,1107,501.83,444.31,140.69,323.91,0.8639,-1,-1,-1
71,1094,701.09,455.32,68.59,219.30,0.8053,-1,-1,-1
71,1108,1002.60,442.85,35.81,81.23,0.7845,-1,-1,-1
71,1109,1258.38,448.13,36.13,95.34,0.7788,-1,-1,-1
71,1110,932.93,436.42,32.27,80.85,0.7691,-1,-1,-1
71,1031,1160.48,439.39,26.38,86.77,0.6534,-1,-1,-1
71,1111,1545.17,431.72,39.18,118.93,0.6310,-1,-1,-1
71,1112,1098.60,436.73,36.99,109.89,0.6199,-1,-1,-1
71,1113,744.88,451.41,24.40,46.74,0.5013,-1,-1,-1
71,1114,496.04,454.66,33.13,75.98,0.4876,-1,-1,-1
71,1115,369.02,444.51,45.91,63.39,0.4217,-1,-1,-1
71,1116,1041.95,452.59,27.39,55.46,0.4114,-1,-1,-1
71,1117,1307.32,430.63,31.05,115.47,0.3759,-1,-1,-1
71,1118,762.16,468.41,37.78,39.77,0.3553,-1,-1,-1
72,1119,613.12,443.66,97.19,288.77,0.8957,-1,-1,-1
72,1120,507.50,442.97,134.63,324.87,0.8745,-1,-1,-1
72,1121,701.02,455.00,70.19,219.91,0.8161,-1,-1,-1
72,1122,1258.44,446.07,37.27,97.50,0.7770,-1,-1,-1
72,1123,932.67,436.28,32.61,80.80,0.7744,-1,-1,-1
72,1124,1003.70,443.05,33.77,81.05,0.7632,-1,-1,-1
72,1125,1160.25,439.37,26.89,86.81,0.6677,-1,-1,-1
72,1126,1098.83,436.70,36.76,110.40,0.6390,-1,-1,-1
72,1127,1043.79,453.74,30.21,53.67,0.5750,-1,-1,-1
72,1128,370.42,444.74,30.58,63.03,0.5191,-1,-1,-1
72,1129,750.20,447.60,22.36,52.03,0.5188,-1,-1,-1
72,1130,1545.65,430.40,38.53,120.68,0.4883,-1,-1,-1
72,1131,953.18,484.60,55.57,97.90,0.4480,-1,-1,-1
72,1132,496.11,454.62,32.90,76.02,0.4296,-1,-1,-1
72,1133,478.14,467.36,27.93,99.43,0.4265,-1,-1,-1
72,697,1307.47,430.47,31.43,115.62,0.3873,-1,-1,-1
73,1134,510.28,441.84,131.63,325.94,0.8891,-1,-1,-1
73,1135,615.92,443.82,93.94,288.10,0.8848,-1,-1,-1
73,1136,700.90,454.94,68.68,220.12,0.8062,-1,-1,-1
73,1137,1004.02,442.99,33.33,80.66,0.7752,-1,-1,-1
73,1138,1258.46,445.24,36.77,98.34,0.7569,-1,-1,-1
73,1139,933.05,436.34,32.06,80.59,0.7473,-1,-1,-1
73,1122,1160.19,439.34,26.97,86.80,0.6750,-1,-1,-1
73,1140,476.64,466.22,29.05,102.13,0.6383,-1,-1,-1
73,1141,1098.77,436.66,36.84,110.53,0.6344,-1,-1,-1
73,1142,1043.06,454.42,30.69,53.03,0.6091,-1,-1,-1
73,1143,1546.79,432.28,36.94,118.13,0.5629,-1,-1,-1
73,1144,751.06,448.79,20.86,60.39,0.5124,-1,-1,-1
73,1145,369.76,444.51,32.42,63.30,0.4663,-1,-1,-1
73,1146,496.37,454.93,32.79,87.16,0.3992,-1,-1,-1
73,1147,1307.14,430.36,31.76,115.56,0.3521,-1,-1,-1
73,1148,417.45,459.40,31.90,49.70,0.3480,-1,-1,-1
74,1149,512.47,439.78,129.19,327.93,0.8890,-1,-1,-1
74,1150,619.26,443.89,90.77,287.75,0.8761,-1,-1,-1
74,1151,701.48,455.02,67.57,219.83,0.8117,-1,-1,-1
74,1152,1003.68,443.06,35.35,79.92,0.7959,-1,-1,-1
74,1153,1258.05,447.74,38.40,96.33,0.7836,-1,-1,-1
74,1154,932.91,436.45,31.85,80.58,0.7167,-1,-1,-1
74,1155,473.35,466.98,30.97,100.22,0.6341,-1,-1,-1
74,1156,1160.55,439.37,26.91,86.85,0.6209,-1,-1,-1
74,1157,750.96,449.61,21.24,54.50,0.5232,-1,-1,-1
74,1158,1043.02,453.55,31.25,53.14,0.5016,-1,-1,-1
74,1159,910.22,483.80,98.46,101.53,0.4958,-1,-1,-1
74,1160,1099.07,436.68,36.42,110.77,0.4836,-1,-1,-1
74,1161,1547.49,432.00,38.03,118.51,0.4519,-1,-1,-1
74,1162,371.63,444.57,31.46,64.18,0.4371,-1,-1,-1
74,1163,495.79,454.65,33.26,93.57,0.4220,-1,-1,-1
74,1164,1306.86,430.11,32.01,116.28,0.3530,-1,-1,-1
75,1165,516.52,440.10,125.36,327.86,0.8829,-1,-1,-1
75,1151,621.49,443.51,88.12,288.44,0.8809,-1,-1,-1
75,1162,701.79,454.81,75.08,219.70,0.7926,-1,-1,-1
75,1166,1258.19,448.13,38.09,95.89,0.7902,-1,-1,-1
75,1167,1003.38,443.25,35.03,79.66,0.7724,-1,-1,-1
75,1110,932.86,436.47,32.41,80.37,0.7361,-1,-1,-1
75,1168,1044.15,453.65,30.40,54.97,0.6437,-1,-1,-1
75,1169,470.57,467.46,34.87,100.91,0.6343,-1,-1,-1
75,1170,1161.25,439.45,25.32,86.81,0.5829,-1,-1,-1
75,1171,1099.14,436.71,36.52,110.54,0.5641,-1,-1,-1
75,1172,751.41,449.71,22.73,48.67,0.5592,-1,-1,-1
75,1173,496.20,454.93,31.73,60.18,0.5518,-1,-1,-1
75,1174,370.95,444.58,31.43,63.94,0.4268,-1,-1,-1
75,1175,1306.89,430.96,31.95,114.39,0.3674,-1,-1,-1
75,1176,982.83,455.80,22.77,54.35,0.3503,-1,-1,-1
75,1177,941.45,484.64,67.54,98.47,0.3441,-1,-1,-1
76,1165,519.32,441.49,122.82,326.99,0.8740,-1,-1,-1
76,1176,622.71,443.17,86.52,289.23,0.8713,-1,-1,-1
76,1178,702.56,454.22,71.91,220.69,0.8345,-1,-1,-1
76,1179,1258.11,448.71,38.55,95.35,0.7948,-1,-1,-1
76,1180,1004.21,443.93,32.87,79.45,0.7658,-1,-1,-1
76,1181,932.93,436.49,32.41,80.35,0.7399,-1,-1,-1
76,1182,470.97,467.14,33.94,103.89,0.6798,-1,-1,-1
76,1183,1046.40,453.78,28.07,55.56,0.6153,-1,-1,-1
76,1184,1161.24,439.46,25.40,86.82,0.5881,-1,-1,-1
76,1185,1099.06,436.72,36.55,110.51,0.5541,-1,-1,-1
76,1186,751.86,450.23,23.00,48.27,0.5030,-1,-1,-1
76,1187,496.23,454.98,31.54,58.69,0.4844,-1,-1,-1
76,1188,983.96,458.17,21.03,52.07,0.4393,-1,-1,-1
76,1189,1306.80,430.95,32.07,114.66,0.4320,-1,-1,-1
76,1190,370.84,444.41,31.50,63.14,0.3757,-1,-1,-1
76,1191,1030.69,466.80,12.94,48.33,0.3099,-1,-1,-1
77,1176,526.06,440.15,116.95,329.46,0.8850,-1,-1,-1
77,1192,703.15,453.53,76.72,221.54,0.8817,-1,-1,-1
77,1193,623.71,442.32,85.93,289.91,0.8597,-1,-1,-1
77,1179,1258.11,448.73,38.54,95.35,0.7970,-1,-1,-1
77,1194,932.79,436.46,32.56,80.35,0.7490,-1,-1,-1
77,1195,1003.21,444.10,33.45,79.24,0.7382,-1,-1,-1
77,1196,470.27,465.96,31.04,98.92,0.6228,-1,-1,-1
77,1197,1161.08,439.45,25.59,86.83,0.5958,-1,-1,-1
77,1198,1047.44,454.27,26.94,55.82,0.5699,-1,-1,-1
77,1185,1099.08,436.77,36.53,110.43,0.5634,-1,-1,-1
77,1172,752.49,449.63,23.85,51.21,0.4970,-1,-1,-1
77,1199,1306.73,430.99,31.76,114.44,0.4583,-1,-1,-1
77,1200,494.67,454.86,33.56,98.53,0.3957,-1,-1,-1
77,1201,370.92,444.42,31.35,62.34,0.3719,-1,-1,-1
77,1202,517.31,444.85,64.27,116.15,0.3485,-1,-1,-1
78,1203,704.38,454.82,82.83,220.98,0.8892,-1,-1,-1
78,1204,624.42,442.24,83.66,290.19,0.8656,-1,-1,-1
78,1205,530.16,439.90,114.03,329.82,0.8553,-1,-1,-1
78,1153,1258.24,447.21,38.17,96.85,0.8093,-1,-1,-1
78,1206,1000.92,444.80,39.13,78.61,0.7691,-1,-1,-1
78,1207,932.94,436.38,32.28,80.46,0.7004,-1,-1,-1
78,1196,470.18,467.02,30.60,95.89,0.6791,-1,-1,-1
78,1208,753.97,448.57,23.26,48.56,0.5737,-1,-1,-1
78,1209,1163.89,439.55,24.64,86.61,0.5433,-1,-1,-1
78,1210,517.02,445.92,66.55,117.03,0.4974,-1,-1,-1
78,1211,495.86,455.11,30.23,59.45,0.4807,-1,-1,-1
78,1212,1048.33,453.94,25.66,54.45,0.4625,-1,-1,-1
78,1213,983.91,453.01,19.78,58.34,0.4552,-1,-1,-1
78,1214,1306.91,431.24,31.98,114.05,0.4222,-1,-1,-1
78,1215,1099.56,436.48,35.82,157.73,0.3029,-1,-1,-1
79,1216,705.69,454.79,90.51,221.11,0.8778,-1,-1,-1
79,1217,625.32,442.28,83.24,290.41,0.8662,-1,-1,-1
79,1218,531.46,441.15,115.17,330.09,0.8539,-1,-1,-1
79,1166,1257.99,448.01,38.19,96.06,0.8106,-1,-1,-1
79,1219,1002.69,444.94,35.85,78.39,0.7183,-1,-1,-1
79,1220,933.73,436.36,31.81,80.14,0.6692,-1,-1,-1
79,1221,469.31,466.61,31.16,96.55,0.6538,-1,-1,-1
79,1222,496.05,454.99,30.35,61.00,0.6198,-1,-1,-1
79,1223,1162.51,439.45,27.14,86.82,0.5650,-1,-1,-1
79,1224,756.47,446.86,22.07,50.63,0.4923,-1,-1,-1
79,1225,983.71,452.23,20.00,59.28,0.4785,-1,-1,-1
79,1226,518.15,446.97,67.91,114.34,0.4725,-1,-1,-1
79,1227,1307.20,431.46,31.68,113.72,0.3914,-1,-1,-1
79,1228,1049.16,453.92,25.39,53.63,0.3483,-1,-1,-1
79,1229,519.50,459.87,29.94,57.31,0.3306,-1,-1,-1
80,1216,707.11,455.95,94.84,219.85,0.8943,-1,-1,-1
80,1230,534.14,439.81,114.98,334.77,0.8654,-1,-1,-1
80,1231,627.38,441.65,79.57,290.81,0.8571,-1,-1,-1
80,1232,1258.28,448.34,37.91,95.52,0.8046,-1,-1,-1
80,1233,932.94,436.02,32.64,80.53,0.7338,-1,-1,-1
80,1234,1003.46,445.00,33.52,78.26,0.6642,-1,-1,-1
80,1235,1161.07,439.29,28.12,87.01,0.6237,-1,-1,-1
80,1236,469.42,467.02,29.87,97.14,0.6184,-1,-1,-1
80,1237,496.19,454.92,30.51,59.92,0.5672,-1,-1,-1
80,1238,518.15,460.01,34.77,58.15,0.4566,-1,-1,-1
80,1239,983.51,449.42,21.29,61.94,0.4478,-1,-1,-1
80,1240,757.79,446.77,21.53,48.26,0.4323,-1,-1,-1
80,1241,517.38,444.48,71.64,117.63,0.4243,-1,-1,-1
80,1242,678.02,456.53,27.34,38.98,0.3665,-1,-1,-1
80,1243,910.78,500.28,100.97,85.63,0.3616,-1,-1,-1
80,1244,1307.35,431.53,31.99,113.67,0.3412,-1,-1,-1
80,1217,517.76,445.43,72.43,284.81,0.3055,-1,-1,-1
81,1217,709.11,455.45,99.18,220.70,0.9042,-1,-1,-1
81,1245,535.63,439.32,114.32,338.20,0.8577,-1,-1,-1
81,1246,630.16,441.64,76.53,290.36,0.8575,-1,-1,-1
81,981,1258.27,446.78,37.59,97.15,0.7947,-1,-1,-1
81,1247,932.84,436.05,32.88,80.71,0.7500,-1,-1,-1
81,1248,1003.04,444.92,32.26,78.16,0.7033,-1,-1,-1
81,1249,469.19,466.71,29.63,96.14,0.6733,-1,-1,-1
81,1250,1161.32,439.33,28.24,86.95,0.5687,-1,-1,-1
81,1251,910.94,491.17,101.32,94.98,0.5481,-1,-1,-1
81,1252,983.63,449.55,21.87,61.64,0.4524,-1,-1,-1
81,1253,758.33,447.38,21.63,48.63,0.4521,-1,-1,-1
81,1254,495.18,454.39,32.41,83.66,0.4417,-1,-1,-1
81,1255,520.76,444.88,67.84,114.71,0.3907,-1,-1,-1
81,1256,1306.92,431.15,31.96,114.08,0.3898,-1,-1,-1
81,1257,677.63,457.18,28.00,38.22,0.3576,-1,-1,-1
81,813,1100.12,436.79,36.12,111.65,0.3354,-1,-1,-1
81,1258,370.89,444.14,37.82,63.40,0.3125,-1,-1,-1
81,1231,520.87,444.00,69.41,294.30,0.3016,-1,-1,-1
82,1259,711.85,456.14,99.16,219.77,0.8987,-1,-1,-1
82,1253,537.59,441.25,114.74,340.26,0.8869,-1,-1,-1
82,1245,631.87,441.69,73.34,289.74,0.8635,-1,-1,-1
82,1260,1259.28,447.27,38.08,96.58,0.7871,-1,-1,-1
82,1247,933.23,436.13,32.64,81.05,0.7597,-1,-1,-1
82,1251,1004.85,445.13,33.41,78.59,0.7312,-1,-1,-1
82,1261,1163.40,439.12,24.90,87.15,0.6648,-1,-1,-1
82,1262,468.77,466.71,29.79,98.57,0.6317,-1,-1,-1
82,1263,494.53,454.24,33.08,90.51,0.5330,-1,-1,-1
82,1264,1100.42,436.67,35.71,111.49,0.4763,-1,-1,-1
82,1265,759.56,447.44,22.24,48.25,0.4611,-1,-1,-1
82,1266,519.50,445.45,70.87,289.06,0.3833,-1,-1,-1
82,1241,519.79,445.16,69.47,121.64,0.3737,-1,-1,-1
82,1267,983.41,449.68,22.10,61.27,0.3733,-1,-1,-1
82,1268,682.91,457.27,25.29,38.81,0.3536,-1,-1,-1
82,1269,1307.24,430.53,31.80,115.44,0.3489,-1,-1,-1
83,1265,714.86,457.43,97.47,220.19,0.9023,-1,-1,-1
83,1263,541.25,440.33,114.02,343.07,0.8783,-1,-1,-1
83,1270,635.39,441.34,73.47,290.90,0.8454,-1,-1,-1
83,1271,1259.44,447.97,37.83,96.24,0.8137,-1,-1,-1
83,1272,1004.67,444.54,35.23,79.33,0.7629,-1,-1,-1
83,1273,933.87,436.20,32.06,81.19,0.7414,-1,-1,-1
83,1274,467.97,466.99,30.96,97.29,0.6632,-1,-1,-1
83,1275,1162.21,438.94,25.75,87.56,0.6548,-1,-1,-1
83,1276,759.90,447.33,24.15,48.24,0.5215,-1,-1,-1
83,1277,517.98,446.30,72.87,293.15,0.4735,-1,-1,-1
83,1278,496.16,454.56,30.07,64.54,0.4486,-1,-1,-1
83,1279,1100.11,436.73,36.34,111.05,0.4460,-1,-1,-1
83,1280,910.28,484.40,100.02,101.44,0.3956,-1,-1,-1
83,1281,1307.93,431.03,30.82,114.45,0.3798,-1,-1,-1
83,1282,684.40,457.30,29.70,39.64,0.3158,-1,-1,-1
84,1283,717.42,457.02,94.82,221.54,0.9003,-1,-1,-1
84,1272,541.93,440.41,114.14,344.28,0.8645,-1,-1,-1
84,1270,636.25,441.22,73.53,290.87,0.8551,-1,-1,-1
84,1271,1259.63,447.98,37.89,96.16,0.8168,-1,-1,-1
84,1284,1005.11,444.66,36.30,79.55,0.7785,-1,-1,-1
84,1285,934.03,436.21,31.94,81.35,0.7533,-1,-1,-1
84,1286,467.58,466.51,31.95,99.59,0.6859,-1,-1,-1
84,1287,1163.70,438.83,24.50,87.49,0.6711,-1,-1,-1
84,1288,1100.20,436.92,36.34,110.84,0.5430,-1,-1,-1
84,1289,519.53,445.76,71.56,290.19,0.5324,-1,-1,-1
84,1290,761.65,447.44,23.33,45.67,0.5159,-1,-1,-1
84,1291,496.39,454.47,31.41,67.30,0.4838,-1,-1,-1
84,1292,372.98,444.55,34.11,65.45,0.4273,-1,-1,-1
84,1293,1308.42,430.99,31.11,114.30,0.3909,-1,-1,-1
84,1294,910.02,485.71,100.34,99.77,0.3854,-1,-1,-1
85,1270,719.75,456.25,93.64,222.82,0.8995,-1,-1,-1
85,1295,544.34,441.56,112.88,343.79,0.8596,-1,-1,-1
85,1246,637.00,441.22,75.79,290.66,0.8565,-1,-1,-1
85,1296,1260.85,447.68,36.70,96.03,0.8200,-1,-1,-1
85,1284,1004.29,444.89,36.76,79.04,0.8081,-1,-1,-1
85,1297,910.95,484.36,98.80,101.42,0.7033,-1,-1,-1
85,1298,934.95,436.31,31.04,80.88,0.6817,-1,-1,-1
85,1223,1163.16,438.89,26.82,87.58,0.6186,-1,-1,-1
85,1299,465.94,467.64,30.94,85.59,0.5768,-1,-1,-1
85,1300,761.97,447.73,23.50,45.41,0.5272,-1,-1,-1
85,1301,503.04,448.05,88.71,287.65,0.4556,-1,-1,-1
85,1302,494.73,454.71,33.72,67.00,0.4548,-1,-1,-1
85,1303,685.14,456.14,30.08,68.38,0.4261,-1,-1,-1
85,1304,1100.28,436.57,36.87,112.00,0.4041,-1,-1,-1
85,1305,1308.53,430.89,30.75,115.21,0.3419,-1,-1,-1
86,1306,721.26,455.12,93.51,224.99,0.8900,-1,-1,-1
86,1307,636.89,441.86,80.58,290.14,0.8591,-1,-1,-1
86,1308,544.86,441.62,112.01,342.17,0.8582,-1,-1,-1
86,1271,1261.10,447.23,36.00,96.50,0.8080,-1,-1,-1
86,1309,1004.27,445.26,36.25,79.01,0.7859,-1,-1,-1
86,1310,934.47,436.06,31.48,81.55,0.7347,-1,-1,-1
86,1311,911.16,484.66,97.96,101.17,0.7111,-1,-1,-1
86,1312,465.51,467.61,32.35,98.16,0.6563,-1,-1,-1
86,1313,1162.97,438.69,25.56,87.84,0.6560,-1,-1,-1
86,1314,522.57,447.62,69.52,293.47,0.5673,-1,-1,-1
86,1315,686.88,455.59,29.18,71.05,0.4919,-1,-1,-1
86,1302,493.76,454.52,31.93,83.09,0.4469,-1,-1,-1
86,1316,711.31,462.58,33.90,99.49,0.4224,-1,-1,-1
86,1317,1101.22,437.28,35.55,111.64,0.4164,-1,-1,-1
86,1318,1308.18,430.63,31.29,114.94,0.3887,-1,-1,-1
86,1319,508.25,464.87,40.88,71.75,0.3010,-1,-1,-1
87,1320,638.11,441.58,83.48,292.10,0.8819,-1,-1,-1
87,1306,721.62,455.91,92.78,223.75,0.8797,-1,-1,-1
87,1321,546.11,442.24,111.93,341.20,0.8607,-1,-1,-1
87,1322,1261.07,448.19,35.97,95.72,0.8040,-1,-1,-1
87,1323,1004.89,444.45,35.77,79.66,0.7941,-1,-1,-1
87,1324,464.48,467.88,33.03,97.90,0.7420,-1,-1,-1
87,1325,933.78,435.98,32.19,81.75,0.7339,-1,-1,-1
87,1326,522.84,447.54,70.45,300.36,0.5597,-1,-1,-1
87,1327,1163.07,439.16,24.44,87.22,0.5480,-1,-1,-1
87,1328,1100.91,436.78,35.96,111.82,0.4600,-1,-1,-1
87,1329,1307.89,430.63,31.38,114.91,0.4306,-1,-1,-1
87,1330,944.43,484.58,64.45,98.48,0.4302,-1,-1,-1
87,1331,494.14,454.51,30.84,86.30,0.4205,-1,-1,-1
87,1332,373.51,444.84,29.94,63.78,0.3884,-1,-1,-1
87,1333,711.40,464.87,36.36,94.35,0.3800,-1,-1,-1
87,1315,688.73,455.79,27.38,66.92,0.3562,-1,-1,-1
87,1334,522.82,450.02,67.66,113.04,0.3244,-1,-1,-1
87,1335,1886.07,409.62,33.47,213.55,0.3227,-1,-1,-1
88,1336,722.69,454.74,92.38,224.99,0.8769,-1,-1,-1
88,1337,638.36,442.63,86.77,290.59,0.8702,-1,-1,-1
88,1302,541.83,441.30,117.36,343.17,0.8252,-1,-1,-1
88,1338,1004.74,444.61,35.59,79.28,0.7962,-1,-1,-1
88,1339,1261.10,447.74,35.51,95.79,0.7909,-1,-1,-1
88,1340,522.00,447.21,69.80,301.14,0.7470,-1,-1,-1
88,1341,934.38,436.22,31.80,81.63,0.7380,-1,-1,-1
88,1342,464.61,467.33,33.15,97.96,0.6591,-1,-1,-1
88,1060,1161.30,439.09,26.78,87.25,0.5863,-1,-1,-1
88,1343,496.29,454.84,28.89,61.32,0.5123,-1,-1,-1
88,1344,1100.57,436.90,36.34,112.50,0.4783,-1,-1,-1
88,1345,945.86,483.97,63.03,98.65,0.4038,-1,-1,-1
88,1346,509.15,463.84,39.03,77.20,0.3633,-1,-1,-1
88,1347,1308.14,430.78,31.85,114.99,0.3361,-1,-1,-1
88,1348,713.37,467.71,37.51,94.64,0.3206,-1,-1,-1
89,1349,638.88,441.55,89.81,291.89,0.8809,-1,-1,-1
89,1350,724.40,453.55,91.43,226.36,0.8712,-1,-1,-1
89,1351,543.69,442.11,116.30,343.42,0.8340,-1,-1,-1
89,1352,1005.10,445.15,35.29,79.19,0.7937,-1,-1,-1
89,1353,1261.11,447.33,36.02,96.20,0.7882,-1,-1,-1
89,1354,934.20,436.40,31.99,81.25,0.7355,-1,-1,-1
89,1355,516.77,448.70,73.81,299.09,0.7145,-1,-1,-1
89,1356,373.71,444.64,41.35,65.35,0.6160,-1,-1,-1
89,1015,1161.75,439.02,25.69,87.27,0.6007,-1,-1,-1
89,1357,495.34,454.59,29.35,78.38,0.5214,-1,-1,-1
89,1358,430.65,460.39,32.14,61.37,0.5127,-1,-1,-1
89,1359,463.95,468.05,32.26,89.25,0.4937,-1,-1,-1
89,1360,943.77,484.68,65.27,97.72,0.4292,-1,-1,-1
89,1361,1308.27,430.83,31.36,114.81,0.4232,-1,-1,-1
89,1362,691.04,455.17,32.73,77.42,0.3913,-1,-1,-1
89,1363,1101.06,437.12,36.02,111.79,0.3739,-1,-1,-1
89,1346,507.97,464.09,38.25,78.48,0.3722,-1,-1,-1
89,1337,716.12,447.91,51.26,117.18,0.3510,-1,-1,-1
90,1364,727.70,452.34,90.29,227.22,0.8808,-1,-1,-1
90,1365,639.25,441.86,93.11,292.02,0.8744,-1,-1,-1
90,1366,542.49,441.84,118.74,345.34,0.8180,-1,-1,-1
90,983,1006.05,444.99,33.34,79.60,0.7881,-1,-1,-1
90,1353,1261.06,447.02,36.11,96.00,0.7880,-1,-1,-1
90,1367,520.40,448.56,68.89,298.30,0.7231,-1,-1,-1
90,1368,934.85,436.49,31.27,80.67,0.6928,-1,-1,-1
90,1369,430.80,444.82,33.59,77.32,0.6714,-1,-1,-1
90,1370,1161.03,439.12,26.85,87.19,0.6007,-1,-1,-1
90,1346,496.08,454.69,28.51,67.99,0.5719,-1,-1,-1
90,1371,373.88,444.42,40.39,65.16,0.4690,-1,-1,-1
90,1372,1856.43,526.30,47.88,129.79,0.4652,-1,-1,-1
90,1373,463.90,467.79,32.11,97.49,0.4223,-1,-1,-1
90,1374,944.07,484.78,64.90,98.20,0.3891,-1,-1,-1
90,1375,1308.32,430.56,31.46,115.63,0.3533,-1,-1,-1
90,1376,717.61,453.08,42.90,110.64,0.3069,-1,-1,-1
90,1335,1886.54,410.96,33.00,213.78,0.3043,-1,-1,-1
90,1377,693.48,456.20,30.91,57.63,0.3001,-1,-1,-1
91,1378,640.04,442.62,94.53,291.46,0.8776,-1,-1,-1
91,1379,729.64,451.57,88.62,227.88,0.8759,-1,-1,-1
91,1380,911.79,485.46,98.35,100.48,0.8258,-1,-1,-1
91,1381,541.30,442.11,121.09,348.09,0.7986,-1,-1,-1
91,1382,1005.66,445.37,35.50,78.87,0.7929,-1,-1,-1
91,1383,1260.13,447.00,36.99,96.78,0.7832,-1,-1,-1
91,1384,934.58,436.50,31.77,81.19,0.7561,-1,-1,-1
91,1385,522.77,448.42,65.09,298.03,0.7352,-1,-1,-1
91,1386,462.77,466.96,31.27,99.37,0.7038,-1,-1,-1
91,1387,431.24,450.45,33.06,70.07,0.5988,-1,-1,-1
91,1388,1161.79,438.74,27.26,87.70,0.5369,-1,-1,-1
91,1389,496.89,455.02,27.89,60.62,0.5032,-1,-1,-1
91,1390,1097.36,436.44,39.63,144.92,0.4032,-1,-1,-1
91,1391,1855.44,521.90,49.71,134.58,0.3947,-1,-1,-1
91,1392,374.12,444.46,39.66,64.02,0.3898,-1,-1,-1
91,1393,1308.20,430.55,31.58,115.32,0.3817,-1,-1,-1
92,1394,641.16,444.35,95.12,291.93,0.8817,-1,-1,-1
92,1395,733.65,451.29,85.77,228.56,0.8604,-1,-1,-1
92,1396,1005.71,445.96,35.18,78.24,0.7919,-1,-1,-1
92,1397,1259.03,445.67,37.21,98.03,0.7763,-1,-1,-1
92,1398,540.91,441.22,123.26,351.57,0.7587,-1,-1,-1
92,1399,934.81,436.57,31.59,81.18,0.7547,-1,-1,-1
92,1400,521.88,448.01,68.37,298.80,0.7512,-1,-1,-1
92,1401,462.05,467.44,31.56,99.97,0.6532,-1,-1,-1
92,1402,431.47,456.98,32.63,64.13,0.6504,-1,-1,-1
92,1403,1162.63,438.32,26.37,88.08,0.5712,-1,-1,-1
92,1404,911.68,485.41,98.26,100.01,0.5268,-1,-1,-1
92,1405,493.29,454.86,30.96,94.32,0.5242,-1,-1,-1
92,1406,373.85,444.29,41.59,66.23,0.4584,-1,-1,-1
92,1407,1100.19,436.72,37.00,112.98,0.4446,-1,-1,-1
92,1408,1856.87,525.95,47.66,130.13,0.4057,-1,-1,-1
92,1409,696.68,456.46,30.60,70.90,0.3569,-1,-1,-1
93,1410,641.68,444.26,94.79,293.45,0.8683,-1,-1,-1
93,1395,735.79,450.78,84.29,229.52,0.8554,-1,-1,-1
93,1411,543.16,441.30,119.73,351.98,0.8124,-1,-1,-1
93,1412,1005.44,446.35,35.37,78.27,0.8039,-1,-1,-1
93,1413,1257.15,445.45,39.42,98.11,0.7517,-1,-1,-1
93,1414,934.80,436.68,31.64,81.01,0.7467,-1,-1,-1
93,1415,911.11,485.14,98.07,100.71,0.6802,-1,-1,-1
93,1416,517.28,448.53,72.93,298.47,0.6536,-1,-1,-1
93,1417,459.11,466.87,33.45,100.24,0.6451,-1,-1,-1
93,1418,1162.38,438.27,26.38,88.16,0.5957,-1,-1,-1
93,1419,373.76,444.50,42.06,64.69,0.4776,-1,-1,-1
93,1420,433.79,457.16,28.74,58.41,0.4290,-1,-1,-1
93,1421,496.34,454.83,27.96,73.37,0.4167,-1,-1,-1
93,1422,1099.24,436.46,37.87,154.16,0.3901,-1,-1,-1
93,1423,1856.80,524.44,48.00,131.74,0.3786,-1,-1,-1
93,1424,724.68,446.51,42.73,116.31,0.3234,-1,-1,-1
94,1413,642.60,444.56,94.65,295.23,0.8725,-1,-1,-1
94,1425,738.08,451.49,82.12,228.34,0.8562,-1,-1,-1
94,1426,1005.60,447.14,34.13,77.47,0.7939,-1,-1,-1
94,1427,546.74,441.98,116.45,358.46,0.7873,-1,-1,-1
94,1428,934.75,436.59,31.72,81.07,0.7662,-1,-1,-1
94,1429,1256.97,445.80,38.95,97.65,0.7649,-1,-1,-1
94,1430,911.98,484.63,97.32,101.13,0.6744,-1,-1,-1
94,1431,519.30,448.94,73.05,299.15,0.6701,-1,-1,-1
94,1432,1162.22,438.22,26.51,88.19,0.5988,-1,-1,-1
94,1433,457.62,467.98,36.05,98.77,0.5299,-1,-1,-1
94,1434,496.72,455.21,26.16,61.88,0.5284,-1,-1,-1
94,1435,1097.02,436.57,39.72,154.81,0.4916,-1,-1,-1
94,1436,373.46,444.43,39.34,63.88,0.4215,-1,-1,-1
94,1437,1856.81,525.86,47.58,130.10,0.4100,-1,-1,-1
94,1438,436.09,457.19,26.91,58.37,0.3858,-1,-1,-1
94,1439,725.07,445.83,44.61,117.90,0.3814,-1,-1,-1
95,1440,643.41,443.87,93.81,297.86,0.8787,-1,-1,-1
95,1413,742.92,450.93,77.26,229.63,0.8583,-1,-1,-1
95,1441,1005.40,447.22,33.86,77.63,0.8119,-1,-1,-1
95,1442,544.50,441.47,118.91,361.22,0.7921,-1,-1,-1
95,1443,1256.24,446.05,40.09,97.45,0.7726,-1,-1,-1
95,1444,934.62,436.61,31.89,81.13,0.7348,-1,-1,-1
95,1445,518.66,447.94,71.54,299.46,0.6221,-1,-1,-1
95,1446,950.56,484.39,58.85,99.34,0.5966,-1,-1,-1
95,1447,457.20,468.28,35.09,98.85,0.5872,-1,-1,-1
95,1448,1162.54,438.77,26.08,87.56,0.5791,-1,-1,-1
95,1449,496.03,455.11,26.74,61.18,0.5636,-1,-1,-1
95,1450,728.73,445.74,42.32,117.59,0.4614,-1,-1,-1
95,1451,372.59,444.57,41.02,65.52,0.4174,-1,-1,-1
95,1452,438.09,457.55,25.82,61.30,0.3560,-1,-1,-1
95,1453,1856.40,525.63,47.62,130.11,0.3495,-1,-1,-1
95,1454,1307.60,430.66,32.28,112.74,0.3328,-1,-1,-1
95,1422,1099.99,436.46,36.80,156.68,0.3310,-1,-1,-1
96,1440,644.11,444.64,93.67,296.96,0.8797,-1,-1,-1
96,1448,747.01,450.79,76.22,231.46,0.8533,-1,-1,-1
96,1455,910.13,483.91,100.05,102.02,0.8393,-1,-1,-1
96,1456,1005.22,447.21,33.21,77.42,0.8074,-1,-1,-1
96,1457,551.28,441.53,111.61,363.87,0.7753,-1,-1,-1
96,1458,1253.53,446.02,41.45,97.36,0.7473,-1,-1,-1
96,1459,456.29,468.57,35.57,98.99,0.7133,-1,-1,-1
96,1460,935.72,436.84,30.70,80.38,0.6639,-1,-1,-1
96,1461,1161.71,438.81,27.45,87.53,0.5960,-1,-1,-1
96,1462,514.74,449.00,77.21,298.79,0.5923,-1,-1,-1
96,1463,732.29,447.44,42.60,115.59,0.5589,-1,-1,-1
96,1464,1308.06,430.56,31.89,114.36,0.4094,-1,-1,-1
96,1465,1099.53,435.64,37.27,155.57,0.3984,-1,-1,-1
96,1466,495.67,455.06,25.22,61.72,0.3943,-1,-1,-1
96,1467,705.58,454.26,27.87,43.40,0.3648,-1,-1,-1
96,1468,373.06,444.62,35.27,64.80,0.3459,-1,-1,-1
97,1410,644.58,443.39,95.60,297.98,0.8739,-1,-1,-1
97,1413,749.18,451.83,75.68,232.21,0.8554,-1,-1,-1
97,1469,910.12,484.45,99.81,101.59,0.8097,-1,-1,-1
97,1470,1005.05,447.20,33.22,77.32,0.8003,-1,-1,-1
97,1471,541.98,440.09,120.97,363.91,0.8000,-1,-1,-1
97,1472,1253.38,445.59,42.42,97.84,0.7647,-1,-1,-1
97,1473,456.54,468.52,33.20,99.52,0.7444,-1,-1,-1
97,1474,935.61,436.86,30.76,81.13,0.6647,-1,-1,-1
97,1475,1162.12,438.86,26.28,87.42,0.6323,-1,-1,-1
97,1476,512.14,448.64,80.89,298.02,0.5329,-1,-1,-1
97,1477,437.46,457.21,25.18,62.66,0.4510,-1,-1,-1
97,1478,496.38,455.16,25.16,59.80,0.4209,-1,-1,-1
97,1479,734.83,446.68,42.52,117.09,0.3958,-1,-1,-1
97,1480,1099.25,436.33,37.46,157.26,0.3723,-1,-1,-1
97,1481,373.10,444.63,36.48,64.86,0.3507,-1,-1,-1
97,1482,1308.15,430.21,31.56,115.13,0.3320,-1,-1,-1
97,1483,708.25,455.30,28.28,48.96,0.3150,-1,-1,-1
98,1484,644.96,442.28,95.07,299.51,0.8866,-1,-1,-1
98,1440,751.48,451.23,76.12,235.64,0.8772,-1,-1,-1
98,1455,909.34,484.17,102.31,101.80,0.8564,-1,-1,-1
98,1485,541.60,439.25,121.24,365.35,0.8397,-1,-1,-1
98,1486,1004.06,447.28,34.23,77.10,0.7794,-1,-1,-1
98,1458,1252.24,446.01,42.98,97.17,0.7502,-1,-1,-1
98,1478,456.37,468.17,33.26,99.29,0.7200,-1,-1,-1
98,1414,934.96,436.72,31.48,80.81,0.7076,-1,-1,-1
98,1475,1161.93,439.08,26.40,87.22,0.6384,-1,-1,-1
98,1487,373.55,444.38,36.29,66.54,0.5207,-1,-1,-1
98,1488,507.93,447.82,85.00,299.03,0.5180,-1,-1,-1
98,1489,1307.89,430.71,33.01,114.58,0.4329,-1,-1,-1
98,1490,1093.83,437.10,42.77,155.79,0.3728,-1,-1,-1
98,1491,709.79,456.02,28.88,47.77,0.3553,-1,-1,-1
98,1492,496.03,455.09,25.04,59.99,0.3406,-1,-1,-1
99,1484,646.68,441.31,98.71,300.12,0.8746,-1,-1,-1
99,1493,753.22,452.30,75.38,236.03,0.8645,-1,-1,-1
99,1494,537.46,438.72,125.80,365.74,0.8521,-1,-1,-1
99,1495,910.59,484.38,99.37,101.72,0.8383,-1,-1,-1
99,1496,1002.72,446.98,35.66,77.70,0.8114,-1,-1,-1
99,1497,934.56,436.45,32.38,81.02,0.7769,-1,-1,-1
99,1498,1251.73,446.43,41.61,96.58,0.7648,-1,-1,-1
99,1499,456.77,468.58,34.46,98.55,0.6956,-1,-1,-1
99,1486,1162.22,438.40,25.87,87.88,0.6231,-1,-1,-1
99,1500,504.78,447.84,88.53,300.34,0.5076,-1,-1,-1
99,1501,1100.77,436.74,36.48,113.34,0.4647,-1,-1,-1
99,1502,374.06,444.79,34.06,65.48,0.4367,-1,-1,-1
99,1503,737.79,446.38,52.54,120.29,0.3330,-1,-1,-1
99,1504,714.19,456.70,27.20,45.41,0.3108,-1,-1,-1
100,1505,648.61,441.06,103.45,299.83,0.8689,-1,-1,-1
100,1503,754.74,452.18,72.77,232.92,0.8599,-1,-1,-1
100,1506,538.15,438.06,125.82,366.63,0.8467,-1,-1,-1
100,1507,1002.89,447.14,35.68,77.59,0.8081,-1,-1,-1
100,1508,910.75,483.97,99.31,102.41,0.7812,-1,-1,-1
100,1509,1252.26,446.51,40.87,96.63,0.7606,-1,-1,-1
100,1510,935.12,436.37,32.35,80.97,0.7380,-1,-1,-1
100,1511,456.14,468.69,36.46,98.65,0.6834,-1,-1,-1
100,1512,507.51,446.88,84.14,298.56,0.5275,-1,-1,-1
100,1513,1164.54,438.91,24.70,87.38,0.4430,-1,-1,-1
100,1514,717.33,456.97,28.59,43.46,0.4144,-1,-1,-1
100,1515,1100.53,436.93,36.58,154.91,0.4052,-1,-1,-1
101,1505,650.40,441.25,102.43,300.37,0.8588,-1,-1,-1
101,1516,538.38,437.74,123.86,367.65,0.8439,-1,-1,-1
101,1517,756.07,452.27,69.15,237.66,0.8296,-1,-1,-1
101,1518,911.55,483.37,98.66,103.23,0.8156,-1,-1,-1
101,1519,1003.74,447.62,34.52,76.44,0.7987,-1,-1,-1
101,1520,935.41,436.48,32.54,81.32,0.7587,-1,-1,-1
101,1521,1251.54,446.58,40.18,96.58,0.7350,-1,-1,-1
101,1522,456.66,469.39,32.29,98.01,0.6396,-1,-1,-1
101,1523,1163.07,439.11,27.24,87.18,0.5660,-1,-1,-1
101,1524,374.05,445.15,33.51,64.72,0.5375,-1,-1,-1
101,1525,504.37,446.88,88.04,299.72,0.4610,-1,-1,-1
101,1526,1101.32,436.41,36.20,111.50,0.4605,-1,-1,-1
101,1527,488.52,455.30,31.96,97.00,0.3309,-1,-1,-1
101,1528,720.45,457.94,26.40,46.99,0.3140,-1,-1,-1
102,1529,651.77,440.55,102.14,300.99,0.8761,-1,-1,-1
102,1530,539.86,438.13,124.15,366.21,0.8527,-1,-1,-1
102,1531,757.38,452.85,76.88,233.51,0.8465,-1,-1,-1
102,1532,1004.51,447.77,33.75,76.04,0.8198,-1,-1,-1
102,1533,912.17,482.36,97.24,103.95,0.8082,-1,-1,-1
102,1534,935.43,436.46,32.64,81.86,0.7558,-1,-1,-1
102,1535,1252.90,446.45,35.91,96.75,0.7334,-1,-1,-1
102,1522,456.44,468.41,32.47,99.26,0.5442,-1,-1,-1
102,1536,1163.18,439.15,26.22,87.08,0.5428,-1,-1,-1
102,1537,374.40,445.05,32.33,64.64,0.5199,-1,-1,-1
102,1538,1101.89,436.95,35.70,113.04,0.3985,-1,-1,-1
102,1539,488.40,455.02,33.04,94.06,0.3980,-1,-1,-1
102,1525,502.65,446.51,90.19,300.74,0.3975,-1,-1,-1
102,1540,442.70,457.20,26.43,58.41,0.3945,-1,-1,-1
102,1541,525.59,444.74,63.07,126.60,0.3758,-1,-1,-1
102,1542,747.29,444.86,39.63,123.79,0.3599,-1,-1,-1
102,1521,1308.84,429.89,33.56,115.72,0.3578,-1,-1,-1
102,1543,723.83,457.58,25.16,50.06,0.3116,-1,-1,-1
103,1529,652.90,440.34,101.91,301.22,0.8880,-1,-1,-1
103,1530,539.45,439.04,124.94,365.68,0.8557,-1,-1,-1
103,1544,1004.03,446.59,34.24,77.64,0.8259,-1,-1,-1
103,1545,757.94,453.59,76.68,234.26,0.8214,-1,-1,-1
103,1546,1251.25,446.03,37.76,97.36,0.7536,-1,-1,-1
103,1547,912.33,482.99,96.40,103.07,0.7366,-1,-1,-1
103,1548,935.45,436.92,32.28,81.02,0.7145,-1,-1,-1
103,1549,526.51,444.27,63.82,128.39,0.6189,-1,-1,-1
103,1523,1161.96,439.13,28.30,87.20,0.5453,-1,-1,-1
103,1550,455.09,466.21,31.82,101.42,0.4644,-1,-1,-1
103,1551,1308.72,430.60,32.04,114.76,0.4075,-1,-1,-1
103,1552,1100.74,436.93,36.56,151.77,0.3643,-1,-1,-1
103,1553,490.64,473.73,48.51,119.97,0.3447,-1,-1,-1
103,1554,725.37,457.30,26.74,52.64,0.3031,-1,-1,-1
104,1555,655.72,439.94,99.42,301.48,0.8833,-1,-1,-1
104,1506,538.43,436.61,126.83,369.47,0.8507,-1,-1,-1
104,1556,759.05,453.61,78.79,238.91,0.8411,-1,-1,-1
104,1557,1004.70,446.00,33.24,78.36,0.8114,-1,-1,-1
104,1558,1250.40,446.44,39.49,97.20,0.7374,-1,-1,-1
104,1559,935.28,436.87,32.40,80.38,0.7185,-1,-1,-1
104,1560,910.61,485.01,97.47,101.46,0.7047,-1,-1,-1
104,1561,1160.98,439.11,28.74,87.31,0.6616,-1,-1,-1
104,1562,526.74,444.78,65.65,126.67,0.5755,-1,-1,-1
104,1563,1100.78,437.08,36.43,112.36,0.5724,-1,-1,-1
104,1564,1307.37,430.00,32.67,115.59,0.4395,-1,-1,-1
104,1565,451.90,468.02,35.87,99.67,0.4204,-1,-1,-1
104,1566,726.50,456.20,26.84,62.53,0.3619,-1,-1,-1
104,1567,374.20,444.25,29.13,65.25,0.3381,-1,-1,-1
104,1568,486.18,454.85,36.97,93.15,0.3051,-1,-1,-1
105,1569,657.47,440.01,102.37,301.78,0.8880,-1,-1,-1
105,1570,539.58,436.75,125.33,368.79,0.8525,-1,-1,-1
105,1571,910.12,485.06,98.16,101.41,0.8498,-1,-1,-1
105,1572,759.86,453.69,77.21,240.93,0.8258,-1,-1,-1
105,1573,1004.59,445.87,33.35,78.43,0.8006,-1,-1,-1
105,1574,1250.27,446.71,35.07,96.89,0.7123,-1,-1,-1
105,1575,935.10,436.57,32.80,80.10,0.7088,-1,-1,-1
105,1576,1162.35,439.47,26.61,86.82,0.6429,-1,-1,-1
105,1577,1100.96,436.35,35.78,116.90,0.6165,-1,-1,-1
105,1578,527.40,446.85,65.91,123.84,0.5800,-1,-1,-1
105,1361,1308.27,431.44,31.36,114.13,0.5062,-1,-1,-1
105,1579,446.83,465.45,36.63,102.65,0.4730,-1,-1,-1
105,1580,728.31,455.44,26.37,57.34,0.4271,-1,-1,-1
106,1581,659.38,440.17,104.25,302.14,0.8846,-1,-1,-1
106,1570,540.40,436.13,126.74,369.49,0.8657,-1,-1,-1
106,1582,909.89,485.05,98.93,101.51,0.8583,-1,-1,-1
106,1583,760.78,454.24,74.02,241.34,0.8235,-1,-1,-1
106,1584,1005.00,446.21,32.97,78.00,0.7977,-1,-1,-1
106,1585,1249.73,446.02,34.77,97.82,0.7277,-1,-1,-1
106,1586,934.84,436.50,32.80,80.25,0.7203,-1,-1,-1
106,1573,1162.00,439.59,27.34,86.74,0.6692,-1,-1,-1
106,1587,445.50,465.97,37.10,102.24,0.6030,-1,-1,-1
106,1588,528.68,448.74,64.95,124.56,0.5480,-1,-1,-1
106,1589,1099.47,435.98,37.04,154.36,0.5029,-1,-1,-1
106,1590,731.18,455.39,30.23,62.17,0.3596,-1,-1,-1
106,1591,373.06,444.51,32.28,65.30,0.3513,-1,-1,-1
106,1293,1308.95,431.08,30.65,114.42,0.3446,-1,-1,-1
106,1592,504.82,452.02,83.53,295.73,0.3377,-1,-1,-1
107,1593,660.56,439.38,103.82,302.40,0.8790,-1,-1,-1
107,1594,540.84,435.47,131.97,370.28,0.8758,-1,-1,-1
107,1508,909.61,483.86,99.72,102.53,0.8329,-1,-1,-1
107,1572,762.12,454.52,75.85,242.87,0.8074,-1,-1,-1
107,1470,1005.49,447.01,32.66,76.82,0.7960,-1,-1,-1
107,1585,1240.92,446.39,44.03,97.40,0.7426,-1,-1,-1
107,1586,934.77,436.90,34.55,80.67,0.7381,-1,-1,-1
107,1432,1162.07,439.05,26.61,87.34,0.5332,-1,-1,-1
107,1595,733.49,455.09,28.82,67.27,0.5007,-1,-1,-1
107,1588,529.11,449.48,65.80,124.36,0.4590,-1,-1,-1
107,1596,446.38,466.95,35.91,100.25,0.4563,-1,-1,-1
107,1597,1308.31,430.33,31.23,115.24,0.3788,-1,-1,-1
107,1598,506.30,450.61,88.06,296.38,0.3667,-1,-1,-1
107,1599,1101.51,436.68,35.63,112.41,0.3568,-1,-1,-1
107,1591,374.11,444.51,30.63,65.48,0.3491,-1,-1,-1
108,1600,539.18,436.15,135.23,368.54,0.8858,-1,-1,-1
108,1601,661.63,439.04,101.29,304.01,0.8809,-1,-1,-1
108,1593,909.15,484.19,100.01,102.22,0.8554,-1,-1,-1
108,1602,761.74,454.33,74.97,243.69,0.8133,-1,-1,-1
108,1603,1005.87,448.47,32.49,75.65,0.7547,-1,-1,-1
108,1604,934.26,436.84,37.07,80.83,0.7282,-1,-1,-1
108,1605,1241.18,446.18,43.89,97.43,0.7157,-1,-1,-1
108,1606,1162.03,439.06,26.89,87.37,0.5368,-1,-1,-1
108,1607,502.50,451.33,93.36,295.41,0.3919,-1,-1,-1
108,1608,1308.35,431.00,31.52,114.33,0.3838,-1,-1,-1
108,1609,735.49,454.62,28.12,61.33,0.3743,-1,-1,-1
108,1610,442.76,456.43,23.94,60.97,0.3610,-1,-1,-1
108,1611,1101.62,436.93,35.43,111.07,0.3283,-1,-1,-1
109,1612,538.05,436.38,141.79,370.33,0.8976,-1,-1,-1
109,1613,662.82,438.90,101.64,307.28,0.8925,-1,-1,-1
109,1614,763.67,454.17,73.06,243.39,0.8470,-1,-1,-1
109,1615,910.07,484.17,99.28,102.31,0.8441,-1,-1,-1
109,1603,1005.76,447.65,32.95,76.43,0.8135,-1,-1,-1
109,1616,934.42,436.85,35.33,80.44,0.7382,-1,-1,-1
109,1617,1241.28,446.25,43.60,97.37,0.6383,-1,-1,-1
109,1250,1161.55,439.06,27.95,87.28,0.5708,-1,-1,-1
109,1618,1101.56,436.57,35.15,104.65,0.4068,-1,-1,-1
109,1619,1308.06,430.49,31.20,114.83,0.3783,-1,-1,-1
109,1620,1004.63,453.22,15.54,70.35,0.3660,-1,-1,-1
109,1621,531.37,450.73,64.95,121.80,0.3322,-1,-1,-1
110,1622,663.76,438.72,100.25,309.91,0.8907,-1,-1,-1
110,1623,537.48,435.35,146.66,371.48,0.8895,-1,-1,-1
110,1624,1004.85,448.02,34.16,76.71,0.8313,-1,-1,-1
110,1625,763.86,452.69,74.72,244.93,0.8294,-1,-1,-1
110,1626,909.26,485.58,100.83,100.77,0.8144,-1,-1,-1
110,1616,934.02,437.04,35.81,80.48,0.7302,-1,-1,-1
110,1617,1242.74,446.55,42.11,97.73,0.6252,-1,-1,-1
110,1627,1101.75,436.37,35.19,110.58,0.5631,-1,-1,-1
110,1628,1162.16,439.39,27.18,86.95,0.5447,-1,-1,-1
110,1629,557.57,451.15,38.85,45.74,0.4936,-1,-1,-1
110,1630,1307.62,429.97,32.29,115.52,0.4676,-1,-1,-1
110,1631,374.31,444.70,32.56,65.04,0.4503,-1,-1,-1
110,1612,500.47,464.13,35.60,95.59,0.4036,-1,-1,-1
110,1632,739.27,453.67,30.67,63.42,0.3303,-1,-1,-1
110,1633,530.57,451.00,29.45,68.23,0.3027,-1,-1,-1
111,1634,665.79,439.22,101.18,311.63,0.8878,-1,-1,-1
111,1635,537.24,434.89,151.64,371.86,0.8821,-1,-1,-1
111,1636,1004.31,448.70,35.32,75.70,0.8351,-1,-1,-1
111,1637,763.82,452.36,74.33,245.34,0.8335,-1,-1,-1
111,1638,934.35,436.87,37.01,82.24,0.7777,-1,-1,-1
111,1639,909.44,485.41,100.53,100.94,0.6973,-1,-1,-1
111,1574,1247.18,446.68,36.66,97.27,0.6958,-1,-1,-1
111,1640,529.58,451.75,31.83,71.89,0.6281,-1,-1,-1
111,1641,501.60,463.53,33.99,97.45,0.6212,-1,-1,-1
111,1642,558.16,449.90,38.80,46.46,0.5938,-1,-1,-1
111,1643,1101.50,436.47,35.36,110.39,0.5863,-1,-1,-1
111,1644,1161.91,439.41,27.19,86.94,0.5308,-1,-1,-1
111,1587,443.91,466.39,40.43,100.66,0.4937,-1,-1,-1
111,1620,1002.86,454.02,17.68,69.91,0.4368,-1,-1,-1
111,1645,1307.83,431.47,31.95,114.10,0.4066,-1,-1,-1
111,1632,741.15,453.55,30.04,66.43,0.3673,-1,-1,-1
112,1634,667.10,439.38,102.30,311.79,0.8896,-1,-1,-1
112,1646,539.62,434.65,148.88,374.52,0.8755,-1,-1,-1
112,1647,764.46,452.68,74.38,244.98,0.8350,-1,-1,-1
112,1648,1004.98,448.65,34.94,75.91,0.8176,-1,-1,-1
112,1649,909.21,484.65,100.71,101.67,0.7672,-1,-1,-1
112,1650,934.22,436.70,36.86,81.49,0.7574,-1,-1,-1
112,1651,1247.14,446.24,36.59,97.51,0.7040,-1,-1,-1
112,1652,529.49,452.35,29.59,73.03,0.6388,-1,-1,-1
112,1653,499.77,460.80,35.01,98.94,0.5859,-1,-1,-1
112,1642,559.43,449.37,38.47,47.00,0.5488,-1,-1,-1
112,1654,444.24,467.55,39.68,100.22,0.5292,-1,-1,-1
112,1655,1162.22,439.30,26.64,87.04,0.5200,-1,-1,-1
112,1656,1077.17,471.45,50.13,125.23,0.4988,-1,-1,-1
112,1657,1102.30,436.53,34.39,106.26,0.4945,-1,-1,-1
112,1658,742.85,453.74,32.81,65.48,0.3681,-1,-1,-1
112,1659,1308.07,431.74,31.57,113.42,0.3301,-1,-1,-1
113,1660,667.34,439.39,102.66,315.67,0.8871,-1,-1,-1
113,1646,541.06,434.89,146.99,377.30,0.8556,-1,-1,-1
113,1661,766.10,451.87,75.15,245.81,0.8397,-1,-1,-1
113,1662,1004.53,449.31,35.18,75.16,0.7994,-1,-1,-1
113,1663,1241.68,446.06,41.51,97.61,0.7777,-1,-1,-1
113,1664,934.09,436.74,37.03,81.52,0.7648,-1,-1,-1
113,1665,909.62,485.93,100.15,100.32,0.7600,-1,-1,-1
113,1652,529.98,455.19,28.50,71.52,0.6831,-1,-1,-1
113,1653,496.14,456.93,38.07,112.91,0.6140,-1,-1,-1
113,1666,440.77,462.13,38.58,105.75,0.6060,-1,-1,-1
113,1667,1162.11,439.44,26.58,86.85,0.5059,-1,-1,-1
113,1668,1102.00,435.72,34.58,110.70,0.5053,-1,-1,-1
113,1669,374.28,444.81,30.12,64.83,0.4080,-1,-1,-1
113,1670,560.63,447.93,38.01,49.48,0.4013,-1,-1,-1
113,1671,745.07,453.95,29.28,70.37,0.3673,-1,-1,-1
113,1672,1308.50,430.81,31.00,114.65,0.3445,-1,-1,-1
114,1660,668.49,439.24,99.29,315.46,0.8823,-1,-1,-1
114,1673,537.75,434.99,150.89,376.01,0.8632,-1,-1,-1
114,1661,765.27,450.56,77.00,246.82,0.8318,-1,-1,-1
114,1636,1004.08,448.84,36.39,75.84,0.7630,-1,-1,-1
114,1674,1247.31,446.52,34.01,97.08,0.7498,-1,-1,-1
114,1675,934.89,436.42,36.96,82.16,0.7395,-1,-1,-1
114,1676,530.23,456.54,28.34,70.17,0.7152,-1,-1,-1
114,1677,909.68,484.83,100.81,101.32,0.6209,-1,-1,-1
114,1678,495.25,455.90,38.92,113.01,0.5333,-1,-1,-1
114,1679,1163.15,439.38,28.49,86.96,0.5025,-1,-1,-1
114,1680,442.73,462.45,40.99,103.54,0.4487,-1,-1,-1
114,1681,1102.42,436.64,34.76,111.42,0.3758,-1,-1,-1
114,1682,745.99,453.43,33.69,66.51,0.3753,-1,-1,-1
114,1683,1680.83,430.24,100.51,205.95,0.3741,-1,-1,-1
114,1684,563.38,448.15,36.14,49.96,0.3657,-1,-1,-1
115,1652,668.99,439.61,99.87,315.25,0.8850,-1,-1,-1
115,1673,539.94,436.11,149.30,374.80,0.8620,-1,-1,-1
115,1685,764.41,450.87,78.02,246.62,0.8287,-1,-1,-1
115,1686,530.66,456.32,27.92,69.30,0.7317,-1,-1,-1
115,1687,1007.77,448.72,32.85,75.88,0.7201,-1,-1,-1
115,1675,935.51,436.20,36.43,82.97,0.7193,-1,-1,-1
115,1688,1246.28,447.08,34.12,96.19,0.6834,-1,-1,-1
115,1689,442.11,463.54,43.02,103.91,0.6524,-1,-1,-1
115,1660,497.07,458.22,38.13,116.16,0.5781,-1,-1,-1
115,1690,1163.94,439.41,25.90,86.86,0.4730,-1,-1,-1
115,1691,748.35,453.69,33.54,67.13,0.4111,-1,-1,-1
115,1692,911.38,485.17,99.29,100.27,0.3439,-1,-1,-1
116,1693,670.61,440.09,98.59,315.57,0.8903,-1,-1,-1
116,1694,539.75,436.35,151.19,376.60,0.8881,-1,-1,-1
116,1695,766.86,451.03,80.03,247.00,0.8479,-1,-1,-1
116,1696,1007.74,448.37,33.16,76.07,0.7619,-1,-1,-1
116,1697,530.86,457.35,27.59,68.59,0.7602,-1,-1,-1
116,1698,1238.26,446.60,41.01,96.39,0.7300,-1,-1,-1
116,1699,936.26,436.78,36.76,83.46,0.7188,-1,-1,-1
116,1700,495.64,455.10,38.89,108.10,0.6614,-1,-1,-1
116,1701,443.52,457.38,40.36,111.02,0.6326,-1,-1,-1
116,1702,911.74,485.25,99.74,100.18,0.4740,-1,-1,-1
116,1703,750.56,454.76,31.76,62.84,0.3900,-1,-1,-1
116,1704,1163.55,439.34,26.57,87.02,0.3885,-1,-1,-1
117,1652,670.69,441.26,98.60,317.64,0.8865,-1,-1,-1
117,1705,541.71,436.86,151.41,376.99,0.8854,-1,-1,-1
117,1703,768.57,451.66,83.35,246.27,0.8693,-1,-1,-1
117,1706,1237.62,446.26,38.87,96.87,0.7587,-1,-1,-1
117,1707,1007.91,448.63,32.78,75.96,0.7543,-1,-1,-1
117,1708,530.84,457.25,27.96,69.46,0.7529,-1,-1,-1
117,1709,936.64,436.91,36.97,84.19,0.7378,-1,-1,-1
117,1710,911.67,488.80,99.32,97.32,0.7337,-1,-1,-1
117,1711,495.71,455.23,38.16,113.65,0.6537,-1,-1,-1
117,1712,438.83,458.21,43.23,110.42,0.5520,-1,-1,-1
117,1713,1085.48,435.70,51.61,158.40,0.4175,-1,-1,-1
117,1714,1163.97,439.45,26.04,86.75,0.4139,-1,-1,-1
117,1715,981.01,456.97,22.48,54.39,0.3854,-1,-1,-1
118,1703,670.38,441.66,98.45,316.14,0.8911,-1,-1,-1
118,1705,542.00,438.07,151.06,379.15,0.8796,-1,-1,-1
118,1695,768.66,451.58,83.60,246.47,0.8716,-1,-1,-1
118,1716,1237.49,446.26,38.26,96.97,0.8067,-1,-1,-1
118,1717,530.12,457.69,28.77,68.93,0.7504,-1,-1,-1
118,1718,936.79,436.99,37.38,85.04,0.7432,-1,-1,-1
118,1719,1009.90,448.53,30.88,75.82,0.7417,-1,-1,-1
118,1720,493.76,455.14,40.15,116.30,0.6682,-1,-1,-1
118,1721,910.35,485.94,99.89,99.91,0.6240,-1,-1,-1
118,1722,557.57,454.98,24.67,49.03,0.5663,-1,-1,-1
118,1723,1084.70,436.21,52.11,155.87,0.5366,-1,-1,-1
118,1724,374.57,445.15,34.18,65.27,0.4753,-1,-1,-1
118,1725,578.14,438.72,32.91,55.26,0.4427,-1,-1,-1
118,1726,439.05,458.11,40.40,110.41,0.4206,-1,-1,-1
118,1679,1164.00,439.52,27.64,86.72,0.3995,-1,-1,-1
118,1727,983.29,457.66,21.62,52.53,0.3415,-1,-1,-1
119,1728,770.98,451.47,87.29,246.87,0.8855,-1,-1,-1
119,1729,672.10,441.87,98.06,319.14,0.8814,-1,-1,-1
119,1730,540.64,438.04,149.85,385.31,0.8706,-1,-1,-1
119,1716,1238.05,446.89,36.09,96.34,0.8145,-1,-1,-1
119,1731,530.19,457.91,28.47,68.21,0.7641,-1,-1,-1
119,1732,937.16,436.90,38.11,85.87,0.7597,-1,-1,-1
119,1733,1012.20,447.64,28.58,75.93,0.7405,-1,-1,-1
119,1734,492.48,455.25,41.68,116.59,0.6908,-1,-1,-1
119,1735,436.90,460.45,41.46,106.34,0.5698,-1,-1,-1
119,1736,560.35,454.69,23.52,53.08,0.4705,-1,-1,-1
119,1737,1163.31,439.43,28.23,86.86,0.4171,-1,-1,-1
119,1738,1082.80,436.76,53.86,155.49,0.4072,-1,-1,-1
119,1739,952.48,483.86,58.24,100.11,0.3461,-1,-1,-1
119,1669,374.49,445.27,30.13,64.58,0.3138,-1,-1,-1
120,1740,772.34,452.36,91.78,246.83,0.8949,-1,-1,-1
120,1741,673.57,442.32,98.49,318.91,0.8724,-1,-1,-1
120,1742,538.82,439.29,153.78,385.04,0.8616,-1,-1,-1
120,1743,530.22,458.24,27.80,67.72,0.7644,-1,-1,-1
120,1744,937.72,437.42,38.09,86.24,0.7636,-1,-1,-1
120,1745,1012.34,448.04,28.70,75.22,0.7390,-1,-1,-1
120,1746,911.47,484.41,98.77,101.42,0.7356,-1,-1,-1
120,1747,1237.53,446.86,35.15,96.63,0.7209,-1,-1,-1
120,1748,492.09,455.08,41.61,118.04,0.6501,-1,-1,-1
120,1749,435.51,462.15,40.86,105.66,0.6200,-1,-1,-1
120,1750,557.57,454.15,28.78,56.95,0.5790,-1,-1,-1
120,1751,583.08,438.66,28.79,54.17,0.5437,-1,-1,-1
120,1752,1082.18,436.89,54.46,155.79,0.5097,-1,-1,-1
120,1753,1163.07,439.43,28.17,86.94,0.4083,-1,-1,-1
120,1754,759.33,452.82,33.91,68.70,0.3699,-1,-1,-1
121,1755,773.78,453.04,97.72,245.45,0.9037,-1,-1,-1
121,1741,675.83,442.55,95.75,319.04,0.8692,-1,-1,-1
121,1742,543.11,440.26,149.68,385.76,0.8497,-1,-1,-1
121,1756,938.00,437.60,38.94,86.52,0.7414,-1,-1,-1
121,1757,530.14,457.72,28.01,67.93,0.7405,-1,-1,-1
121,1758,1012.36,448.09,28.51,75.33,0.7364,-1,-1,-1
121,1759,1236.54,447.53,35.54,95.81,0.6975,-1,-1,-1
121,1760,492.30,454.92,40.56,118.13,0.6690,-1,-1,-1
121,1761,435.42,461.70,43.18,106.16,0.6293,-1,-1,-1
121,1762,911.31,483.36,98.32,102.60,0.6189,-1,-1,-1
121,1763,586.21,439.09,26.47,54.40,0.5182,-1,-1,-1
121,1764,1162.33,439.47,28.92,86.89,0.4643,-1,-1,-1
121,1765,824.21,442.33,59.25,123.87,0.4335,-1,-1,-1
121,1766,557.65,454.19,27.69,59.06,0.3844,-1,-1,-1
121,1767,764.22,452.03,30.96,70.89,0.3118,-1,-1,-1
121,1723,1086.20,436.85,50.54,154.12,0.3017,-1,-1,-1
122,1759,775.22,453.09,100.97,246.91,0.9076,-1,-1,-1
122,1768,544.97,441.13,149.11,386.60,0.8595,-1,-1,-1
122,1769,678.45,441.68,96.36,320.31,0.8464,-1,-1,-1
122,1770,1237.73,447.39,32.17,95.53,0.7740,-1,-1,-1
122,1771,1012.42,448.23,28.68,75.22,0.7429,-1,-1,-1
122,1772,530.20,456.40,27.64,68.97,0.7381,-1,-1,-1
122,1773,939.96,437.55,38.47,87.03,0.7067,-1,-1,-1
122,1774,491.60,454.66,40.11,120.07,0.6966,-1,-1,-1
122,1775,557.71,453.68,29.47,62.27,0.6041,-1,-1,-1
122,1776,588.83,438.73,26.14,54.97,0.5747,-1,-1,-1
122,1777,766.49,449.07,31.90,77.31,0.5151,-1,-1,-1
122,1778,1081.41,437.77,55.06,154.94,0.4972,-1,-1,-1
122,1779,1162.30,439.34,26.24,87.08,0.4308,-1,-1,-1
122,1780,948.75,484.25,61.49,98.87,0.3638,-1,-1,-1
122,1781,435.71,462.78,43.04,104.81,0.3448,-1,-1,-1
123,1782,777.60,453.14,103.30,246.76,0.9103,-1,-1,-1
123,1783,542.27,439.57,153.02,390.29,0.8716,-1,-1,-1
123,1784,678.97,440.06,96.52,322.24,0.8666,-1,-1,-1
123,1785,1234.80,447.57,35.44,94.66,0.7607,-1,-1,-1
123,1786,942.52,437.33,37.89,87.55,0.7597,-1,-1,-1
123,1787,491.71,454.70,38.97,119.07,0.7335,-1,-1,-1
123,1788,1011.46,448.79,29.71,75.02,0.7312,-1,-1,-1
123,1789,531.12,456.35,27.25,69.18,0.7002,-1,-1,-1
123,1790,766.26,449.46,33.94,71.21,0.6066,-1,-1,-1
123,1791,1082.30,437.67,54.55,156.84,0.5402,-1,-1,-1
123,1792,954.60,483.14,55.58,100.26,0.4474,-1,-1,-1
123,1793,557.67,451.89,34.09,71.40,0.4279,-1,-1,-1
123,1794,590.00,438.01,28.56,55.92,0.4275,-1,-1,-1
123,1795,434.78,464.92,43.47,103.21,0.3715,-1,-1,-1
123,1796,375.29,444.89,32.99,64.56,0.3572,-1,-1,-1
123,1770,1163.01,438.91,25.22,87.44,0.3201,-1,-1,-1
123,1797,1055.06,480.63,35.38,82.54,0.3058,-1,-1,-1
123,1767,828.31,444.33,41.80,119.12,0.3034,-1,-1,-1
124,1789,778.62,454.39,103.71,246.39,0.8931,-1,-1,-1
124,1798,549.35,437.94,147.33,395.78,0.8820,-1,-1,-1
124,1741,681.91,438.75,94.65,323.44,0.8634,-1,-1,-1
124,1785,1236.89,449.10,31.51,93.84,0.7733,-1,-1,-1
124,1799,491.12,454.54,40.04,120.64,0.7602,-1,-1,-1
124,1800,942.93,437.37,38.47,87.62,0.7393,-1,-1,-1
124,1801,531.52,456.94,27.57,67.96,0.7167,-1,-1,-1
124,1802,1011.21,449.38,30.02,74.73,0.6958,-1,-1,-1
124,1803,1081.59,439.03,55.53,155.52,0.6248,-1,-1,-1
124,1804,767.04,448.63,36.10,71.75,0.5675,-1,-1,-1
124,1805,954.34,483.29,56.22,99.48,0.5317,-1,-1,-1
124,1806,557.72,452.12,35.29,79.60,0.4894,-1,-1,-1
124,1807,431.50,467.63,41.50,100.71,0.4311,-1,-1,-1
124,1808,376.24,444.77,32.86,64.73,0.4198,-1,-1,-1
124,1809,830.44,445.33,56.62,124.37,0.3709,-1,-1,-1
124,1704,1163.51,438.83,26.29,87.48,0.3176,-1,-1,-1
125,1810,779.91,455.25,102.94,248.29,0.8959,-1,-1,-1
125,1801,553.15,437.95,146.42,394.93,0.8940,-1,-1,-1
125,1799,683.63,438.31,92.03,323.79,0.8659,-1,-1,-1
125,1811,944.73,436.69,36.56,88.50,0.7976,-1,-1,-1
125,1812,1232.52,448.79,35.20,95.26,0.7749,-1,-1,-1
125,1813,530.87,456.57,27.06,67.99,0.7452,-1,-1,-1
125,1814,911.48,482.58,99.76,103.05,0.7425,-1,-1,-1
125,1815,1012.41,450.11,28.83,74.02,0.7095,-1,-1,-1
125,1816,492.78,454.35,37.53,117.70,0.6808,-1,-1,-1
125,1817,1081.03,442.79,55.78,152.85,0.6309,-1,-1,-1
125,1818,558.30,453.36,33.83,65.27,0.5077,-1,-1,-1
125,1819,767.40,447.71,39.57,72.99,0.5061,-1,-1,-1
125,1820,592.73,437.58,30.21,56.17,0.4801,-1,-1,-1
125,1821,831.84,446.24,59.56,123.79,0.4209,-1,-1,-1
125,1822,1055.36,480.64,35.38,82.25,0.3764,-1,-1,-1
125,1823,1163.19,438.57,24.65,87.59,0.3132,-1,-1,-1
126,1801,782.45,454.46,99.64,249.96,0.8914,-1,-1,-1
126,1824,554.74,436.46,148.19,397.58,0.8777,-1,-1,-1
126,1825,686.35,437.53,93.29,324.28,0.8632,-1,-1,-1
126,1826,1226.06,450.98,40.98,93.08,0.8092,-1,-1,-1
126,1827,945.72,436.47,36.92,90.32,0.7858,-1,-1,-1
126,1828,530.57,455.56,25.44,69.42,0.7356,-1,-1,-1
126,1829,1012.67,450.26,27.96,73.71,0.7069,-1,-1,-1
126,1830,491.07,454.06,38.97,119.47,0.7053,-1,-1,-1
126,1831,911.46,481.68,99.76,103.83,0.5642,-1,-1,-1
126,1832,1081.18,440.30,55.16,153.16,0.5596,-1,-1,-1
126,1833,557.87,453.87,33.44,64.77,0.4983,-1,-1,-1
126,1834,831.15,445.77,62.76,219.60,0.4649,-1,-1,-1
126,1835,1055.83,480.60,34.55,82.39,0.4507,-1,-1,-1
126,1836,592.62,438.78,30.42,55.82,0.4442,-1,-1,-1
126,1837,767.22,448.45,40.58,72.98,0.4326,-1,-1,-1
126,1838,1162.91,438.68,25.47,87.58,0.3084,-1,-1,-1
127,1839,783.88,455.55,97.40,249.88,0.8885,-1,-1,-1
127,1824,554.69,435.21,150.16,399.23,0.8839,-1,-1,-1
127,1840,686.25,437.02,89.32,324.59,0.8422,-1,-1,-1
127,1841,1223.85,447.87,42.75,96.42,0.8016,-1,-1,-1
127,1842,945.97,436.59,37.84,90.19,0.7901,-1,-1,-1
127,1843,489.63,454.43,40.32,119.92,0.7765,-1,-1,-1
127,1844,529.31,454.97,27.70,69.30,0.7641,-1,-1,-1
127,1845,1012.41,450.16,28.07,73.78,0.7406,-1,-1,-1
127,1846,954.12,483.13,55.65,100.30,0.6434,-1,-1,-1
127,1778,1080.81,437.77,55.21,157.10,0.5125,-1,-1,-1
127,1847,1055.49,481.10,35.56,83.86,0.4400,-1,-1,-1
127,1848,557.00,454.16,30.91,67.00,0.4270,-1,-1,-1
127,1849,835.97,441.43,53.58,129.84,0.4183,-1,-1,-1
127,1850,781.87,448.62,28.58,65.04,0.3486,-1,-1,-1
127,1851,1161.57,439.60,29.53,86.74,0.3462,-1,-1,-1
127,1852,592.99,443.31,32.78,50.89,0.3275,-1,-1,-1
128,1853,786.26,454.89,96.56,251.96,0.8887,-1,-1,-1
128,1801,558.03,435.78,149.29,398.49,0.8633,-1,-1,-1
128,1840,686.59,436.70,96.81,325.31,0.8363,-1,-1,-1
128,1841,1220.73,447.93,45.74,96.55,0.8109,-1,-1,-1
128,1854,489.43,454.18,40.94,120.28,0.7848,-1,-1,-1
128,1855,947.76,437.04,36.06,89.86,0.7824,-1,-1,-1
128,1856,528.97,454.92,27.46,70.40,0.7686,-1,-1,-1
128,1857,1014.16,450.16,26.29,73.58,0.7239,-1,-1,-1
128,1858,429.87,465.86,44.69,103.62,0.7105,-1,-1,-1
128,1859,782.14,447.89,31.15,73.27,0.5063,-1,-1,-1
128,1860,951.25,480.40,58.25,102.16,0.4591,-1,-1,-1
128,1861,556.86,454.63,27.35,71.74,0.4424,-1,-1,-1
128,1862,1055.26,481.31,35.29,81.56,0.4351,-1,-1,-1
128,1863,1081.58,442.46,55.36,151.25,0.3597,-1,-1,-1
128,1864,593.20,446.30,34.49,49.34,0.3496,-1,-1,-1
128,1865,1162.59,439.54,26.31,86.88,0.3371,-1,-1,-1
128,1866,838.60,443.05,55.03,227.13,0.3193,-1,-1,-1
129,1867,789.13,454.95,93.52,252.04,0.9008,-1,-1,-1
129,1868,686.54,436.10,94.43,325.59,0.8392,-1,-1,-1
129,1869,563.20,434.60,146.78,399.26,0.8323,-1,-1,-1
129,1870,528.74,454.37,30.08,71.38,0.7996,-1,-1,-1
129,1871,489.43,454.33,41.24,118.10,0.7925,-1,-1,-1
129,1872,947.97,436.65,37.76,89.73,0.7915,-1,-1,-1
129,1873,1219.89,447.55,46.31,96.55,0.7763,-1,-1,-1
129,1829,1013.10,449.81,27.27,74.53,0.7473,-1,-1,-1
129,1874,429.99,466.45,43.63,103.17,0.7432,-1,-1,-1
129,1875,788.04,449.23,28.62,57.70,0.6003,-1,-1,-1
129,1876,1083.02,438.85,55.91,157.59,0.5698,-1,-1,-1
129,1877,842.59,439.76,53.44,230.30,0.5614,-1,-1,-1
129,1878,557.78,454.84,25.57,70.09,0.5561,-1,-1,-1
129,1879,1162.26,439.34,26.54,87.13,0.4374,-1,-1,-1
129,1880,910.42,480.94,99.41,104.77,0.4219,-1,-1,-1
129,1881,1055.26,481.31,35.67,83.89,0.3734,-1,-1,-1
129,1882,763.87,473.84,31.88,59.66,0.3559,-1,-1,-1
129,1864,592.39,446.80,36.73,49.30,0.3070,-1,-1,-1
130,1840,791.01,455.86,91.92,251.05,0.8860,-1,-1,-1
130,1883,565.25,432.61,147.28,400.60,0.8455,-1,-1,-1
130,1884,686.76,435.80,94.78,325.82,0.8411,-1,-1,-1
130,1885,1218.69,447.31,47.57,96.87,0.7952,-1,-1,-1
130,1886,949.50,436.47,36.37,89.33,0.7943,-1,-1,-1
130,1887,528.71,454.99,29.42,70.48,0.7936,-1,-1,-1
130,1888,490.10,454.61,40.69,117.98,0.7773,-1,-1,-1
130,1802,1011.37,449.78,29.01,74.57,0.7509,-1,-1,-1
130,1889,429.87,466.42,43.50,103.42,0.7482,-1,-1,-1
130,1890,557.62,454.56,26.20,70.61,0.6074,-1,-1,-1
130,1891,789.35,449.46,28.95,61.50,0.5726,-1,-1,-1
130,1892,1082.87,438.87,57.92,156.85,0.5440,-1,-1,-1
130,1893,951.64,480.21,57.97,102.50,0.4564,-1,-1,-1
130,1894,766.22,475.33,29.84,87.75,0.4151,-1,-1,-1
130,1895,1055.53,481.45,35.60,82.53,0.4046,-1,-1,-1
130,1896,592.75,446.81,36.94,50.93,0.3645,-1,-1,-1
130,1897,844.99,438.83,61.91,231.89,0.3588,-1,-1,-1
130,1667,1161.96,439.56,26.77,86.68,0.3432,-1,-1,-1
131,1884,794.32,454.70,89.85,252.10,0.8831,-1,-1,-1
131,1898,687.37,435.52,98.12,326.17,0.8637,-1,-1,-1
131,1899,564.73,432.43,148.94,401.10,0.8460,-1,-1,-1
131,1900,1219.36,448.34,46.74,95.41,0.8044,-1,-1,-1
131,1901,950.81,437.07,35.28,88.41,0.7918,-1,-1,-1
131,1902,528.77,454.96,30.01,70.65,0.7900,-1,-1,-1
131,1903,490.45,454.05,39.95,119.06,0.7869,-1,-1,-1
131,1719,1009.90,449.30,30.63,74.66,0.7472,-1,-1,-1
131,1904,910.96,479.08,98.72,107.44,0.7368,-1,-1,-1
131,1905,429.81,468.55,43.71,100.97,0.5442,-1,-1,-1
131,1906,847.80,440.28,57.90,131.07,0.4621,-1,-1,-1
131,1907,1083.35,437.97,58.00,156.38,0.4504,-1,-1,-1
131,1908,558.08,454.63,23.41,68.50,0.4386,-1,-1,-1
131,1909,1162.74,439.55,26.44,86.79,0.4080,-1,-1,-1
131,1910,789.04,449.44,32.29,116.65,0.3837,-1,-1,-1
131,1911,1055.35,481.22,36.17,81.28,0.3380,-1,-1,-1
132,1912,797.41,451.47,88.94,255.25,0.8817,-1,-1,-1
132,1913,689.72,435.30,92.87,326.61,0.8607,-1,-1,-1
132,1914,566.52,431.98,149.31,400.38,0.8494,-1,-1,-1
132,1885,1218.53,448.23,47.61,95.99,0.8144,-1,-1,-1
132,1915,489.75,453.99,40.04,118.40,0.7873,-1,-1,-1
132,1916,529.00,454.20,29.70,71.55,0.7821,-1,-1,-1
132,1917,952.25,437.05,35.87,88.18,0.7688,-1,-1,-1
132,1918,1009.66,449.11,30.60,75.16,0.7204,-1,-1,-1
132,1919,428.47,468.06,43.12,101.58,0.6591,-1,-1,-1
132,1920,1084.37,455.88,52.04,139.90,0.5227,-1,-1,-1
132,1921,851.67,438.41,54.35,130.92,0.5129,-1,-1,-1
132,1922,592.26,445.23,37.82,53.83,0.5046,-1,-1,-1
132,1923,1163.61,439.18,26.43,87.11,0.4450,-1,-1,-1
132,1924,559.10,455.32,19.85,65.77,0.4226,-1,-1,-1
132,1925,910.54,479.90,99.07,106.65,0.3521,-1,-1,-1
132,1926,1055.51,480.82,36.51,84.12,0.3488,-1,-1,-1
133,1915,798.89,451.15,88.80,255.56,0.8807,-1,-1,-1
133,1885,690.96,434.67,93.08,327.12,0.8752,-1,-1,-1
133,1884,572.59,431.84,144.23,402.20,0.8565,-1,-1,-1
133,1927,1217.96,448.66,46.61,95.80,0.7975,-1,-1,-1
133,1928,489.66,454.11,39.45,117.96,0.7902,-1,-1,-1
133,1929,952.66,436.70,35.48,89.10,0.7805,-1,-1,-1
133,1930,1010.05,448.76,30.49,74.54,0.7799,-1,-1,-1
133,1931,528.96,454.31,30.09,71.13,0.7583,-1,-1,-1
133,1932,428.59,467.10,42.62,102.45,0.7434,-1,-1,-1
133,1933,558.98,455.26,19.45,67.89,0.6007,-1,-1,-1
133,1934,1084.56,438.47,55.59,157.35,0.5833,-1,-1,-1
133,1935,946.90,480.41,63.14,101.64,0.5092,-1,-1,-1
133,1936,1162.25,439.19,26.52,87.12,0.5046,-1,-1,-1
133,1937,797.57,447.62,28.33,76.33,0.4987,-1,-1,-1
133,1938,765.85,474.78,27.74,71.78,0.3805,-1,-1,-1
133,1939,853.83,436.57,48.19,231.85,0.3655,-1,-1,-1
133,1926,1055.54,480.73,37.03,83.10,0.3270,-1,-1,-1
133,1916,592.72,444.91,38.50,54.44,0.3121,-1,-1,-1
134,1940,800.85,449.65,89.86,257.51,0.8824,-1,-1,-1
134,1941,575.76,431.66,142.51,404.54,0.8645,-1,-1,-1
134,1942,691.60,434.13,93.02,327.72,0.8440,-1,-1,-1
134,1927,1218.00,448.19,46.41,96.39,0.8182,-1,-1,-1
134,1903,490.38,453.49,38.86,120.21,0.7811,-1,-1,-1
134,1943,953.21,436.33,35.20,89.85,0.7655,-1,-1,-1
134,1944,1009.14,448.66,30.86,74.89,0.7437,-1,-1,-1
134,1945,529.18,454.43,27.89,70.60,0.7291,-1,-1,-1
134,1916,428.32,467.82,43.47,101.85,0.7200,-1,-1,-1
134,1946,559.05,455.23,21.52,69.25,0.6776,-1,-1,-1
134,1947,911.43,480.49,98.84,105.47,0.6690,-1,-1,-1
134,1948,856.08,436.12,47.47,233.99,0.6625,-1,-1,-1
134,1949,798.84,447.42,28.91,74.65,0.4476,-1,-1,-1
134,1950,1086.01,436.84,55.53,158.95,0.4341,-1,-1,-1
134,1951,1162.27,439.42,25.52,86.78,0.4134,-1,-1,-1
134,1952,593.08,443.61,39.65,54.72,0.3147,-1,-1,-1
135,1903,803.83,448.62,87.73,258.82,0.8780,-1,-1,-1
135,1953,573.60,431.94,145.38,408.18,0.8735,-1,-1,-1
135,1954,692.56,434.37,92.44,326.78,0.8599,-1,-1,-1
135,1955,1217.80,447.62,45.36,97.26,0.8271,-1,-1,-1
135,1956,489.46,454.31,39.35,119.93,0.7929,-1,-1,-1
135,1948,953.11,436.53,36.61,90.02,0.7840,-1,-1,-1
135,1944,1008.63,448.47,31.65,75.33,0.7399,-1,-1,-1
135,1945,528.87,455.90,27.46,69.28,0.7341,-1,-1,-1
135,1957,558.39,455.20,24.11,69.48,0.6925,-1,-1,-1
135,1958,427.34,467.56,40.73,101.94,0.5648,-1,-1,-1
135,1959,857.59,434.87,47.47,231.73,0.5381,-1,-1,-1
135,1960,1089.19,437.02,54.35,159.04,0.5147,-1,-1,-1
135,1961,803.07,446.88,28.69,71.37,0.4958,-1,-1,-1
135,1962,954.41,480.79,55.07,100.21,0.4530,-1,-1,-1
135,1963,1163.03,438.55,24.70,87.67,0.4056,-1,-1,-1
135,1964,458.47,457.69,22.24,42.64,0.3269,-1,-1,-1
135,1567,374.05,444.36,26.68,63.96,0.3243,-1,-1,-1
135,1942,764.83,476.35,27.40,60.32,0.3051,-1,-1,-1
136,1965,573.77,431.59,145.46,414.17,0.8838,-1,-1,-1
136,1966,806.85,448.19,85.56,259.35,0.8779,-1,-1,-1
136,1903,697.60,434.37,88.52,326.95,0.8557,-1,-1,-1
136,1963,1217.83,447.79,44.15,96.79,0.8197,-1,-1,-1
136,1967,953.14,436.37,36.93,90.61,0.7947,-1,-1,-1
136,1968,488.94,453.55,40.39,120.83,0.7697,-1,-1,-1
136,1969,528.20,455.70,27.42,69.31,0.7523,-1,-1,-1
136,1970,1007.69,448.20,32.04,75.76,0.7335,-1,-1,-1
136,1971,558.28,455.17,23.71,69.86,0.7071,-1,-1,-1
136,1972,424.35,467.30,42.86,102.19,0.6776,-1,-1,-1
136,1973,860.04,435.95,44.78,233.33,0.5915,-1,-1,-1
136,1974,945.34,480.22,64.21,102.04,0.5283,-1,-1,-1
136,1961,804.16,446.63,29.67,73.42,0.4518,-1,-1,-1
136,1975,1162.44,438.23,25.38,88.16,0.4270,-1,-1,-1
136,1976,1091.30,437.48,49.77,157.41,0.4114,-1,-1,-1
136,1977,458.80,457.20,22.35,48.57,0.3664,-1,-1,-1
136,1567,373.73,444.66,26.98,64.05,0.3632,-1,-1,-1
136,1945,592.93,443.09,40.85,56.76,0.3501,-1,-1,-1
137,1978,811.44,447.13,83.83,260.45,0.8782,-1,-1,-1
137,1979,572.69,431.66,147.01,424.20,0.8662,-1,-1,-1
137,1954,698.79,434.27,88.95,327.53,0.8605,-1,-1,-1
137,1980,1217.50,447.30,42.13,97.92,0.7829,-1,-1,-1
137,1981,955.10,436.97,34.27,89.88,0.7661,-1,-1,-1
137,1982,486.48,454.06,43.15,121.36,0.7537,-1,-1,-1
137,1983,528.21,455.34,27.78,70.00,0.7384,-1,-1,-1
137,1984,1009.82,448.45,29.75,75.31,0.7171,-1,-1,-1
137,1985,557.07,454.61,26.83,71.75,0.7061,-1,-1,-1
137,1986,422.45,467.63,43.38,101.57,0.5558,-1,-1,-1
137,1945,861.73,436.33,50.84,230.47,0.5529,-1,-1,-1
137,1987,459.67,455.97,24.11,53.94,0.4833,-1,-1,-1
137,1988,1162.19,439.21,27.22,87.10,0.4545,-1,-1,-1
137,1989,946.71,479.43,62.92,103.03,0.4262,-1,-1,-1
137,1990,801.73,445.31,35.24,77.66,0.3978,-1,-1,-1
137,1991,1086.56,437.47,54.54,155.60,0.3816,-1,-1,-1
138,1992,812.07,447.47,82.43,259.79,0.8682,-1,-1,-1
138,1993,695.36,434.04,95.85,327.42,0.8646,-1,-1,-1
138,1994,571.17,432.29,148.96,427.87,0.8542,-1,-1,-1
138,1980,1217.62,446.95,39.12,97.61,0.7936,-1,-1,-1
138,1995,956.16,437.21,36.22,88.93,0.7810,-1,-1,-1
138,1982,480.56,454.30,49.20,120.66,0.7769,-1,-1,-1
138,1996,528.17,455.86,26.23,69.62,0.7346,-1,-1,-1
138,1989,1007.89,448.42,32.53,75.65,0.7087,-1,-1,-1
138,1987,557.70,455.03,26.29,70.84,0.7026,-1,-1,-1
138,1567,421.94,467.00,43.20,102.93,0.6964,-1,-1,-1
138,1997,864.36,437.32,64.69,232.09,0.6289,-1,-1,-1
138,1998,946.03,481.30,64.70,101.83,0.4930,-1,-1,-1
138,1999,810.12,443.91,31.07,73.22,0.4344,-1,-1,-1
139,2000,571.76,431.22,148.77,428.09,0.8851,-1,-1,-1
139,2001,812.61,447.68,84.58,261.32,0.8768,-1,-1,-1
139,2002,697.30,434.11,98.55,327.28,0.8743,-1,-1,-1
139,2003,956.81,437.29,34.50,88.69,0.7976,-1,-1,-1
139,2004,1217.65,446.95,37.36,97.68,0.7893,-1,-1,-1
139,1567,482.93,461.12,44.57,115.00,0.7707,-1,-1,-1
139,2005,528.42,455.57,25.57,70.18,0.7222,-1,-1,-1
139,1696,1006.17,448.07,34.62,74.96,0.6914,-1,-1,-1
139,1996,558.07,454.90,27.15,70.52,0.6658,-1,-1,-1
139,2006,424.70,467.79,40.55,102.14,0.6160,-1,-1,-1
139,2007,463.56,455.44,23.47,55.03,0.4813,-1,-1,-1
139,2008,809.39,442.66,33.63,80.77,0.4530,-1,-1,-1
139,2009,1163.97,438.60,23.26,87.37,0.3663,-1,-1,-1
140,2010,699.27,434.01,104.20,327.51,0.8873,-1,-1,-1
140,2011,814.80,448.54,84.82,263.20,0.8798,-1,-1,-1
140,2012,573.77,431.13,147.18,429.24,0.8738,-1,-1,-1
140,2013,1217.13,447.73,35.28,96.51,0.8138,-1,-1,-1
140,2014,957.03,437.47,35.59,88.10,0.7918,-1,-1,-1
140,2015,527.57,456.18,25.63,69.11,0.7493,-1,-1,-1
140,2016,482.12,457.23,45.65,116.63,0.7337,-1,-1,-1
140,2017,555.76,454.17,27.98,71.68,0.7316,-1,-1,-1
140,2018,1008.66,448.22,31.94,75.32,0.7031,-1,-1,-1
140,2019,426.25,471.23,38.38,98.57,0.4401,-1,-1,-1
140,2020,594.44,442.45,44.77,63.20,0.4264,-1,-1,-1
140,2021,804.98,453.80,19.90,73.08,0.4010,-1,-1,-1
140,2022,1163.50,438.55,24.66,87.52,0.3893,-1,-1,-1
140,2023,465.88,456.09,22.68,55.66,0.3815,-1,-1,-1
140,2024,375.94,445.10,29.15,62.92,0.3566,-1,-1,-1
140,2025,1056.15,481.57,35.34,80.67,0.3529,-1,-1,-1
140,2026,870.52,438.63,43.81,155.05,0.3398,-1,-1,-1
140,2027,820.34,442.55,24.43,58.47,0.3058,-1,-1,-1
141,2028,571.71,432.29,149.09,428.84,0.9094,-1,-1,-1
141,2029,699.31,434.40,111.11,327.68,0.8932,-1,-1,-1
141,2030,816.39,448.53,84.20,266.85,0.8807,-1,-1,-1
141,2031,956.28,437.77,35.95,88.25,0.7953,-1,-1,-1
141,2032,1215.69,447.71,33.11,96.95,0.7949,-1,-1,-1
141,2033,527.83,454.95,25.08,69.75,0.7452,-1,-1,-1
141,2034,1008.43,448.32,32.13,75.13,0.7396,-1,-1,-1
141,2035,556.89,454.29,24.33,70.81,0.7244,-1,-1,-1
141,2036,479.59,467.26,44.92,108.17,0.6583,-1,-1,-1
141,2037,1084.37,436.72,48.26,157.27,0.5363,-1,-1,-1
141,2038,593.88,442.22,46.08,64.05,0.5336,-1,-1,-1
141,2039,421.62,467.33,42.29,102.22,0.5094,-1,-1,-1
141,2040,809.15,441.04,38.75,88.43,0.5014,-1,-1,-1
141,2041,498.49,454.25,31.87,88.19,0.4263,-1,-1,-1
141,2042,1163.78,438.58,23.71,87.50,0.3917,-1,-1,-1
141,2018,1055.85,481.63,36.28,82.26,0.3914,-1,-1,-1
141,2043,466.88,456.49,20.91,54.67,0.3098,-1,-1,-1
142,2044,569.92,430.99,150.45,429.79,0.9204,-1,-1,-1
142,2045,698.61,434.98,117.43,327.92,0.8931,-1,-1,-1
142,2046,817.96,450.02,82.62,268.52,0.8699,-1,-1,-1
142,2047,1214.17,447.85,29.74,96.71,0.8069,-1,-1,-1
142,2048,956.18,437.74,36.25,87.54,0.7914,-1,-1,-1
142,2049,1008.00,448.69,32.47,75.05,0.7582,-1,-1,-1
142,2050,526.80,455.09,25.92,69.80,0.7559,-1,-1,-1
142,2051,556.65,453.99,25.63,70.61,0.7250,-1,-1,-1
142,2052,479.11,469.07,43.35,106.99,0.7083,-1,-1,-1
142,2053,811.00,441.40,40.11,89.76,0.6485,-1,-1,-1
142,2054,1084.15,434.55,48.31,159.45,0.5767,-1,-1,-1
142,2055,498.62,454.31,31.94,104.55,0.5660,-1,-1,-1
142,2056,593.50,442.58,46.49,63.28,0.5122,-1,-1,-1
142,2057,1163.58,438.65,23.63,87.47,0.4400,-1,-1,-1
142,2058,468.17,451.50,19.88,60.75,0.4222,-1,-1,-1
142,2059,420.16,467.28,42.19,101.67,0.3703,-1,-1,-1
142,2060,1055.91,481.84,36.10,81.03,0.3142,-1,-1,-1
142,2061,805.42,454.25,22.82,71.54,0.3069,-1,-1,-1
143,2062,569.67,430.97,150.26,436.45,0.9076,-1,-1,-1
143,2018,696.81,434.71,125.62,328.11,0.8889,-1,-1,-1
143,2063,821.38,447.76,79.13,271.19,0.8678,-1,-1,-1
143,2064,956.99,438.13,35.76,87.05,0.7852,-1,-1,-1
143,2065,1213.37,447.77,30.15,96.32,0.7610,-1,-1,-1
143,2066,1006.95,448.61,33.96,75.00,0.7486,-1,-1,-1
143,2067,556.20,453.80,27.00,70.46,0.7375,-1,-1,-1
143,2068,526.92,452.25,26.13,73.06,0.7313,-1,-1,-1
143,2055,498.08,454.58,32.91,103.88,0.6760,-1,-1,-1
143,2069,1084.06,435.34,48.88,159.25,0.5439,-1,-1,-1
143,2070,805.09,454.24,26.63,72.37,0.5108,-1,-1,-1
143,2071,1163.46,439.32,24.26,86.82,0.5045,-1,-1,-1
143,2072,928.37,483.56,82.44,100.87,0.4287,-1,-1,-1
144,2073,700.40,435.50,127.64,328.30,0.8888,-1,-1,-1
144,2074,569.01,434.16,150.31,437.56,0.8857,-1,-1,-1
144,2055,822.43,448.48,78.27,268.52,0.8816,-1,-1,-1
144,2075,955.49,438.87,37.05,86.22,0.7984,-1,-1,-1
144,2076,878.29,438.25,73.00,239.95,0.7484,-1,-1,-1
144,2077,1008.05,448.94,32.04,75.07,0.7467,-1,-1,-1
144,2078,1211.78,447.34,26.73,96.57,0.7378,-1,-1,-1
144,2079,475.39,465.36,43.57,111.66,0.7117,-1,-1,-1
144,2080,556.56,453.74,23.22,70.91,0.7063,-1,-1,-1
144,2081,526.02,456.63,25.01,68.18,0.6563,-1,-1,-1
144,2082,497.52,454.49,31.95,105.79,0.6332,-1,-1,-1
144,2083,1124.73,451.50,26.89,90.55,0.5250,-1,-1,-1
144,2084,801.80,455.31,31.71,89.50,0.4814,-1,-1,-1
144,2085,830.84,441.44,25.29,57.37,0.4414,-1,-1,-1
144,2037,1084.40,440.43,47.78,154.03,0.4342,-1,-1,-1
144,2086,374.12,444.89,29.34,64.36,0.4251,-1,-1,-1
144,2087,1162.58,439.29,24.70,86.89,0.3923,-1,-1,-1
145,2088,701.67,436.17,130.58,328.07,0.8943,-1,-1,-1
145,2089,567.71,432.11,151.39,439.50,0.8938,-1,-1,-1
145,2090,824.95,448.13,77.56,269.86,0.8683,-1,-1,-1
145,2091,880.59,438.30,71.29,239.95,0.8038,-1,-1,-1
145,2092,956.78,439.18,35.52,85.86,0.7983,-1,-1,-1
145,2093,555.15,453.93,27.21,70.94,0.7565,-1,-1,-1
145,2094,1209.48,447.68,26.24,96.97,0.7473,-1,-1,-1
145,2095,1007.51,448.96,32.46,75.22,0.7351,-1,-1,-1
145,2096,498.37,454.51,31.54,104.87,0.7313,-1,-1,-1
145,2097,476.71,465.79,41.35,110.51,0.7009,-1,-1,-1
145,2098,527.78,456.36,24.51,68.25,0.6925,-1,-1,-1
145,2099,1125.92,451.36,28.05,89.74,0.6351,-1,-1,-1
145,2100,590.68,456.14,30.88,50.60,0.4406,-1,-1,-1
145,2101,374.15,444.91,29.08,64.43,0.4049,-1,-1,-1
145,2102,1162.96,439.37,24.14,86.37,0.3744,-1,-1,-1
145,2084,831.54,441.86,29.22,57.71,0.3382,-1,-1,-1
145,2103,1083.73,442.67,48.09,152.27,0.3229,-1,-1,-1
146,2104,702.02,435.87,132.98,331.85,0.9023,-1,-1,-1
146,2055,562.75,433.90,155.83,442.09,0.8905,-1,-1,-1
146,2090,827.10,448.80,77.57,269.54,0.8654,-1,-1,-1
146,2105,955.59,439.45,37.59,85.93,0.7765,-1,-1,-1
146,2106,1207.77,447.30,27.49,96.92,0.7670,-1,-1,-1
146,2107,1007.87,448.65,32.69,75.38,0.7652,-1,-1,-1
146,2108,477.32,465.72,41.64,110.66,0.7535,-1,-1,-1
146,2109,881.34,437.49,70.68,240.80,0.7519,-1,-1,-1
146,2110,497.46,455.23,32.99,104.28,0.7282,-1,-1,-1
146,2111,556.03,453.64,25.28,71.00,0.7259,-1,-1,-1
146,2112,1125.83,451.07,29.06,90.12,0.7007,-1,-1,-1
146,2113,526.98,456.19,24.65,68.66,0.6943,-1,-1,-1
146,2114,590.18,455.25,33.79,52.55,0.6687,-1,-1,-1
146,2115,1083.73,438.06,47.14,156.34,0.5121,-1,-1,-1
146,2116,374.36,445.00,27.12,64.63,0.4664,-1,-1,-1
146,2117,830.44,442.43,32.47,57.34,0.4335,-1,-1,-1
146,2118,1162.44,439.51,24.85,86.25,0.3784,-1,-1,-1
146,2099,966.52,486.10,43.63,74.43,0.3584,-1,-1,-1
146,2119,801.21,455.75,32.13,98.33,0.3493,-1,-1,-1
146,2093,547.61,455.33,13.79,57.84,0.3144,-1,-1,-1
147,2110,705.90,436.73,129.87,331.94,0.9137,-1,-1,-1
147,2117,562.02,436.18,155.60,447.74,0.8971,-1,-1,-1
147,2055,828.39,446.84,78.24,273.54,0.8606,-1,-1,-1
147,2120,1207.13,447.74,27.75,96.46,0.7913,-1,-1,-1
147,2121,955.35,439.79,37.75,84.50,0.7778,-1,-1,-1
147,2122,882.50,438.06,69.04,240.32,0.7771,-1,-1,-1
147,2123,474.89,464.68,43.17,111.49,0.7722,-1,-1,-1
147,2124,1010.13,448.98,30.39,75.06,0.7634,-1,-1,-1
147,2125,556.42,453.91,25.54,71.23,0.7092,-1,-1,-1
147,2126,526.51,456.40,24.77,67.51,0.6993,-1,-1,-1
147,2127,497.39,454.98,36.38,102.91,0.6922,-1,-1,-1
147,2128,1125.96,451.10,30.61,90.94,0.6904,-1,-1,-1
147,2113,590.15,454.91,33.35,52.24,0.6226,-1,-1,-1
147,2129,1083.83,436.56,47.59,157.87,0.5904,-1,-1,-1
147,2130,1161.61,439.47,25.83,86.19,0.4645,-1,-1,-1
147,2131,374.47,444.81,34.04,64.68,0.4169,-1,-1,-1
147,2132,546.49,455.37,15.08,58.99,0.3735,-1,-1,-1
147,2119,802.03,458.22,31.95,95.08,0.3709,-1,-1,-1
147,2133,963.14,484.81,46.57,76.45,0.3495,-1,-1,-1
148,2134,706.68,437.82,128.63,331.43,0.9195,-1,-1,-1
148,2119,556.94,433.72,161.27,455.72,0.8920,-1,-1,-1
148,2110,829.40,445.44,80.92,276.38,0.8616,-1,-1,-1
148,2135,1205.48,447.48,28.66,97.04,0.8068,-1,-1,-1
148,2136,473.26,465.85,44.28,110.12,0.7759,-1,-1,-1
148,2137,956.08,440.27,36.96,83.74,0.7537,-1,-1,-1
148,2138,1009.57,448.07,29.66,76.50,0.7533,-1,-1,-1
148,2139,1125.96,451.31,31.07,91.17,0.7346,-1,-1,-1
148,2140,557.11,454.04,24.54,70.59,0.6972,-1,-1,-1
148,2141,884.11,437.41,67.08,240.86,0.6910,-1,-1,-1
148,2142,526.34,455.92,24.07,68.79,0.6899,-1,-1,-1
148,2143,497.48,454.56,37.07,104.92,0.6827,-1,-1,-1
148,2144,1083.28,437.51,47.71,156.82,0.6487,-1,-1,-1
148,2145,589.38,455.20,33.19,50.85,0.5932,-1,-1,-1
148,2146,546.56,455.66,14.59,58.96,0.4626,-1,-1,-1
148,2147,943.23,487.40,66.32,91.55,0.3844,-1,-1,-1
148,2148,1161.96,438.77,26.70,87.23,0.3806,-1,-1,-1
148,2149,374.40,444.99,27.85,64.52,0.3668,-1,-1,-1
149,2110,710.55,438.30,125.31,334.50,0.9096,-1,-1,-1
149,2150,554.02,434.77,159.28,455.99,0.8948,-1,-1,-1
149,2151,829.93,450.38,80.01,273.64,0.8468,-1,-1,-1
149,2152,1202.86,448.41,30.57,96.63,0.8036,-1,-1,-1
149,2153,885.12,436.79,67.75,241.84,0.7825,-1,-1,-1
149,2154,957.89,440.61,35.21,83.40,0.7794,-1,-1,-1
149,2155,1009.79,448.10,29.97,76.05,0.7552,-1,-1,-1
149,2156,556.72,453.38,25.08,70.72,0.6797,-1,-1,-1
149,2157,526.39,456.28,24.51,68.32,0.6712,-1,-1,-1
149,2158,498.69,454.67,37.52,104.27,0.6676,-1,-1,-1
149,2159,1083.37,439.17,47.91,156.56,0.6529,-1,-1,-1
149,2160,1127.17,451.58,30.65,91.04,0.6484,-1,-1,-1
149,2161,475.00,465.97,41.31,110.44,0.5657,-1,-1,-1
149,2162,374.47,444.68,36.26,64.56,0.4577,-1,-1,-1
149,2163,545.27,456.35,15.82,59.98,0.4423,-1,-1,-1
149,2164,1162.83,438.76,25.41,87.18,0.4330,-1,-1,-1
149,2165,420.86,467.63,37.70,102.73,0.4149,-1,-1,-1
149,2166,588.82,456.08,32.28,46.95,0.4139,-1,-1,-1
149,2167,804.95,461.45,29.55,88.37,0.4124,-1,-1,-1
149,2133,964.52,486.41,45.20,74.37,0.3801,-1,-1,-1
149,2168,1005.18,453.58,14.36,52.09,0.3175,-1,-1,-1
149,2169,1692.54,430.88,91.43,202.09,0.3017,-1,-1,-1
150,2110,713.79,437.74,122.32,336.88,0.9088,-1,-1,-1
150,2170,550.85,431.99,160.74,459.80,0.8940,-1,-1,-1
150,2171,831.08,449.26,81.62,276.72,0.8299,-1,-1,-1
150,2172,1199.89,448.25,33.36,96.69,0.8130,-1,-1,-1
150,2173,957.61,440.46,35.06,82.33,0.7896,-1,-1,-1
150,2174,889.80,435.30,69.72,243.33,0.7785,-1,-1,-1
150,2175,471.88,466.27,42.48,109.35,0.7470,-1,-1,-1
150,2176,1008.17,447.86,30.85,75.45,0.7401,-1,-1,-1
150,2177,1127.01,450.49,33.54,91.93,0.7021,-1,-1,-1
150,2178,556.15,453.68,25.11,70.38,0.6957,-1,-1,-1
150,2179,527.12,456.68,23.21,67.54,0.6821,-1,-1,-1
150,2180,502.05,454.63,34.06,104.28,0.6632,-1,-1,-1
150,2181,1082.37,436.47,48.34,158.69,0.6298,-1,-1,-1
150,2182,373.51,444.37,32.59,65.97,0.5506,-1,-1,-1
150,2183,416.22,466.81,42.31,103.63,0.5126,-1,-1,-1
150,2184,1162.50,439.21,27.67,86.83,0.4839,-1,-1,-1
150,2185,545.06,456.62,15.96,59.35,0.4453,-1,-1,-1
150,2186,586.38,455.60,34.29,46.89,0.3265,-1,-1,-1
150,2160,958.81,484.57,50.41,77.29,0.3140,-1,-1,-1
151,2187,717.18,437.30,119.30,338.34,0.9052,-1,-1,-1
151,2178,545.73,429.40,163.54,463.86,0.8889,-1,-1,-1
151,2185,832.51,451.03,80.73,278.26,0.8436,-1,-1,-1
151,2176,1199.55,448.93,33.39,95.74,0.8202,-1,-1,-1
151,2188,957.83,440.48,34.59,81.71,0.7813,-1,-1,-1
151,2189,889.90,434.12,83.71,244.34,0.7806,-1,-1,-1
151,2190,1007.31,446.59,31.66,77.84,0.7650,-1,-1,-1
151,2191,470.97,466.21,43.60,109.83,0.7490,-1,-1,-1
151,2192,1128.07,451.61,33.43,91.25,0.7372,-1,-1,-1
151,2193,504.23,455.06,31.90,103.84,0.7143,-1,-1,-1
151,2194,527.28,456.71,21.44,67.81,0.6830,-1,-1,-1
151,2195,555.99,454.27,22.76,70.91,0.6498,-1,-1,-1
151,2196,1082.36,439.01,48.81,155.72,0.6115,-1,-1,-1
151,2197,586.24,455.58,33.27,43.79,0.4675,-1,-1,-1
151,2198,1162.47,439.23,24.44,86.37,0.4138,-1,-1,-1
151,2199,544.81,456.76,16.31,59.44,0.4035,-1,-1,-1
151,2200,962.67,484.62,46.44,78.06,0.3932,-1,-1,-1
151,2201,373.37,444.30,35.90,65.54,0.3010,-1,-1,-1
152,2194,716.61,436.14,119.36,339.02,0.9113,-1,-1,-1
152,2202,541.60,426.73,165.63,466.69,0.8839,-1,-1,-1
152,2203,834.25,451.80,81.45,276.53,0.8503,-1,-1,-1
152,2204,1198.57,448.20,34.05,96.21,0.8179,-1,-1,-1
152,2205,889.85,432.62,82.33,245.57,0.8029,-1,-1,-1
152,2206,1007.37,446.63,30.07,77.50,0.7645,-1,-1,-1
152,2207,471.76,465.35,42.58,111.82,0.7551,-1,-1,-1
152,2208,1128.67,453.86,33.32,89.19,0.7507,-1,-1,-1
152,2209,957.93,440.46,34.04,82.25,0.7474,-1,-1,-1
152,2210,502.96,454.76,33.23,104.32,0.7226,-1,-1,-1
152,2211,526.97,457.06,21.05,67.21,0.6616,-1,-1,-1
152,2212,556.59,454.60,22.40,70.16,0.6474,-1,-1,-1
152,2196,1082.68,437.00,48.92,157.57,0.6066,-1,-1,-1
152,2213,415.46,467.38,42.78,103.76,0.5529,-1,-1,-1
152,2214,372.26,444.24,29.78,64.61,0.4903,-1,-1,-1
152,2215,1160.35,439.21,29.88,87.11,0.4689,-1,-1,-1
152,2216,966.85,485.55,43.24,76.85,0.3972,-1,-1,-1
152,2217,544.76,456.92,16.19,58.49,0.3953,-1,-1,-1
152,2218,586.10,455.56,31.37,41.65,0.3193,-1,-1,-1
153,2194,718.85,435.65,118.13,339.82,0.9032,-1,-1,-1
153,2219,537.30,428.89,167.63,464.59,0.8833,-1,-1,-1
153,2203,836.00,448.41,81.13,280.60,0.8582,-1,-1,-1
153,2220,893.49,432.24,81.67,246.07,0.8181,-1,-1,-1
153,2221,1198.01,447.50,34.61,98.25,0.8087,-1,-1,-1
153,2222,1007.11,447.59,30.84,76.82,0.7847,-1,-1,-1
153,2223,958.37,440.46,35.30,82.43,0.7790,-1,-1,-1
153,2224,1129.13,454.04,31.48,88.69,0.7507,-1,-1,-1
153,2225,504.86,455.58,30.94,103.57,0.7416,-1,-1,-1
153,2226,527.42,458.13,20.97,67.18,0.6659,-1,-1,-1
153,2227,1084.17,437.00,44.78,159.06,0.6363,-1,-1,-1
153,2228,556.20,454.66,22.30,69.24,0.6286,-1,-1,-1
153,2229,1161.39,438.94,27.42,87.29,0.4833,-1,-1,-1
153,2230,472.65,464.82,39.78,111.65,0.4494,-1,-1,-1
153,2231,584.80,455.96,27.73,39.57,0.3508,-1,-1,-1
153,2232,415.53,466.68,40.66,104.36,0.3162,-1,-1,-1
153,2233,544.95,455.79,15.11,58.05,0.3108,-1,-1,-1
154,2234,722.50,434.56,114.77,341.14,0.9008,-1,-1,-1
154,2219,537.58,428.71,166.88,462.92,0.8887,-1,-1,-1
154,2235,836.97,447.27,83.94,282.27,0.8607,-1,-1,-1
154,2236,893.14,431.98,82.18,247.15,0.8455,-1,-1,-1
154,2237,1197.93,448.19,33.61,97.43,0.7889,-1,-1,-1
154,2238,1129.38,453.66,32.46,90.45,0.7679,-1,-1,-1
154,2239,959.33,440.68,34.20,82.14,0.7676,-1,-1,-1
154,2240,1006.99,447.56,30.34,75.98,0.7599,-1,-1,-1
154,2241,504.64,455.25,31.50,103.36,0.7469,-1,-1,-1
154,2242,469.53,464.38,41.06,111.24,0.6397,-1,-1,-1
154,2243,1084.53,436.79,44.46,158.64,0.6368,-1,-1,-1
154,2244,527.05,457.31,20.99,67.68,0.6362,-1,-1,-1
154,2245,556.51,455.12,21.35,62.42,0.6180,-1,-1,-1
154,2246,1163.03,439.09,23.29,86.92,0.4428,-1,-1,-1
154,2247,969.06,485.97,40.24,75.16,0.4087,-1,-1,-1
154,2248,671.16,471.23,52.75,318.06,0.3549,-1,-1,-1
154,2249,371.76,444.24,30.50,65.07,0.3459,-1,-1,-1
155,2194,723.73,433.31,116.09,341.87,0.8971,-1,-1,-1
155,2250,537.03,427.40,161.48,465.23,0.8867,-1,-1,-1
155,2251,895.48,431.52,82.56,250.49,0.8677,-1,-1,-1
155,2252,836.98,447.19,83.72,281.86,0.8598,-1,-1,-1
155,2237,1197.38,449.54,34.04,96.26,0.7975,-1,-1,-1
155,2253,1129.94,453.69,31.93,89.79,0.7783,-1,-1,-1
155,2254,504.65,455.79,31.50,103.22,0.7758,-1,-1,-1
155,2255,1007.32,447.85,29.38,75.65,0.7712,-1,-1,-1
155,2256,959.46,440.73,33.51,81.06,0.7376,-1,-1,-1
155,2257,469.45,464.41,36.59,112.10,0.6978,-1,-1,-1
155,2258,670.15,445.56,63.20,344.03,0.6504,-1,-1,-1
155,2259,1084.88,436.67,44.59,159.14,0.6421,-1,-1,-1
155,2260,556.35,455.45,20.59,61.41,0.5675,-1,-1,-1
155,2261,527.72,458.55,20.05,66.49,0.5136,-1,-1,-1
155,2262,414.39,466.60,43.46,104.10,0.3960,-1,-1,-1
155,2263,1160.95,439.02,25.72,87.09,0.3889,-1,-1,-1
156,2194,724.23,433.13,116.52,342.16,0.8972,-1,-1,-1
156,2256,533.78,427.17,166.14,465.02,0.8849,-1,-1,-1
156,2264,838.40,446.93,82.15,282.32,0.8620,-1,-1,-1
156,2265,898.28,431.71,80.54,252.23,0.8522,-1,-1,-1
156,2266,1193.83,450.36,36.92,96.62,0.8130,-1,-1,-1
156,2267,504.56,455.92,31.76,102.81,0.7799,-1,-1,-1
156,2268,1005.67,447.96,29.46,74.66,0.7732,-1,-1,-1
156,2269,1129.79,453.22,32.67,90.97,0.7481,-1,-1,-1
156,2270,959.11,441.18,33.46,80.96,0.7480,-1,-1,-1
156,2271,1084.17,435.33,44.24,160.87,0.6695,-1,-1,-1
156,2272,468.47,466.14,35.79,110.13,0.6478,-1,-1,-1
156,2273,670.35,443.88,63.98,345.50,0.6378,-1,-1,-1
156,2274,555.57,455.73,21.72,57.31,0.4972,-1,-1,-1
156,2275,1162.44,439.47,24.48,85.83,0.4432,-1,-1,-1
156,2276,415.60,466.96,43.28,103.88,0.4390,-1,-1,-1
156,2277,527.93,458.32,18.26,62.32,0.3901,-1,-1,-1
156,2278,1001.96,450.39,15.42,70.52,0.3789,-1,-1,-1
157,2279,725.65,433.06,117.87,342.36,0.8979,-1,-1,-1
157,2219,531.70,427.01,167.24,464.88,0.8699,-1,-1,-1
157,2280,840.97,447.54,81.12,281.62,0.8659,-1,-1,-1
157,2281,902.47,432.46,78.13,253.30,0.8001,-1,-1,-1
157,2282,1006.74,448.71,27.90,74.35,0.7812,-1,-1,-1
157,2283,1193.82,447.80,36.40,98.97,0.7809,-1,-1,-1
157,2284,665.61,443.52,69.55,346.38,0.7573,-1,-1,-1
157,2285,1130.19,453.53,31.81,89.40,0.7387,-1,-1,-1
157,2286,503.94,455.55,32.74,102.71,0.7380,-1,-1,-1
157,2287,1083.62,436.18,44.66,159.10,0.6608,-1,-1,-1
157,2288,468.91,457.37,33.86,118.48,0.6203,-1,-1,-1
157,2289,959.00,441.04,34.03,74.60,0.5829,-1,-1,-1
157,2290,1305.33,430.71,32.21,114.26,0.5735,-1,-1,-1
157,2291,555.48,455.31,22.52,56.47,0.5260,-1,-1,-1
157,2292,1162.32,439.46,25.22,86.08,0.5040,-1,-1,-1
157,2293,416.84,466.24,40.78,103.47,0.4994,-1,-1,-1
157,2277,527.92,457.22,18.80,62.85,0.3524,-1,-1,-1
158,2294,729.10,432.39,116.01,342.36,0.8906,-1,-1,-1
158,2295,533.01,427.20,166.56,465.30,0.8816,-1,-1,-1
158,2296,843.03,447.17,79.82,281.77,0.8569,-1,-1,-1
158,2279,904.03,434.37,80.86,251.89,0.8364,-1,-1,-1
158,2297,1193.19,448.72,34.82,97.83,0.7919,-1,-1,-1
158,2298,663.97,442.53,71.95,347.62,0.7888,-1,-1,-1
158,2299,1131.98,451.87,32.37,91.19,0.7812,-1,-1,-1
158,2300,1006.04,448.85,28.64,74.87,0.7489,-1,-1,-1
158,2301,503.91,455.40,32.95,103.30,0.7005,-1,-1,-1
158,2243,1084.77,436.11,44.25,159.51,0.6413,-1,-1,-1
158,2302,413.30,467.49,44.34,103.12,0.6089,-1,-1,-1
158,2303,554.86,454.90,22.87,56.99,0.6068,-1,-1,-1
158,2304,468.67,456.15,33.24,119.31,0.6036,-1,-1,-1
158,2305,1305.35,430.63,33.72,114.65,0.5719,-1,-1,-1
158,2306,960.03,440.81,33.80,72.19,0.5044,-1,-1,-1
158,2307,1163.55,439.85,22.61,86.04,0.4336,-1,-1,-1
158,2308,528.59,457.50,18.32,55.83,0.3130,-1,-1,-1
159,2279,733.43,432.36,116.71,343.70,0.8910,-1,-1,-1
159,2309,531.56,423.56,166.40,469.58,0.8883,-1,-1,-1
159,2310,844.89,448.37,80.25,281.08,0.8431,-1,-1,-1
159,2311,666.22,442.86,74.88,347.29,0.8209,-1,-1,-1
159,2312,908.86,435.23,80.36,250.69,0.8204,-1,-1,-1
159,2313,1134.11,451.34,31.23,92.37,0.7719,-1,-1,-1
159,2314,1194.18,447.04,32.31,99.77,0.7661,-1,-1,-1
159,2315,1004.00,449.32,29.87,73.91,0.7499,-1,-1,-1
159,2316,1082.91,436.82,46.08,159.07,0.6866,-1,-1,-1
159,2317,503.54,455.90,32.65,104.45,0.6612,-1,-1,-1
159,2318,552.65,454.71,24.78,57.58,0.6398,-1,-1,-1
159,2319,416.01,468.56,41.51,102.18,0.5693,-1,-1,-1
159,2320,1163.94,439.50,23.01,86.28,0.5565,-1,-1,-1
159,2321,1305.40,430.52,33.26,113.60,0.4994,-1,-1,-1
159,2322,470.30,456.75,31.52,119.74,0.4709,-1,-1,-1
159,2323,372.23,444.56,29.98,64.53,0.4039,-1,-1,-1
159,2324,959.77,440.90,33.24,71.35,0.3447,-1,-1,-1
159,2325,528.60,457.47,18.63,55.64,0.3189,-1,-1,-1
160,2326,738.65,432.25,112.33,343.15,0.8995,-1,-1,-1
160,2327,529.96,422.61,167.56,470.64,0.8932,-1,-1,-1
160,2328,667.53,444.18,76.56,346.00,0.8640,-1,-1,-1
160,2329,845.99,449.09,80.95,279.77,0.8541,-1,-1,-1
160,2330,911.75,436.27,81.86,249.84,0.8052,-1,-1,-1
160,2331,1192.07,445.93,31.67,100.50,0.7613,-1,-1,-1
160,2332,1134.57,451.04,31.67,92.59,0.7530,-1,-1,-1
160,2315,1003.94,449.71,29.45,73.56,0.7374,-1,-1,-1
160,2333,1083.22,436.74,45.68,158.81,0.6609,-1,-1,-1
160,2334,469.31,457.50,32.87,118.30,0.6331,-1,-1,-1
160,2335,415.48,468.09,43.05,102.57,0.6247,-1,-1,-1
160,2336,504.54,455.85,32.22,102.39,0.6168,-1,-1,-1
160,2337,1305.24,430.45,33.64,114.56,0.5747,-1,-1,-1
160,2338,555.51,454.64,21.24,55.44,0.5567,-1,-1,-1
160,2339,372.41,444.57,29.14,64.16,0.4629,-1,-1,-1
160,2340,962.17,440.90,32.42,68.94,0.4624,-1,-1,-1
160,2341,1164.10,440.12,22.30,85.78,0.3396,-1,-1,-1
161,2342,528.14,422.62,169.77,470.42,0.8976,-1,-1,-1
161,2343,742.35,432.47,111.62,343.11,0.8868,-1,-1,-1
161,2344,847.02,448.60,83.03,280.23,0.8547,-1,-1,-1
161,2345,669.15,443.88,75.31,346.45,0.8502,-1,-1,-1
161,2346,1003.57,449.42,29.06,73.35,0.7225,-1,-1,-1
161,2347,413.89,467.54,44.50,103.42,0.6922,-1,-1,-1
161,2348,1189.37,443.26,32.31,102.99,0.6890,-1,-1,-1
161,2349,914.72,436.76,79.40,251.36,0.6796,-1,-1,-1
161,2227,1084.44,436.45,44.50,159.36,0.6518,-1,-1,-1
161,2350,1135.56,455.01,31.02,88.16,0.6515,-1,-1,-1
161,2351,468.53,458.11,32.82,118.02,0.6136,-1,-1,-1
161,2352,503.51,455.73,33.59,103.11,0.5486,-1,-1,-1
161,2353,1305.31,430.44,33.74,114.22,0.4715,-1,-1,-1
161,2354,556.61,454.26,19.65,54.43,0.4489,-1,-1,-1
161,2355,372.33,444.55,31.21,64.05,0.4462,-1,-1,-1
161,2356,966.10,441.21,29.29,69.66,0.3965,-1,-1,-1
161,2357,1164.62,440.22,21.85,85.65,0.3106,-1,-1,-1
162,2358,529.68,422.31,169.45,471.16,0.8939,-1,-1,-1
162,2359,744.88,433.29,110.47,342.23,0.8867,-1,-1,-1
162,2360,848.50,446.05,86.35,283.00,0.8708,-1,-1,-1
162,2361,917.13,438.92,81.05,252.48,0.8433,-1,-1,-1
162,2362,665.56,444.88,80.65,348.77,0.8246,-1,-1,-1
162,2363,1004.86,449.20,27.67,73.77,0.7527,-1,-1,-1
162,2364,503.55,455.68,34.36,103.32,0.6848,-1,-1,-1
162,2365,468.53,459.46,32.91,116.20,0.6500,-1,-1,-1
162,2366,1189.83,439.08,28.29,107.05,0.6355,-1,-1,-1
162,2367,1136.59,452.88,31.09,90.23,0.5908,-1,-1,-1
162,2368,413.81,467.54,42.70,102.64,0.5790,-1,-1,-1
162,2369,1082.85,435.41,46.12,159.25,0.5546,-1,-1,-1
162,2370,556.12,453.98,20.25,53.22,0.4767,-1,-1,-1
162,2371,1305.41,429.81,34.52,114.93,0.4494,-1,-1,-1
162,2372,969.28,440.93,25.79,68.10,0.4157,-1,-1,-1
162,2373,1165.23,439.75,21.54,85.70,0.3683,-1,-1,-1
162,2374,372.14,444.42,27.55,63.75,0.3590,-1,-1,-1
163,2358,529.60,422.92,173.30,471.11,0.9019,-1,-1,-1
163,2375,850.67,445.79,93.86,283.20,0.8869,-1,-1,-1
163,2376,747.71,433.38,109.91,342.28,0.8852,-1,-1,-1
163,2377,922.60,437.90,79.45,257.07,0.8222,-1,-1,-1
163,2378,666.68,445.82,76.72,350.93,0.7672,-1,-1,-1
163,2379,1003.39,448.97,28.76,73.62,0.7554,-1,-1,-1
163,2380,1189.28,444.73,28.67,101.69,0.7103,-1,-1,-1
163,2381,465.85,458.70,36.80,116.60,0.6918,-1,-1,-1
163,2382,414.26,467.02,43.87,103.12,0.6904,-1,-1,-1
163,2383,505.35,455.99,34.69,102.57,0.6642,-1,-1,-1
163,2384,1136.16,451.78,32.47,91.52,0.6310,-1,-1,-1
163,2385,1082.87,436.60,46.52,158.43,0.5340,-1,-1,-1
163,2386,553.07,454.19,24.22,50.31,0.5003,-1,-1,-1
163,2387,1305.68,430.26,33.76,114.09,0.4668,-1,-1,-1
163,2388,971.80,441.19,22.65,62.83,0.3113,-1,-1,-1
163,2389,1166.24,439.44,20.76,86.83,0.3097,-1,-1,-1
164,2390,529.51,423.46,176.14,471.32,0.9062,-1,-1,-1
164,2391,750.57,433.49,109.07,341.93,0.9013,-1,-1,-1
164,2392,852.99,446.56,100.45,282.86,0.8969,-1,-1,-1
164,2393,665.19,445.00,83.70,353.75,0.8341,-1,-1,-1
164,2394,924.20,438.12,84.93,256.34,0.8325,-1,-1,-1
164,2379,1003.85,449.10,28.08,73.61,0.7609,-1,-1,-1
164,2395,1185.72,446.74,32.29,99.74,0.6978,-1,-1,-1
164,2396,507.21,456.05,32.62,101.92,0.6769,-1,-1,-1
164,2397,465.58,457.85,35.84,118.49,0.6538,-1,-1,-1
164,2398,414.75,466.52,43.16,104.75,0.6378,-1,-1,-1
164,2399,1140.18,451.84,29.24,91.29,0.6253,-1,-1,-1
164,2400,1083.76,436.31,45.75,159.77,0.5573,-1,-1,-1
164,2401,1305.26,430.32,35.20,114.30,0.5032,-1,-1,-1
164,2402,553.80,454.00,23.14,53.04,0.4866,-1,-1,-1
164,2403,490.43,457.22,23.99,100.83,0.4407,-1,-1,-1
164,2404,372.55,444.45,28.32,64.36,0.4206,-1,-1,-1
164,2389,1166.09,439.65,20.06,85.70,0.3713,-1,-1,-1
164,2405,528.11,457.04,19.41,54.00,0.3022,-1,-1,-1
165,2406,855.16,444.71,112.05,285.33,0.8974,-1,-1,-1
165,2407,751.06,433.10,110.75,346.06,0.8951,-1,-1,-1
165,2408,529.36,421.83,185.48,475.55,0.8894,-1,-1,-1
165,2409,667.97,444.77,83.63,354.54,0.8570,-1,-1,-1
165,2410,926.87,437.80,75.27,257.10,0.8229,-1,-1,-1
165,2411,1004.04,448.64,27.63,74.08,0.7462,-1,-1,-1
165,2412,466.45,460.30,35.75,115.13,0.6896,-1,-1,-1
165,2413,506.99,455.22,33.50,103.70,0.6872,-1,-1,-1
165,2414,1184.87,448.19,33.26,98.55,0.6843,-1,-1,-1
165,2415,416.35,466.11,39.68,104.72,0.6324,-1,-1,-1
165,2416,552.94,454.27,23.84,55.80,0.5829,-1,-1,-1
165,2417,1140.16,444.02,29.39,99.63,0.5409,-1,-1,-1
165,2418,374.18,444.21,29.51,64.50,0.4727,-1,-1,-1
165,2419,1084.65,437.26,45.37,157.39,0.4702,-1,-1,-1
165,2420,1054.16,481.54,38.48,81.61,0.4012,-1,-1,-1
165,2421,528.32,456.49,18.21,54.57,0.3799,-1,-1,-1
165,2353,1306.95,430.17,32.09,114.81,0.3472,-1,-1,-1
165,2422,490.44,458.22,24.40,99.96,0.3150,-1,-1,-1
166,2423,857.39,444.62,115.50,285.77,0.9051,-1,-1,-1
166,2407,753.67,434.03,109.77,348.72,0.8942,-1,-1,-1
166,2424,529.33,423.25,191.30,476.98,0.8812,-1,-1,-1
166,2409,667.93,445.17,86.02,353.96,0.8616,-1,-1,-1
166,2425,928.91,436.39,79.81,257.71,0.8323,-1,-1,-1
166,2411,1004.74,448.34,26.89,74.04,0.7476,-1,-1,-1
166,2426,508.31,456.28,32.68,102.30,0.6793,-1,-1,-1
166,2427,1183.80,452.06,34.17,94.42,0.6503,-1,-1,-1
166,2428,468.03,459.67,35.37,115.65,0.6256,-1,-1,-1
166,2429,553.36,454.24,23.68,57.14,0.6153,-1,-1,-1
166,2430,419.20,466.60,36.93,104.56,0.5792,-1,-1,-1
166,2431,374.27,444.22,33.25,65.66,0.5691,-1,-1,-1
166,2432,1086.09,437.21,44.04,158.07,0.5685,-1,-1,-1
166,2433,1147.39,449.40,22.75,94.25,0.4603,-1,-1,-1
166,2434,1054.29,480.78,38.51,83.63,0.4224,-1,-1,-1
166,2435,1166.79,439.54,20.96,89.42,0.4153,-1,-1,-1
166,2436,488.28,457.64,28.08,100.72,0.3996,-1,-1,-1
166,2437,527.96,456.44,20.06,54.64,0.3556,-1,-1,-1
167,2407,858.84,445.69,122.70,284.39,0.9042,-1,-1,-1
167,2391,755.59,433.78,109.82,348.45,0.8895,-1,-1,-1
167,2438,529.61,424.51,200.15,474.13,0.8817,-1,-1,-1
167,2409,670.07,445.18,85.65,352.38,0.8557,-1,-1,-1
167,2425,932.31,434.21,76.38,260.20,0.8239,-1,-1,-1
167,2439,1005.07,448.49,25.52,74.06,0.7096,-1,-1,-1
167,2440,1181.77,449.95,36.05,96.97,0.6824,-1,-1,-1
167,2441,508.61,456.08,33.42,102.60,0.6710,-1,-1,-1
167,2442,468.57,460.09,33.78,115.57,0.6563,-1,-1,-1
167,2443,553.13,454.18,24.08,57.54,0.6333,-1,-1,-1
167,2444,416.72,466.47,39.41,104.62,0.6060,-1,-1,-1
167,2445,374.28,444.23,32.98,65.50,0.5717,-1,-1,-1
167,2446,1085.74,437.33,44.57,157.60,0.5651,-1,-1,-1
167,2447,1142.98,443.89,29.71,99.50,0.4841,-1,-1,-1
167,2434,1054.30,480.83,38.49,83.50,0.3703,-1,-1,-1
167,2448,527.92,456.42,19.33,54.91,0.3333,-1,-1,-1
168,2449,861.67,446.69,125.69,285.42,0.9113,-1,-1,-1
168,2450,532.70,423.53,203.38,472.75,0.8934,-1,-1,-1
168,2451,757.68,435.34,107.79,350.31,0.8860,-1,-1,-1
168,2452,933.12,432.35,75.72,261.88,0.8586,-1,-1,-1
168,2453,672.46,445.96,83.38,353.73,0.8428,-1,-1,-1
168,2454,1004.51,447.54,25.93,75.09,0.7846,-1,-1,-1
168,2455,469.96,461.56,32.00,113.77,0.7149,-1,-1,-1
168,2456,549.86,453.94,27.25,59.07,0.6432,-1,-1,-1
168,2457,1141.29,449.41,30.65,94.76,0.6297,-1,-1,-1
168,2458,1086.20,437.84,44.19,158.02,0.5806,-1,-1,-1
168,2459,374.04,444.35,35.37,65.17,0.5172,-1,-1,-1
168,2460,507.45,455.80,34.56,102.68,0.4999,-1,-1,-1
168,2461,1180.44,444.75,37.63,102.10,0.4991,-1,-1,-1
168,2447,1166.70,439.83,19.87,88.96,0.3915,-1,-1,-1
169,2462,863.07,447.18,127.31,286.09,0.9111,-1,-1,-1
169,2463,534.30,425.64,210.95,472.26,0.8981,-1,-1,-1
169,2464,758.79,435.45,106.85,351.91,0.8787,-1,-1,-1
169,2465,676.91,445.93,78.86,355.06,0.8587,-1,-1,-1
169,2466,936.70,433.02,72.16,261.17,0.8525,-1,-1,-1
169,2449,1005.38,447.72,23.73,75.27,0.7684,-1,-1,-1
169,2467,469.30,459.69,31.29,115.66,0.6814,-1,-1,-1
169,2468,548.78,453.85,28.19,58.64,0.6659,-1,-1,-1
169,2469,1145.15,446.46,27.28,97.75,0.5907,-1,-1,-1
169,2470,1174.38,451.75,41.71,95.06,0.5238,-1,-1,-1
169,2471,509.10,455.43,36.65,102.98,0.5157,-1,-1,-1
169,2472,1084.63,438.36,45.57,157.77,0.5139,-1,-1,-1
169,2473,1166.63,439.70,20.43,94.63,0.4505,-1,-1,-1
169,2474,579.72,456.78,31.20,39.41,0.4036,-1,-1,-1
170,2475,536.23,425.81,215.97,471.84,0.9033,-1,-1,-1
170,2476,866.66,448.01,124.07,287.19,0.9006,-1,-1,-1
170,2477,761.29,436.30,106.97,351.95,0.8916,-1,-1,-1
170,2478,939.24,432.10,71.89,262.11,0.8484,-1,-1,-1
170,2479,677.06,446.07,79.76,359.10,0.8436,-1,-1,-1
170,2480,1005.13,447.59,22.69,75.40,0.7560,-1,-1,-1
170,2467,469.14,460.54,31.61,114.82,0.6860,-1,-1,-1
170,2474,549.57,453.72,26.98,62.09,0.5909,-1,-1,-1
170,2481,489.37,457.78,26.42,98.79,0.5612,-1,-1,-1
170,2482,508.00,455.69,36.43,101.86,0.5544,-1,-1,-1
170,2483,1084.04,438.18,46.31,157.49,0.5498,-1,-1,-1
170,2484,1174.16,448.66,38.24,98.60,0.5224,-1,-1,-1
170,2485,579.29,456.91,36.38,41.23,0.4712,-1,-1,-1
170,2486,1146.63,449.08,26.33,94.84,0.4108,-1,-1,-1
170,2182,373.16,444.24,32.19,62.51,0.3268,-1,-1,-1
171,2487,870.01,448.69,122.92,288.13,0.9101,-1,-1,-1
171,2488,538.81,425.93,221.02,473.07,0.9054,-1,-1,-1
171,2489,761.00,436.35,110.19,353.95,0.8886,-1,-1,-1
171,2490,682.94,445.50,78.80,361.68,0.8479,-1,-1,-1
171,2491,943.27,431.60,73.05,263.16,0.8458,-1,-1,-1
171,2492,1169.73,449.77,42.98,97.27,0.7343,-1,-1,-1
171,2493,469.50,460.90,30.64,114.44,0.7075,-1,-1,-1
171,2494,1005.21,447.55,23.53,75.78,0.7027,-1,-1,-1
171,2495,578.14,456.42,36.49,44.82,0.6544,-1,-1,-1
171,2496,549.62,454.46,26.38,67.83,0.6142,-1,-1,-1
171,2497,1083.96,437.95,46.35,157.62,0.5975,-1,-1,-1
171,2498,490.86,458.41,26.37,98.97,0.5584,-1,-1,-1
171,2499,508.12,455.61,35.87,102.91,0.5297,-1,-1,-1
171,2500,1146.95,443.90,25.37,99.66,0.3981,-1,-1,-1
172,2501,539.69,429.06,222.38,471.42,0.9058,-1,-1,-1
172,2502,873.09,448.11,117.88,291.23,0.8973,-1,-1,-1
172,2503,764.14,436.33,108.25,357.45,0.8775,-1,-1,-1
172,2504,683.59,446.04,80.10,367.93,0.8651,-1,-1,-1
172,2505,943.92,430.65,79.45,262.87,0.8583,-1,-1,-1
172,2506,1166.38,449.03,43.61,98.09,0.7182,-1,-1,-1
172,2493,469.34,461.34,30.51,114.83,0.7036,-1,-1,-1
172,2507,550.03,454.69,26.29,68.47,0.6885,-1,-1,-1
172,2508,489.90,458.15,27.38,98.09,0.6745,-1,-1,-1
172,2509,1005.31,447.81,23.25,75.03,0.6621,-1,-1,-1
172,2510,577.51,455.35,38.19,48.59,0.6402,-1,-1,-1
172,2511,509.58,456.29,36.46,103.19,0.6368,-1,-1,-1
172,2512,1146.51,463.51,25.02,79.51,0.5531,-1,-1,-1
172,2494,1166.49,439.59,20.11,98.82,0.4208,-1,-1,-1
172,2131,374.34,444.25,34.30,64.82,0.3982,-1,-1,-1
172,2513,1083.17,440.54,47.03,155.83,0.3576,-1,-1,-1
173,2514,541.84,428.60,223.14,475.96,0.9111,-1,-1,-1
173,2515,874.23,447.32,117.66,292.73,0.8999,-1,-1,-1
173,2516,765.21,436.62,112.17,356.16,0.8715,-1,-1,-1
173,2517,948.07,430.73,79.86,262.78,0.8429,-1,-1,-1
173,2518,685.34,445.20,64.41,368.03,0.7716,-1,-1,-1
173,2506,1167.52,445.97,41.05,101.78,0.7691,-1,-1,-1
173,2498,490.63,457.74,27.37,98.22,0.7176,-1,-1,-1
173,2519,509.95,456.11,36.18,103.62,0.7150,-1,-1,-1
173,2520,577.41,451.99,41.14,55.97,0.6859,-1,-1,-1
173,2521,469.56,461.13,29.75,114.38,0.6858,-1,-1,-1
173,2522,550.54,455.40,24.32,66.50,0.6277,-1,-1,-1
173,2523,1082.42,452.17,46.82,144.54,0.4784,-1,-1,-1
173,2524,1147.09,465.83,24.10,76.27,0.4074,-1,-1,-1
173,2525,416.61,467.01,39.46,102.81,0.4049,-1,-1,-1
173,2526,374.77,444.35,34.44,64.54,0.3074,-1,-1,-1
174,2527,546.10,428.31,220.60,477.67,0.9107,-1,-1,-1
174,2515,875.91,447.04,116.44,293.17,0.9016,-1,-1,-1
174,2516,766.04,437.55,115.09,356.66,0.8834,-1,-1,-1
174,2528,950.77,430.83,78.33,261.47,0.8697,-1,-1,-1
174,2529,687.62,444.46,74.93,368.92,0.7607,-1,-1,-1
174,2530,1165.11,449.20,43.12,98.62,0.7575,-1,-1,-1
174,2519,509.88,455.69,36.54,103.90,0.7539,-1,-1,-1
174,2531,490.80,457.65,27.38,97.84,0.7162,-1,-1,-1
174,2532,470.00,461.65,29.54,113.88,0.6823,-1,-1,-1
174,2533,551.20,455.44,23.12,66.91,0.6680,-1,-1,-1
174,2534,576.77,454.54,44.48,57.80,0.6342,-1,-1,-1
174,2535,934.63,440.25,28.24,54.76,0.5168,-1,-1,-1
174,2536,416.58,467.08,39.11,102.59,0.4347,-1,-1,-1
174,2537,1083.37,451.95,46.36,144.52,0.3551,-1,-1,-1
174,2538,1148.26,467.35,24.42,76.62,0.3292,-1,-1,-1
174,2539,1307.57,430.97,30.89,114.20,0.3126,-1,-1,-1
175,2530,550.55,428.17,222.13,480.93,0.9318,-1,-1,-1
175,2540,877.72,447.03,111.90,291.86,0.8943,-1,-1,-1
175,2516,767.06,437.41,112.01,364.39,0.8745,-1,-1,-1
175,2541,955.04,432.07,80.81,261.35,0.8669,-1,-1,-1
175,2529,693.22,444.57,75.00,368.43,0.7963,-1,-1,-1
175,2542,509.58,455.37,37.25,104.39,0.7734,-1,-1,-1
175,2543,1166.14,448.62,41.48,99.43,0.7596,-1,-1,-1
175,2544,490.42,458.04,28.30,98.14,0.7216,-1,-1,-1
175,2545,470.47,461.70,28.71,113.82,0.6968,-1,-1,-1
175,2546,550.21,455.84,23.61,67.01,0.5946,-1,-1,-1
175,2547,418.00,467.84,36.49,102.19,0.4753,-1,-1,-1
175,2548,1085.24,441.19,46.63,155.18,0.4541,-1,-1,-1
175,2549,373.27,444.44,29.52,63.56,0.4261,-1,-1,-1
175,2550,938.71,440.58,24.85,54.48,0.3985,-1,-1,-1
175,2551,574.15,452.06,41.74,77.53,0.3773,-1,-1,-1
176,2552,555.19,427.04,217.01,484.76,0.9109,-1,-1,-1
176,2540,879.32,446.33,110.82,293.05,0.8925,-1,-1,-1
176,2553,957.70,431.32,91.64,261.84,0.8796,-1,-1,-1
176,2554,772.81,438.79,107.49,363.93,0.8708,-1,-1,-1
176,2555,1164.30,448.89,43.02,98.97,0.7409,-1,-1,-1
176,2556,509.47,455.89,36.47,103.97,0.7186,-1,-1,-1
176,2557,470.49,461.96,29.06,114.07,0.7122,-1,-1,-1
176,2544,490.37,458.35,28.32,98.29,0.7081,-1,-1,-1
176,2558,551.27,455.40,22.77,66.92,0.6702,-1,-1,-1
176,2559,572.32,454.48,46.97,86.18,0.5719,-1,-1,-1
176,2560,417.07,467.54,38.04,102.41,0.5081,-1,-1,-1
176,2561,704.54,443.45,64.91,369.81,0.4820,-1,-1,-1
176,2562,571.02,460.75,20.89,41.59,0.3069,-1,-1,-1
177,2552,559.17,428.44,212.68,484.17,0.9046,-1,-1,-1
177,2554,881.47,446.67,110.39,293.79,0.8949,-1,-1,-1
177,2563,772.42,438.50,108.09,364.29,0.8789,-1,-1,-1
177,2564,959.85,431.79,96.14,263.52,0.8716,-1,-1,-1
177,2565,1163.93,448.84,42.39,98.45,0.7691,-1,-1,-1
177,2566,510.05,455.85,36.50,104.70,0.7273,-1,-1,-1
177,2567,550.28,455.25,23.89,66.88,0.7237,-1,-1,-1
177,2557,470.33,461.78,29.13,114.40,0.7031,-1,-1,-1
177,2568,415.50,467.27,38.27,103.27,0.6798,-1,-1,-1
177,2569,490.97,458.60,27.63,97.54,0.6653,-1,-1,-1
177,2570,572.18,453.99,54.44,87.68,0.6358,-1,-1,-1
177,2571,708.75,444.13,65.86,368.72,0.4713,-1,-1,-1
177,2572,1151.65,458.66,19.50,86.49,0.3781,-1,-1,-1
177,2539,1307.45,431.44,31.68,113.78,0.3651,-1,-1,-1
177,2573,372.70,444.30,29.88,64.98,0.3370,-1,-1,-1
177,2574,1085.35,441.67,47.56,153.52,0.3107,-1,-1,-1
177,2562,571.63,460.77,19.56,40.68,0.3060,-1,-1,-1
178,2564,565.51,427.57,208.52,486.65,0.8963,-1,-1,-1
178,2575,965.85,430.80,97.89,265.08,0.8879,-1,-1,-1
178,2576,887.22,444.40,106.91,296.34,0.8848,-1,-1,-1
178,2577,774.67,437.84,106.08,365.14,0.8741,-1,-1,-1
178,2578,1160.53,447.24,45.04,100.86,0.7415,-1,-1,-1
178,2566,509.20,455.28,37.32,104.52,0.7360,-1,-1,-1
178,2579,549.99,455.13,23.45,66.90,0.7237,-1,-1,-1
178,2580,490.50,458.54,27.88,99.83,0.6824,-1,-1,-1
178,2581,469.61,461.35,30.04,114.40,0.6747,-1,-1,-1
178,2562,416.27,467.12,39.37,103.41,0.6118,-1,-1,-1
178,2582,570.09,456.40,44.83,90.89,0.5296,-1,-1,-1
178,2583,1305.46,430.01,33.18,114.17,0.4135,-1,-1,-1
178,2584,371.46,444.22,35.46,65.54,0.3872,-1,-1,-1
179,2585,970.91,431.89,99.41,264.67,0.8996,-1,-1,-1
179,2586,891.85,444.35,103.74,296.09,0.8889,-1,-1,-1
179,2587,572.35,426.25,201.15,488.35,0.8846,-1,-1,-1
179,2588,775.84,437.55,106.61,365.40,0.8774,-1,-1,-1
179,2578,1161.51,447.84,40.71,99.57,0.7559,-1,-1,-1
179,2589,509.03,454.95,37.08,105.09,0.7529,-1,-1,-1
179,2590,415.12,466.27,39.11,104.43,0.7388,-1,-1,-1
179,2582,489.05,458.47,28.85,99.27,0.6718,-1,-1,-1
179,2591,549.99,454.29,23.35,68.16,0.6621,-1,-1,-1
179,2592,569.82,456.66,52.87,95.80,0.6564,-1,-1,-1
179,2593,467.99,460.76,31.74,114.76,0.5990,-1,-1,-1
179,2594,1304.85,430.77,33.81,113.57,0.3856,-1,-1,-1
179,2595,1083.23,458.68,43.70,138.17,0.3627,-1,-1,-1
179,2596,1153.40,439.92,25.73,99.19,0.3358,-1,-1,-1
179,2355,371.31,444.39,32.16,64.02,0.3016,-1,-1,-1
180,2597,578.00,424.84,197.95,489.22,0.8872,-1,-1,-1
180,2598,971.99,434.81,101.04,263.51,0.8796,-1,-1,-1
180,2599,896.70,443.98,101.87,297.29,0.8758,-1,-1,-1
180,2588,777.82,437.21,106.11,366.28,0.8711,-1,-1,-1
180,2600,508.76,455.43,37.69,104.77,0.7401,-1,-1,-1
180,2601,415.41,467.21,39.50,103.85,0.7369,-1,-1,-1
180,2602,1158.69,447.70,42.15,100.05,0.6992,-1,-1,-1
180,2603,570.29,456.35,40.73,104.36,0.6778,-1,-1,-1
180,2604,488.67,457.98,27.56,100.70,0.6689,-1,-1,-1
180,2605,465.29,459.95,34.71,115.97,0.6253,-1,-1,-1
180,2606,549.59,455.22,22.82,65.28,0.5328,-1,-1,-1
180,2607,1155.83,438.39,25.11,102.64,0.3223,-1,-1,-1
181,2608,578.42,422.63,196.01,492.76,0.8910,-1,-1,-1
181,2609,973.78,433.98,100.30,266.08,0.8778,-1,-1,-1
181,2610,903.79,444.78,94.88,295.56,0.8751,-1,-1,-1
181,2588,779.85,436.24,107.76,366.81,0.8511,-1,-1,-1
181,2611,1157.48,448.06,41.85,99.61,0.7412,-1,-1,-1
181,2612,416.35,467.26,38.45,103.68,0.7297,-1,-1,-1
181,2613,508.25,455.38,34.23,104.09,0.7251,-1,-1,-1
181,2614,489.42,457.99,26.43,100.66,0.6999,-1,-1,-1
181,2615,569.84,458.38,42.81,104.75,0.6813,-1,-1,-1
181,2616,466.12,461.28,34.05,114.04,0.6365,-1,-1,-1
181,2617,549.34,455.23,23.02,65.67,0.5514,-1,-1,-1
181,2618,975.70,442.28,21.74,38.47,0.3687,-1,-1,-1
181,2290,1305.74,431.04,30.76,113.36,0.3177,-1,-1,-1
182,2619,586.24,423.52,187.68,492.09,0.8990,-1,-1,-1
182,2620,909.71,442.35,92.29,298.54,0.8866,-1,-1,-1
182,2621,781.86,434.21,106.92,368.88,0.8593,-1,-1,-1
182,2622,977.34,436.29,96.55,267.13,0.8318,-1,-1,-1
182,2623,509.43,455.64,34.77,104.33,0.7518,-1,-1,-1
182,2624,1156.92,449.41,38.06,98.29,0.7305,-1,-1,-1
182,2625,416.45,467.15,36.61,103.55,0.6968,-1,-1,-1
182,2626,568.88,458.28,54.34,116.37,0.6761,-1,-1,-1
182,2627,491.74,457.99,24.28,100.54,0.6748,-1,-1,-1
182,2628,549.15,454.65,23.65,66.62,0.6503,-1,-1,-1
182,2629,465.53,460.48,35.13,114.75,0.4006,-1,-1,-1
182,2630,975.49,442.11,28.81,45.29,0.3179,-1,-1,-1
183,2631,588.96,423.16,187.98,491.29,0.9085,-1,-1,-1
183,2632,784.24,433.90,111.26,369.37,0.8837,-1,-1,-1
183,2633,916.45,441.85,87.86,300.54,0.8831,-1,-1,-1
183,2634,978.46,429.48,97.53,274.59,0.8407,-1,-1,-1
183,2635,569.48,458.99,54.60,131.59,0.7586,-1,-1,-1
183,2636,509.41,454.84,34.86,105.50,0.7335,-1,-1,-1
183,2637,549.07,454.82,23.62,65.92,0.7301,-1,-1,-1
183,2638,416.20,467.42,36.88,103.04,0.7109,-1,-1,-1
183,2639,1156.86,442.52,35.60,104.33,0.6924,-1,-1,-1
183,2640,491.02,458.54,25.86,100.78,0.6626,-1,-1,-1
183,2641,975.46,442.56,31.89,51.07,0.4768,-1,-1,-1
183,2642,464.97,461.22,34.56,114.18,0.3544,-1,-1,-1
183,2594,1303.17,430.78,34.47,113.87,0.3196,-1,-1,-1
184,2639,596.44,420.89,184.95,493.88,0.9137,-1,-1,-1
184,2643,919.45,442.68,88.49,304.27,0.8846,-1,-1,-1
184,2644,785.54,433.18,109.54,369.80,0.8815,-1,-1,-1
184,2632,983.17,434.92,93.85,268.88,0.8141,-1,-1,-1
184,2645,1154.16,440.83,38.82,106.38,0.7795,-1,-1,-1
184,2646,509.58,454.99,34.16,105.34,0.7350,-1,-1,-1
184,2647,548.99,454.60,24.20,66.56,0.7307,-1,-1,-1
184,2648,416.45,467.59,36.42,103.00,0.7030,-1,-1,-1
184,2649,489.62,458.23,27.69,100.29,0.6557,-1,-1,-1
184,2650,568.92,458.43,55.93,135.28,0.6501,-1,-1,-1
184,2651,464.43,476.70,33.88,99.42,0.5359,-1,-1,-1
184,2652,977.32,442.69,31.71,56.59,0.4694,-1,-1,-1
185,2653,603.00,421.65,179.16,493.12,0.9091,-1,-1,-1
185,2654,786.77,433.56,109.43,369.72,0.8803,-1,-1,-1
185,2655,923.36,443.36,85.65,307.12,0.8765,-1,-1,-1
185,2656,981.34,435.60,97.86,268.66,0.8071,-1,-1,-1
185,2657,568.46,458.36,57.43,142.87,0.7745,-1,-1,-1
185,2658,549.06,454.69,23.66,66.11,0.7477,-1,-1,-1
185,2659,510.05,455.31,33.64,105.20,0.7429,-1,-1,-1
185,2660,415.74,467.33,38.37,103.31,0.7135,-1,-1,-1
185,2661,491.58,457.43,25.86,100.25,0.6815,-1,-1,-1
185,2662,1153.96,449.68,37.57,98.16,0.6242,-1,-1,-1
185,2663,1300.55,430.79,37.27,114.04,0.3810,-1,-1,-1
185,2664,463.44,461.47,35.25,113.62,0.3752,-1,-1,-1
185,2632,980.91,442.52,28.46,53.83,0.3344,-1,-1,-1
186,2665,606.04,422.71,177.46,492.93,0.9017,-1,-1,-1
186,2666,788.62,433.73,109.00,368.71,0.8937,-1,-1,-1
186,2667,926.86,444.94,86.43,307.70,0.8670,-1,-1,-1
186,2654,988.25,433.65,94.95,270.54,0.8284,-1,-1,-1
186,2668,567.78,458.20,59.59,149.59,0.7899,-1,-1,-1
186,2669,1152.15,440.35,50.37,107.10,0.7751,-1,-1,-1
186,2670,549.22,454.66,24.11,66.74,0.7525,-1,-1,-1
186,2658,416.10,467.38,36.24,103.36,0.7219,-1,-1,-1
186,2636,509.53,454.84,34.95,105.86,0.6759,-1,-1,-1
186,2671,491.02,457.36,26.60,99.16,0.6265,-1,-1,-1
186,2672,465.09,462.72,34.20,112.97,0.5920,-1,-1,-1
186,2673,1100.10,437.57,34.00,154.32,0.3580,-1,-1,-1
186,2674,1302.98,430.67,35.49,114.29,0.3499,-1,-1,-1
186,2675,659.64,463.72,19.63,30.68,0.3332,-1,-1,-1
187,2666,610.32,422.12,175.56,494.57,0.8895,-1,-1,-1
187,2676,790.20,433.51,108.20,369.20,0.8794,-1,-1,-1
187,2658,929.51,444.88,84.37,308.97,0.8748,-1,-1,-1
187,2654,993.97,431.77,89.81,273.00,0.8385,-1,-1,-1
187,2677,1151.57,440.56,53.84,107.02,0.8254,-1,-1,-1
187,2678,567.85,458.17,59.55,152.98,0.7754,-1,-1,-1
187,2679,548.77,454.65,24.54,66.80,0.7582,-1,-1,-1
187,2648,416.26,467.37,35.52,103.39,0.7088,-1,-1,-1
187,2680,490.91,457.32,27.22,100.77,0.6824,-1,-1,-1
187,2681,510.10,454.87,34.18,105.57,0.6709,-1,-1,-1
187,2682,464.25,462.59,34.48,112.69,0.6200,-1,-1,-1
187,2683,659.63,463.89,21.12,31.53,0.4392,-1,-1,-1
188,2684,791.42,432.81,111.21,369.83,0.8902,-1,-1,-1
188,2685,933.50,444.70,91.37,305.71,0.8867,-1,-1,-1
188,2686,615.40,419.59,171.82,500.55,0.8765,-1,-1,-1
188,2676,999.40,433.07,85.14,271.31,0.8455,-1,-1,-1
188,2687,1152.49,444.31,51.22,103.65,0.7724,-1,-1,-1
188,2688,567.99,458.48,60.51,157.04,0.7703,-1,-1,-1
188,2681,548.77,454.81,24.70,66.45,0.7616,-1,-1,-1
188,2689,510.18,455.17,33.04,104.79,0.7089,-1,-1,-1
188,2690,490.39,457.35,27.92,100.53,0.7060,-1,-1,-1
188,2691,417.25,467.13,34.99,103.68,0.6946,-1,-1,-1
188,2682,464.13,462.28,33.82,112.69,0.5732,-1,-1,-1
188,2692,659.38,463.90,21.96,32.40,0.4627,-1,-1,-1
188,2654,1099.18,435.68,35.32,158.54,0.4411,-1,-1,-1
189,2693,937.52,445.25,97.45,304.62,0.8864,-1,-1,-1
189,2694,793.45,432.19,111.38,371.06,0.8732,-1,-1,-1
189,2695,618.83,416.64,171.15,513.25,0.8593,-1,-1,-1
189,2696,1005.02,432.77,79.98,272.13,0.8457,-1,-1,-1
189,2697,567.74,455.76,60.69,159.60,0.7843,-1,-1,-1
189,2698,1151.57,441.35,54.24,106.23,0.7451,-1,-1,-1
189,2699,548.92,455.25,24.86,65.96,0.7423,-1,-1,-1
189,2700,417.31,467.50,35.51,103.26,0.6962,-1,-1,-1
189,2659,510.49,454.80,33.70,106.47,0.6612,-1,-1,-1
189,2701,490.98,457.20,27.25,101.57,0.6480,-1,-1,-1
189,2682,463.85,463.40,34.32,112.05,0.6080,-1,-1,-1
189,2702,1098.54,435.87,36.54,107.00,0.5246,-1,-1,-1
189,2676,1081.70,481.53,41.96,116.65,0.4142,-1,-1,-1
189,2692,659.52,463.78,21.62,35.15,0.4078,-1,-1,-1
190,2703,796.22,431.96,111.33,370.59,0.8849,-1,-1,-1
190,2704,941.52,445.21,106.31,305.47,0.8841,-1,-1,-1
190,2705,1006.71,431.46,81.01,273.39,0.8378,-1,-1,-1
190,2706,567.24,454.48,57.80,160.61,0.8344,-1,-1,-1
190,2707,620.56,417.84,172.66,520.28,0.8276,-1,-1,-1
190,2708,548.72,456.04,24.66,64.94,0.7643,-1,-1,-1
190,2709,510.96,454.79,33.64,105.61,0.6706,-1,-1,-1
190,2710,1099.37,436.71,36.16,107.53,0.6700,-1,-1,-1
190,2711,490.75,457.22,28.18,100.11,0.6323,-1,-1,-1
190,2712,1152.29,439.60,53.57,108.19,0.5761,-1,-1,-1
190,2713,463.98,462.57,33.56,112.57,0.4967,-1,-1,-1
190,2714,419.39,470.28,32.78,100.52,0.4923,-1,-1,-1
190,2715,659.99,463.54,21.67,35.98,0.4560,-1,-1,-1
190,2699,611.18,460.69,14.67,37.95,0.3889,-1,-1,-1
190,2716,1081.24,483.66,42.56,112.81,0.3138,-1,-1,-1
191,2717,944.44,446.38,107.60,304.19,0.8927,-1,-1,-1
191,2718,797.65,431.40,108.08,370.89,0.8732,-1,-1,-1
191,2719,565.86,453.89,58.87,161.12,0.8340,-1,-1,-1
191,2720,628.33,417.99,167.46,528.12,0.8138,-1,-1,-1
191,2721,548.33,455.81,25.00,65.08,0.7316,-1,-1,-1
191,2722,1007.98,431.38,82.66,274.09,0.7281,-1,-1,-1
191,2723,1099.40,436.52,36.09,108.13,0.7044,-1,-1,-1
191,2724,490.08,457.38,28.12,101.90,0.6806,-1,-1,-1
191,2709,462.99,462.32,33.83,112.68,0.6177,-1,-1,-1
191,2725,510.49,455.10,34.78,105.35,0.5756,-1,-1,-1
191,2726,421.33,471.08,34.04,99.37,0.5754,-1,-1,-1
191,2727,1152.23,439.38,53.35,108.09,0.5192,-1,-1,-1
191,2728,659.89,463.76,21.68,38.02,0.4619,-1,-1,-1
191,2729,1302.03,429.75,36.86,115.02,0.3002,-1,-1,-1
192,2730,945.35,443.63,110.53,308.79,0.8963,-1,-1,-1
192,2731,799.21,431.22,110.55,370.44,0.8839,-1,-1,-1
192,2732,565.43,454.00,59.41,160.86,0.8413,-1,-1,-1
192,2733,1008.26,431.82,111.42,273.36,0.8261,-1,-1,-1
192,2734,489.09,457.52,29.21,101.62,0.7391,-1,-1,-1
192,2735,628.66,418.18,172.58,535.94,0.7313,-1,-1,-1
192,2736,1147.35,440.72,38.33,107.26,0.7170,-1,-1,-1
192,2737,1098.92,436.97,36.40,107.39,0.6928,-1,-1,-1
192,2738,460.70,463.49,35.94,112.79,0.6927,-1,-1,-1
192,2739,548.92,456.05,24.43,65.37,0.6490,-1,-1,-1
192,2740,420.21,467.95,34.73,102.98,0.6334,-1,-1,-1
192,2741,511.21,454.68,34.44,106.10,0.6278,-1,-1,-1
192,2719,659.75,463.90,21.61,40.08,0.4474,-1,-1,-1
192,2742,1301.73,430.31,35.73,114.38,0.4029,-1,-1,-1
193,2699,945.96,444.81,111.33,311.63,0.8976,-1,-1,-1
193,2743,801.30,431.14,110.17,369.90,0.8843,-1,-1,-1
193,2744,1013.24,433.06,106.87,271.36,0.8402,-1,-1,-1
193,2745,565.43,453.34,59.28,161.55,0.8103,-1,-1,-1
193,2746,1146.08,441.42,38.79,106.65,0.7433,-1,-1,-1
193,2747,489.29,457.28,28.12,102.14,0.7244,-1,-1,-1
193,2748,548.03,456.19,24.95,64.94,0.7087,-1,-1,-1
193,2749,1099.36,436.70,36.21,107.59,0.6901,-1,-1,-1
193,2750,419.06,468.42,35.78,102.01,0.6597,-1,-1,-1
193,2751,461.49,464.03,34.07,111.59,0.6549,-1,-1,-1
193,2752,683.08,495.01,97.33,464.81,0.5750,-1,-1,-1
193,2753,510.04,454.93,35.54,105.19,0.5123,-1,-1,-1
193,2719,659.74,463.76,21.83,44.96,0.4582,-1,-1,-1
193,2754,632.73,417.87,174.27,405.85,0.4119,-1,-1,-1
193,2755,1300.54,430.57,36.52,114.18,0.4096,-1,-1,-1
193,2756,1179.95,451.24,27.22,95.01,0.3214,-1,-1,-1
194,2730,946.76,446.61,113.28,310.00,0.8968,-1,-1,-1
194,2757,803.24,431.88,118.01,371.61,0.8889,-1,-1,-1
194,2758,1020.07,430.88,100.89,276.39,0.8425,-1,-1,-1
194,2759,565.24,454.99,61.53,159.93,0.8256,-1,-1,-1
194,2760,1145.40,444.93,36.83,103.32,0.7440,-1,-1,-1
194,2761,634.59,417.43,165.88,545.73,0.7409,-1,-1,-1
194,2762,488.40,457.35,29.01,102.10,0.6808,-1,-1,-1
194,2699,1100.12,436.06,35.60,112.10,0.6798,-1,-1,-1
194,2763,460.61,464.51,34.93,111.00,0.6779,-1,-1,-1
194,2764,548.45,456.21,24.68,64.88,0.6720,-1,-1,-1
194,2765,421.61,472.45,33.50,97.85,0.5734,-1,-1,-1
194,2766,1171.01,453.85,35.99,92.68,0.5154,-1,-1,-1
194,2767,509.87,454.84,35.56,103.62,0.4578,-1,-1,-1
194,2768,659.84,463.62,20.78,49.06,0.4418,-1,-1,-1
194,2769,1301.28,429.95,35.95,114.96,0.4265,-1,-1,-1
194,2770,371.10,444.91,32.50,64.41,0.3381,-1,-1,-1
195,2719,946.94,447.77,117.22,312.85,0.9040,-1,-1,-1
195,2771,806.77,432.36,125.60,371.87,0.8931,-1,-1,-1
195,2772,566.16,452.67,58.88,161.80,0.8340,-1,-1,-1
195,2773,1021.58,431.63,92.13,280.99,0.8034,-1,-1,-1
195,2774,458.82,464.79,37.33,111.34,0.7880,-1,-1,-1
195,2775,487.07,457.36,30.29,101.69,0.7291,-1,-1,-1
195,2776,1099.53,436.42,36.36,110.88,0.7011,-1,-1,-1
195,2777,416.30,467.40,36.15,103.08,0.6793,-1,-1,-1
195,2778,1144.78,443.80,36.14,104.37,0.6520,-1,-1,-1
195,2779,548.62,455.90,23.91,65.41,0.6048,-1,-1,-1
195,2780,659.91,463.69,22.29,55.14,0.4832,-1,-1,-1
195,2781,637.80,415.69,174.59,404.77,0.4248,-1,-1,-1
195,2782,960.55,444.22,23.76,68.62,0.4058,-1,-1,-1
195,2783,512.04,454.69,33.67,104.28,0.3798,-1,-1,-1
195,2784,1300.74,429.91,36.53,115.21,0.3396,-1,-1,-1
196,2785,807.64,432.72,137.59,371.71,0.8987,-1,-1,-1
196,2786,949.13,447.09,115.38,314.57,0.8987,-1,-1,-1
196,2787,1025.27,431.51,94.99,280.92,0.8497,-1,-1,-1
196,2788,566.58,454.64,61.43,160.53,0.8238,-1,-1,-1
196,2789,1144.10,449.52,33.16,99.11,0.7724,-1,-1,-1
196,2790,641.50,416.55,170.98,546.08,0.7512,-1,-1,-1
196,2791,487.04,457.79,30.36,101.62,0.7193,-1,-1,-1
196,2792,1099.19,437.18,37.12,110.26,0.7080,-1,-1,-1
196,2793,459.88,464.36,35.68,111.66,0.6795,-1,-1,-1
196,2794,416.10,466.66,39.35,104.51,0.6542,-1,-1,-1
196,2795,549.08,455.78,23.95,66.00,0.6457,-1,-1,-1
196,2796,659.89,463.74,21.85,63.68,0.6113,-1,-1,-1
196,2797,1174.94,450.84,31.60,95.51,0.5133,-1,-1,-1
196,2798,370.75,444.82,33.14,64.92,0.5049,-1,-1,-1
196,2799,511.12,454.84,33.93,103.78,0.3902,-1,-1,-1
196,2800,1300.46,430.34,35.73,114.83,0.3821,-1,-1,-1
196,2801,960.11,445.08,25.48,68.48,0.3118,-1,-1,-1
197,2802,812.58,433.41,142.21,370.87,0.9113,-1,-1,-1
197,2803,952.02,447.00,112.96,314.57,0.8943,-1,-1,-1
197,2804,1027.85,431.34,94.15,281.91,0.8587,-1,-1,-1
197,2805,567.38,453.93,60.81,160.89,0.8183,-1,-1,-1
197,2806,643.97,418.68,170.73,546.53,0.7804,-1,-1,-1
197,2807,1144.46,449.70,33.48,98.96,0.7677,-1,-1,-1
197,2808,486.41,457.62,30.79,100.63,0.7050,-1,-1,-1
197,2809,1101.33,436.60,35.09,113.51,0.6797,-1,-1,-1
197,2810,1179.20,451.70,31.31,94.52,0.6641,-1,-1,-1
197,2811,548.92,455.99,23.76,64.87,0.6622,-1,-1,-1
197,2812,659.90,463.94,22.26,64.79,0.6120,-1,-1,-1
197,2813,370.99,444.85,31.96,64.74,0.5528,-1,-1,-1
197,2814,418.43,468.75,35.08,102.07,0.5514,-1,-1,-1
197,2815,460.05,464.19,34.23,112.27,0.4791,-1,-1,-1
197,2816,512.46,455.35,32.33,61.85,0.3783,-1,-1,-1
198,2817,815.31,434.79,148.29,369.58,0.9155,-1,-1,-1
198,2818,958.52,445.04,106.25,316.85,0.8897,-1,-1,-1
198,2819,1033.32,431.45,93.90,282.49,0.8847,-1,-1,-1
198,2820,568.10,455.89,65.67,159.04,0.8294,-1,-1,-1
198,2821,648.71,417.22,165.57,543.38,0.7882,-1,-1,-1
198,2822,1144.30,446.86,31.91,101.86,0.7480,-1,-1,-1
198,2823,1101.74,436.65,34.79,111.42,0.7222,-1,-1,-1
198,2824,549.33,455.85,22.17,64.13,0.6775,-1,-1,-1
198,2825,487.74,457.65,29.43,102.12,0.6631,-1,-1,-1
198,2826,660.35,463.79,23.74,69.67,0.6458,-1,-1,-1
198,2827,460.58,465.38,33.63,110.31,0.5914,-1,-1,-1
198,2828,1183.06,452.57,23.75,93.45,0.5159,-1,-1,-1
198,2829,419.59,468.48,36.45,102.84,0.4992,-1,-1,-1
198,2830,966.13,445.88,27.54,74.10,0.4969,-1,-1,-1
198,2831,373.60,444.88,28.60,64.02,0.4191,-1,-1,-1
198,2832,512.57,455.48,32.03,91.40,0.3806,-1,-1,-1
199,2824,815.36,433.82,155.81,372.26,0.9079,-1,-1,-1
199,2833,1038.22,432.36,92.85,282.94,0.8703,-1,-1,-1
199,2834,962.55,444.64,103.54,317.30,0.8698,-1,-1,-1
199,2835,652.75,418.40,161.96,544.08,0.8470,-1,-1,-1
199,2836,568.88,452.16,66.39,162.94,0.8368,-1,-1,-1
199,2837,1143.34,448.58,32.43,100.78,0.7878,-1,-1,-1
199,2838,486.74,457.86,29.83,102.24,0.7284,-1,-1,-1
199,2839,1102.56,436.25,34.40,112.62,0.6977,-1,-1,-1
199,2840,660.14,463.82,23.79,74.19,0.6620,-1,-1,-1
199,2841,549.03,455.52,21.86,63.30,0.6442,-1,-1,-1
199,2842,459.03,465.81,35.39,109.27,0.5260,-1,-1,-1
199,2843,373.63,445.00,28.88,64.24,0.5131,-1,-1,-1
199,2844,422.61,471.77,34.01,98.57,0.4746,-1,-1,-1
199,2845,967.51,446.86,28.58,75.72,0.4548,-1,-1,-1
199,2846,1183.57,448.76,30.82,97.17,0.4143,-1,-1,-1
199,2825,513.13,455.18,31.73,97.64,0.3622,-1,-1,-1
200,2824,817.02,436.55,159.53,370.83,0.9072,-1,-1,-1
200,2847,970.30,446.26,98.47,315.62,0.8608,-1,-1,-1
200,2848,569.86,453.12,63.97,163.03,0.8400,-1,-1,-1
200,2849,1041.00,432.12,94.03,285.00,0.8312,-1,-1,-1
200,2850,656.08,420.12,165.66,540.61,0.8132,-1,-1,-1
200,2851,1143.42,447.79,30.69,100.76,0.7887,-1,-1,-1
200,2852,486.30,458.11,29.46,101.68,0.7319,-1,-1,-1
200,2853,659.46,463.50,23.79,75.15,0.6698,-1,-1,-1
200,2854,1102.81,436.94,33.52,110.85,0.6644,-1,-1,-1
200,2855,548.80,455.75,22.24,63.24,0.6642,-1,-1,-1
200,2856,1183.33,448.45,33.20,97.80,0.5148,-1,-1,-1
200,2857,458.13,465.49,32.80,110.04,0.4976,-1,-1,-1
200,2858,421.13,470.93,32.16,99.93,0.4731,-1,-1,-1
200,2859,512.45,455.32,31.94,92.58,0.4336,-1,-1,-1
200,2860,968.79,444.82,32.76,79.12,0.3633,-1,-1,-1
200,2861,371.38,445.05,31.40,63.98,0.3514,-1,-1,-1
200,2862,1164.79,441.11,20.59,88.27,0.3266,-1,-1,-1
201,2863,825.87,436.38,150.55,373.19,0.9019,-1,-1,-1
201,2864,976.99,445.96,93.01,316.01,0.8686,-1,-1,-1
201,2865,1043.75,433.28,92.15,286.87,0.8659,-1,-1,-1
201,2866,570.71,451.00,68.51,165.24,0.8558,-1,-1,-1
201,2867,659.19,421.50,168.22,541.95,0.8296,-1,-1,-1
201,2868,484.66,457.56,31.39,102.45,0.7555,-1,-1,-1
201,2869,1138.69,447.61,33.80,101.00,0.7536,-1,-1,-1
201,2870,548.37,454.96,20.56,64.44,0.6968,-1,-1,-1
201,2871,457.06,465.12,34.32,110.67,0.6914,-1,-1,-1
201,2872,1103.05,436.13,33.60,106.67,0.6325,-1,-1,-1
201,2873,1185.32,447.52,32.56,98.70,0.6009,-1,-1,-1
201,2874,659.55,463.42,22.20,75.32,0.5881,-1,-1,-1
201,2824,420.07,468.75,33.59,101.93,0.4827,-1,-1,-1
201,2875,512.78,455.53,31.94,105.04,0.4796,-1,-1,-1
201,2876,372.57,444.94,33.80,64.03,0.4282,-1,-1,-1
201,2877,1163.02,439.37,22.91,87.60,0.3804,-1,-1,-1
202,2825,827.08,436.68,150.13,377.09,0.9173,-1,-1,-1
202,2878,987.90,444.18,84.29,318.09,0.8696,-1,-1,-1
202,2879,572.22,454.31,68.41,161.94,0.8653,-1,-1,-1
202,2880,659.12,419.28,173.88,548.62,0.8191,-1,-1,-1
202,2881,1048.69,433.11,88.82,287.15,0.7849,-1,-1,-1
202,2882,1138.20,447.41,33.50,101.49,0.7465,-1,-1,-1
202,2883,484.66,457.51,31.61,102.53,0.7449,-1,-1,-1
202,2884,455.38,465.79,34.07,108.90,0.6945,-1,-1,-1
202,2885,1185.17,451.20,34.62,94.46,0.6475,-1,-1,-1
202,2886,513.48,454.60,32.21,106.18,0.6027,-1,-1,-1
202,2887,659.21,463.50,22.24,75.02,0.5767,-1,-1,-1
202,2888,419.37,466.85,36.50,104.53,0.5207,-1,-1,-1
202,2889,548.07,455.64,20.74,62.67,0.4581,-1,-1,-1
202,2890,371.86,444.86,29.70,63.71,0.4000,-1,-1,-1
202,2891,970.07,444.34,36.99,72.80,0.3067,-1,-1,-1
203,2892,827.91,434.85,150.01,379.80,0.9169,-1,-1,-1
203,2886,991.84,445.56,82.32,316.68,0.8673,-1,-1,-1
203,2893,1051.97,432.90,88.10,287.82,0.8660,-1,-1,-1
203,2894,573.25,458.03,68.35,159.62,0.8573,-1,-1,-1
203,2895,659.08,418.57,177.57,551.29,0.8570,-1,-1,-1
203,2896,1137.96,447.80,32.21,101.07,0.7487,-1,-1,-1
203,2897,484.20,457.33,31.05,103.26,0.7290,-1,-1,-1
203,2898,1185.39,449.51,34.11,97.20,0.6412,-1,-1,-1
203,2899,454.09,464.84,35.68,111.68,0.6245,-1,-1,-1
203,2900,369.97,444.93,32.38,64.34,0.5849,-1,-1,-1
203,2901,547.50,456.70,20.41,62.27,0.5843,-1,-1,-1
203,2902,418.09,467.70,36.54,103.47,0.5212,-1,-1,-1
203,2903,659.56,463.62,21.52,73.25,0.4868,-1,-1,-1
203,2904,1302.97,429.02,32.94,116.16,0.4116,-1,-1,-1
203,2905,970.28,443.76,39.51,75.85,0.3975,-1,-1,-1
203,2906,511.59,455.10,31.97,63.96,0.3346,-1,-1,-1
203,2879,564.53,460.18,23.04,54.77,0.3005,-1,-1,-1
204,2907,828.48,435.04,149.45,379.27,0.9180,-1,-1,-1
204,2908,1055.64,433.01,86.90,287.83,0.8684,-1,-1,-1
204,2909,665.62,418.25,176.09,556.55,0.8666,-1,-1,-1
204,2910,574.54,455.91,67.02,163.21,0.8646,-1,-1,-1
204,2911,995.03,444.22,84.98,317.87,0.8327,-1,-1,-1
204,2886,1136.77,447.76,32.42,101.23,0.7867,-1,-1,-1
204,2912,1185.19,446.56,34.04,100.12,0.7595,-1,-1,-1
204,2913,484.03,457.07,31.30,103.63,0.7002,-1,-1,-1
204,2914,453.56,464.68,35.70,111.44,0.6391,-1,-1,-1
204,2915,659.39,463.50,22.11,73.11,0.5330,-1,-1,-1
204,2916,370.00,444.97,32.55,63.28,0.5126,-1,-1,-1
204,2829,419.51,468.78,35.94,102.53,0.4539,-1,-1,-1
204,2917,547.07,457.33,21.35,61.17,0.4356,-1,-1,-1
204,2918,1304.39,429.77,31.59,114.75,0.3635,-1,-1,-1
205,2907,829.36,433.67,149.15,380.81,0.9196,-1,-1,-1
205,2919,669.73,417.51,171.48,564.07,0.8780,-1,-1,-1
205,2920,574.85,456.60,64.93,162.70,0.8623,-1,-1,-1
205,2921,1062.58,431.24,82.33,290.13,0.8585,-1,-1,-1
205,2922,999.08,444.59,84.53,317.27,0.8342,-1,-1,-1
205,2886,1136.59,447.82,31.92,100.91,0.7294,-1,-1,-1
205,2923,1187.75,454.58,34.96,92.48,0.7068,-1,-1,-1
205,2924,484.28,456.79,32.36,102.83,0.6954,-1,-1,-1
205,2925,547.32,458.04,20.19,60.34,0.5937,-1,-1,-1
205,2926,659.32,463.60,22.49,75.94,0.5668,-1,-1,-1
205,2927,450.46,463.79,38.14,111.96,0.5543,-1,-1,-1
205,2928,415.18,466.99,40.80,104.23,0.4600,-1,-1,-1
205,2929,512.56,455.21,31.00,73.10,0.3355,-1,-1,-1
205,2930,564.16,459.30,20.02,56.24,0.3045,-1,-1,-1
206,2931,831.43,431.66,148.93,382.53,0.9114,-1,-1,-1
206,2932,672.76,417.13,169.41,570.20,0.8763,-1,-1,-1
206,2933,1065.87,430.98,80.36,290.71,0.8671,-1,-1,-1
206,2934,577.72,460.23,62.66,159.77,0.8473,-1,-1,-1
206,2907,1002.73,444.83,95.51,316.42,0.8433,-1,-1,-1
206,2935,484.20,456.73,32.37,102.93,0.7271,-1,-1,-1
206,2936,1137.01,447.84,31.09,100.57,0.7209,-1,-1,-1
206,2937,1188.55,448.51,33.78,98.57,0.7041,-1,-1,-1
206,2938,659.75,463.81,23.23,75.99,0.6283,-1,-1,-1
206,2939,548.22,455.90,19.13,62.78,0.5962,-1,-1,-1
206,2940,370.35,445.31,33.75,63.46,0.5610,-1,-1,-1
206,2941,972.22,443.92,35.64,75.01,0.5404,-1,-1,-1
206,2942,452.79,464.79,35.10,110.38,0.4390,-1,-1,-1
206,2943,420.00,469.39,35.84,101.74,0.3688,-1,-1,-1
206,2944,568.43,460.73,20.22,55.15,0.3615,-1,-1,-1
206,2945,512.95,455.17,32.00,104.87,0.3259,-1,-1,-1
207,2907,833.93,431.50,146.55,382.83,0.9134,-1,-1,-1
207,2946,1006.78,446.09,105.27,315.65,0.8846,-1,-1,-1
207,2947,1069.98,431.13,80.52,290.87,0.8727,-1,-1,-1
207,2948,675.58,418.81,169.76,573.28,0.8618,-1,-1,-1
207,2949,581.21,456.57,59.65,163.42,0.8252,-1,-1,-1
207,2950,484.46,456.53,32.14,103.13,0.7400,-1,-1,-1
207,2951,513.23,455.32,30.79,105.52,0.6951,-1,-1,-1
207,2952,449.63,463.88,37.43,111.71,0.6817,-1,-1,-1
207,2953,1137.88,448.02,30.84,99.97,0.6558,-1,-1,-1
207,2954,547.72,455.70,19.63,63.10,0.6515,-1,-1,-1
207,2955,659.28,463.66,24.00,75.14,0.6350,-1,-1,-1
207,2956,1191.03,458.60,33.41,88.75,0.5326,-1,-1,-1
207,2957,371.29,445.40,29.79,63.31,0.4958,-1,-1,-1
207,2958,420.79,470.53,37.95,100.36,0.4640,-1,-1,-1
207,2959,973.47,444.06,34.33,74.28,0.4317,-1,-1,-1
207,2960,568.06,461.10,21.20,59.14,0.3286,-1,-1,-1
208,2961,1011.29,446.10,119.75,315.47,0.9050,-1,-1,-1
208,2962,836.06,430.70,150.31,383.41,0.8934,-1,-1,-1
208,2963,682.01,416.85,165.13,575.20,0.8792,-1,-1,-1
208,2964,1073.13,431.76,79.52,290.25,0.8481,-1,-1,-1
208,2965,1191.97,447.00,33.59,99.81,0.7755,-1,-1,-1
208,2966,513.08,455.10,31.53,106.13,0.7634,-1,-1,-1
208,2967,582.49,456.15,63.42,164.01,0.7610,-1,-1,-1
208,2968,547.68,455.27,20.36,64.95,0.7237,-1,-1,-1
208,2969,484.31,456.45,31.50,103.22,0.7177,-1,-1,-1
208,2970,659.48,463.57,23.61,74.95,0.6397,-1,-1,-1
208,2971,447.66,463.11,38.84,112.39,0.6351,-1,-1,-1
208,2972,571.26,462.99,18.51,60.03,0.5428,-1,-1,-1
208,2973,1140.35,448.06,27.86,98.60,0.5390,-1,-1,-1
208,2974,370.92,445.04,30.21,62.81,0.4503,-1,-1,-1
208,2975,974.81,444.17,33.40,72.96,0.3562,-1,-1,-1
208,2976,673.02,486.95,44.69,85.02,0.3092,-1,-1,-1
209,2977,1015.40,447.31,135.07,314.67,0.8956,-1,-1,-1
209,2978,839.10,431.01,146.65,382.96,0.8950,-1,-1,-1
209,2979,683.92,414.61,163.30,577.78,0.8670,-1,-1,-1
209,2980,1080.70,430.00,74.94,289.98,0.8378,-1,-1,-1
209,2981,584.33,455.74,57.96,164.63,0.7894,-1,-1,-1
209,2982,1191.93,445.77,34.23,101.62,0.7755,-1,-1,-1
209,2983,514.09,455.43,30.15,105.77,0.7417,-1,-1,-1
209,2984,547.57,455.29,20.50,64.79,0.7319,-1,-1,-1
209,2985,483.51,456.61,31.84,102.91,0.6917,-1,-1,-1
209,2986,659.43,463.68,23.80,75.45,0.6400,-1,-1,-1
209,2987,446.28,463.48,37.68,112.77,0.6385,-1,-1,-1
209,2988,1013.56,443.28,32.88,70.26,0.6030,-1,-1,-1
209,2989,571.73,462.76,17.33,61.13,0.5857,-1,-1,-1
209,2990,973.87,444.59,34.02,73.85,0.4595,-1,-1,-1
209,2991,370.78,444.94,30.52,62.91,0.4551,-1,-1,-1
209,2992,1139.64,448.83,28.23,99.43,0.4450,-1,-1,-1
209,2993,673.91,490.08,43.37,81.70,0.4037,-1,-1,-1
210,2994,843.20,429.52,143.97,384.54,0.9025,-1,-1,-1
210,2995,1018.51,446.80,136.52,315.74,0.8826,-1,-1,-1
210,2996,683.96,412.36,164.46,579.41,0.8674,-1,-1,-1
210,2997,585.92,454.68,55.84,165.11,0.8294,-1,-1,-1
210,2998,1084.71,429.50,74.87,291.51,0.7842,-1,-1,-1
210,2999,1192.49,447.22,36.19,99.87,0.7666,-1,-1,-1
210,3000,512.98,454.94,31.56,106.42,0.7512,-1,-1,-1
210,3001,480.79,456.84,34.95,103.67,0.6889,-1,-1,-1
210,3002,659.13,463.70,24.19,74.51,0.6480,-1,-1,-1
210,3003,547.80,455.82,18.75,63.34,0.6435,-1,-1,-1
210,3004,1015.34,443.38,32.93,75.46,0.5791,-1,-1,-1
210,3005,572.19,462.35,16.69,60.71,0.5606,-1,-1,-1
210,3006,674.88,488.77,43.86,81.77,0.5233,-1,-1,-1
210,3007,369.98,445.00,32.38,64.38,0.5083,-1,-1,-1
210,3008,1299.45,429.94,37.14,115.16,0.3305,-1,-1,-1
210,3009,438.39,464.46,42.61,110.15,0.3170,-1,-1,-1
210,2986,720.14,456.01,22.45,55.00,0.3084,-1,-1,-1
210,3010,974.03,444.61,35.50,98.45,0.3047,-1,-1,-1
211,3011,1019.28,447.52,157.33,315.01,0.8949,-1,-1,-1
211,3012,681.83,412.34,170.28,579.43,0.8857,-1,-1,-1
211,3013,849.21,431.24,147.06,382.71,0.8742,-1,-1,-1
211,3014,588.34,450.42,53.99,169.50,0.8232,-1,-1,-1
211,3015,512.93,454.90,31.68,106.32,0.7795,-1,-1,-1
211,3016,1194.37,448.18,33.08,98.55,0.7668,-1,-1,-1
211,3017,1088.09,428.97,78.51,265.10,0.7586,-1,-1,-1
211,3018,480.17,457.55,34.72,102.77,0.6970,-1,-1,-1
211,3019,1015.21,445.28,37.59,81.00,0.6706,-1,-1,-1
211,3020,659.17,463.73,24.05,74.15,0.6439,-1,-1,-1
211,3021,443.98,464.65,39.16,111.37,0.5808,-1,-1,-1
211,3022,573.19,463.52,15.33,59.43,0.5594,-1,-1,-1
211,3023,370.14,445.06,31.84,64.40,0.5178,-1,-1,-1
211,3024,547.67,455.83,18.17,62.09,0.4769,-1,-1,-1
211,3025,675.36,484.79,44.64,86.04,0.4763,-1,-1,-1
211,3026,974.16,444.52,36.95,102.89,0.3640,-1,-1,-1
211,3027,587.20,452.55,16.30,38.76,0.3612,-1,-1,-1
211,3028,422.24,473.31,43.58,97.90,0.3278,-1,-1,-1
211,3029,1142.86,449.34,24.59,84.66,0.3018,-1,-1,-1
212,3030,1019.34,445.76,160.65,320.12,0.8919,-1,-1,-1
212,3031,683.75,412.92,171.64,579.64,0.8900,-1,-1,-1
212,3032,856.90,430.73,145.15,383.33,0.8609,-1,-1,-1
212,3033,589.19,455.41,54.19,164.97,0.8264,-1,-1,-1
212,3034,513.35,454.84,31.80,106.26,0.7890,-1,-1,-1
212,3035,1095.55,431.30,75.26,281.88,0.7831,-1,-1,-1
212,3036,480.84,456.70,33.65,103.98,0.7360,-1,-1,-1
212,3037,1196.78,447.06,33.31,99.72,0.7285,-1,-1,-1
212,3038,444.05,465.18,39.54,110.73,0.6520,-1,-1,-1
212,3039,1016.17,446.73,40.04,80.50,0.6497,-1,-1,-1
212,3040,659.39,463.68,23.78,74.26,0.6399,-1,-1,-1
212,3041,572.01,461.71,17.77,61.85,0.6319,-1,-1,-1
212,3042,721.66,455.58,19.81,58.75,0.5408,-1,-1,-1
212,3043,370.19,445.10,31.64,63.52,0.5216,-1,-1,-1
212,3044,548.49,456.26,18.98,62.77,0.4723,-1,-1,-1
212,3045,674.61,485.29,46.19,84.99,0.4516,-1,-1,-1
212,3046,974.75,444.49,35.56,97.14,0.4247,-1,-1,-1
212,3047,587.19,451.85,16.07,44.42,0.4218,-1,-1,-1
213,3030,1019.64,448.44,163.18,319.80,0.9004,-1,-1,-1
213,3048,689.75,412.91,170.40,580.12,0.8757,-1,-1,-1
213,3049,864.98,430.02,137.90,383.96,0.8736,-1,-1,-1
213,3050,1100.15,430.31,77.44,287.97,0.8142,-1,-1,-1
213,3051,590.31,454.02,54.38,167.38,0.8036,-1,-1,-1
213,3052,512.97,454.81,32.40,106.31,0.7846,-1,-1,-1
213,3053,480.41,456.80,33.86,103.86,0.7293,-1,-1,-1
213,3054,1018.87,445.82,42.57,81.27,0.6682,-1,-1,-1
213,3055,1198.12,448.08,33.63,96.98,0.6602,-1,-1,-1
213,3056,659.14,463.62,24.18,74.87,0.6345,-1,-1,-1
213,3057,569.59,460.48,20.97,63.21,0.6169,-1,-1,-1
213,3058,444.50,465.98,38.18,101.53,0.6028,-1,-1,-1
213,3059,720.37,454.84,26.24,61.46,0.5273,-1,-1,-1
213,3060,1160.93,439.73,29.33,86.01,0.4800,-1,-1,-1
213,3061,673.70,486.01,48.89,85.71,0.4761,-1,-1,-1
213,3062,975.16,445.09,34.45,95.27,0.4512,-1,-1,-1
213,3063,587.03,453.06,15.96,49.20,0.4438,-1,-1,-1
213,3064,1299.26,429.04,37.16,116.06,0.4393,-1,-1,-1
213,2813,370.51,445.16,32.45,64.48,0.4269,-1,-1,-1
213,3065,422.01,470.94,30.67,99.12,0.3270,-1,-1,-1
214,3066,1020.07,445.01,161.78,325.01,0.9120,-1,-1,-1
214,3067,874.84,429.31,131.38,385.14,0.8759,-1,-1,-1
214,3068,690.89,413.57,172.26,579.12,0.8700,-1,-1,-1
214,3069,512.46,454.56,33.06,106.52,0.7882,-1,-1,-1
214,3070,592.05,446.83,54.28,174.02,0.7856,-1,-1,-1
214,3071,479.07,456.97,33.66,104.74,0.7206,-1,-1,-1
214,3072,1199.19,448.17,32.99,97.39,0.6817,-1,-1,-1
214,3073,1022.80,445.86,43.45,84.74,0.6733,-1,-1,-1
214,3074,658.87,463.93,24.31,74.34,0.6337,-1,-1,-1
214,3075,569.13,460.09,21.27,63.07,0.6229,-1,-1,-1
214,3076,444.18,466.55,37.89,96.81,0.6203,-1,-1,-1
214,3077,1100.36,432.43,81.56,283.06,0.5900,-1,-1,-1
214,3078,586.60,452.89,16.52,60.75,0.5710,-1,-1,-1
214,3079,370.39,445.27,33.30,65.00,0.5067,-1,-1,-1
214,3080,722.29,455.67,22.63,62.87,0.4824,-1,-1,-1
214,3081,673.75,484.29,50.22,86.43,0.4311,-1,-1,-1
214,3082,1163.41,439.77,25.82,86.01,0.3326,-1,-1,-1
214,3083,1303.58,429.06,33.78,115.78,0.3230,-1,-1,-1
214,3084,976.31,446.52,31.10,66.93,0.3154,-1,-1,-1
215,3085,1019.21,447.08,166.25,324.15,0.9130,-1,-1,-1
215,3086,880.07,428.58,126.37,389.22,0.8784,-1,-1,-1
215,3087,696.93,412.19,169.97,580.58,0.8526,-1,-1,-1
215,3088,512.47,454.62,32.82,106.39,0.7972,-1,-1,-1
215,3070,593.47,444.35,55.91,177.20,0.7500,-1,-1,-1
215,3089,480.11,457.06,32.85,104.60,0.7474,-1,-1,-1
215,3090,659.11,463.38,24.63,76.32,0.6866,-1,-1,-1
215,3091,569.08,460.84,21.43,62.77,0.6463,-1,-1,-1
215,3092,585.95,452.12,17.13,65.70,0.6380,-1,-1,-1
215,3093,1025.65,444.60,47.04,85.58,0.6256,-1,-1,-1
215,3094,441.91,466.48,40.22,96.44,0.6188,-1,-1,-1
215,3095,1107.72,431.53,90.73,289.53,0.6147,-1,-1,-1
215,3096,1199.55,447.45,32.94,96.77,0.6038,-1,-1,-1
215,3097,722.53,455.08,24.48,62.71,0.5141,-1,-1,-1
215,3098,370.91,445.33,32.62,65.65,0.4554,-1,-1,-1
215,3099,1159.37,439.86,29.40,86.08,0.4353,-1,-1,-1
215,3100,674.51,477.35,49.66,93.28,0.3970,-1,-1,-1
215,3101,1002.10,450.00,19.02,56.57,0.3787,-1,-1,-1
215,3102,1305.39,429.89,31.09,114.45,0.3520,-1,-1,-1
216,3086,1023.36,447.03,164.20,325.33,0.9185,-1,-1,-1
216,3096,882.53,429.06,125.54,392.35,0.8955,-1,-1,-1
216,3101,694.84,410.33,175.39,582.41,0.8582,-1,-1,-1
216,2725,510.76,454.34,34.63,106.79,0.7880,-1,-1,-1
216,3103,594.90,446.65,59.74,176.43,0.7586,-1,-1,-1
216,3104,1119.29,431.19,98.93,290.64,0.7488,-1,-1,-1
216,3105,480.78,457.19,32.14,103.83,0.7095,-1,-1,-1
216,3106,440.76,464.94,41.72,110.03,0.6974,-1,-1,-1
216,3107,659.15,463.38,24.35,76.06,0.6569,-1,-1,-1
216,3108,567.81,459.12,24.23,64.14,0.6566,-1,-1,-1
216,3109,1205.33,448.86,29.85,97.59,0.6550,-1,-1,-1
216,3110,1028.13,443.97,46.54,87.95,0.6501,-1,-1,-1
216,3111,586.08,452.11,16.98,64.90,0.6123,-1,-1,-1
216,3112,983.81,447.11,26.31,85.95,0.5406,-1,-1,-1
216,3113,1002.86,449.77,18.93,60.75,0.4058,-1,-1,-1
216,3114,674.93,489.60,44.89,80.59,0.4050,-1,-1,-1
216,3115,371.04,444.98,31.54,65.04,0.3794,-1,-1,-1
217,3101,1026.50,446.20,160.69,325.30,0.9146,-1,-1,-1
217,3096,883.97,428.29,125.42,394.74,0.8979,-1,-1,-1
217,3104,698.88,410.43,175.15,582.15,0.8665,-1,-1,-1
217,3070,511.24,454.20,34.41,106.82,0.7848,-1,-1,-1
217,3116,595.83,445.31,53.83,178.55,0.7757,-1,-1,-1
217,3117,480.37,457.68,33.50,103.48,0.7157,-1,-1,-1
217,3118,437.23,465.78,46.05,108.35,0.6958,-1,-1,-1
217,3119,567.95,459.94,23.90,63.20,0.6931,-1,-1,-1
217,3120,1206.69,448.57,30.25,97.92,0.6680,-1,-1,-1
217,3121,1125.34,431.49,103.88,291.38,0.6461,-1,-1,-1
217,3122,659.60,463.51,24.56,75.71,0.6251,-1,-1,-1
217,3123,586.87,452.19,15.44,64.27,0.5849,-1,-1,-1
217,3124,985.60,448.93,23.79,81.41,0.5203,-1,-1,-1
217,3125,1031.72,441.04,46.13,87.01,0.5000,-1,-1,-1
217,3126,1003.29,449.78,19.13,58.96,0.4913,-1,-1,-1
217,3127,675.08,489.94,45.04,80.23,0.4694,-1,-1,-1
217,3128,371.04,445.02,31.83,64.25,0.4424,-1,-1,-1
217,3114,723.28,454.84,26.94,62.48,0.4152,-1,-1,-1
218,3122,1031.64,445.00,155.70,326.49,0.9125,-1,-1,-1
218,3101,885.80,428.19,125.42,397.07,0.8923,-1,-1,-1
218,3129,698.21,408.55,186.20,583.58,0.8688,-1,-1,-1
218,3130,597.42,447.66,53.16,176.35,0.8079,-1,-1,-1
218,3131,511.70,454.11,33.78,107.14,0.7794,-1,-1,-1
218,3132,1100.95,431.13,134.49,295.23,0.7209,-1,-1,-1
218,3133,479.41,456.98,33.79,103.71,0.7139,-1,-1,-1
218,3134,1206.95,448.70,30.55,98.19,0.6897,-1,-1,-1
218,3135,568.90,459.02,22.03,64.55,0.6866,-1,-1,-1
218,3136,1033.14,442.29,51.78,79.47,0.6325,-1,-1,-1
218,3137,586.83,452.51,15.57,64.17,0.6296,-1,-1,-1
218,3138,659.20,463.27,24.49,74.76,0.6153,-1,-1,-1
218,3139,1003.69,449.91,19.12,57.80,0.4938,-1,-1,-1
218,3140,426.59,464.25,56.10,109.12,0.4875,-1,-1,-1
218,3141,723.90,454.71,26.25,62.42,0.4337,-1,-1,-1
218,3114,674.56,488.73,46.21,81.30,0.3684,-1,-1,-1
218,3142,986.36,448.83,23.38,74.97,0.3492,-1,-1,-1
218,3118,420.70,472.46,32.36,99.87,0.3376,-1,-1,-1
218,3143,371.05,445.32,32.71,64.30,0.3202,-1,-1,-1
219,3141,1038.78,444.08,148.13,326.81,0.9158,-1,-1,-1
219,3139,891.23,428.51,119.79,401.48,0.8940,-1,-1,-1
219,3144,705.79,406.64,187.84,585.46,0.8462,-1,-1,-1
219,3145,512.20,454.72,33.01,106.38,0.7919,-1,-1,-1
219,3146,597.57,444.33,54.70,180.32,0.7903,-1,-1,-1
219,3147,480.05,457.15,31.89,104.01,0.7566,-1,-1,-1
219,3148,569.70,459.64,21.08,63.63,0.6873,-1,-1,-1
219,3149,1212.23,448.17,31.17,99.02,0.6672,-1,-1,-1
219,3150,430.12,465.03,52.73,110.19,0.6126,-1,-1,-1
219,3151,659.37,463.33,23.78,72.90,0.5971,-1,-1,-1
219,3152,1128.25,437.74,110.08,290.91,0.5525,-1,-1,-1
219,3153,586.84,453.51,14.68,63.57,0.5502,-1,-1,-1
219,3154,1035.01,442.89,50.74,77.86,0.5342,-1,-1,-1
219,3155,727.89,454.31,22.18,64.05,0.4422,-1,-1,-1
219,3156,674.90,486.85,45.30,83.47,0.4071,-1,-1,-1
220,3157,1045.62,445.70,141.93,325.95,0.9045,-1,-1,-1
220,3158,694.12,406.83,205.98,585.73,0.8845,-1,-1,-1
220,3159,893.12,428.32,118.09,401.65,0.8844,-1,-1,-1
220,3160,1146.39,430.59,94.30,299.81,0.8538,-1,-1,-1
220,3161,598.70,446.65,53.91,179.35,0.7975,-1,-1,-1
220,3162,512.11,454.26,33.06,106.77,0.7850,-1,-1,-1
220,3163,569.62,459.69,21.30,63.06,0.6978,-1,-1,-1
220,3149,1210.74,447.86,36.80,99.99,0.6788,-1,-1,-1
220,3164,475.72,457.32,35.56,103.25,0.6672,-1,-1,-1
220,3165,659.36,463.43,23.44,69.56,0.5674,-1,-1,-1
220,3166,1036.56,442.42,52.14,86.99,0.5556,-1,-1,-1
220,3167,586.60,453.43,14.82,64.65,0.5329,-1,-1,-1
220,3168,370.43,445.00,37.06,63.90,0.4312,-1,-1,-1
220,3169,434.76,461.80,47.21,112.84,0.4307,-1,-1,-1
220,3170,732.43,478.17,35.68,45.96,0.3332,-1,-1,-1
220,3146,674.33,486.39,46.74,85.06,0.3267,-1,-1,-1
221,3171,1054.97,441.43,134.35,330.57,0.8897,-1,-1,-1
221,3172,893.56,428.23,121.99,408.74,0.8714,-1,-1,-1
221,3173,713.79,405.70,206.51,586.88,0.8628,-1,-1,-1
221,3174,1151.26,430.58,88.16,300.45,0.7942,-1,-1,-1
221,3139,600.64,446.56,53.92,180.30,0.7714,-1,-1,-1
221,3175,510.65,454.35,34.43,106.71,0.7557,-1,-1,-1
221,3176,478.53,457.21,33.21,103.61,0.7208,-1,-1,-1
221,3177,569.61,458.72,21.32,64.02,0.7012,-1,-1,-1
221,3178,1212.70,447.90,42.13,99.58,0.6905,-1,-1,-1
221,3179,420.27,465.07,61.79,110.42,0.5552,-1,-1,-1
221,3180,659.24,463.20,22.60,66.72,0.5199,-1,-1,-1
221,3181,731.40,477.55,37.35,48.25,0.4870,-1,-1,-1
221,3182,370.69,445.15,35.66,64.33,0.4371,-1,-1,-1
221,3183,586.02,454.13,14.53,63.85,0.3503,-1,-1,-1
221,3184,674.23,487.99,47.18,82.32,0.3491,-1,-1,-1
221,3185,1038.41,442.30,43.97,65.66,0.3160,-1,-1,-1
222,3146,1068.39,438.53,120.11,333.25,0.8966,-1,-1,-1
222,3186,696.74,404.61,242.99,587.67,0.8914,-1,-1,-1
222,3187,894.17,429.26,122.88,406.60,0.8693,-1,-1,-1
222,3188,1155.69,430.98,83.93,299.95,0.8522,-1,-1,-1
222,3189,601.81,457.14,53.43,169.98,0.8144,-1,-1,-1
222,3190,511.18,454.24,33.76,106.85,0.7722,-1,-1,-1
222,3191,479.11,457.14,32.24,103.74,0.7383,-1,-1,-1
222,3192,1213.32,448.35,43.28,99.19,0.7353,-1,-1,-1
222,3193,570.22,458.63,20.36,64.62,0.6927,-1,-1,-1
222,3194,550.67,454.48,20.96,65.20,0.5791,-1,-1,-1
222,3195,658.88,462.75,22.92,66.19,0.5175,-1,-1,-1
222,3196,370.43,445.07,30.37,63.38,0.5064,-1,-1,-1
222,3197,729.59,478.12,38.60,48.56,0.4357,-1,-1,-1
222,3198,673.72,490.46,47.53,81.97,0.4317,-1,-1,-1
222,3199,585.93,454.46,14.37,64.99,0.3990,-1,-1,-1
222,3200,435.51,465.92,46.08,110.52,0.3873,-1,-1,-1
222,3201,1878.08,384.76,41.46,270.75,0.3752,-1,-1,-1
222,3202,1040.10,445.61,49.17,84.10,0.3704,-1,-1,-1
223,3172,1081.74,439.99,108.61,332.45,0.8913,-1,-1,-1
223,3203,706.86,404.35,251.88,587.61,0.8791,-1,-1,-1
223,3204,897.64,429.34,126.57,407.39,0.8713,-1,-1,-1
223,3205,603.69,454.90,52.75,172.84,0.8239,-1,-1,-1
223,3206,1161.30,431.93,78.70,297.86,0.8143,-1,-1,-1
223,3207,511.28,454.41,34.28,106.78,0.7687,-1,-1,-1
223,3208,479.41,457.56,31.22,103.27,0.7600,-1,-1,-1
223,3209,1214.72,448.40,45.22,99.52,0.7556,-1,-1,-1
223,3210,570.79,458.33,19.18,63.98,0.6582,-1,-1,-1
223,3211,420.63,463.93,59.77,112.27,0.6531,-1,-1,-1
223,3212,550.24,454.62,21.43,63.84,0.5752,-1,-1,-1
223,3213,585.73,454.91,14.90,65.16,0.4872,-1,-1,-1
223,3214,370.41,445.07,30.84,64.47,0.4776,-1,-1,-1
223,3215,659.05,463.40,23.38,65.91,0.3387,-1,-1,-1
223,3216,674.25,489.65,47.20,81.35,0.3255,-1,-1,-1
223,3217,1041.91,443.75,46.96,87.05,0.3123,-1,-1,-1
223,3218,994.86,446.37,27.15,75.91,0.3033,-1,-1,-1
224,3219,901.01,430.02,124.90,409.01,0.8895,-1,-1,-1
224,3172,710.12,404.37,267.46,587.64,0.8893,-1,-1,-1
224,3220,1097.23,440.39,94.55,332.55,0.8822,-1,-1,-1
224,3221,1167.74,429.31,72.83,299.81,0.8652,-1,-1,-1
224,3222,605.12,453.53,52.74,174.12,0.8203,-1,-1,-1
224,3223,511.61,454.42,34.51,106.55,0.7801,-1,-1,-1
224,3224,1219.68,447.99,44.23,100.14,0.7792,-1,-1,-1
224,3225,479.33,457.50,31.84,103.29,0.7548,-1,-1,-1
224,3226,419.99,464.28,61.05,111.92,0.7152,-1,-1,-1
224,3227,571.32,457.93,19.02,63.91,0.6834,-1,-1,-1
224,3228,550.86,454.41,21.27,63.83,0.5803,-1,-1,-1
224,3229,372.70,445.15,28.88,64.41,0.4729,-1,-1,-1
224,3230,726.31,477.38,42.49,49.98,0.4050,-1,-1,-1
224,3231,586.02,454.77,13.87,65.51,0.4023,-1,-1,-1
224,3232,675.10,489.61,47.80,83.98,0.3834,-1,-1,-1
224,3233,773.77,444.39,23.70,52.61,0.3011,-1,-1,-1
225,3234,726.93,405.03,266.70,588.11,0.9045,-1,-1,-1
225,3235,1103.05,439.77,91.16,335.31,0.8836,-1,-1,-1
225,3236,902.72,430.29,122.89,414.16,0.8702,-1,-1,-1
225,3237,1171.65,427.20,68.37,302.84,0.8283,-1,-1,-1
225,3238,606.73,454.72,55.08,173.48,0.8027,-1,-1,-1
225,3239,511.98,454.55,34.07,106.87,0.7765,-1,-1,-1
225,3240,478.94,457.98,33.28,103.87,0.7368,-1,-1,-1
225,3241,1221.89,447.93,40.98,100.46,0.7264,-1,-1,-1
225,3242,422.61,464.59,55.16,111.69,0.6965,-1,-1,-1
225,3243,570.65,457.80,20.73,63.15,0.6627,-1,-1,-1
225,3244,551.16,454.35,20.52,63.18,0.5530,-1,-1,-1
225,3245,1101.09,437.26,26.33,82.80,0.4218,-1,-1,-1
225,3246,724.30,477.09,44.18,68.14,0.3944,-1,-1,-1
225,3247,674.27,489.94,47.64,80.95,0.3559,-1,-1,-1
225,3248,593.90,452.41,17.89,69.66,0.3453,-1,-1,-1
225,3249,585.45,454.56,13.80,65.08,0.3424,-1,-1,-1
225,3201,1877.39,387.79,42.15,268.81,0.3179,-1,-1,-1
226,3250,733.15,404.63,275.59,586.96,0.9148,-1,-1,-1
226,3251,904.11,430.09,125.97,415.37,0.8928,-1,-1,-1
226,3252,1107.90,438.65,90.35,343.86,0.8767,-1,-1,-1
226,3253,1176.23,428.74,63.29,301.70,0.8366,-1,-1,-1
226,3236,607.68,455.28,56.12,173.34,0.8093,-1,-1,-1
226,3244,511.25,454.94,34.34,106.05,0.7651,-1,-1,-1
226,3254,478.48,458.02,33.63,103.57,0.7522,-1,-1,-1
226,3255,422.69,464.33,54.29,111.59,0.7173,-1,-1,-1
226,3256,569.13,456.67,21.58,64.43,0.5770,-1,-1,-1
226,3257,1225.65,448.60,36.62,99.72,0.5229,-1,-1,-1
226,3258,1100.48,436.81,30.26,77.11,0.4674,-1,-1,-1
226,3259,722.61,477.05,46.21,78.72,0.4478,-1,-1,-1
226,3260,673.85,488.93,47.58,82.43,0.3998,-1,-1,-1
226,3261,741.81,437.85,63.17,119.67,0.3566,-1,-1,-1
226,3262,370.88,444.96,33.33,64.44,0.3553,-1,-1,-1
226,3263,550.73,454.66,20.07,62.85,0.3397,-1,-1,-1
226,3230,659.02,463.50,21.10,39.78,0.3346,-1,-1,-1
226,3264,584.42,455.39,14.50,64.56,0.3186,-1,-1,-1
226,3265,593.32,453.00,18.58,69.66,0.3074,-1,-1,-1
227,3244,734.92,404.86,289.47,587.47,0.9203,-1,-1,-1
227,3266,908.90,430.32,123.63,415.99,0.8918,-1,-1,-1
227,3267,1180.60,426.64,60.77,303.60,0.8663,-1,-1,-1
227,3268,1111.46,439.11,90.33,342.64,0.8623,-1,-1,-1
227,3269,608.69,454.68,51.59,173.76,0.8180,-1,-1,-1
227,3270,422.77,464.56,55.62,111.96,0.7596,-1,-1,-1
227,3271,509.15,454.48,34.19,106.46,0.7577,-1,-1,-1
227,3272,477.69,457.73,32.70,104.56,0.7357,-1,-1,-1
227,3273,747.20,441.69,61.73,119.11,0.6209,-1,-1,-1
227,3274,1226.36,449.23,35.79,99.22,0.5764,-1,-1,-1
227,3275,568.93,457.61,20.46,63.48,0.5633,-1,-1,-1
227,3276,369.35,445.09,33.65,63.80,0.5215,-1,-1,-1
227,3277,593.25,455.67,19.23,65.99,0.4870,-1,-1,-1
227,3278,674.52,488.57,46.46,83.49,0.4432,-1,-1,-1
227,3279,1303.21,430.93,34.72,113.54,0.4420,-1,-1,-1
227,3280,725.07,477.77,41.05,58.58,0.4258,-1,-1,-1
227,3281,583.56,455.93,14.90,63.13,0.4206,-1,-1,-1
227,3252,1100.40,436.18,28.96,89.51,0.3606,-1,-1,-1
227,3282,1877.78,394.48,41.77,259.94,0.3194,-1,-1,-1
227,3283,751.56,448.62,21.10,50.40,0.3021,-1,-1,-1
228,3266,736.63,402.65,295.02,589.40,0.9122,-1,-1,-1
228,3252,910.13,428.91,124.81,417.26,0.8925,-1,-1,-1
228,3284,1184.30,424.53,63.62,306.03,0.8601,-1,-1,-1
228,3285,1116.53,439.22,92.33,347.97,0.8262,-1,-1,-1
228,3244,609.59,453.04,50.77,175.52,0.8111,-1,-1,-1
228,3286,422.94,464.58,51.70,111.66,0.7947,-1,-1,-1
228,3287,509.64,454.35,34.50,106.71,0.7719,-1,-1,-1
228,3288,745.40,436.09,68.24,137.80,0.7409,-1,-1,-1
228,3289,476.38,457.69,33.75,104.38,0.6856,-1,-1,-1
228,3290,568.98,457.41,20.70,63.77,0.5577,-1,-1,-1
228,3291,591.97,456.58,19.19,65.51,0.5315,-1,-1,-1
228,3292,550.50,454.93,20.08,62.47,0.4673,-1,-1,-1
228,3293,724.80,477.35,41.50,50.75,0.4023,-1,-1,-1
228,3294,1229.48,448.31,33.62,100.13,0.3882,-1,-1,-1
228,3295,1877.61,387.51,41.93,268.80,0.3843,-1,-1,-1
228,3296,1100.17,435.99,30.39,90.53,0.3647,-1,-1,-1
228,3297,1303.64,429.71,34.82,115.41,0.3644,-1,-1,-1
228,3298,583.38,456.13,14.76,63.83,0.3479,-1,-1,-1
228,3299,370.06,444.97,37.53,63.40,0.3232,-1,-1,-1
228,3278,658.01,463.11,21.79,40.52,0.3105,-1,-1,-1
228,3300,674.56,488.33,46.17,83.63,0.3062,-1,-1,-1
228,3283,752.37,449.37,20.01,48.78,0.3014,-1,-1,-1
229,3250,743.22,404.77,293.34,589.04,0.9026,-1,-1,-1
229,3266,910.26,427.60,126.03,418.12,0.8786,-1,-1,-1
229,3301,1120.09,440.91,99.80,347.98,0.8710,-1,-1,-1
229,3302,1188.06,422.91,65.85,307.95,0.8286,-1,-1,-1
229,3244,611.43,452.13,50.24,176.57,0.8245,-1,-1,-1
229,3303,509.78,454.54,33.83,106.52,0.7827,-1,-1,-1
229,3304,746.37,435.82,72.19,144.78,0.7696,-1,-1,-1
229,3305,423.05,466.57,52.21,110.03,0.7351,-1,-1,-1
229,3306,477.61,457.77,30.38,103.64,0.6922,-1,-1,-1
229,3307,591.68,456.11,19.33,65.62,0.5678,-1,-1,-1
229,3308,569.06,457.55,20.77,63.85,0.5507,-1,-1,-1
229,3309,725.20,476.43,39.49,51.14,0.4566,-1,-1,-1
229,3310,550.02,454.83,20.84,61.87,0.4149,-1,-1,-1
229,3311,1101.06,435.56,30.87,109.37,0.4089,-1,-1,-1
229,3312,1878.07,390.61,41.48,268.48,0.4018,-1,-1,-1
229,3313,1304.56,429.79,33.81,115.14,0.3725,-1,-1,-1
229,3314,583.24,455.94,14.69,62.49,0.3643,-1,-1,-1
230,3315,747.33,407.02,288.83,587.09,0.9089,-1,-1,-1
230,3316,1125.72,440.99,107.74,348.93,0.8884,-1,-1,-1
230,3317,913.01,426.27,126.20,419.30,0.8735,-1,-1,-1
230,3318,613.22,449.23,53.17,179.45,0.8116,-1,-1,-1
230,3319,747.19,434.76,76.94,155.48,0.7915,-1,-1,-1
230,3320,510.77,454.41,32.35,106.66,0.7751,-1,-1,-1
230,3321,1195.58,422.65,64.67,307.94,0.7368,-1,-1,-1
230,3322,477.08,457.96,31.51,103.29,0.6983,-1,-1,-1
230,3323,423.93,464.90,49.51,111.08,0.6771,-1,-1,-1
230,3308,591.07,456.30,19.23,65.25,0.5867,-1,-1,-1
230,3306,569.61,458.12,20.01,63.39,0.5800,-1,-1,-1
230,3324,1304.04,430.10,34.28,115.15,0.4759,-1,-1,-1
230,3325,752.00,448.53,22.25,55.16,0.4185,-1,-1,-1
230,3326,673.04,487.82,48.33,92.03,0.4058,-1,-1,-1
230,3327,725.18,475.57,39.02,53.74,0.3582,-1,-1,-1
230,3328,583.06,455.83,14.71,62.60,0.3367,-1,-1,-1
230,3329,1100.10,435.97,31.90,110.42,0.3128,-1,-1,-1
231,3330,750.96,406.47,285.70,589.07,0.9067,-1,-1,-1
231,3331,1130.93,441.87,117.62,346.57,0.8979,-1,-1,-1
231,3332,914.66,426.07,125.56,419.79,0.8600,-1,-1,-1
231,3333,612.49,450.63,55.36,178.32,0.8395,-1,-1,-1
231,3334,423.05,464.14,50.05,111.97,0.8110,-1,-1,-1
231,3287,509.85,454.76,34.96,106.49,0.7672,-1,-1,-1
231,3335,747.42,434.60,84.49,160.54,0.7330,-1,-1,-1
231,3336,476.59,457.84,31.82,104.06,0.6786,-1,-1,-1
231,3337,1200.20,423.40,66.68,311.74,0.6217,-1,-1,-1
231,3338,590.94,456.24,20.08,65.51,0.6072,-1,-1,-1
231,3339,673.37,487.63,49.04,102.70,0.5454,-1,-1,-1
231,3340,569.43,458.26,21.72,63.21,0.5341,-1,-1,-1
231,3341,1100.24,436.62,35.12,111.27,0.5045,-1,-1,-1
231,3342,705.33,432.77,127.88,427.54,0.4454,-1,-1,-1
231,3343,369.60,445.10,35.12,63.72,0.4127,-1,-1,-1
231,3344,1305.07,430.45,32.76,114.78,0.3607,-1,-1,-1
231,3345,725.30,476.48,39.76,53.73,0.3436,-1,-1,-1
232,3330,761.88,408.35,276.08,586.84,0.9152,-1,-1,-1
232,3346,1132.38,441.59,134.22,349.30,0.8951,-1,-1,-1
232,3332,917.14,425.30,126.05,420.56,0.8828,-1,-1,-1
232,3347,614.24,451.47,57.22,177.36,0.8244,-1,-1,-1
232,3348,422.07,464.18,49.39,111.75,0.7842,-1,-1,-1
232,3190,511.01,455.70,33.26,105.38,0.7206,-1,-1,-1
232,3349,748.69,434.82,88.19,163.90,0.6805,-1,-1,-1
232,3350,477.69,457.98,30.60,103.58,0.6415,-1,-1,-1
232,3351,590.90,455.17,20.45,66.41,0.6225,-1,-1,-1
232,3352,567.62,458.26,23.98,63.38,0.5957,-1,-1,-1
232,3353,675.13,488.08,46.27,94.92,0.5478,-1,-1,-1
232,3354,1100.34,436.59,29.62,110.38,0.5165,-1,-1,-1
232,3355,1205.22,427.69,66.37,312.86,0.4862,-1,-1,-1
232,3356,369.44,444.95,36.10,63.83,0.4551,-1,-1,-1
232,3357,704.29,436.17,133.41,426.51,0.3664,-1,-1,-1
232,3358,726.36,473.49,39.37,52.49,0.3387,-1,-1,-1
232,3359,1304.81,430.49,32.52,114.73,0.3234,-1,-1,-1
232,3337,1061.69,444.48,39.11,105.69,0.3152,-1,-1,-1
233,3351,767.54,407.23,273.35,588.95,0.9040,-1,-1,-1
233,3346,1132.96,442.80,134.26,349.78,0.9000,-1,-1,-1
233,3360,920.08,424.93,126.28,422.57,0.8921,-1,-1,-1
233,3332,618.57,449.04,54.99,179.42,0.8336,-1,-1,-1
233,3361,1209.17,424.83,68.22,313.58,0.7978,-1,-1,-1
233,3362,422.63,464.55,47.48,111.47,0.7696,-1,-1,-1
233,3363,510.47,455.02,33.59,106.11,0.7365,-1,-1,-1
233,3364,476.66,457.83,32.64,104.06,0.6202,-1,-1,-1
233,3365,591.66,454.10,19.32,67.38,0.5499,-1,-1,-1
233,3366,674.87,487.99,46.64,99.61,0.5364,-1,-1,-1
233,3367,723.34,433.33,120.73,429.75,0.5181,-1,-1,-1
233,3368,1100.41,436.08,29.91,111.03,0.5048,-1,-1,-1
233,3369,369.24,444.91,36.26,63.65,0.5048,-1,-1,-1
233,3370,570.41,458.22,21.70,63.27,0.4856,-1,-1,-1
233,3371,1879.37,386.51,40.18,267.33,0.4507,-1,-1,-1
233,3372,727.55,474.79,38.13,50.65,0.4303,-1,-1,-1
233,3373,606.60,456.32,17.30,57.91,0.3368,-1,-1,-1
233,3337,1124.03,445.43,20.47,100.60,0.3288,-1,-1,-1
233,3374,1305.03,430.39,32.39,114.74,0.3153,-1,-1,-1
233,3375,1062.42,445.34,37.40,98.27,0.3115,-1,-1,-1
233,3376,751.62,434.24,92.15,169.46,0.3053,-1,-1,-1
234,3377,1133.66,443.82,137.45,350.61,0.9133,-1,-1,-1
234,3378,766.45,406.74,275.44,589.62,0.9026,-1,-1,-1
234,3337,924.81,425.48,127.50,420.58,0.8706,-1,-1,-1
234,3379,620.21,450.00,54.43,178.86,0.8542,-1,-1,-1
234,3380,1215.68,424.97,74.21,314.70,0.7600,-1,-1,-1
234,3381,510.25,454.93,34.32,106.32,0.7346,-1,-1,-1
234,3382,478.22,457.86,30.66,103.92,0.6275,-1,-1,-1
234,3383,422.95,464.52,45.03,111.05,0.6035,-1,-1,-1
234,3384,675.12,488.11,46.90,100.72,0.6015,-1,-1,-1
234,3385,728.68,433.50,119.41,431.40,0.5966,-1,-1,-1
234,3386,591.32,455.58,20.09,66.03,0.5687,-1,-1,-1
234,3387,570.35,457.47,22.96,64.02,0.5336,-1,-1,-1
234,3388,606.88,456.70,17.88,55.94,0.5258,-1,-1,-1
234,3389,369.16,444.77,35.29,63.65,0.4709,-1,-1,-1
234,3390,1101.91,436.52,27.15,111.41,0.4622,-1,-1,-1
234,3391,728.06,477.48,39.49,46.33,0.3951,-1,-1,-1
234,3392,580.65,455.20,16.12,55.02,0.3058,-1,-1,-1
235,3393,784.14,404.93,258.55,591.23,0.9109,-1,-1,-1
235,3394,1133.81,443.57,138.98,354.43,0.9089,-1,-1,-1
235,3395,621.88,451.39,55.96,177.05,0.8516,-1,-1,-1
235,3396,928.17,425.63,126.47,419.97,0.8511,-1,-1,-1
235,3397,510.69,454.56,33.10,106.48,0.7717,-1,-1,-1
235,3398,1218.24,426.11,83.57,316.34,0.7394,-1,-1,-1
235,3399,478.66,457.56,31.21,104.31,0.7004,-1,-1,-1
235,3400,550.93,455.33,19.60,60.70,0.6832,-1,-1,-1
235,3401,735.89,433.79,117.99,428.00,0.6751,-1,-1,-1
235,3402,568.97,459.16,21.07,62.32,0.6439,-1,-1,-1
235,3403,676.02,488.03,49.96,104.76,0.5756,-1,-1,-1
235,3404,607.45,457.46,16.75,55.14,0.5526,-1,-1,-1
235,3405,591.01,454.79,20.91,66.49,0.5484,-1,-1,-1
235,3406,1102.67,436.21,29.00,111.48,0.5004,-1,-1,-1
235,3407,1123.97,446.81,21.56,99.91,0.4553,-1,-1,-1
235,3408,578.89,455.09,17.27,65.03,0.4187,-1,-1,-1
235,3409,728.42,477.15,37.95,45.72,0.3333,-1,-1,-1
235,3410,420.61,464.69,43.47,110.60,0.3213,-1,-1,-1
236,3411,1135.20,442.87,139.39,357.40,0.9079,-1,-1,-1
236,3412,788.91,403.24,252.97,592.30,0.9016,-1,-1,-1
236,3413,935.48,424.92,116.51,419.85,0.8838,-1,-1,-1
236,3414,622.81,450.37,57.81,178.25,0.8651,-1,-1,-1
236,3415,510.40,454.44,32.95,106.78,0.7702,-1,-1,-1
236,3416,550.24,455.12,20.15,62.75,0.7089,-1,-1,-1
236,3417,477.21,457.21,31.16,105.69,0.6777,-1,-1,-1
236,3418,749.59,434.72,110.15,428.84,0.6716,-1,-1,-1
236,3419,1224.09,427.02,87.90,318.71,0.6704,-1,-1,-1
236,3420,568.90,458.95,20.17,63.05,0.6516,-1,-1,-1
236,3421,607.65,457.30,16.67,55.82,0.5676,-1,-1,-1
236,3422,592.01,455.27,18.38,66.53,0.5233,-1,-1,-1
236,3423,579.02,454.81,17.02,65.01,0.4974,-1,-1,-1
236,3424,422.56,464.40,40.97,112.22,0.4830,-1,-1,-1
236,3425,1123.60,446.86,21.47,99.91,0.4616,-1,-1,-1
236,3426,1102.82,436.23,32.19,110.25,0.4409,-1,-1,-1
236,3427,370.32,444.86,36.27,65.12,0.4290,-1,-1,-1
236,3428,1304.41,429.16,31.87,114.77,0.4175,-1,-1,-1
236,3429,677.51,486.51,44.96,117.68,0.3976,-1,-1,-1
236,3430,726.53,477.38,41.30,46.35,0.3448,-1,-1,-1
236,3431,756.31,435.07,101.25,179.87,0.3070,-1,-1,-1
237,3432,1137.04,442.26,137.50,358.32,0.9104,-1,-1,-1
237,3433,797.42,401.86,244.38,593.81,0.8932,-1,-1,-1
237,3434,623.55,449.13,62.63,179.66,0.8625,-1,-1,-1
237,3435,937.67,426.09,115.70,420.58,0.8601,-1,-1,-1
237,3436,1230.91,427.36,86.17,320.84,0.7993,-1,-1,-1
237,3437,510.64,454.51,32.73,107.12,0.7565,-1,-1,-1
237,3438,751.28,435.51,110.35,427.77,0.7348,-1,-1,-1
237,3439,550.63,455.16,20.45,63.62,0.6905,-1,-1,-1
237,3440,569.04,458.82,20.44,63.83,0.6657,-1,-1,-1
237,3441,477.46,457.42,30.23,104.06,0.6543,-1,-1,-1
237,3442,608.13,456.87,16.66,56.15,0.5648,-1,-1,-1
237,3443,368.99,444.69,37.58,66.24,0.5534,-1,-1,-1
237,3444,678.04,487.76,47.78,101.19,0.5531,-1,-1,-1
237,3445,591.87,454.13,17.99,67.90,0.5517,-1,-1,-1
237,3446,578.94,455.31,17.04,65.41,0.4685,-1,-1,-1
237,3447,1303.39,430.12,32.81,113.97,0.4484,-1,-1,-1
237,3448,725.15,478.04,40.86,45.42,0.4169,-1,-1,-1
237,3449,1158.01,439.18,27.38,86.32,0.4023,-1,-1,-1
237,3450,1123.84,447.58,21.25,98.63,0.3945,-1,-1,-1
237,3451,1103.46,435.84,28.97,110.15,0.3592,-1,-1,-1
237,3452,418.85,465.14,41.86,108.98,0.3475,-1,-1,-1
237,3371,1879.30,400.17,40.25,254.75,0.3159,-1,-1,-1
238,3453,1142.76,439.67,133.47,361.72,0.9114,-1,-1,-1
238,3454,800.20,401.57,241.14,594.51,0.9020,-1,-1,-1
238,3455,624.40,449.54,67.25,179.35,0.8711,-1,-1,-1
238,3456,756.30,435.92,119.02,428.56,0.8448,-1,-1,-1
238,3457,946.21,425.73,110.18,420.77,0.8283,-1,-1,-1
238,3458,1234.82,430.28,84.36,320.23,0.8184,-1,-1,-1
238,3459,510.56,454.11,33.03,107.23,0.7580,-1,-1,-1
238,3460,477.63,457.34,29.46,104.44,0.6906,-1,-1,-1
238,3461,568.45,458.49,19.58,64.20,0.6452,-1,-1,-1
238,3462,607.99,457.10,17.32,55.87,0.6435,-1,-1,-1
238,3463,551.38,454.97,19.05,63.35,0.5850,-1,-1,-1
238,3464,579.30,455.63,16.97,63.77,0.5762,-1,-1,-1
238,3465,678.21,487.46,48.04,103.90,0.5759,-1,-1,-1
238,3466,725.82,477.57,38.36,45.68,0.5355,-1,-1,-1
238,3467,1158.10,438.93,27.35,87.22,0.5307,-1,-1,-1
238,3468,1123.63,447.73,21.08,98.50,0.4746,-1,-1,-1
238,3469,591.86,456.90,18.32,65.07,0.4745,-1,-1,-1
238,3470,1103.58,435.46,26.20,111.82,0.4217,-1,-1,-1
238,3471,370.41,444.85,35.56,63.23,0.3215,-1,-1,-1
239,3472,1149.14,438.46,128.26,363.19,0.9000,-1,-1,-1
239,3454,805.53,400.50,235.84,595.45,0.8909,-1,-1,-1
239,3457,625.25,451.74,73.60,178.52,0.8714,-1,-1,-1
239,3473,954.98,424.81,103.46,420.19,0.8557,-1,-1,-1
239,3474,756.38,435.95,120.22,428.45,0.8107,-1,-1,-1
239,3475,1241.68,429.71,77.78,322.37,0.7736,-1,-1,-1
239,3476,510.52,454.28,32.65,107.41,0.7553,-1,-1,-1
239,3477,477.71,457.36,28.96,104.37,0.7255,-1,-1,-1
239,3464,579.26,456.09,16.93,62.67,0.6076,-1,-1,-1
239,3478,609.59,457.39,16.24,55.62,0.6074,-1,-1,-1
239,3479,567.70,459.02,19.16,62.35,0.6014,-1,-1,-1
239,3480,551.54,455.07,19.01,63.46,0.5786,-1,-1,-1
239,3481,591.62,456.37,20.54,65.79,0.5540,-1,-1,-1
239,3482,1123.73,447.03,21.58,99.38,0.5253,-1,-1,-1
239,3483,725.31,477.32,44.01,50.14,0.5183,-1,-1,-1
239,3484,679.16,484.50,51.41,111.74,0.4926,-1,-1,-1
239,3485,1105.48,435.88,29.81,112.66,0.4876,-1,-1,-1
239,3486,1157.97,438.68,26.79,86.98,0.4534,-1,-1,-1
239,3487,453.98,459.71,26.93,94.81,0.3628,-1,-1,-1
239,3471,370.46,444.87,35.42,62.94,0.3614,-1,-1,-1
240,3488,814.59,400.40,228.06,594.65,0.9019,-1,-1,-1
240,3489,1154.65,437.52,122.79,363.89,0.8873,-1,-1,-1
240,3490,627.37,452.45,75.42,177.79,0.8767,-1,-1,-1
240,3491,961.86,422.98,96.59,422.68,0.8561,-1,-1,-1
240,3492,759.55,435.56,117.54,429.11,0.8430,-1,-1,-1
240,3485,1246.70,428.57,73.42,324.08,0.8087,-1,-1,-1
240,3457,509.44,454.96,33.39,106.79,0.7633,-1,-1,-1
240,3481,477.33,457.28,28.88,104.29,0.6973,-1,-1,-1
240,3480,609.74,457.01,17.77,56.39,0.6301,-1,-1,-1
240,3493,591.26,455.02,20.00,67.05,0.6281,-1,-1,-1
240,3494,369.98,444.84,37.12,64.49,0.5921,-1,-1,-1
240,3495,579.15,456.23,16.96,62.86,0.5919,-1,-1,-1
240,3496,680.34,485.36,51.03,115.58,0.5285,-1,-1,-1
240,3497,1123.88,447.34,22.96,98.88,0.5189,-1,-1,-1
240,3498,571.52,459.02,15.33,62.12,0.5039,-1,-1,-1
240,3499,1103.91,436.57,28.68,109.53,0.4497,-1,-1,-1
240,3500,552.84,455.49,18.10,62.39,0.4495,-1,-1,-1
240,3501,1157.54,438.83,27.10,86.80,0.4468,-1,-1,-1
240,3502,452.96,460.32,30.48,93.71,0.3891,-1,-1,-1
240,3483,725.90,475.92,43.74,51.13,0.3479,-1,-1,-1
240,3503,1879.69,398.91,39.86,257.64,0.3373,-1,-1,-1
241,3504,822.38,401.49,219.38,594.57,0.9083,-1,-1,-1
241,3505,1165.06,437.03,114.98,364.72,0.8846,-1,-1,-1
241,3500,629.42,452.62,73.84,178.15,0.8717,-1,-1,-1
241,3506,762.76,436.24,121.13,430.03,0.8468,-1,-1,-1
241,3507,968.24,422.80,91.53,421.43,0.8273,-1,-1,-1
241,3508,508.76,454.86,34.09,107.25,0.7610,-1,-1,-1
241,3509,1250.14,427.08,69.25,326.84,0.7476,-1,-1,-1
241,3510,477.13,457.22,29.01,104.76,0.7312,-1,-1,-1
241,3511,609.70,456.13,19.77,56.81,0.6503,-1,-1,-1
241,3512,591.56,456.00,20.08,65.59,0.6295,-1,-1,-1
241,3513,568.30,457.91,18.43,62.79,0.6081,-1,-1,-1
241,3514,1123.81,447.83,20.55,98.38,0.6029,-1,-1,-1
241,3515,579.13,455.66,17.16,62.49,0.5950,-1,-1,-1
241,3516,683.00,488.19,46.97,109.32,0.5257,-1,-1,-1
241,3517,551.94,454.88,19.43,62.86,0.5204,-1,-1,-1
241,3518,1157.47,438.75,27.73,86.74,0.4871,-1,-1,-1
241,3519,725.20,476.25,46.15,84.15,0.4165,-1,-1,-1
241,3520,452.66,460.09,29.08,94.55,0.4106,-1,-1,-1
241,3521,765.67,449.32,19.07,69.94,0.3698,-1,-1,-1
241,3522,370.23,445.00,33.95,62.79,0.3273,-1,-1,-1
241,3503,1878.84,399.06,40.71,257.54,0.3050,-1,-1,-1
242,3504,831.79,401.68,210.68,594.29,0.9056,-1,-1,-1
242,3523,764.99,436.41,125.74,435.14,0.8751,-1,-1,-1
242,3524,629.52,455.14,75.65,175.79,0.8691,-1,-1,-1
242,3525,1188.35,436.55,97.35,365.50,0.8483,-1,-1,-1
242,3526,1256.78,426.62,63.99,326.60,0.8185,-1,-1,-1
242,3527,973.56,425.41,88.14,420.68,0.7964,-1,-1,-1
242,3528,508.80,454.78,34.37,106.69,0.7201,-1,-1,-1
242,3500,477.21,457.31,29.46,104.62,0.7148,-1,-1,-1
242,3529,610.12,456.54,19.80,57.05,0.6969,-1,-1,-1
242,3512,567.20,457.48,18.84,63.62,0.6268,-1,-1,-1
242,3530,591.96,456.55,20.13,65.02,0.6248,-1,-1,-1
242,3531,1124.11,447.54,23.14,99.49,0.6216,-1,-1,-1
242,3532,579.12,455.48,17.25,62.95,0.5826,-1,-1,-1
242,3533,683.75,487.58,42.68,108.15,0.5648,-1,-1,-1
242,3534,370.67,444.66,34.28,62.65,0.4986,-1,-1,-1
242,3535,553.15,455.28,18.20,62.68,0.4812,-1,-1,-1
242,3536,452.20,460.97,28.18,93.09,0.4730,-1,-1,-1
242,3537,767.09,451.21,18.26,70.87,0.4616,-1,-1,-1
242,3538,724.75,475.48,45.62,84.55,0.4423,-1,-1,-1
242,3539,1158.12,438.79,27.35,86.97,0.3912,-1,-1,-1
242,3503,1878.80,387.96,40.75,265.81,0.3800,-1,-1,-1
242,3540,421.05,463.30,35.97,112.10,0.3001,-1,-1,-1
243,3541,631.05,455.92,72.76,175.79,0.8793,-1,-1,-1
243,3542,841.59,400.79,202.85,597.51,0.8718,-1,-1,-1
243,3543,766.73,436.90,127.80,434.25,0.8694,-1,-1,-1
243,3544,1188.29,436.21,102.77,365.84,0.8584,-1,-1,-1
243,3545,979.98,424.50,86.41,420.71,0.8086,-1,-1,-1
243,3546,1261.98,424.13,59.00,328.59,0.8067,-1,-1,-1
243,3547,509.45,454.90,33.64,106.45,0.7106,-1,-1,-1
243,3548,610.38,455.87,20.16,58.22,0.7031,-1,-1,-1
243,3549,1123.17,447.71,24.82,99.64,0.6977,-1,-1,-1
243,3550,476.89,457.09,29.48,104.62,0.6929,-1,-1,-1
243,3551,685.71,490.54,41.83,109.28,0.6304,-1,-1,-1
243,3552,567.34,457.90,18.67,62.93,0.6287,-1,-1,-1
243,3553,579.20,456.25,17.12,61.91,0.5892,-1,-1,-1
243,3554,592.41,458.57,19.96,62.82,0.5799,-1,-1,-1
243,3555,725.62,476.52,44.81,79.16,0.5184,-1,-1,-1
243,3556,371.23,444.76,30.16,63.55,0.4973,-1,-1,-1
243,3557,1158.80,439.89,27.10,85.18,0.4811,-1,-1,-1
243,3558,767.40,450.28,18.02,72.29,0.4620,-1,-1,-1
243,3559,450.28,461.50,27.18,89.91,0.4266,-1,-1,-1
243,3560,553.35,455.60,18.00,62.43,0.4113,-1,-1,-1
243,3561,422.27,464.92,30.44,50.78,0.3526,-1,-1,-1
243,3562,1093.62,446.77,32.64,101.34,0.3278,-1,-1,-1
244,3563,1197.50,435.07,97.84,366.68,0.8731,-1,-1,-1
244,3564,632.28,460.41,71.61,171.86,0.8729,-1,-1,-1
244,3565,769.73,437.00,135.50,440.41,0.8635,-1,-1,-1
244,3566,855.06,402.16,187.75,606.58,0.8566,-1,-1,-1
244,3567,983.74,426.81,90.35,417.78,0.8295,-1,-1,-1
244,3568,1264.20,422.86,58.29,329.57,0.7647,-1,-1,-1
244,3569,610.80,455.51,19.99,59.44,0.7259,-1,-1,-1
244,3570,509.68,454.48,33.36,106.62,0.7214,-1,-1,-1
244,3571,1123.26,447.54,24.06,100.07,0.6990,-1,-1,-1
244,3572,475.35,457.00,30.93,104.55,0.6936,-1,-1,-1
244,3573,592.07,458.88,20.53,62.53,0.6792,-1,-1,-1
244,3574,566.89,459.55,19.62,61.55,0.6737,-1,-1,-1
244,3575,552.64,455.61,17.98,62.07,0.5839,-1,-1,-1
244,3576,686.87,487.69,39.10,111.76,0.5611,-1,-1,-1
244,3577,579.22,456.26,16.57,61.77,0.5390,-1,-1,-1
244,3578,371.10,444.74,30.12,62.89,0.4592,-1,-1,-1
244,3579,1158.78,438.92,27.38,87.03,0.4501,-1,-1,-1
244,3580,769.76,449.74,16.16,72.71,0.4347,-1,-1,-1
244,3581,1097.85,447.89,29.62,101.44,0.3987,-1,-1,-1
244,3582,725.52,476.31,45.58,116.72,0.3848,-1,-1,-1
244,3583,452.20,461.26,27.94,91.98,0.3131,-1,-1,-1
244,3584,717.42,454.23,18.61,64.50,0.3072,-1,-1,-1
245,3585,868.24,402.34,175.40,613.34,0.8702,-1,-1,-1
245,3586,633.28,461.01,70.56,171.02,0.8648,-1,-1,-1
245,3567,773.95,435.58,137.44,438.29,0.8647,-1,-1,-1
245,3587,1201.99,434.51,99.69,366.67,0.8615,-1,-1,-1
245,3588,992.11,429.64,87.93,409.78,0.7926,-1,-1,-1
245,3589,509.90,454.58,33.45,106.32,0.7170,-1,-1,-1
245,3590,1268.07,421.59,60.08,330.66,0.6949,-1,-1,-1
245,3591,610.97,455.29,19.91,59.58,0.6874,-1,-1,-1
245,3592,566.83,460.28,19.92,60.39,0.6792,-1,-1,-1
245,3593,591.55,458.68,21.43,62.74,0.6777,-1,-1,-1
245,3594,1122.19,447.77,25.00,99.43,0.6526,-1,-1,-1
245,3595,476.57,456.74,29.86,104.94,0.6349,-1,-1,-1
245,3596,552.63,455.31,18.24,61.87,0.5967,-1,-1,-1
245,3597,578.79,455.37,16.41,62.18,0.5626,-1,-1,-1
245,3598,371.31,444.49,29.75,63.18,0.4670,-1,-1,-1
245,3599,770.17,449.59,15.53,72.85,0.4474,-1,-1,-1
245,3600,1158.10,438.97,27.53,86.94,0.4444,-1,-1,-1
245,3601,685.15,485.18,48.34,107.66,0.4246,-1,-1,-1
245,3602,1091.96,447.62,34.49,102.21,0.3968,-1,-1,-1
245,3603,717.38,454.87,17.32,61.44,0.3715,-1,-1,-1
245,3604,726.39,478.86,45.22,75.97,0.3690,-1,-1,-1
245,3605,528.22,454.75,18.46,48.59,0.3083,-1,-1,-1
245,3606,420.99,464.96,32.17,50.76,0.3050,-1,-1,-1
246,3607,1207.42,436.14,98.97,364.89,0.8740,-1,-1,-1
246,3608,634.38,459.92,69.20,172.38,0.8700,-1,-1,-1
246,3609,872.18,399.98,172.42,625.76,0.8667,-1,-1,-1
246,3610,776.78,434.65,133.74,438.58,0.8562,-1,-1,-1
246,3590,995.55,429.50,92.05,415.06,0.8091,-1,-1,-1
246,3611,1275.64,420.88,56.30,331.28,0.7845,-1,-1,-1
246,3612,566.34,458.98,20.43,61.72,0.6940,-1,-1,-1
246,3613,509.94,455.41,33.74,106.03,0.6670,-1,-1,-1
246,3614,612.26,455.73,20.36,58.71,0.6556,-1,-1,-1
246,3615,591.36,458.22,22.06,63.19,0.6543,-1,-1,-1
246,3616,474.29,456.60,32.27,105.21,0.6446,-1,-1,-1
246,3617,552.06,455.63,17.71,61.71,0.5827,-1,-1,-1
246,3618,578.60,455.12,16.55,62.30,0.5801,-1,-1,-1
246,3619,1123.11,447.87,20.15,99.80,0.5010,-1,-1,-1
246,3620,371.29,444.65,30.13,64.29,0.4997,-1,-1,-1
246,3621,1157.26,439.19,27.95,86.50,0.3950,-1,-1,-1
246,3622,1088.30,445.38,40.09,103.37,0.3544,-1,-1,-1
246,3623,717.22,454.84,17.64,60.36,0.3295,-1,-1,-1
246,3624,419.94,464.77,32.10,51.48,0.3281,-1,-1,-1
246,3625,690.28,487.11,42.20,110.08,0.3278,-1,-1,-1
246,3626,726.61,479.19,44.37,114.23,0.3234,-1,-1,-1
247,3627,1212.00,436.04,111.21,366.84,0.8945,-1,-1,-1
247,3628,779.31,432.44,136.65,447.05,0.8705,-1,-1,-1
247,3629,634.59,457.86,69.37,174.33,0.8596,-1,-1,-1
247,3630,873.93,402.81,169.70,628.04,0.8534,-1,-1,-1
247,3590,1000.38,431.60,96.43,414.97,0.8046,-1,-1,-1
247,3631,509.17,454.47,33.88,106.76,0.7484,-1,-1,-1
247,3632,1279.54,420.71,58.38,333.04,0.7387,-1,-1,-1
247,3633,472.01,456.67,33.75,105.79,0.6764,-1,-1,-1
247,3634,591.29,458.77,22.09,62.60,0.6739,-1,-1,-1
247,3614,612.99,455.27,20.23,59.46,0.6729,-1,-1,-1
247,3635,566.24,459.08,19.88,59.44,0.6590,-1,-1,-1
247,3636,1123.83,447.86,21.59,99.71,0.6454,-1,-1,-1
247,3637,551.72,456.00,18.24,61.47,0.5704,-1,-1,-1
247,3638,577.97,455.56,16.87,59.09,0.5451,-1,-1,-1
247,3639,761.50,447.71,28.47,75.74,0.4989,-1,-1,-1
247,3640,1157.94,439.04,28.13,86.97,0.4521,-1,-1,-1
247,3641,725.82,477.48,46.96,83.33,0.4328,-1,-1,-1
247,3642,687.11,485.73,43.30,112.33,0.4227,-1,-1,-1
247,3643,528.40,454.57,18.01,51.69,0.4208,-1,-1,-1
247,3644,716.99,454.90,17.97,61.96,0.3799,-1,-1,-1
247,3645,1087.64,440.66,40.76,108.43,0.3530,-1,-1,-1
247,3646,1878.71,392.02,40.83,267.17,0.3357,-1,-1,-1
248,3590,1216.74,434.03,130.02,369.63,0.9026,-1,-1,-1
248,3647,634.01,454.07,70.45,179.27,0.8666,-1,-1,-1
248,3648,781.65,432.52,133.42,445.94,0.8602,-1,-1,-1
248,3649,889.73,406.01,157.61,627.43,0.8013,-1,-1,-1
248,3650,508.78,455.29,34.06,106.70,0.7816,-1,-1,-1
248,3651,470.30,456.89,34.81,105.51,0.7158,-1,-1,-1
248,3652,566.43,459.34,19.51,60.15,0.6666,-1,-1,-1
248,3653,591.34,458.87,22.17,62.81,0.6574,-1,-1,-1
248,3654,613.84,456.13,20.26,58.95,0.6190,-1,-1,-1
248,3655,763.78,448.53,26.41,74.72,0.6039,-1,-1,-1
248,3656,690.32,488.09,40.15,100.77,0.5862,-1,-1,-1
248,3657,577.60,454.96,17.54,61.92,0.5812,-1,-1,-1
248,3658,551.00,456.23,19.27,61.40,0.5622,-1,-1,-1
248,3659,1088.22,439.57,45.81,109.37,0.5496,-1,-1,-1
248,3660,726.17,477.73,47.14,83.57,0.5387,-1,-1,-1
248,3661,1123.16,447.54,19.78,99.98,0.5363,-1,-1,-1
248,3662,1157.74,439.03,28.91,86.96,0.4607,-1,-1,-1
248,3663,416.12,464.91,35.41,108.58,0.4391,-1,-1,-1
248,3664,1879.20,390.31,40.34,268.08,0.4078,-1,-1,-1
248,3665,528.44,454.60,17.87,51.55,0.4051,-1,-1,-1
248,3666,1005.71,437.13,99.29,408.56,0.4017,-1,-1,-1
248,3639,717.07,454.71,17.70,58.50,0.3701,-1,-1,-1
248,3667,370.46,444.87,31.34,64.52,0.3448,-1,-1,-1
249,3590,1219.14,436.99,145.78,366.90,0.8943,-1,-1,-1
249,3668,783.36,432.49,132.46,447.06,0.8655,-1,-1,-1
249,3669,639.72,449.92,64.76,182.24,0.8507,-1,-1,-1
249,3670,509.20,454.45,34.02,106.95,0.7338,-1,-1,-1
249,3671,898.28,405.27,150.62,636.06,0.6969,-1,-1,-1
249,3672,591.48,458.75,22.72,62.53,0.6672,-1,-1,-1
249,3673,471.88,456.77,33.32,105.23,0.6564,-1,-1,-1
249,3674,615.12,456.10,18.91,58.63,0.6461,-1,-1,-1
249,3675,567.16,458.42,18.76,61.16,0.6355,-1,-1,-1
249,3676,724.65,477.20,48.86,83.58,0.6054,-1,-1,-1
249,3677,577.59,455.23,17.29,63.53,0.5808,-1,-1,-1
249,3678,552.34,455.88,18.56,62.11,0.5765,-1,-1,-1
249,3679,765.53,448.28,25.11,74.31,0.5514,-1,-1,-1
249,3680,717.29,454.38,18.61,60.20,0.4966,-1,-1,-1
249,3681,414.93,463.03,35.24,110.78,0.4899,-1,-1,-1
249,3682,1090.01,444.81,42.96,103.23,0.4782,-1,-1,-1
249,3683,1158.12,438.95,27.76,87.14,0.4574,-1,-1,-1
249,3684,1272.39,420.61,77.85,329.72,0.4292,-1,-1,-1
249,3685,371.89,444.65,29.25,64.68,0.4257,-1,-1,-1
249,3686,691.16,488.13,39.04,108.61,0.4217,-1,-1,-1
249,3687,1123.90,448.05,21.05,99.45,0.4092,-1,-1,-1
249,3688,528.41,454.69,18.04,56.03,0.3640,-1,-1,-1
249,3647,690.86,457.96,18.44,35.77,0.3572,-1,-1,-1
250,3689,1221.51,436.95,169.75,367.85,0.9223,-1,-1,-1
250,3690,787.49,432.36,130.18,447.08,0.8869,-1,-1,-1
250,3691,643.75,450.73,62.50,181.84,0.8351,-1,-1,-1
250,3692,507.40,455.59,37.14,105.76,0.7499,-1,-1,-1
250,3693,592.03,459.03,21.83,62.03,0.6887,-1,-1,-1
250,3694,616.06,457.00,20.48,58.08,0.6739,-1,-1,-1
250,3695,1272.82,420.79,84.52,331.93,0.6734,-1,-1,-1
250,3696,469.78,456.92,35.90,105.06,0.6557,-1,-1,-1
250,3697,567.95,459.07,18.03,60.75,0.6556,-1,-1,-1
250,3698,905.67,404.75,144.46,637.54,0.6495,-1,-1,-1
250,3699,722.29,477.44,53.02,83.82,0.6353,-1,-1,-1
250,3700,578.17,454.92,17.39,61.97,0.6137,-1,-1,-1
250,3701,415.66,463.97,35.12,112.08,0.5900,-1,-1,-1
250,3702,553.58,456.19,17.79,62.09,0.5599,-1,-1,-1
250,3703,766.63,449.99,25.61,72.46,0.5512,-1,-1,-1
250,3704,1158.32,439.76,28.75,86.42,0.5153,-1,-1,-1
250,3705,1008.82,435.60,111.74,414.52,0.4627,-1,-1,-1
250,3706,1852.45,394.38,67.08,386.62,0.3755,-1,-1,-1
250,3707,371.56,444.26,29.67,64.88,0.3466,-1,-1,-1
250,3708,1091.64,445.50,47.84,145.53,0.3440,-1,-1,-1
250,3709,528.84,454.77,17.91,57.07,0.3015,-1,-1,-1
251,3590,1223.46,437.19,188.39,368.28,0.9196,-1,-1,-1
251,3639,790.89,431.80,127.93,448.74,0.8843,-1,-1,-1
251,3647,648.49,450.18,59.59,181.75,0.8305,-1,-1,-1
251,3710,912.63,400.92,153.72,641.48,0.7946,-1,-1,-1
251,3711,507.24,455.33,37.88,106.06,0.7484,-1,-1,-1
251,3712,415.20,464.09,35.33,111.36,0.6920,-1,-1,-1
251,3713,470.05,456.53,36.05,101.38,0.6812,-1,-1,-1
251,3714,592.32,458.70,24.11,62.02,0.6459,-1,-1,-1
251,3715,1272.58,421.64,97.70,330.95,0.6411,-1,-1,-1
251,3716,617.62,456.82,21.07,57.84,0.6400,-1,-1,-1
251,3717,766.75,449.82,26.09,73.69,0.6050,-1,-1,-1
251,3718,569.87,460.01,16.62,59.32,0.5913,-1,-1,-1
251,3719,578.51,454.68,16.95,63.09,0.5891,-1,-1,-1
251,3720,554.26,455.77,18.17,62.15,0.5001,-1,-1,-1
251,3721,726.34,478.53,49.67,81.34,0.4781,-1,-1,-1
251,3722,1160.46,439.37,27.04,86.84,0.3788,-1,-1,-1
251,3723,1000.03,448.65,118.00,400.87,0.3393,-1,-1,-1
251,3724,719.22,455.51,17.01,60.35,0.3294,-1,-1,-1
252,3723,1222.36,438.85,198.07,368.37,0.9186,-1,-1,-1
252,3722,796.25,431.46,123.70,449.40,0.8702,-1,-1,-1
252,3725,917.02,399.83,170.02,643.46,0.8579,-1,-1,-1
252,3726,650.49,447.97,58.27,184.37,0.8501,-1,-1,-1
252,3727,508.60,455.01,35.96,106.36,0.7785,-1,-1,-1
252,3728,769.09,450.55,24.41,71.74,0.6603,-1,-1,-1
252,3729,618.44,456.75,20.00,58.17,0.6489,-1,-1,-1
252,3730,414.23,463.53,35.82,111.24,0.6081,-1,-1,-1
252,3731,592.18,459.40,24.10,61.33,0.5843,-1,-1,-1
252,3732,569.88,460.30,16.92,59.42,0.5670,-1,-1,-1
252,3733,468.90,456.63,36.35,101.56,0.5618,-1,-1,-1
252,3734,1017.07,443.13,110.85,406.64,0.5373,-1,-1,-1
252,3735,577.89,454.56,18.07,62.64,0.5278,-1,-1,-1
252,3736,1124.95,447.88,31.44,100.10,0.5092,-1,-1,-1
252,3711,699.18,483.81,32.26,113.53,0.4229,-1,-1,-1
252,3737,1160.41,439.34,27.46,86.93,0.3681,-1,-1,-1
252,3738,555.97,455.96,16.76,62.56,0.3523,-1,-1,-1
252,3739,719.43,455.37,16.65,60.40,0.3483,-1,-1,-1
252,3721,722.77,479.54,53.61,117.24,0.3332,-1,-1,-1
252,3709,528.80,453.84,18.12,54.19,0.3147,-1,-1,-1
253,3734,1223.34,439.40,203.51,370.99,0.9179,-1,-1,-1
253,3740,799.94,431.63,119.42,449.41,0.8586,-1,-1,-1
253,3741,651.68,447.50,59.26,184.96,0.8443,-1,-1,-1
253,3742,919.19,400.04,181.86,642.51,0.8283,-1,-1,-1
253,3729,509.42,455.11,35.72,106.10,0.7849,-1,-1,-1
253,3743,1810.67,444.52,108.93,333.24,0.7434,-1,-1,-1
253,3744,619.38,457.54,20.56,58.22,0.6839,-1,-1,-1
253,3745,768.66,449.59,28.11,73.89,0.6646,-1,-1,-1
253,3746,413.25,464.28,36.38,111.21,0.6583,-1,-1,-1
253,3747,578.99,454.64,16.93,64.12,0.5673,-1,-1,-1
253,3748,469.56,456.29,36.08,97.67,0.5599,-1,-1,-1
253,3749,570.08,459.72,16.84,60.28,0.5593,-1,-1,-1
253,3750,1019.90,444.30,107.99,407.43,0.4987,-1,-1,-1
253,3751,592.01,465.06,19.66,56.06,0.4665,-1,-1,-1
253,3752,702.25,484.95,29.60,103.92,0.3986,-1,-1,-1
253,3753,1160.18,439.53,28.42,86.94,0.3983,-1,-1,-1
253,3754,725.79,479.93,50.59,82.47,0.3919,-1,-1,-1
253,3755,555.73,456.32,16.62,62.23,0.3905,-1,-1,-1
253,3756,528.73,454.13,19.68,54.17,0.3008,-1,-1,-1
254,3757,1223.21,441.23,204.12,370.19,0.9258,-1,-1,-1
254,3758,926.72,400.69,185.39,641.46,0.8754,-1,-1,-1
254,3759,1805.95,388.75,113.63,390.05,0.8620,-1,-1,-1
254,3760,804.82,431.68,117.22,448.77,0.8366,-1,-1,-1
254,3761,652.84,447.73,58.91,184.87,0.8315,-1,-1,-1
254,3762,509.01,455.12,36.22,106.16,0.7858,-1,-1,-1
254,3763,413.53,464.52,36.93,111.34,0.7640,-1,-1,-1
254,3764,619.27,457.46,21.44,58.45,0.6869,-1,-1,-1
254,3765,471.97,456.71,33.34,97.99,0.5611,-1,-1,-1
254,3751,570.28,460.24,16.61,59.56,0.5467,-1,-1,-1
254,3766,578.75,454.87,17.55,62.82,0.5308,-1,-1,-1
254,3767,591.87,462.46,19.83,58.82,0.4971,-1,-1,-1
254,3768,726.04,480.56,50.77,79.54,0.4737,-1,-1,-1
254,3769,555.27,455.95,17.24,62.60,0.4350,-1,-1,-1
254,3770,1159.47,439.46,28.14,87.01,0.4131,-1,-1,-1
254,3771,772.87,447.97,25.03,74.21,0.4083,-1,-1,-1
254,3772,702.98,486.85,28.57,100.15,0.3464,-1,-1,-1
254,3773,528.48,453.62,19.53,54.41,0.3131,-1,-1,-1
255,3767,1225.30,440.61,206.68,376.12,0.9264,-1,-1,-1
255,3774,1806.43,389.04,113.13,389.29,0.8526,-1,-1,-1
255,3775,930.85,400.21,186.99,642.33,0.8439,-1,-1,-1
255,3776,653.77,447.38,65.71,186.19,0.8273,-1,-1,-1
255,3777,809.57,431.42,117.57,449.15,0.8075,-1,-1,-1
255,3778,509.69,455.35,35.02,105.95,0.7857,-1,-1,-1
255,3779,620.12,458.17,20.84,58.77,0.7446,-1,-1,-1
255,3780,411.80,465.60,38.22,110.25,0.6751,-1,-1,-1
255,3781,591.46,459.77,19.94,61.49,0.6054,-1,-1,-1
255,3718,570.03,459.07,16.37,60.72,0.5897,-1,-1,-1
255,3782,578.86,454.98,16.96,63.27,0.5820,-1,-1,-1
255,3783,469.92,456.70,33.32,103.97,0.5438,-1,-1,-1
255,3784,772.91,448.86,26.20,73.39,0.5264,-1,-1,-1
255,3785,1108.93,446.81,52.42,102.77,0.5127,-1,-1,-1
255,3786,1159.38,439.25,28.15,86.89,0.4421,-1,-1,-1
255,3787,1020.25,441.41,73.66,154.33,0.3621,-1,-1,-1
255,3788,528.48,454.13,20.57,53.83,0.3402,-1,-1,-1
255,3789,555.21,456.01,17.49,62.56,0.3304,-1,-1,-1
255,3790,1323.63,423.31,111.20,334.42,0.3169,-1,-1,-1
256,3791,1227.20,439.50,204.82,377.46,0.9298,-1,-1,-1
256,3792,931.96,399.19,189.71,644.29,0.8756,-1,-1,-1
256,3793,654.84,447.59,63.45,187.38,0.7993,-1,-1,-1
256,3794,810.56,431.09,118.25,454.61,0.7857,-1,-1,-1
256,3795,1822.46,403.29,97.08,374.76,0.7716,-1,-1,-1
256,3767,509.28,455.52,35.21,106.27,0.7714,-1,-1,-1
256,3796,621.14,457.10,20.25,60.09,0.7374,-1,-1,-1
256,3797,409.22,464.89,40.05,111.58,0.6680,-1,-1,-1
256,3798,1112.86,446.33,48.44,102.11,0.6587,-1,-1,-1
256,3719,578.73,454.85,16.68,63.42,0.6148,-1,-1,-1
256,3799,591.40,457.97,18.67,63.24,0.5610,-1,-1,-1
256,3800,567.74,459.20,17.90,60.28,0.5539,-1,-1,-1
256,3801,466.80,456.74,34.72,105.01,0.5050,-1,-1,-1
256,3802,553.22,455.83,18.37,62.12,0.4946,-1,-1,-1
256,3803,772.61,447.52,28.67,75.59,0.4223,-1,-1,-1
256,3804,726.07,479.99,51.87,105.22,0.3383,-1,-1,-1
256,3805,528.86,454.54,20.10,54.53,0.3344,-1,-1,-1
257,3806,1231.58,433.89,198.94,382.92,0.9165,-1,-1,-1
257,3807,1804.69,399.78,114.88,380.72,0.8842,-1,-1,-1
257,3808,655.61,447.75,71.28,186.82,0.8469,-1,-1,-1
257,3809,935.41,397.72,185.23,646.09,0.8140,-1,-1,-1
257,3810,813.55,431.08,119.69,461.80,0.7861,-1,-1,-1
257,3811,508.76,455.22,35.63,106.68,0.7807,-1,-1,-1
257,3719,621.90,456.70,19.45,59.63,0.7306,-1,-1,-1
257,3767,409.22,465.19,39.21,110.94,0.7118,-1,-1,-1
257,3812,578.69,454.70,16.07,63.12,0.6397,-1,-1,-1
257,3813,1112.59,446.25,48.67,102.79,0.6395,-1,-1,-1
257,3814,465.64,456.74,35.53,105.83,0.5916,-1,-1,-1
257,3815,773.79,447.51,26.81,75.74,0.5693,-1,-1,-1
257,3816,726.99,479.46,51.69,118.02,0.5571,-1,-1,-1
257,3817,605.05,456.87,18.74,59.01,0.5349,-1,-1,-1
257,3818,591.02,459.09,18.32,62.12,0.4835,-1,-1,-1
257,3819,552.20,456.17,18.32,60.72,0.4818,-1,-1,-1
257,3820,566.79,457.64,18.19,61.74,0.4789,-1,-1,-1
258,3821,1240.38,433.18,190.39,383.79,0.9146,-1,-1,-1
258,3822,1795.23,401.26,124.09,378.86,0.8986,-1,-1,-1
258,3808,657.67,449.56,65.47,187.55,0.8231,-1,-1,-1
258,3823,813.39,430.78,124.65,464.45,0.8214,-1,-1,-1
258,3824,509.43,455.55,34.24,106.55,0.7588,-1,-1,-1
258,3825,409.02,464.43,39.63,111.58,0.7550,-1,-1,-1
258,3826,622.60,456.54,22.85,61.23,0.7264,-1,-1,-1
258,3827,566.97,456.86,19.29,62.35,0.7074,-1,-1,-1
258,3828,1279.61,448.22,39.22,102.73,0.6995,-1,-1,-1
258,3829,1109.16,444.70,52.21,109.96,0.5967,-1,-1,-1
258,3830,589.83,457.66,19.79,63.32,0.5919,-1,-1,-1
258,3831,467.56,456.83,33.22,106.39,0.5602,-1,-1,-1
258,3832,553.00,455.42,17.48,61.48,0.5600,-1,-1,-1
258,3833,935.20,398.93,142.41,622.52,0.5400,-1,-1,-1
258,3834,578.60,454.94,15.75,63.12,0.5381,-1,-1,-1
258,3835,1877.80,385.65,41.75,273.12,0.5083,-1,-1,-1
258,3836,1159.72,438.92,25.56,87.68,0.4154,-1,-1,-1
258,3837,1028.43,441.83,74.63,154.20,0.4140,-1,-1,-1
258,3838,727.09,479.60,47.20,104.86,0.4099,-1,-1,-1
258,3839,605.51,457.60,19.14,58.18,0.4013,-1,-1,-1
258,3815,774.12,451.48,26.72,71.83,0.3762,-1,-1,-1
258,3840,372.90,444.73,27.57,62.55,0.3060,-1,-1,-1
259,3841,1249.30,428.31,182.49,388.51,0.9065,-1,-1,-1
259,3842,1783.84,400.01,135.68,379.21,0.9036,-1,-1,-1
259,3843,815.05,431.35,123.17,476.05,0.8306,-1,-1,-1
259,3844,659.50,453.83,65.24,183.00,0.7534,-1,-1,-1
259,3845,939.92,395.80,174.01,648.00,0.7457,-1,-1,-1
259,3846,510.17,455.27,33.89,106.34,0.7359,-1,-1,-1
259,3847,566.84,457.52,19.31,61.76,0.7206,-1,-1,-1
259,3848,1280.14,446.90,40.20,103.87,0.7169,-1,-1,-1
259,3849,623.01,456.33,22.45,61.38,0.7098,-1,-1,-1
259,3850,405.78,465.09,41.60,110.91,0.7065,-1,-1,-1
259,3851,1110.09,444.79,51.27,112.10,0.6388,-1,-1,-1
259,3852,590.46,458.41,19.04,62.41,0.5558,-1,-1,-1
259,3853,552.59,454.91,17.61,62.68,0.5549,-1,-1,-1
259,3854,578.26,454.80,15.93,63.05,0.5419,-1,-1,-1
259,3855,606.57,457.47,19.86,58.43,0.5260,-1,-1,-1
259,3856,776.16,451.25,25.21,72.31,0.5149,-1,-1,-1
259,3857,468.52,457.08,33.87,104.49,0.4752,-1,-1,-1
259,3828,1159.86,438.82,25.49,87.76,0.4691,-1,-1,-1
259,3858,727.05,479.49,50.97,113.91,0.4118,-1,-1,-1
259,3840,372.79,444.54,27.89,63.68,0.3533,-1,-1,-1
259,3739,719.63,455.87,16.21,55.16,0.3353,-1,-1,-1
259,3859,659.84,463.43,16.51,45.25,0.3077,-1,-1,-1
260,3860,1264.06,428.15,168.93,389.38,0.9213,-1,-1,-1
260,3861,1758.20,404.45,161.10,374.91,0.9121,-1,-1,-1
260,3862,815.57,431.61,124.84,482.88,0.8149,-1,-1,-1
260,3863,660.72,454.49,65.61,181.41,0.8045,-1,-1,-1
260,3864,937.28,396.92,183.87,646.25,0.8043,-1,-1,-1
260,3808,623.37,456.00,21.52,61.46,0.7200,-1,-1,-1
260,3865,1281.19,446.48,45.79,104.50,0.7064,-1,-1,-1
260,3866,1109.33,444.58,51.57,109.88,0.7039,-1,-1,-1
260,3867,509.97,455.67,34.27,106.10,0.6928,-1,-1,-1
260,3868,727.35,477.99,53.38,120.59,0.6855,-1,-1,-1
260,3869,406.23,465.75,40.90,110.19,0.6702,-1,-1,-1
260,3870,566.86,457.63,19.29,61.54,0.6228,-1,-1,-1
260,3871,590.33,457.94,18.19,62.18,0.5462,-1,-1,-1
260,3872,464.37,456.88,34.67,105.94,0.4547,-1,-1,-1
260,3873,373.01,444.96,28.01,63.40,0.4526,-1,-1,-1
260,3874,1879.16,391.04,40.39,261.33,0.4417,-1,-1,-1
260,3875,605.89,458.39,19.62,57.21,0.4346,-1,-1,-1
260,3876,659.59,464.27,15.31,47.89,0.3890,-1,-1,-1
260,3877,553.67,455.50,16.44,63.00,0.3818,-1,-1,-1
260,3878,578.99,455.94,14.51,62.07,0.3608,-1,-1,-1
260,3879,1159.45,439.83,25.66,86.69,0.3483,-1,-1,-1
260,3880,774.33,445.90,27.20,77.57,0.3186,-1,-1,-1
261,3881,1719.17,407.77,198.36,371.13,0.9190,-1,-1,-1
261,3882,1278.50,431.19,153.98,385.75,0.9081,-1,-1,-1
261,3883,940.49,397.36,175.47,645.54,0.8734,-1,-1,-1
261,3884,663.00,449.99,63.60,188.97,0.8397,-1,-1,-1
261,3885,816.37,431.61,124.40,485.11,0.8048,-1,-1,-1
261,3886,509.77,455.09,34.38,106.61,0.7668,-1,-1,-1
261,3887,1283.71,445.59,44.95,105.59,0.7611,-1,-1,-1
261,3888,625.24,455.74,21.40,61.48,0.7032,-1,-1,-1
261,3808,406.36,466.04,39.68,109.44,0.6930,-1,-1,-1
261,3889,1109.98,443.98,53.39,106.86,0.6816,-1,-1,-1
261,3890,462.95,457.34,37.39,106.18,0.6588,-1,-1,-1
261,3891,606.06,458.48,21.85,57.30,0.6330,-1,-1,-1
261,3892,727.28,477.39,47.61,102.94,0.6086,-1,-1,-1
261,3893,589.39,458.40,17.76,61.96,0.5961,-1,-1,-1
261,3894,567.36,457.41,19.08,61.75,0.5879,-1,-1,-1
261,3895,552.22,454.82,17.85,62.07,0.4958,-1,-1,-1
261,3896,1038.95,451.00,73.96,148.27,0.4742,-1,-1,-1
261,3897,371.79,445.12,31.45,63.95,0.4629,-1,-1,-1
261,3898,1882.73,400.63,36.82,254.94,0.4044,-1,-1,-1
261,3899,659.41,463.84,17.51,48.91,0.3653,-1,-1,-1
261,3900,431.18,465.22,23.67,104.89,0.3239,-1,-1,-1
262,3901,1687.37,410.63,229.03,366.89,0.9290,-1,-1,-1
262,3902,1299.03,425.97,134.65,391.66,0.8758,-1,-1,-1
262,3903,941.42,398.34,175.21,644.08,0.8680,-1,-1,-1
262,3904,663.41,448.91,66.54,190.89,0.8609,-1,-1,-1
262,3905,819.62,432.07,120.17,487.99,0.8018,-1,-1,-1
262,3906,509.19,455.06,34.57,107.17,0.7713,-1,-1,-1
262,3907,624.25,455.47,25.12,61.14,0.7597,-1,-1,-1
262,3908,1113.56,444.38,46.48,109.15,0.7116,-1,-1,-1
262,3909,1287.99,446.17,44.19,104.31,0.6758,-1,-1,-1
262,3910,406.85,465.54,38.42,110.03,0.6490,-1,-1,-1
262,3911,727.66,477.33,47.15,93.12,0.5840,-1,-1,-1
262,3912,607.06,459.55,21.07,55.40,0.5830,-1,-1,-1
262,3913,588.62,458.28,17.95,61.72,0.5649,-1,-1,-1
262,3914,462.28,458.29,37.43,105.85,0.5569,-1,-1,-1
262,3915,778.14,448.20,23.20,74.87,0.5468,-1,-1,-1
262,3916,552.07,454.94,17.65,62.07,0.5184,-1,-1,-1
262,3917,566.06,456.89,18.93,62.47,0.5175,-1,-1,-1
262,3918,658.78,462.93,20.62,65.13,0.4900,-1,-1,-1
262,3919,1878.68,389.97,40.86,265.58,0.4758,-1,-1,-1
262,3920,371.57,444.70,32.60,62.40,0.4594,-1,-1,-1
262,3921,1042.59,433.14,78.89,166.95,0.3350,-1,-1,-1
263,3922,1671.99,414.70,245.46,360.93,0.9369,-1,-1,-1
263,3923,665.40,449.90,69.05,190.86,0.8588,-1,-1,-1
263,3924,942.11,398.00,174.67,644.98,0.8429,-1,-1,-1
263,3925,1325.89,422.01,112.91,396.03,0.8193,-1,-1,-1
263,3903,821.12,431.99,119.64,488.85,0.7998,-1,-1,-1
263,3811,508.63,455.14,35.43,107.01,0.7990,-1,-1,-1
263,3926,626.52,455.59,20.92,60.57,0.7539,-1,-1,-1
263,3927,1117.67,444.50,41.96,107.69,0.7257,-1,-1,-1
263,3928,460.88,461.83,38.34,102.34,0.6881,-1,-1,-1
263,3929,728.41,477.68,47.35,96.44,0.6267,-1,-1,-1
263,3930,779.20,447.79,22.82,75.44,0.6219,-1,-1,-1
263,3916,606.89,459.30,20.42,54.45,0.6166,-1,-1,-1
263,3931,588.41,460.75,17.56,58.97,0.6039,-1,-1,-1
263,3932,1043.46,429.56,81.23,167.11,0.5905,-1,-1,-1
263,3933,1876.98,387.22,42.56,272.25,0.5639,-1,-1,-1
263,3934,551.26,455.41,17.89,61.95,0.5519,-1,-1,-1
263,3935,371.49,445.09,29.35,63.52,0.5427,-1,-1,-1
263,3936,659.00,462.91,20.45,68.44,0.5388,-1,-1,-1
263,3937,1298.11,446.85,39.46,101.89,0.5109,-1,-1,-1
263,3938,565.48,456.99,18.92,62.37,0.4730,-1,-1,-1
263,3939,399.99,464.83,41.81,110.39,0.4418,-1,-1,-1
263,3908,1097.64,436.38,28.38,72.28,0.3519,-1,-1,-1
264,3927,1665.11,416.38,248.65,358.64,0.9399,-1,-1,-1
264,3940,666.75,449.82,69.49,191.93,0.8687,-1,-1,-1
264,3908,944.32,397.57,184.85,644.91,0.8291,-1,-1,-1
264,3941,1335.85,429.55,109.11,389.12,0.7974,-1,-1,-1
264,3942,821.64,432.00,121.12,487.66,0.7954,-1,-1,-1
264,3916,509.97,455.08,34.26,106.64,0.7738,-1,-1,-1
264,3943,1118.49,445.59,41.31,105.85,0.7531,-1,-1,-1
264,3944,628.03,456.09,20.12,59.33,0.7409,-1,-1,-1
264,3945,461.37,461.77,37.36,102.36,0.7152,-1,-1,-1
264,3946,1301.40,446.86,31.34,103.29,0.6447,-1,-1,-1
264,3947,780.63,449.21,22.50,74.01,0.6334,-1,-1,-1
264,3948,587.90,460.18,18.28,59.38,0.6105,-1,-1,-1
264,3949,731.30,478.97,45.74,102.73,0.5826,-1,-1,-1
264,3950,607.31,459.16,18.95,54.30,0.5751,-1,-1,-1
264,3951,659.22,463.13,20.37,74.56,0.5588,-1,-1,-1
264,3952,371.62,445.10,29.89,63.49,0.5534,-1,-1,-1
264,3953,1878.67,390.28,40.88,269.88,0.5276,-1,-1,-1
264,3954,565.95,457.67,20.43,61.87,0.4872,-1,-1,-1
264,3955,1047.28,425.44,79.08,172.82,0.4546,-1,-1,-1
264,3956,552.29,455.53,16.84,61.75,0.4260,-1,-1,-1
264,3957,1098.29,436.33,28.73,79.99,0.3663,-1,-1,-1
265,3958,1661.21,419.73,246.94,355.01,0.9355,-1,-1,-1
265,3959,945.29,396.29,170.26,645.81,0.8652,-1,-1,-1
265,3960,669.68,450.30,68.32,191.24,0.8530,-1,-1,-1
265,3903,1341.64,429.46,108.71,390.87,0.8521,-1,-1,-1
265,3916,822.07,431.56,118.41,488.75,0.7869,-1,-1,-1
265,3762,509.11,454.90,35.89,106.75,0.7791,-1,-1,-1
265,3961,461.30,456.91,37.17,107.15,0.7535,-1,-1,-1
265,3962,628.43,458.08,22.48,58.12,0.7338,-1,-1,-1
265,3963,1118.10,445.95,42.19,105.66,0.7039,-1,-1,-1
265,3964,781.88,449.72,22.05,73.58,0.6818,-1,-1,-1
265,3965,733.55,478.60,41.65,91.63,0.6507,-1,-1,-1
265,3966,1051.87,429.96,80.36,170.05,0.6067,-1,-1,-1
265,3967,399.59,464.48,38.98,110.53,0.5900,-1,-1,-1
265,3968,587.19,459.78,18.19,59.26,0.5696,-1,-1,-1
265,3969,608.01,459.07,18.46,54.26,0.5490,-1,-1,-1
265,3970,659.23,463.31,21.64,72.72,0.5462,-1,-1,-1
265,3971,1304.45,445.93,30.74,104.33,0.5398,-1,-1,-1
265,3972,372.07,445.02,29.10,63.65,0.4528,-1,-1,-1
265,3973,565.12,457.82,20.31,61.28,0.4471,-1,-1,-1
265,3974,552.70,455.20,16.80,61.75,0.4235,-1,-1,-1
265,3975,1879.05,394.88,40.51,264.75,0.3357,-1,-1,-1
266,3975,1662.08,421.78,230.91,350.69,0.9190,-1,-1,-1
266,3976,946.88,396.98,169.81,645.40,0.8498,-1,-1,-1
266,3977,674.62,449.10,65.32,192.12,0.8387,-1,-1,-1
266,3978,1348.95,419.12,115.59,409.50,0.8276,-1,-1,-1
266,3908,824.92,430.93,114.39,488.54,0.7990,-1,-1,-1
266,3979,1116.72,446.85,43.29,104.07,0.7692,-1,-1,-1
266,3980,508.64,455.09,36.66,106.62,0.7637,-1,-1,-1
266,3981,629.29,458.75,25.53,57.87,0.7428,-1,-1,-1
266,3982,1054.78,425.20,81.31,173.79,0.6959,-1,-1,-1
266,3983,734.06,477.41,43.01,98.37,0.6767,-1,-1,-1
266,3984,782.99,448.95,21.95,72.80,0.6261,-1,-1,-1
266,3985,608.96,457.45,17.43,55.52,0.6015,-1,-1,-1
266,3986,458.92,458.03,38.28,105.11,0.5956,-1,-1,-1
266,3987,586.60,459.56,18.14,59.59,0.5660,-1,-1,-1
266,3988,397.65,464.40,41.03,110.76,0.4892,-1,-1,-1
266,3989,659.06,463.88,22.51,74.38,0.4864,-1,-1,-1
266,3990,371.70,444.85,29.15,63.37,0.4670,-1,-1,-1
266,3991,564.52,458.50,19.59,60.68,0.4651,-1,-1,-1
266,3992,1097.76,435.86,29.88,62.50,0.3947,-1,-1,-1
266,3993,1304.43,434.30,31.37,115.59,0.3629,-1,-1,-1
266,3994,1158.89,440.09,26.87,86.41,0.3513,-1,-1,-1
267,3975,1659.48,422.36,214.84,337.57,0.9054,-1,-1,-1
267,3995,679.81,448.36,58.42,193.06,0.8504,-1,-1,-1
267,3996,948.04,397.09,169.29,645.26,0.8335,-1,-1,-1
267,3927,1355.74,425.63,117.06,405.80,0.8271,-1,-1,-1
267,3997,1118.66,446.79,41.57,104.33,0.7801,-1,-1,-1
267,3998,507.67,454.99,36.85,106.35,0.7670,-1,-1,-1
267,3999,825.72,430.54,115.39,490.04,0.7556,-1,-1,-1
267,4000,630.49,458.19,25.59,57.93,0.7443,-1,-1,-1
267,4001,735.28,477.15,40.52,96.67,0.7192,-1,-1,-1
267,4002,1054.53,425.66,84.62,172.89,0.7123,-1,-1,-1
267,4003,458.40,457.38,38.44,105.98,0.6593,-1,-1,-1
267,4004,609.16,457.92,17.93,55.15,0.6310,-1,-1,-1
267,4005,398.74,465.14,40.04,109.42,0.6185,-1,-1,-1
267,4006,782.59,447.49,23.76,74.16,0.5659,-1,-1,-1
267,4007,586.65,458.64,17.84,60.54,0.5390,-1,-1,-1
267,4008,564.15,458.14,19.22,61.02,0.5149,-1,-1,-1
267,4009,1097.96,435.80,29.70,57.74,0.4856,-1,-1,-1
267,4010,660.28,463.32,21.55,74.70,0.4833,-1,-1,-1
267,4011,372.12,444.62,28.95,63.84,0.4701,-1,-1,-1
267,4012,1305.72,435.44,30.96,114.31,0.4651,-1,-1,-1
267,4013,1885.11,407.50,34.43,251.56,0.3786,-1,-1,-1
267,4014,1159.60,440.59,25.67,85.63,0.3440,-1,-1,-1
268,4002,1658.18,421.73,186.79,333.56,0.9113,-1,-1,-1
268,4015,1359.29,433.41,135.62,401.48,0.8592,-1,-1,-1
268,4016,679.58,448.09,60.26,192.21,0.8485,-1,-1,-1
268,4017,948.71,396.19,167.78,646.68,0.8390,-1,-1,-1
268,4018,508.73,455.12,35.33,106.01,0.7700,-1,-1,-1
268,4019,824.67,430.23,113.76,491.82,0.7573,-1,-1,-1
268,4020,629.71,457.13,27.58,59.12,0.7563,-1,-1,-1
268,4021,1118.90,447.42,41.66,104.10,0.7483,-1,-1,-1
268,4022,396.95,464.28,41.13,111.98,0.7469,-1,-1,-1
268,4023,1053.87,422.38,89.21,177.59,0.7205,-1,-1,-1
268,4024,457.08,454.10,40.26,109.25,0.6776,-1,-1,-1
268,4025,609.67,457.08,18.87,56.28,0.6384,-1,-1,-1
268,4026,738.47,477.39,42.52,104.24,0.6044,-1,-1,-1
268,4027,585.49,459.44,18.91,59.68,0.6009,-1,-1,-1
268,4028,1305.17,430.81,34.77,118.44,0.5899,-1,-1,-1
268,4029,783.03,449.84,24.21,73.75,0.5566,-1,-1,-1
268,4030,1099.36,436.47,27.27,56.59,0.5293,-1,-1,-1
268,4031,1878.06,390.09,41.48,270.48,0.4397,-1,-1,-1
268,4032,371.91,445.26,29.18,62.99,0.4296,-1,-1,-1
268,4033,566.94,456.70,20.58,61.62,0.3959,-1,-1,-1
268,4034,557.35,456.32,20.75,61.75,0.3817,-1,-1,-1
268,3998,659.26,463.28,21.42,73.27,0.3558,-1,-1,-1
268,4035,1159.12,439.06,26.35,86.87,0.3475,-1,-1,-1
269,4002,1657.16,417.86,165.86,336.06,0.9095,-1,-1,-1
269,4036,1362.17,433.92,156.95,401.18,0.8894,-1,-1,-1
269,4037,949.97,398.13,169.42,644.94,0.8369,-1,-1,-1
269,4038,678.30,446.44,70.16,194.17,0.8108,-1,-1,-1
269,4039,824.74,428.55,113.75,493.06,0.7906,-1,-1,-1
269,4040,630.66,456.99,26.99,60.39,0.7876,-1,-1,-1
269,4041,509.03,455.17,35.15,106.42,0.7777,-1,-1,-1
269,4042,397.27,465.48,40.14,109.37,0.7699,-1,-1,-1
269,4043,456.09,454.05,40.39,109.17,0.7310,-1,-1,-1
269,4044,1121.56,447.29,40.82,104.82,0.7280,-1,-1,-1
269,4045,740.16,477.22,42.39,112.23,0.6466,-1,-1,-1
269,4046,1055.50,428.86,90.54,170.77,0.6370,-1,-1,-1
269,4047,609.29,457.52,18.20,55.04,0.6312,-1,-1,-1
269,4048,783.06,450.90,23.90,72.08,0.5748,-1,-1,-1
269,4049,370.86,444.63,29.94,63.93,0.5424,-1,-1,-1
269,4050,584.82,460.47,18.34,58.35,0.4728,-1,-1,-1
269,4051,419.25,459.12,35.45,111.34,0.4553,-1,-1,-1
269,4052,559.23,457.81,17.83,60.59,0.4403,-1,-1,-1
269,4053,1876.56,390.66,42.98,270.08,0.4343,-1,-1,-1
269,4054,1101.96,436.39,25.41,55.23,0.4098,-1,-1,-1
269,4055,1306.75,437.99,33.24,111.47,0.3734,-1,-1,-1
269,4056,658.25,464.07,20.69,69.98,0.3520,-1,-1,-1
270,4057,1362.27,435.83,180.15,400.22,0.9090,-1,-1,-1
270,4058,1658.34,414.01,135.47,339.54,0.9056,-1,-1,-1
270,4059,952.95,398.07,164.75,645.34,0.8201,-1,-1,-1
270,4060,684.21,445.36,62.67,195.66,0.8042,-1,-1,-1
270,4061,825.12,429.16,114.79,493.03,0.7998,-1,-1,-1
270,4062,508.95,455.13,35.72,106.04,0.7815,-1,-1,-1
270,3998,396.58,464.19,40.22,111.66,0.7789,-1,-1,-1
270,4063,630.86,456.46,27.43,61.02,0.7618,-1,-1,-1
270,4064,455.39,456.46,40.37,108.58,0.7499,-1,-1,-1
270,4065,1058.35,428.73,90.95,172.21,0.7427,-1,-1,-1
270,4066,1126.28,447.67,37.35,105.18,0.7237,-1,-1,-1
270,4067,740.44,476.82,39.47,97.19,0.5350,-1,-1,-1
270,4068,585.28,459.75,18.09,58.86,0.5196,-1,-1,-1
270,4069,370.51,445.05,30.72,64.09,0.5158,-1,-1,-1
270,4070,608.56,457.59,20.40,55.79,0.4793,-1,-1,-1
270,4071,418.52,458.80,35.25,111.77,0.4709,-1,-1,-1
270,4072,558.25,457.10,19.19,61.75,0.4639,-1,-1,-1
270,4073,782.36,452.81,24.37,69.58,0.4555,-1,-1,-1
270,4074,1877.63,390.56,41.91,270.84,0.4329,-1,-1,-1
270,4075,1160.67,439.76,24.70,86.27,0.3454,-1,-1,-1
271,4076,1362.73,435.78,195.14,403.82,0.9113,-1,-1,-1
271,4077,1658.12,411.76,109.81,342.00,0.8977,-1,-1,-1
271,4078,687.03,446.56,57.93,194.37,0.8210,-1,-1,-1
271,4079,955.26,397.83,165.88,645.56,0.8200,-1,-1,-1
271,3998,825.78,429.34,119.62,493.27,0.8107,-1,-1,-1
271,4042,397.45,465.55,40.22,109.99,0.7692,-1,-1,-1
271,4080,508.80,455.17,34.53,106.05,0.7611,-1,-1,-1
271,4081,455.77,456.81,40.87,106.53,0.7570,-1,-1,-1
271,4082,1060.79,425.63,91.21,176.94,0.7476,-1,-1,-1
271,4083,631.75,456.27,26.88,61.42,0.7377,-1,-1,-1
271,4084,1125.41,447.32,41.42,105.62,0.7267,-1,-1,-1
271,4085,370.39,444.96,30.43,63.64,0.5865,-1,-1,-1
271,4086,740.56,477.58,38.74,103.63,0.5847,-1,-1,-1
271,4087,585.70,457.90,17.62,61.35,0.5266,-1,-1,-1
271,4088,613.41,457.09,18.56,57.00,0.5043,-1,-1,-1
271,4089,1878.29,389.66,41.24,271.83,0.4601,-1,-1,-1
271,4090,418.72,459.01,36.74,111.60,0.4453,-1,-1,-1
271,4091,562.15,457.20,19.45,61.49,0.4171,-1,-1,-1
271,4092,785.86,455.47,24.46,69.43,0.3738,-1,-1,-1
271,4093,1161.71,439.80,23.86,86.21,0.3200,-1,-1,-1
272,3998,1363.61,437.47,204.56,403.86,0.9233,-1,-1,-1
272,4093,1646.42,410.00,88.59,342.97,0.8615,-1,-1,-1
272,4094,958.46,398.42,167.52,644.98,0.8262,-1,-1,-1
272,4095,826.51,429.45,115.35,491.96,0.7917,-1,-1,-1
272,4096,686.99,448.32,61.61,191.74,0.7901,-1,-1,-1
272,4097,396.47,465.20,39.92,110.54,0.7696,-1,-1,-1
272,4098,455.42,455.66,41.37,108.09,0.7618,-1,-1,-1
272,4099,508.76,455.17,34.46,106.22,0.7602,-1,-1,-1
272,4100,631.20,455.51,28.51,61.98,0.7383,-1,-1,-1
272,4101,1062.34,421.93,93.25,183.03,0.6690,-1,-1,-1
272,4084,1129.63,447.75,37.98,104.92,0.6628,-1,-1,-1
272,4102,585.09,458.50,17.74,59.92,0.6068,-1,-1,-1
272,4103,741.62,477.55,37.21,103.75,0.5802,-1,-1,-1
272,4104,414.59,458.50,41.08,112.06,0.5583,-1,-1,-1
272,4105,613.36,457.53,18.32,55.90,0.5525,-1,-1,-1
272,4106,561.46,457.24,21.01,61.21,0.4913,-1,-1,-1
272,4107,793.57,452.37,26.25,79.33,0.4883,-1,-1,-1
272,4108,1304.46,429.47,26.42,118.48,0.4566,-1,-1,-1
272,4109,370.69,445.07,30.97,64.17,0.4390,-1,-1,-1
272,4110,1325.37,447.70,31.08,101.17,0.3415,-1,-1,-1
273,3998,1365.10,425.63,202.51,421.75,0.9219,-1,-1,-1
273,4111,1635.43,408.09,82.62,345.65,0.8611,-1,-1,-1
273,4112,962.63,397.23,167.38,646.53,0.8220,-1,-1,-1
273,4113,687.08,447.99,76.17,191.85,0.8183,-1,-1,-1
273,4114,824.14,428.95,122.25,493.67,0.7641,-1,-1,-1
273,4105,394.79,464.43,42.33,111.25,0.7503,-1,-1,-1
273,4115,508.29,454.98,35.27,106.15,0.7298,-1,-1,-1
273,4116,630.02,457.79,29.34,60.00,0.7148,-1,-1,-1
273,4117,1066.72,417.40,89.67,187.37,0.7117,-1,-1,-1
273,4118,1305.01,429.43,25.88,119.81,0.6342,-1,-1,-1
273,4119,455.87,454.80,39.80,108.74,0.6060,-1,-1,-1
273,4120,584.61,458.45,17.76,59.73,0.5922,-1,-1,-1
273,4121,614.75,458.30,18.62,56.07,0.5745,-1,-1,-1
273,4122,561.36,456.96,21.05,60.83,0.5661,-1,-1,-1
273,4123,1130.75,446.87,39.67,105.02,0.5156,-1,-1,-1
273,4124,412.92,458.91,43.61,111.75,0.4549,-1,-1,-1
273,4125,793.94,451.97,26.22,79.36,0.4487,-1,-1,-1
273,4126,1326.50,447.08,33.99,102.32,0.4432,-1,-1,-1
273,4127,370.59,445.07,30.22,64.13,0.4227,-1,-1,-1
273,4128,745.20,477.16,33.09,112.76,0.3666,-1,-1,-1
273,4129,1878.69,389.05,40.85,270.21,0.3366,-1,-1,-1
274,4125,1366.55,437.96,207.53,413.57,0.9323,-1,-1,-1
274,4130,964.99,398.34,161.82,644.61,0.8297,-1,-1,-1
274,4131,1612.50,409.65,104.76,341.64,0.8075,-1,-1,-1
274,4132,687.63,447.32,74.83,192.14,0.7852,-1,-1,-1
274,4133,830.21,425.48,116.28,495.89,0.7738,-1,-1,-1
274,4134,508.88,455.01,34.64,106.16,0.7538,-1,-1,-1
274,4135,394.59,464.12,41.10,111.24,0.7457,-1,-1,-1
274,4136,631.42,458.76,28.21,58.51,0.6989,-1,-1,-1
274,4137,455.32,455.50,38.99,107.53,0.6758,-1,-1,-1
274,4138,1070.43,420.92,88.32,185.69,0.6599,-1,-1,-1
274,4139,1305.14,429.44,26.75,119.84,0.6563,-1,-1,-1
274,4120,584.65,457.90,17.77,60.60,0.6486,-1,-1,-1
274,4140,614.60,458.97,19.01,55.22,0.6457,-1,-1,-1
274,4141,562.75,456.72,19.51,61.02,0.5957,-1,-1,-1
274,4142,412.88,458.72,43.58,112.20,0.5295,-1,-1,-1
274,4143,370.71,445.15,30.60,63.39,0.5141,-1,-1,-1
274,4144,793.19,452.67,26.39,78.75,0.5106,-1,-1,-1
274,4145,1327.08,447.01,37.14,103.23,0.5031,-1,-1,-1
274,4146,1133.15,448.02,37.14,103.10,0.4791,-1,-1,-1
274,4147,744.57,477.18,32.53,113.92,0.3311,-1,-1,-1
274,3835,1878.12,386.95,41.42,272.01,0.3131,-1,-1,-1
275,4148,1372.69,436.04,202.33,416.84,0.9134,-1,-1,-1
275,4149,1592.94,412.67,123.75,339.65,0.8873,-1,-1,-1
275,4150,966.06,398.37,162.74,644.65,0.8482,-1,-1,-1
275,4151,829.38,425.90,119.38,495.60,0.7729,-1,-1,-1
275,4152,508.51,455.13,34.31,105.87,0.7665,-1,-1,-1
275,4153,393.96,464.87,41.77,110.78,0.7410,-1,-1,-1
275,4154,1304.88,429.42,27.78,120.23,0.7367,-1,-1,-1
275,4155,1072.17,423.10,86.97,182.39,0.6851,-1,-1,-1
275,4156,636.10,457.70,23.99,58.74,0.6793,-1,-1,-1
275,4157,455.07,455.92,38.30,107.50,0.6324,-1,-1,-1
275,4158,693.60,449.47,71.90,190.85,0.6280,-1,-1,-1
275,4137,585.15,456.57,16.77,61.67,0.6177,-1,-1,-1
275,4159,614.81,459.38,19.87,56.09,0.6047,-1,-1,-1
275,4141,562.70,457.05,18.48,60.08,0.5994,-1,-1,-1
275,4160,1327.65,446.20,38.63,103.78,0.5722,-1,-1,-1
275,4161,792.50,452.67,27.45,78.64,0.4507,-1,-1,-1
275,4162,1135.90,448.77,35.96,101.73,0.4370,-1,-1,-1
275,4163,412.73,458.92,43.72,112.51,0.3976,-1,-1,-1
275,4164,536.09,456.71,18.42,55.61,0.3786,-1,-1,-1
275,4134,745.71,477.09,29.97,114.37,0.3623,-1,-1,-1
275,4165,671.54,459.88,37.03,74.32,0.3224,-1,-1,-1
276,4166,1379.08,433.72,196.64,419.30,0.9254,-1,-1,-1
276,4167,1561.26,414.00,155.26,339.08,0.9019,-1,-1,-1
276,4168,701.47,450.45,66.49,190.08,0.8432,-1,-1,-1
276,4169,967.64,398.64,166.38,644.30,0.8374,-1,-1,-1
276,4170,832.11,425.86,119.12,495.75,0.7984,-1,-1,-1
276,4171,508.92,455.16,33.91,105.34,0.7521,-1,-1,-1
276,4172,1073.61,422.27,86.47,186.72,0.7277,-1,-1,-1
276,4173,394.22,463.95,42.46,112.32,0.7101,-1,-1,-1
276,4174,1304.85,430.15,31.92,119.32,0.6819,-1,-1,-1
276,4175,640.45,459.45,19.63,56.93,0.6780,-1,-1,-1
276,4176,454.20,457.10,38.65,105.88,0.6439,-1,-1,-1
276,4165,584.77,456.19,17.10,62.31,0.6375,-1,-1,-1
276,4177,564.23,456.98,16.38,60.53,0.6166,-1,-1,-1
276,4178,1334.99,447.54,32.82,102.31,0.5471,-1,-1,-1
276,4179,615.56,460.31,19.27,53.64,0.5412,-1,-1,-1
276,4180,1137.71,447.46,33.67,101.60,0.4826,-1,-1,-1
276,4181,552.87,456.63,15.90,58.93,0.4274,-1,-1,-1
276,4182,414.15,460.92,42.21,110.30,0.4127,-1,-1,-1
276,4183,743.81,477.05,31.42,118.05,0.3858,-1,-1,-1
276,4184,672.39,461.41,36.21,72.31,0.3474,-1,-1,-1
276,4185,597.76,457.15,16.25,55.63,0.3123,-1,-1,-1
276,4186,536.95,456.75,17.57,54.77,0.3045,-1,-1,-1
277,4187,1540.59,416.23,176.65,335.52,0.9142,-1,-1,-1
277,4188,1389.26,426.51,185.91,426.68,0.9056,-1,-1,-1
277,4189,701.01,449.18,75.05,191.27,0.8316,-1,-1,-1
277,4190,970.56,396.68,181.15,645.70,0.8165,-1,-1,-1
277,4191,827.30,426.86,129.13,495.89,0.8025,-1,-1,-1
277,4192,392.41,462.31,45.03,113.70,0.7475,-1,-1,-1
277,4193,508.03,455.13,34.61,105.36,0.7383,-1,-1,-1
277,4194,1304.63,430.05,30.24,119.55,0.6989,-1,-1,-1
277,4195,1076.34,421.99,86.92,183.87,0.6812,-1,-1,-1
277,4196,641.88,459.09,18.97,57.99,0.6562,-1,-1,-1
277,4197,564.69,457.05,15.82,60.26,0.6235,-1,-1,-1
277,4198,454.34,457.13,36.54,105.92,0.5969,-1,-1,-1
277,4199,584.24,456.60,17.53,61.79,0.5596,-1,-1,-1
277,4200,1338.56,447.36,30.33,102.58,0.5308,-1,-1,-1
277,4201,537.08,456.71,17.70,55.67,0.4732,-1,-1,-1
277,4202,553.04,456.40,16.08,59.05,0.4594,-1,-1,-1
277,4203,1137.84,446.61,34.23,100.21,0.4286,-1,-1,-1
277,4204,616.62,458.88,18.13,56.08,0.4190,-1,-1,-1
277,4205,412.44,460.13,44.01,111.26,0.3882,-1,-1,-1
277,4206,791.74,450.31,28.70,80.75,0.3602,-1,-1,-1
278,4207,1540.06,419.03,174.99,331.67,0.9222,-1,-1,-1
278,4208,1400.59,428.21,177.24,424.88,0.8961,-1,-1,-1
278,4199,706.79,446.73,77.97,194.04,0.8764,-1,-1,-1
278,4190,973.40,396.82,179.13,645.52,0.8372,-1,-1,-1
278,4209,828.66,425.86,131.54,496.49,0.8337,-1,-1,-1
278,4210,391.87,464.80,41.15,111.01,0.7468,-1,-1,-1
278,4211,507.18,455.21,35.19,105.45,0.7376,-1,-1,-1
278,4212,1078.13,419.42,87.33,187.20,0.7028,-1,-1,-1
278,4213,1304.81,430.31,30.10,116.61,0.6978,-1,-1,-1
278,4214,643.59,456.56,21.13,60.72,0.6750,-1,-1,-1
278,4215,563.09,457.70,17.52,60.02,0.6158,-1,-1,-1
278,4216,1335.24,446.12,33.34,103.75,0.5522,-1,-1,-1
278,4217,454.52,456.86,34.36,104.89,0.5511,-1,-1,-1
278,4218,672.23,479.86,42.16,115.37,0.5244,-1,-1,-1
278,4219,536.95,456.92,17.82,56.56,0.5142,-1,-1,-1
278,4220,584.06,457.51,17.58,59.23,0.4850,-1,-1,-1
278,4221,410.51,459.26,45.68,113.09,0.4714,-1,-1,-1
278,4222,552.64,456.02,17.07,60.31,0.4576,-1,-1,-1
278,4223,1142.29,446.75,29.09,100.11,0.4217,-1,-1,-1
278,4224,616.92,458.54,17.79,57.95,0.3802,-1,-1,-1
279,4225,1541.42,421.03,170.22,328.35,0.9119,-1,-1,-1
279,4226,708.87,448.83,82.94,192.68,0.8692,-1,-1,-1
279,4227,1418.26,421.66,158.37,431.59,0.8466,-1,-1,-1
279,4190,975.18,396.93,171.69,645.56,0.8308,-1,-1,-1
279,4199,830.27,424.97,144.67,495.81,0.8138,-1,-1,-1
279,4165,388.65,463.91,42.14,112.20,0.7254,-1,-1,-1
279,4221,506.02,455.07,35.78,103.78,0.7161,-1,-1,-1
279,4228,1304.59,429.57,30.33,115.43,0.6935,-1,-1,-1
279,4229,561.45,458.53,18.70,58.14,0.6666,-1,-1,-1
279,4214,644.08,457.96,20.57,59.12,0.6656,-1,-1,-1
279,4230,1337.29,445.64,30.83,102.38,0.6624,-1,-1,-1
279,4231,1078.43,417.12,88.90,188.23,0.6578,-1,-1,-1
279,4232,584.05,457.99,17.77,60.08,0.6341,-1,-1,-1
279,4233,671.12,485.52,48.50,114.23,0.5580,-1,-1,-1
279,4234,536.92,457.52,17.92,55.52,0.5426,-1,-1,-1
279,4235,409.95,460.99,45.51,111.04,0.4598,-1,-1,-1
279,4236,618.47,458.80,18.27,58.23,0.4578,-1,-1,-1
279,4237,453.90,457.10,33.14,94.14,0.4569,-1,-1,-1
279,4238,1144.29,448.64,27.09,96.98,0.3663,-1,-1,-1
279,4239,791.48,447.21,29.47,84.69,0.3651,-1,-1,-1
279,4240,369.97,445.11,26.59,60.55,0.3370,-1,-1,-1
279,4219,552.12,456.33,16.66,58.81,0.3232,-1,-1,-1
280,4190,1551.06,421.71,151.91,326.93,0.8923,-1,-1,-1
280,4241,709.28,449.06,89.11,193.39,0.8714,-1,-1,-1
280,4242,1405.29,420.10,172.16,433.30,0.8547,-1,-1,-1
280,4219,975.26,397.72,180.93,644.47,0.8287,-1,-1,-1
280,4199,831.19,422.24,146.81,499.47,0.8242,-1,-1,-1
280,4243,643.97,455.80,21.61,61.64,0.7295,-1,-1,-1
280,4221,507.51,455.07,34.19,103.38,0.7274,-1,-1,-1
280,4244,1080.01,418.25,88.28,188.10,0.7216,-1,-1,-1
280,4245,387.00,463.42,44.97,112.75,0.7126,-1,-1,-1
280,4246,583.18,457.76,18.62,60.13,0.6666,-1,-1,-1
280,4247,1338.55,445.11,32.42,103.71,0.6522,-1,-1,-1
280,4248,561.46,458.51,18.57,58.02,0.6448,-1,-1,-1
280,4249,791.01,448.07,35.11,82.04,0.5483,-1,-1,-1
280,4250,536.99,457.67,18.89,55.44,0.5340,-1,-1,-1
280,4251,1305.19,429.50,30.39,115.51,0.5323,-1,-1,-1
280,4252,670.96,478.84,48.47,121.02,0.5073,-1,-1,-1
280,4253,408.79,461.26,46.63,110.49,0.5059,-1,-1,-1
280,4254,1144.07,448.17,29.33,102.01,0.4334,-1,-1,-1
280,4255,1165.16,439.36,23.15,87.18,0.4115,-1,-1,-1
280,4256,618.55,459.34,18.25,55.48,0.3858,-1,-1,-1
280,4257,1878.60,389.34,40.94,267.89,0.3588,-1,-1,-1
280,4258,454.55,457.64,32.28,80.48,0.3082,-1,-1,-1
281,4259,1551.63,420.71,141.84,323.99,0.8985,-1,-1,-1
281,4260,713.25,452.17,87.73,190.89,0.8800,-1,-1,-1
281,4261,1450.36,427.67,128.52,426.06,0.8644,-1,-1,-1
281,4199,979.38,398.72,163.01,644.11,0.8389,-1,-1,-1
281,4262,832.30,421.77,146.52,499.17,0.8025,-1,-1,-1
281,4263,386.12,462.33,48.27,114.29,0.7612,-1,-1,-1
281,4264,1086.34,418.22,81.73,190.16,0.7438,-1,-1,-1
281,4265,506.44,455.33,35.16,96.52,0.7121,-1,-1,-1
281,4266,644.96,456.96,21.57,60.30,0.6985,-1,-1,-1
281,4267,582.37,457.16,20.49,61.11,0.6786,-1,-1,-1
281,4268,561.64,459.59,17.66,57.30,0.6590,-1,-1,-1
281,4269,670.40,485.53,50.96,113.77,0.6566,-1,-1,-1
281,4270,1342.34,444.88,30.29,102.54,0.6382,-1,-1,-1
281,4271,618.67,458.48,16.70,57.21,0.5139,-1,-1,-1
281,4272,1304.22,429.41,33.47,115.19,0.5095,-1,-1,-1
281,4273,454.60,457.29,30.17,91.43,0.4259,-1,-1,-1
281,4274,536.68,457.80,18.17,55.38,0.4126,-1,-1,-1
281,4275,552.01,455.96,18.18,59.96,0.3969,-1,-1,-1
281,4276,412.91,467.57,42.56,103.96,0.3651,-1,-1,-1
281,4277,1440.71,418.46,94.56,221.27,0.3227,-1,-1,-1
282,4278,713.80,449.38,88.25,194.08,0.8759,-1,-1,-1
282,4279,1550.86,420.75,124.31,322.65,0.8546,-1,-1,-1
282,4280,985.21,397.92,159.88,644.93,0.8494,-1,-1,-1
282,4281,1465.62,425.36,120.00,428.08,0.8434,-1,-1,-1
282,4190,832.72,421.80,153.70,500.80,0.8325,-1,-1,-1
282,4282,1086.09,418.80,83.00,190.78,0.7524,-1,-1,-1
282,4283,507.98,455.29,33.53,100.21,0.7283,-1,-1,-1
282,4284,386.26,463.01,44.17,113.22,0.7260,-1,-1,-1
282,4285,1342.58,444.41,31.65,101.78,0.7223,-1,-1,-1
282,4286,581.90,456.62,20.72,61.75,0.6808,-1,-1,-1
282,4287,647.82,456.79,19.20,60.56,0.6628,-1,-1,-1
282,4288,1304.27,428.98,35.67,116.36,0.6577,-1,-1,-1
282,4289,561.30,458.89,17.86,57.71,0.6281,-1,-1,-1
282,4290,670.35,486.70,51.80,113.26,0.5955,-1,-1,-1
282,4291,454.61,457.26,31.43,103.86,0.5628,-1,-1,-1
282,4292,1143.84,447.86,33.15,101.82,0.5022,-1,-1,-1
282,4293,409.57,465.74,45.91,106.26,0.5017,-1,-1,-1
282,4294,536.73,457.70,18.68,55.97,0.4953,-1,-1,-1
282,4295,618.44,458.83,17.04,55.78,0.4544,-1,-1,-1
282,4296,1448.72,417.39,92.88,225.75,0.4459,-1,-1,-1
282,4244,977.02,444.90,30.28,68.26,0.4049,-1,-1,-1
283,4297,715.98,449.71,86.87,193.29,0.8779,-1,-1,-1
283,4298,1476.50,423.03,128.41,431.39,0.8586,-1,-1,-1
283,4299,987.16,397.97,161.16,644.49,0.8463,-1,-1,-1
283,4300,837.07,423.05,159.29,500.01,0.8203,-1,-1,-1
283,4301,507.78,455.18,34.49,106.11,0.7785,-1,-1,-1
283,4302,1086.15,418.86,82.85,190.99,0.7524,-1,-1,-1
283,4303,385.33,463.30,43.78,112.69,0.7460,-1,-1,-1
283,4304,1344.64,443.36,32.48,105.50,0.7060,-1,-1,-1
283,4305,1550.26,418.81,103.06,308.07,0.6935,-1,-1,-1
283,4286,581.76,456.59,21.14,61.46,0.6891,-1,-1,-1
283,4306,647.71,457.00,19.76,60.38,0.6507,-1,-1,-1
283,4307,669.99,488.04,53.35,110.39,0.6051,-1,-1,-1
283,4308,561.48,459.12,17.31,57.40,0.6005,-1,-1,-1
283,4309,618.44,458.12,19.64,57.57,0.5208,-1,-1,-1
283,4310,1145.46,446.04,33.49,102.87,0.5097,-1,-1,-1
283,4311,1455.25,415.78,93.47,227.80,0.4914,-1,-1,-1
283,4312,977.34,445.46,30.94,67.81,0.4631,-1,-1,-1
283,4313,410.70,467.37,44.40,104.46,0.4274,-1,-1,-1
283,4314,536.54,457.95,18.52,56.06,0.3896,-1,-1,-1
283,4315,1304.33,428.52,34.15,116.27,0.3863,-1,-1,-1
283,4316,791.99,451.07,25.94,79.49,0.3668,-1,-1,-1
283,4317,454.37,457.90,29.28,97.27,0.3504,-1,-1,-1
284,4318,715.84,451.40,89.41,191.80,0.8724,-1,-1,-1
284,4319,834.21,424.04,169.32,498.57,0.8423,-1,-1,-1
284,4320,1481.56,427.97,135.29,425.00,0.8420,-1,-1,-1
284,4321,989.67,398.11,169.09,644.34,0.8343,-1,-1,-1
284,4322,507.78,455.43,34.70,105.90,0.7771,-1,-1,-1
284,4323,384.39,463.73,43.26,112.31,0.7710,-1,-1,-1
284,4324,1346.59,443.57,30.65,106.40,0.7288,-1,-1,-1
284,4325,580.96,456.58,22.13,61.79,0.7172,-1,-1,-1
284,4326,1089.08,419.18,80.47,190.44,0.6686,-1,-1,-1
284,4327,669.97,488.90,52.02,113.12,0.6380,-1,-1,-1
284,4328,453.93,458.38,29.93,103.61,0.6238,-1,-1,-1
284,4329,1147.47,447.69,38.04,103.42,0.6000,-1,-1,-1
284,4330,617.93,457.88,19.76,57.26,0.5970,-1,-1,-1
284,4331,648.46,457.18,19.89,60.17,0.5926,-1,-1,-1
284,4332,977.35,447.28,32.82,66.68,0.5869,-1,-1,-1
284,4333,560.98,458.67,18.11,58.34,0.5576,-1,-1,-1
284,4334,813.58,449.44,20.36,78.30,0.5257,-1,-1,-1
284,4335,1461.89,414.16,94.72,225.16,0.5112,-1,-1,-1
284,4336,1304.19,428.72,35.60,116.61,0.4999,-1,-1,-1
284,4337,408.93,467.62,45.97,103.82,0.4580,-1,-1,-1
284,4338,536.15,457.92,18.90,56.23,0.4249,-1,-1,-1
284,4339,790.73,447.51,28.71,82.84,0.4111,-1,-1,-1
285,4340,718.28,447.19,88.30,196.81,0.8958,-1,-1,-1
285,4341,1487.66,426.24,134.61,427.34,0.8831,-1,-1,-1
285,4342,837.44,423.31,172.46,499.00,0.8518,-1,-1,-1
285,4343,992.24,399.12,164.13,642.82,0.8065,-1,-1,-1
285,4344,507.70,455.19,33.96,106.22,0.8026,-1,-1,-1
285,4345,383.70,463.74,43.51,112.35,0.7934,-1,-1,-1
285,4346,1348.35,443.00,33.18,107.08,0.7814,-1,-1,-1
285,4347,580.72,456.86,21.74,61.68,0.6881,-1,-1,-1
285,4348,977.75,446.90,32.38,67.57,0.6781,-1,-1,-1
285,4349,1094.11,423.43,75.77,185.14,0.6756,-1,-1,-1
285,4350,670.32,480.90,52.39,120.56,0.6219,-1,-1,-1
285,4351,536.07,457.65,18.50,57.25,0.5928,-1,-1,-1
285,4352,454.51,455.37,28.93,107.18,0.5918,-1,-1,-1
285,4353,618.09,458.21,18.68,56.50,0.5780,-1,-1,-1
285,4354,1468.57,413.08,93.84,222.69,0.5328,-1,-1,-1
285,4355,561.25,459.74,17.92,57.45,0.5181,-1,-1,-1
285,4356,1147.37,447.49,37.81,103.71,0.5172,-1,-1,-1
285,4357,1303.31,429.59,36.57,115.65,0.4926,-1,-1,-1
285,4358,650.89,461.83,18.53,55.79,0.4737,-1,-1,-1
285,4359,706.83,480.48,24.20,96.39,0.4499,-1,-1,-1
285,4360,416.74,470.24,38.42,100.98,0.4314,-1,-1,-1
286,4361,1494.76,427.98,159.00,426.96,0.8977,-1,-1,-1
286,4362,719.81,446.29,88.56,198.87,0.8922,-1,-1,-1
286,4363,841.90,423.66,174.02,498.69,0.8609,-1,-1,-1
286,4364,993.15,399.79,161.01,641.54,0.8076,-1,-1,-1
286,4365,383.34,463.23,44.23,112.51,0.7997,-1,-1,-1
286,4366,507.67,455.25,34.01,106.21,0.7720,-1,-1,-1
286,4367,580.51,456.29,22.96,62.43,0.6880,-1,-1,-1
286,4368,1350.98,443.85,32.74,106.58,0.6773,-1,-1,-1
286,4369,1094.90,422.78,75.02,185.59,0.6634,-1,-1,-1
286,4370,1147.57,447.56,39.72,103.48,0.6399,-1,-1,-1
286,4371,535.89,457.90,18.98,56.61,0.6203,-1,-1,-1
286,4372,670.26,485.10,52.02,114.55,0.6090,-1,-1,-1
286,4373,618.32,458.36,19.28,56.84,0.5977,-1,-1,-1
286,4374,978.50,448.76,31.24,66.20,0.5832,-1,-1,-1
286,4375,452.56,456.51,31.18,101.88,0.5809,-1,-1,-1
286,4376,561.02,459.25,18.45,58.05,0.5466,-1,-1,-1
286,4377,706.60,481.11,25.85,95.38,0.5383,-1,-1,-1
286,4378,650.71,459.57,18.70,57.80,0.4968,-1,-1,-1
286,4379,1473.60,413.26,96.17,223.79,0.3773,-1,-1,-1
286,4380,404.76,463.09,48.93,107.17,0.3003,-1,-1,-1
287,4381,1499.11,428.71,182.23,426.80,0.8920,-1,-1,-1
287,4382,720.75,443.72,88.01,201.36,0.8881,-1,-1,-1
287,4383,841.02,424.23,175.68,498.37,0.8651,-1,-1,-1
287,4368,994.09,399.36,158.50,642.13,0.8136,-1,-1,-1
287,4384,382.73,462.43,44.65,113.58,0.7832,-1,-1,-1
287,4385,507.75,455.31,33.62,106.44,0.7827,-1,-1,-1
287,4386,670.31,492.96,52.47,104.89,0.6997,-1,-1,-1
287,4387,1148.39,447.80,42.76,103.71,0.6916,-1,-1,-1
287,4388,1351.61,443.64,33.96,105.97,0.6804,-1,-1,-1
287,4389,580.18,455.67,21.46,62.90,0.6737,-1,-1,-1
287,4390,618.27,458.76,20.00,59.93,0.6598,-1,-1,-1
287,4391,1095.26,424.85,75.17,184.71,0.5976,-1,-1,-1
287,4392,536.00,457.78,19.21,57.25,0.5599,-1,-1,-1
287,4393,1477.60,412.52,100.64,373.81,0.5285,-1,-1,-1
287,4394,452.41,459.87,30.43,94.75,0.5213,-1,-1,-1
287,4395,706.78,480.06,25.46,95.43,0.5100,-1,-1,-1
287,4396,977.76,448.11,32.28,68.02,0.5013,-1,-1,-1
287,4397,561.06,457.92,18.36,59.08,0.4878,-1,-1,-1
287,4398,1303.59,429.55,33.86,115.55,0.4551,-1,-1,-1
287,4399,1879.53,408.21,40.01,246.48,0.4235,-1,-1,-1
287,4400,491.96,458.28,19.76,55.30,0.3358,-1,-1,-1
287,4401,652.21,460.44,17.82,55.33,0.3245,-1,-1,-1
288,4402,1498.91,429.35,214.83,430.57,0.9147,-1,-1,-1
288,4382,723.57,446.31,85.22,198.39,0.8788,-1,-1,-1
288,4388,843.04,427.02,174.94,495.47,0.8576,-1,-1,-1
288,4390,996.67,399.15,176.80,642.90,0.7708,-1,-1,-1
288,4403,382.76,463.80,43.33,112.27,0.7703,-1,-1,-1
288,4385,507.37,455.46,33.79,105.93,0.7681,-1,-1,-1
288,4404,670.60,493.50,52.25,103.25,0.7576,-1,-1,-1
288,4405,1149.63,446.17,43.37,105.24,0.6761,-1,-1,-1
288,4406,618.68,459.84,21.33,59.50,0.6507,-1,-1,-1
288,4407,1351.73,443.25,41.68,105.78,0.6437,-1,-1,-1
288,4408,580.43,455.74,20.37,62.85,0.6313,-1,-1,-1
288,4409,705.82,478.72,27.64,97.95,0.5810,-1,-1,-1
288,4410,977.27,448.05,32.58,70.64,0.5549,-1,-1,-1
288,4411,560.63,457.66,18.87,59.51,0.5322,-1,-1,-1
288,4412,535.46,457.94,19.84,57.20,0.5273,-1,-1,-1
288,4413,1096.63,427.67,73.65,179.12,0.5008,-1,-1,-1
288,4414,1303.50,429.53,32.88,115.46,0.4796,-1,-1,-1
288,4415,451.89,458.90,30.68,96.66,0.4652,-1,-1,-1
288,4416,652.96,457.56,17.24,58.17,0.4500,-1,-1,-1
288,4417,1483.51,413.09,99.71,371.43,0.4057,-1,-1,-1
288,4393,1880.00,404.84,39.54,251.03,0.3646,-1,-1,-1
289,4390,1501.34,429.90,232.80,431.91,0.9192,-1,-1,-1
289,4412,729.36,445.04,79.87,199.08,0.8799,-1,-1,-1
289,4418,847.99,426.64,170.00,496.02,0.8538,-1,-1,-1
289,4388,998.62,399.75,157.23,642.63,0.7910,-1,-1,-1
289,4419,382.59,463.89,43.36,112.39,0.7905,-1,-1,-1
289,4301,507.57,455.35,34.63,105.99,0.7859,-1,-1,-1
289,4420,1351.93,445.29,48.80,105.30,0.7616,-1,-1,-1
289,4421,670.14,493.18,50.86,102.63,0.7503,-1,-1,-1
289,4422,580.91,455.92,20.12,62.58,0.6624,-1,-1,-1
289,4423,619.91,460.08,20.13,58.22,0.6230,-1,-1,-1
289,4424,705.98,478.87,29.04,99.92,0.5914,-1,-1,-1
289,4425,561.16,459.16,18.67,58.11,0.5908,-1,-1,-1
289,4426,1152.71,445.33,39.81,105.32,0.5900,-1,-1,-1
289,4427,451.33,459.93,31.52,98.08,0.5649,-1,-1,-1
289,4428,1303.86,429.32,32.28,115.74,0.5419,-1,-1,-1
289,4429,653.28,457.00,17.50,57.18,0.5090,-1,-1,-1
289,4430,1460.34,413.06,125.37,333.33,0.5055,-1,-1,-1
289,4431,976.48,448.75,33.42,68.96,0.5043,-1,-1,-1
289,4432,536.22,457.86,19.43,56.93,0.4990,-1,-1,-1
289,4433,1100.41,431.59,70.30,171.76,0.4506,-1,-1,-1
289,4434,604.55,462.74,14.22,50.67,0.3574,-1,-1,-1
289,4382,817.37,450.97,22.00,43.01,0.3154,-1,-1,-1
289,4435,414.74,468.95,40.09,101.73,0.3059,-1,-1,-1
290,4436,1502.32,431.20,244.42,433.17,0.9245,-1,-1,-1
290,4437,734.52,446.99,75.65,196.71,0.8478,-1,-1,-1
290,4438,851.03,425.76,166.98,496.00,0.8399,-1,-1,-1
290,4439,1002.90,399.44,148.32,642.71,0.8098,-1,-1,-1
290,4440,507.38,455.44,35.07,105.62,0.7711,-1,-1,-1
290,4441,382.71,464.15,43.46,111.84,0.7701,-1,-1,-1
290,4442,671.17,492.20,50.40,106.67,0.7359,-1,-1,-1
290,4443,619.83,459.97,21.54,59.15,0.6883,-1,-1,-1
290,4444,1152.49,444.21,44.73,107.31,0.6667,-1,-1,-1
290,4445,581.17,455.68,18.34,62.69,0.6393,-1,-1,-1
290,4446,1436.45,422.78,122.43,312.71,0.6311,-1,-1,-1
290,4447,536.00,457.64,19.94,57.86,0.5899,-1,-1,-1
290,4448,1303.53,428.92,35.56,116.30,0.5468,-1,-1,-1
290,4449,560.69,457.57,19.52,59.31,0.5445,-1,-1,-1
290,4450,706.30,482.36,27.68,94.37,0.5220,-1,-1,-1
290,4451,602.14,460.17,16.79,53.21,0.5149,-1,-1,-1
290,4452,977.57,448.62,32.90,69.67,0.5043,-1,-1,-1
290,4453,1100.94,435.81,69.93,166.56,0.4263,-1,-1,-1
290,4454,419.12,473.09,35.96,96.86,0.4233,-1,-1,-1
290,4455,1353.12,443.95,40.02,103.90,0.3774,-1,-1,-1
290,4456,450.98,461.87,30.57,96.02,0.3598,-1,-1,-1
290,3919,1878.38,388.98,41.17,258.96,0.3244,-1,-1,-1
291,4436,1502.29,432.47,253.22,435.83,0.9292,-1,-1,-1
291,4457,851.40,425.32,167.02,496.00,0.8469,-1,-1,-1
291,4458,1004.41,399.10,150.87,643.33,0.8256,-1,-1,-1
291,4459,734.66,445.57,76.68,198.72,0.8053,-1,-1,-1
291,4460,1351.56,445.86,57.44,104.72,0.7923,-1,-1,-1
291,4461,507.10,455.66,35.50,105.47,0.7791,-1,-1,-1
291,4462,382.43,462.80,43.39,113.35,0.7408,-1,-1,-1
291,4463,671.85,492.52,50.35,108.15,0.7315,-1,-1,-1
291,4464,581.27,455.09,19.08,63.22,0.6610,-1,-1,-1
291,4465,535.82,457.25,20.59,57.95,0.6373,-1,-1,-1
291,4466,560.97,457.49,19.08,59.39,0.6192,-1,-1,-1
291,4467,1154.12,444.74,40.18,106.17,0.5853,-1,-1,-1
291,4468,1414.82,424.42,153.14,358.74,0.5644,-1,-1,-1
291,4469,1303.58,429.02,32.85,116.34,0.5590,-1,-1,-1
291,4470,977.04,447.81,33.38,71.39,0.5478,-1,-1,-1
291,4471,707.48,482.92,25.72,93.65,0.5449,-1,-1,-1
291,4472,619.82,460.31,21.50,55.57,0.5120,-1,-1,-1
291,4473,602.93,458.67,15.66,54.12,0.4651,-1,-1,-1
291,4474,450.86,459.88,32.16,104.77,0.3625,-1,-1,-1
291,4475,650.75,456.47,24.30,56.41,0.3562,-1,-1,-1
291,4476,419.32,472.18,36.06,96.09,0.3358,-1,-1,-1
292,4388,1502.55,432.27,253.60,437.84,0.9335,-1,-1,-1
292,4477,852.72,424.48,165.48,496.88,0.8609,-1,-1,-1
292,4478,1404.31,425.05,128.97,281.20,0.8575,-1,-1,-1
292,4479,1005.21,398.74,152.74,643.42,0.8144,-1,-1,-1
292,4480,507.34,455.44,34.66,106.02,0.7921,-1,-1,-1
292,4481,1351.69,446.80,57.80,103.65,0.7760,-1,-1,-1
292,4482,381.95,462.78,44.39,113.44,0.7617,-1,-1,-1
292,4483,672.03,493.23,49.77,104.92,0.7156,-1,-1,-1
292,4484,580.29,454.83,19.17,63.96,0.6554,-1,-1,-1
292,4485,1153.14,440.88,40.02,109.99,0.6535,-1,-1,-1
292,4486,744.55,445.94,66.77,198.68,0.6307,-1,-1,-1
292,4487,560.99,457.30,18.53,59.05,0.6046,-1,-1,-1
292,4488,535.71,457.33,21.33,58.00,0.6037,-1,-1,-1
292,4489,620.00,460.47,20.84,55.21,0.5690,-1,-1,-1
292,4490,707.15,483.85,26.25,95.45,0.5595,-1,-1,-1
292,4491,976.15,447.71,34.18,74.46,0.5298,-1,-1,-1
292,4492,1304.93,429.19,32.33,116.23,0.5200,-1,-1,-1
292,4493,1485.85,403.35,125.55,385.79,0.4379,-1,-1,-1
292,4494,603.17,459.41,15.23,53.42,0.4329,-1,-1,-1
292,4495,418.83,467.91,34.29,100.71,0.4191,-1,-1,-1
292,4496,449.82,460.55,33.11,102.44,0.3569,-1,-1,-1
293,4492,1503.14,431.55,257.75,443.88,0.9249,-1,-1,-1
293,4497,1400.35,426.94,130.35,281.16,0.8834,-1,-1,-1
293,4498,852.99,424.19,165.38,497.78,0.8626,-1,-1,-1
293,4499,1005.41,399.93,157.26,642.56,0.7939,-1,-1,-1
293,4500,750.15,445.45,63.46,199.52,0.7875,-1,-1,-1
293,4501,507.10,455.58,34.26,105.20,0.7790,-1,-1,-1
293,4488,381.08,463.17,44.28,114.09,0.7467,-1,-1,-1
293,4502,1352.45,446.79,56.31,103.13,0.7282,-1,-1,-1
293,4503,671.81,489.98,51.24,106.87,0.7139,-1,-1,-1
293,4504,1153.87,441.20,42.47,109.46,0.6867,-1,-1,-1
293,4505,535.05,457.14,21.36,58.27,0.6779,-1,-1,-1
293,4506,558.20,456.00,21.33,60.60,0.6010,-1,-1,-1
293,4507,579.05,455.24,19.68,62.42,0.5991,-1,-1,-1
293,4508,1302.82,429.12,34.36,116.72,0.5491,-1,-1,-1
293,4509,707.21,485.99,25.67,92.74,0.5356,-1,-1,-1
293,4510,981.62,449.74,29.48,71.15,0.5299,-1,-1,-1
293,4511,619.58,459.99,21.25,55.30,0.4796,-1,-1,-1
293,4512,448.98,461.15,33.46,99.24,0.4756,-1,-1,-1
293,4513,416.22,467.80,35.42,100.93,0.4504,-1,-1,-1
293,4514,1877.46,386.47,42.09,271.53,0.3552,-1,-1,-1
293,4515,1488.25,435.65,100.47,349.95,0.3392,-1,-1,-1
293,4494,603.18,459.85,15.21,52.86,0.3085,-1,-1,-1
294,4514,1507.44,431.46,253.69,445.96,0.9177,-1,-1,-1
294,4516,1399.52,427.47,134.22,280.28,0.9099,-1,-1,-1
294,4517,854.15,423.72,164.77,498.20,0.8625,-1,-1,-1
294,4518,754.34,445.94,71.69,198.55,0.8315,-1,-1,-1
294,4519,1006.86,399.60,158.56,642.02,0.7929,-1,-1,-1
294,4520,506.09,455.86,35.21,105.29,0.7834,-1,-1,-1
294,4494,381.08,464.53,44.02,112.77,0.7750,-1,-1,-1
294,4521,1354.28,447.42,58.14,102.84,0.7405,-1,-1,-1
294,4522,673.20,488.72,50.23,110.43,0.7120,-1,-1,-1
294,4523,1157.23,440.18,40.18,110.93,0.6548,-1,-1,-1
294,4524,535.15,457.59,20.38,58.18,0.6207,-1,-1,-1
294,4525,579.04,456.03,18.22,61.29,0.6084,-1,-1,-1
294,4526,982.11,448.90,29.10,72.44,0.5798,-1,-1,-1
294,4527,558.75,456.24,20.33,59.96,0.5742,-1,-1,-1
294,4528,1303.97,428.66,35.22,117.50,0.5642,-1,-1,-1
294,4529,619.85,458.45,21.95,58.67,0.5191,-1,-1,-1
294,4530,707.05,483.47,27.03,98.23,0.5016,-1,-1,-1
294,4531,447.86,458.39,29.84,98.80,0.4838,-1,-1,-1
294,4532,653.70,455.16,24.42,65.99,0.4070,-1,-1,-1
294,4533,600.56,458.60,17.88,54.23,0.3870,-1,-1,-1
294,4534,416.21,465.80,38.39,103.96,0.3855,-1,-1,-1
294,4502,1488.45,414.78,134.76,373.35,0.3609,-1,-1,-1
294,4507,730.33,475.41,44.58,125.10,0.3294,-1,-1,-1
295,4502,1512.12,429.13,252.06,451.16,0.9202,-1,-1,-1
295,4492,1396.59,427.08,146.70,280.96,0.9065,-1,-1,-1
295,4535,856.40,421.86,163.52,500.14,0.8624,-1,-1,-1
295,4536,753.71,443.74,75.99,203.07,0.8216,-1,-1,-1
295,4537,1005.48,400.21,155.22,641.32,0.8167,-1,-1,-1
295,4538,381.34,464.49,43.66,112.67,0.8052,-1,-1,-1
295,4539,507.08,455.48,34.28,106.29,0.7480,-1,-1,-1
295,4521,1359.11,447.04,53.78,103.86,0.7466,-1,-1,-1
295,4540,672.87,489.06,50.29,107.59,0.6925,-1,-1,-1
295,4541,535.67,457.42,19.49,58.20,0.6327,-1,-1,-1
295,4542,558.75,456.25,20.30,59.81,0.6167,-1,-1,-1
295,4543,983.77,448.53,27.73,72.44,0.5946,-1,-1,-1
295,4544,579.11,455.32,18.77,61.83,0.5626,-1,-1,-1
295,4545,707.74,484.39,27.06,99.65,0.5615,-1,-1,-1
295,4546,416.51,468.51,38.72,101.21,0.5565,-1,-1,-1
295,4547,619.89,458.25,22.21,57.69,0.5528,-1,-1,-1
295,4548,1163.28,446.32,36.53,103.49,0.5498,-1,-1,-1
295,4549,1304.83,428.89,35.01,117.20,0.5397,-1,-1,-1
295,4550,446.87,459.13,34.82,102.18,0.4959,-1,-1,-1
295,4551,1490.65,415.32,149.22,377.00,0.4828,-1,-1,-1
295,4552,654.71,454.85,24.39,69.40,0.3803,-1,-1,-1
296,4553,1524.58,428.65,239.08,450.41,0.9087,-1,-1,-1
296,4502,1394.63,426.49,153.36,281.46,0.8949,-1,-1,-1
296,4521,859.87,420.56,159.79,501.54,0.8698,-1,-1,-1
296,4554,761.24,442.80,69.79,205.71,0.8284,-1,-1,-1
296,4555,1006.95,399.65,158.74,639.88,0.8139,-1,-1,-1
296,4556,506.78,455.52,34.45,105.72,0.7602,-1,-1,-1
296,4557,381.39,463.74,43.93,112.72,0.7563,-1,-1,-1
296,4558,673.01,490.57,49.17,104.59,0.7075,-1,-1,-1
296,4559,447.20,456.90,35.11,104.97,0.6998,-1,-1,-1
296,4560,535.23,457.40,19.93,58.13,0.6668,-1,-1,-1
296,4561,579.34,456.23,18.33,60.55,0.6164,-1,-1,-1
296,4562,558.80,455.77,20.52,60.33,0.6092,-1,-1,-1
296,4563,1164.90,447.41,37.75,102.81,0.6025,-1,-1,-1
296,4564,983.43,448.21,28.02,73.13,0.5935,-1,-1,-1
296,4565,620.04,456.90,23.13,61.20,0.5452,-1,-1,-1
296,4566,1304.75,428.88,34.34,116.29,0.4905,-1,-1,-1
296,4567,707.95,486.25,26.13,100.80,0.4884,-1,-1,-1
296,4568,656.62,455.31,21.57,75.04,0.4215,-1,-1,-1
296,4569,603.81,459.14,15.49,53.80,0.3848,-1,-1,-1
296,4570,732.23,474.89,40.50,121.94,0.3802,-1,-1,-1
296,4571,1368.16,446.93,44.94,102.78,0.3263,-1,-1,-1
297,4553,1533.88,426.85,231.49,452.52,0.9296,-1,-1,-1
297,4492,1396.10,426.93,137.31,280.56,0.8928,-1,-1,-1
297,4572,861.59,420.03,157.83,501.59,0.8727,-1,-1,-1
297,4573,765.48,441.47,61.15,208.79,0.8157,-1,-1,-1
297,4559,1007.04,399.73,157.24,638.86,0.8061,-1,-1,-1
297,4574,381.09,464.02,44.41,112.12,0.7721,-1,-1,-1
297,4575,506.59,455.34,34.77,106.03,0.7648,-1,-1,-1
297,4576,673.71,488.23,50.19,112.09,0.7353,-1,-1,-1
297,4577,1502.33,414.63,148.97,376.44,0.6814,-1,-1,-1
297,4578,535.88,457.09,20.32,58.53,0.6628,-1,-1,-1
297,4579,558.85,455.76,20.27,60.59,0.6408,-1,-1,-1
297,4580,579.12,456.04,19.13,60.82,0.6199,-1,-1,-1
297,4581,1167.36,448.04,41.32,101.82,0.5659,-1,-1,-1
297,4582,445.94,456.34,36.13,105.17,0.5416,-1,-1,-1
297,4583,1304.82,428.84,36.02,116.70,0.5287,-1,-1,-1
297,4584,620.32,456.29,25.57,63.50,0.5240,-1,-1,-1
297,4585,732.59,475.16,38.19,118.57,0.4931,-1,-1,-1
297,4586,985.64,447.40,26.04,75.47,0.4838,-1,-1,-1
297,4587,708.81,483.47,26.54,102.55,0.4824,-1,-1,-1
297,4588,657.45,455.62,20.69,59.62,0.4518,-1,-1,-1
297,4589,1375.20,446.16,37.72,102.38,0.4373,-1,-1,-1
297,4561,603.57,458.46,15.95,54.16,0.4280,-1,-1,-1
298,4581,1548.56,426.00,217.40,456.36,0.9149,-1,-1,-1
298,4590,1398.00,429.62,124.63,276.65,0.8978,-1,-1,-1
298,4591,865.34,419.96,154.50,504.40,0.8622,-1,-1,-1
298,4592,1006.43,399.98,157.58,637.61,0.8317,-1,-1,-1
298,4593,764.37,446.74,55.95,204.14,0.8257,-1,-1,-1
298,4594,380.98,463.59,44.94,112.00,0.7873,-1,-1,-1
298,4595,506.03,455.43,35.70,106.03,0.7616,-1,-1,-1
298,4596,1512.05,413.81,151.42,382.33,0.7417,-1,-1,-1
298,4597,536.20,457.29,19.76,58.89,0.6641,-1,-1,-1
298,4542,558.74,455.51,20.31,60.44,0.6520,-1,-1,-1
298,4598,673.56,491.06,48.90,106.16,0.6474,-1,-1,-1
298,4578,579.17,456.19,19.35,60.66,0.6404,-1,-1,-1
298,4599,1169.11,448.84,41.89,100.59,0.6192,-1,-1,-1
298,4600,620.72,456.18,23.85,63.37,0.6018,-1,-1,-1
298,4601,710.24,482.24,23.77,106.01,0.4889,-1,-1,-1
298,4602,985.84,448.12,26.64,77.52,0.4597,-1,-1,-1
298,4603,1304.99,428.71,35.01,116.74,0.4474,-1,-1,-1
298,4604,600.81,458.67,17.91,53.92,0.4231,-1,-1,-1
298,4605,658.74,455.92,19.42,59.38,0.4117,-1,-1,-1
298,4606,733.10,474.06,38.47,122.41,0.3598,-1,-1,-1
298,4607,1104.13,444.17,66.39,152.90,0.3561,-1,-1,-1
298,4608,0.26,815.10,64.81,39.02,0.3484,-1,-1,-1
298,4609,1695.67,431.10,86.59,148.95,0.3208,-1,-1,-1
298,4610,1384.13,447.52,26.54,99.76,0.3101,-1,-1,-1
299,4611,1398.30,422.02,106.82,284.07,0.8918,-1,-1,-1
299,4612,1567.68,424.82,198.07,454.81,0.8585,-1,-1,-1
299,4553,870.12,420.07,149.56,505.56,0.8470,-1,-1,-1
299,4613,1008.40,399.77,161.49,635.66,0.8295,-1,-1,-1
299,4614,766.03,443.26,64.98,208.18,0.8277,-1,-1,-1
299,4559,380.80,461.87,44.87,114.07,0.7981,-1,-1,-1
299,4578,505.40,455.72,35.77,105.52,0.7736,-1,-1,-1
299,4615,0.09,775.35,88.72,84.74,0.7168,-1,-1,-1
299,4616,673.52,491.16,49.17,105.51,0.6892,-1,-1,-1
299,4617,536.27,457.11,19.54,58.52,0.6764,-1,-1,-1
299,4618,579.17,456.29,19.33,60.71,0.6437,-1,-1,-1
299,4619,558.92,456.35,20.41,59.92,0.6383,-1,-1,-1
299,4620,1523.58,412.51,138.96,381.48,0.6092,-1,-1,-1
299,4621,620.68,456.24,23.88,62.57,0.5866,-1,-1,-1
299,4622,732.99,474.71,38.37,116.96,0.5738,-1,-1,-1
299,4623,1175.23,449.03,35.40,99.54,0.5381,-1,-1,-1
299,4624,659.16,455.95,18.57,63.05,0.4935,-1,-1,-1
299,4625,987.94,448.06,26.33,75.13,0.4922,-1,-1,-1
299,4626,1304.27,429.57,35.66,115.74,0.4904,-1,-1,-1
299,4627,444.58,455.19,37.74,108.74,0.4098,-1,-1,-1
299,4628,597.88,459.18,15.12,53.23,0.3920,-1,-1,-1
299,4629,422.37,472.19,33.07,97.89,0.3768,-1,-1,-1
299,4630,1162.03,439.40,24.35,108.21,0.3691,-1,-1,-1
299,4600,709.15,479.52,24.92,103.65,0.3449,-1,-1,-1
300,4631,1392.79,420.58,94.98,285.13,0.8876,-1,-1,-1
300,4632,767.42,445.02,68.31,208.21,0.8581,-1,-1,-1
300,4633,1583.22,422.89,186.01,458.39,0.8531,-1,-1,-1
300,4634,877.47,419.99,142.87,511.64,0.8446,-1,-1,-1
300,4635,0.11,722.63,104.01,135.72,0.8354,-1,-1,-1
300,4636,1009.94,399.07,162.67,634.00,0.8067,-1,-1,-1
300,4637,381.36,463.20,44.39,112.57,0.7916,-1,-1,-1
300,4638,506.45,455.76,36.05,105.57,0.7850,-1,-1,-1
300,4639,1170.54,447.61,46.08,102.35,0.7391,-1,-1,-1
300,4640,536.50,457.09,20.35,57.66,0.7083,-1,-1,-1
300,4641,733.50,474.64,38.78,114.63,0.6644,-1,-1,-1
300,4617,560.05,457.36,19.72,58.67,0.6566,-1,-1,-1
300,4642,579.19,456.15,20.56,60.43,0.6444,-1,-1,-1
300,4643,674.25,492.71,48.62,107.62,0.6303,-1,-1,-1
300,4644,621.75,456.64,25.09,62.61,0.5286,-1,-1,-1
300,4645,990.89,450.27,23.49,71.04,0.4887,-1,-1,-1
300,4646,659.50,457.47,18.30,58.94,0.4634,-1,-1,-1
300,4647,1577.92,413.15,93.95,239.22,0.4628,-1,-1,-1
300,4648,1303.11,429.63,37.10,115.24,0.4213,-1,-1,-1
300,4649,421.67,478.05,35.61,91.79,0.3933,-1,-1,-1
300,4650,831.20,450.94,36.70,93.77,0.3678,-1,-1,-1
300,4651,708.78,481.52,25.60,105.72,0.3670,-1,-1,-1
300,4652,1162.09,439.58,23.15,88.19,0.3524,-1,-1,-1
300,4653,596.62,459.36,16.24,53.07,0.3517,-1,-1,-1
300,4578,442.81,456.37,39.02,106.05,0.3181,-1,-1,-1
301,4623,1384.80,421.73,80.95,285.56,0.8690,-1,-1,-1
301,4654,767.69,446.30,74.76,207.20,0.8622,-1,-1,-1
301,4655,1615.09,423.17,156.25,460.45,0.8581,-1,-1,-1
301,4656,886.32,419.86,134.26,516.99,0.8128,-1,-1,-1
301,4657,503.22,455.68,38.25,105.26,0.7906,-1,-1,-1
301,4658,381.48,462.52,43.96,113.51,0.7892,-1,-1,-1
301,4659,1008.61,399.88,166.02,627.86,0.7692,-1,-1,-1
301,4660,1553.20,413.46,117.64,383.35,0.7445,-1,-1,-1
301,4661,1169.98,448.34,44.79,101.99,0.7120,-1,-1,-1
301,4250,537.31,457.67,18.90,58.04,0.6984,-1,-1,-1
301,4662,733.41,475.42,42.31,116.57,0.6756,-1,-1,-1
301,4663,675.17,490.67,48.14,103.97,0.6435,-1,-1,-1
301,4664,579.21,455.42,20.52,61.42,0.6293,-1,-1,-1
301,4665,560.18,457.59,19.33,58.95,0.6210,-1,-1,-1
301,4666,0.15,627.72,112.00,230.86,0.6147,-1,-1,-1
301,4667,709.09,480.73,25.55,105.15,0.5115,-1,-1,-1
301,4668,991.42,449.50,23.05,73.02,0.5084,-1,-1,-1
301,4669,622.97,456.88,23.14,61.78,0.4206,-1,-1,-1
301,4670,421.83,470.69,36.16,98.15,0.4106,-1,-1,-1
301,4671,598.00,459.25,19.87,53.35,0.3924,-1,-1,-1
301,4672,831.32,449.47,35.97,94.62,0.3716,-1,-1,-1
301,4673,659.36,457.27,19.58,60.66,0.3528,-1,-1,-1
301,4674,1105.62,442.57,65.32,150.89,0.3510,-1,-1,-1
301,4675,1304.28,429.93,36.57,115.74,0.3290,-1,-1,-1
301,4652,1163.27,439.31,22.03,88.45,0.3234,-1,-1,-1
302,4676,769.30,445.58,78.82,207.65,0.8463,-1,-1,-1
302,4677,1369.47,419.87,85.67,287.56,0.8449,-1,-1,-1
302,4678,1010.84,397.97,168.13,628.28,0.8366,-1,-1,-1
302,4679,1633.04,423.78,146.28,456.80,0.8014,-1,-1,-1
302,4680,888.86,419.16,131.95,522.61,0.7946,-1,-1,-1
302,4681,505.64,455.64,35.42,105.21,0.7843,-1,-1,-1
302,4682,381.43,462.88,44.17,113.27,0.7841,-1,-1,-1
302,4683,1171.91,448.52,43.21,101.56,0.7126,-1,-1,-1
302,4684,537.23,458.40,19.86,56.60,0.6818,-1,-1,-1
302,4685,0.12,685.92,116.56,173.48,0.6816,-1,-1,-1
302,4686,675.44,490.05,47.97,105.32,0.6410,-1,-1,-1
302,4687,733.46,475.60,43.55,114.06,0.6293,-1,-1,-1
302,4688,559.95,457.13,19.98,59.95,0.5943,-1,-1,-1
302,4689,579.45,455.49,20.09,61.25,0.5720,-1,-1,-1
302,4690,1304.69,429.76,36.76,115.86,0.5032,-1,-1,-1
302,4691,1590.31,407.97,100.51,247.03,0.4709,-1,-1,-1
302,4692,708.26,480.63,26.64,104.27,0.4482,-1,-1,-1
302,4693,991.31,450.97,23.44,71.52,0.4137,-1,-1,-1
302,4694,600.19,459.20,18.57,53.45,0.4101,-1,-1,-1
302,4695,626.39,456.68,19.75,60.40,0.4044,-1,-1,-1
302,4696,659.81,456.97,19.77,51.40,0.3428,-1,-1,-1
303,4697,1357.45,418.62,89.59,287.37,0.8726,-1,-1,-1
303,4698,772.93,449.79,74.38,203.87,0.8489,-1,-1,-1
303,4699,1650.67,422.11,147.54,467.27,0.8413,-1,-1,-1
303,4700,890.50,418.71,130.13,527.90,0.7903,-1,-1,-1
303,4701,381.38,462.02,43.77,114.66,0.7859,-1,-1,-1
303,4702,1009.59,399.30,168.58,620.92,0.7718,-1,-1,-1
303,4703,505.32,455.69,35.86,105.84,0.7710,-1,-1,-1
303,4704,537.25,458.01,20.17,57.77,0.7034,-1,-1,-1
303,4705,1173.56,448.38,42.39,101.86,0.6670,-1,-1,-1
303,4706,598.38,458.98,20.20,53.65,0.6557,-1,-1,-1
303,4707,1588.27,406.98,108.60,400.47,0.6408,-1,-1,-1
303,4708,580.44,455.41,19.28,61.11,0.6395,-1,-1,-1
303,4709,560.35,458.78,19.37,57.58,0.6245,-1,-1,-1
303,4710,674.72,490.31,49.51,102.46,0.6134,-1,-1,-1
303,4711,733.42,476.76,45.95,113.57,0.6008,-1,-1,-1
303,4712,0.18,559.75,119.57,299.28,0.4996,-1,-1,-1
303,4713,626.63,456.94,20.78,61.17,0.4831,-1,-1,-1
303,4714,1304.31,429.99,37.33,115.01,0.4304,-1,-1,-1
303,4715,845.92,449.01,18.07,21.44,0.3607,-1,-1,-1
303,4716,991.99,451.05,22.59,70.40,0.3340,-1,-1,-1
303,4717,659.82,456.71,19.56,51.30,0.3047,-1,-1,-1
304,4718,1342.19,418.66,102.02,288.50,0.9177,-1,-1,-1
304,4719,1011.85,398.23,175.25,626.00,0.8672,-1,-1,-1
304,4720,774.89,445.38,77.44,210.02,0.8465,-1,-1,-1
304,4721,1659.62,413.97,142.81,481.61,0.7914,-1,-1,-1
304,4722,504.79,455.77,36.51,106.15,0.7900,-1,-1,-1
304,4723,381.53,462.50,43.23,113.72,0.7795,-1,-1,-1
304,4724,885.77,418.34,135.51,529.54,0.7793,-1,-1,-1
304,4725,1176.04,450.35,41.89,100.01,0.7507,-1,-1,-1
304,4726,1604.55,407.14,97.94,406.32,0.7378,-1,-1,-1
304,4727,537.62,457.98,20.88,57.36,0.6798,-1,-1,-1
304,4728,674.89,490.04,49.36,105.40,0.6549,-1,-1,-1
304,4729,598.05,458.12,20.36,54.26,0.6385,-1,-1,-1
304,4730,0.03,416.06,119.07,443.27,0.6351,-1,-1,-1
304,4731,579.86,454.92,19.68,61.89,0.6277,-1,-1,-1
304,4732,628.06,457.13,21.64,62.44,0.5890,-1,-1,-1
304,4733,559.88,459.49,19.54,57.00,0.5545,-1,-1,-1
304,4734,734.58,476.96,47.77,112.73,0.5279,-1,-1,-1
304,4735,421.21,458.66,41.18,109.48,0.4425,-1,-1,-1
304,4736,1304.26,430.27,36.84,114.86,0.4016,-1,-1,-1
304,4737,1161.68,439.17,24.08,86.78,0.3292,-1,-1,-1
305,4738,1328.46,422.96,112.81,283.11,0.9143,-1,-1,-1
305,4739,1666.77,409.63,151.95,502.51,0.8913,-1,-1,-1
305,4740,1011.65,399.20,185.52,621.19,0.8818,-1,-1,-1
305,4741,0.10,412.32,118.36,446.76,0.8497,-1,-1,-1
305,4742,777.03,444.42,74.67,211.14,0.8399,-1,-1,-1
305,4743,1610.53,406.51,104.03,403.23,0.7977,-1,-1,-1
305,4744,381.55,462.85,43.22,114.53,0.7957,-1,-1,-1
305,4745,888.53,417.76,133.32,529.97,0.7808,-1,-1,-1
305,4746,502.71,455.78,38.61,105.99,0.7774,-1,-1,-1
305,4747,1180.49,450.28,42.63,98.82,0.7492,-1,-1,-1
305,4748,674.45,491.93,49.89,108.54,0.6956,-1,-1,-1
305,4749,537.83,458.26,19.24,57.01,0.6870,-1,-1,-1
305,4750,735.18,477.26,47.21,115.22,0.6637,-1,-1,-1
305,4751,580.20,454.67,19.27,61.47,0.6173,-1,-1,-1
305,4752,598.89,458.60,19.44,53.81,0.6032,-1,-1,-1
305,4753,628.12,457.69,22.17,61.72,0.5498,-1,-1,-1
305,4754,559.16,457.47,19.57,59.00,0.4975,-1,-1,-1
305,4755,1304.34,429.08,37.70,114.93,0.4811,-1,-1,-1
305,4756,420.46,454.28,43.73,114.76,0.3608,-1,-1,-1
305,4757,709.04,480.55,26.00,106.00,0.3324,-1,-1,-1
305,4758,659.26,462.06,17.17,66.34,0.3121,-1,-1,-1
305,4759,847.36,449.01,19.08,23.38,0.3117,-1,-1,-1
306,4738,1313.72,424.56,127.54,281.11,0.9056,-1,-1,-1
306,4760,0.37,405.51,118.83,453.57,0.8953,-1,-1,-1
306,4761,1014.06,399.31,197.52,620.45,0.8880,-1,-1,-1
306,4762,1672.01,415.96,181.96,500.54,0.8722,-1,-1,-1
306,4763,779.56,443.69,73.52,212.68,0.8416,-1,-1,-1
306,4764,1615.99,406.76,107.36,400.56,0.7917,-1,-1,-1
306,4765,381.34,462.22,43.68,113.69,0.7814,-1,-1,-1
306,4766,888.61,417.09,133.82,531.30,0.7796,-1,-1,-1
306,4767,1185.00,447.37,41.53,100.88,0.7791,-1,-1,-1
306,4768,503.55,456.03,36.85,105.49,0.7759,-1,-1,-1
306,4769,675.33,490.32,49.28,109.08,0.7176,-1,-1,-1
306,4770,733.62,476.89,49.82,112.29,0.6456,-1,-1,-1
306,4771,580.53,454.78,19.12,61.27,0.6446,-1,-1,-1
306,4772,538.41,458.21,20.91,56.80,0.6272,-1,-1,-1
306,4773,599.57,459.54,18.74,52.57,0.5927,-1,-1,-1
306,4774,628.46,457.32,21.63,62.96,0.5581,-1,-1,-1
306,4775,559.66,459.45,19.82,56.57,0.5085,-1,-1,-1
306,4776,417.93,461.93,40.11,107.92,0.4080,-1,-1,-1
306,4777,710.23,481.64,25.55,105.28,0.3926,-1,-1,-1
306,4778,1305.61,430.53,34.15,114.40,0.3661,-1,-1,-1
306,4753,673.73,455.81,14.01,34.28,0.3339,-1,-1,-1
307,4779,1674.07,420.72,221.34,497.08,0.9188,-1,-1,-1
307,4780,1305.33,428.42,134.76,276.08,0.9121,-1,-1,-1
307,4761,1013.16,398.85,204.44,618.94,0.8930,-1,-1,-1
307,4781,783.25,443.85,67.33,212.19,0.8588,-1,-1,-1
307,4782,886.16,417.35,136.17,530.25,0.7985,-1,-1,-1
307,4783,1187.91,447.26,40.89,100.93,0.7869,-1,-1,-1
307,4768,381.50,461.33,44.28,114.82,0.7865,-1,-1,-1
307,4784,502.55,456.06,38.12,105.42,0.7626,-1,-1,-1
307,4785,734.47,477.74,49.53,114.15,0.7493,-1,-1,-1
307,4786,1621.35,407.29,112.12,397.97,0.6995,-1,-1,-1
307,4753,675.37,492.17,48.90,105.75,0.6642,-1,-1,-1
307,4787,581.43,455.31,18.69,60.78,0.6637,-1,-1,-1
307,4788,559.18,459.73,20.29,55.99,0.6092,-1,-1,-1
307,4789,538.55,458.29,20.93,57.02,0.5947,-1,-1,-1
307,4790,601.01,459.02,17.68,53.08,0.5883,-1,-1,-1
307,4791,709.32,481.88,26.84,104.92,0.5541,-1,-1,-1
307,4792,629.06,457.38,20.89,61.22,0.5399,-1,-1,-1
307,4793,416.88,463.55,42.03,106.03,0.4822,-1,-1,-1
307,4794,0.18,593.91,119.45,264.82,0.4502,-1,-1,-1
307,4795,0.12,403.55,57.07,236.55,0.4496,-1,-1,-1
307,4796,673.43,455.69,16.47,38.36,0.4173,-1,-1,-1
307,4797,994.18,449.66,24.06,72.95,0.3813,-1,-1,-1
307,4798,1305.71,430.56,32.07,113.58,0.3291,-1,-1,-1
307,4769,660.46,463.48,16.41,48.45,0.3058,-1,-1,-1
308,4799,1674.18,425.04,245.26,492.71,0.9221,-1,-1,-1
308,4800,1295.66,428.43,142.77,275.94,0.9149,-1,-1,-1
308,4787,1016.07,399.87,216.50,616.64,0.9079,-1,-1,-1
308,4801,786.44,444.52,65.80,211.22,0.8411,-1,-1,-1
308,4802,878.13,419.52,145.77,529.27,0.7943,-1,-1,-1
308,4803,1619.86,407.57,122.19,398.84,0.7933,-1,-1,-1
308,4804,1187.66,446.01,44.16,101.94,0.7889,-1,-1,-1
308,4805,381.88,461.65,44.01,114.59,0.7859,-1,-1,-1
308,4806,501.10,456.30,39.24,105.17,0.7719,-1,-1,-1
308,4807,734.53,477.74,49.38,115.69,0.7590,-1,-1,-1
308,4808,581.73,456.46,19.06,59.68,0.6844,-1,-1,-1
308,4809,675.32,491.03,50.10,105.29,0.6827,-1,-1,-1
308,4784,559.99,459.22,19.83,56.35,0.6238,-1,-1,-1
308,4810,710.74,481.81,24.63,105.29,0.5920,-1,-1,-1
308,4811,601.93,459.93,17.30,52.08,0.5566,-1,-1,-1
308,4812,0.10,401.13,68.53,253.98,0.5145,-1,-1,-1
308,4813,0.16,402.06,120.17,457.40,0.5003,-1,-1,-1
308,4814,629.94,457.98,18.98,56.82,0.4906,-1,-1,-1
308,4815,419.36,459.69,36.26,110.26,0.4793,-1,-1,-1
308,4816,660.42,463.71,18.31,51.75,0.4199,-1,-1,-1
308,4817,993.65,449.10,25.17,73.90,0.3858,-1,-1,-1
308,4783,1305.26,430.08,33.34,112.36,0.3656,-1,-1,-1
308,4818,539.96,458.30,20.44,56.62,0.3601,-1,-1,-1
308,4819,1881.56,393.92,38.00,239.31,0.3328,-1,-1,-1
309,4799,1673.63,424.79,245.50,502.65,0.9207,-1,-1,-1
309,4820,1288.72,429.08,144.70,275.12,0.9133,-1,-1,-1
309,4784,1017.25,398.36,223.62,616.36,0.9022,-1,-1,-1
309,4821,0.33,399.21,120.48,460.13,0.8581,-1,-1,-1
309,4822,790.82,442.63,61.37,213.21,0.8427,-1,-1,-1
309,4823,501.14,456.55,39.04,105.20,0.8159,-1,-1,-1
309,4824,881.34,419.43,143.29,529.42,0.7968,-1,-1,-1
309,4825,1618.96,409.10,133.55,399.82,0.7889,-1,-1,-1
309,4826,381.54,461.73,43.44,114.55,0.7795,-1,-1,-1
309,4827,734.76,478.25,47.81,116.51,0.7474,-1,-1,-1
309,4828,675.66,490.03,49.93,106.22,0.6946,-1,-1,-1
309,4829,1190.73,446.24,41.83,102.38,0.6896,-1,-1,-1
309,4808,581.95,455.08,19.05,60.70,0.6740,-1,-1,-1
309,4830,560.10,457.97,19.70,57.47,0.6403,-1,-1,-1
309,4831,710.83,481.92,25.67,105.99,0.5752,-1,-1,-1
309,4832,601.43,459.32,17.87,52.67,0.5272,-1,-1,-1
309,4833,417.29,465.66,34.97,104.38,0.5172,-1,-1,-1
309,4834,630.34,457.42,20.04,59.55,0.5025,-1,-1,-1
309,4835,543.69,457.87,17.79,56.43,0.4184,-1,-1,-1
309,4836,1304.67,430.20,33.27,107.26,0.4142,-1,-1,-1
309,4837,660.61,463.89,19.10,54.75,0.4025,-1,-1,-1
309,4838,994.19,449.12,24.90,73.98,0.3233,-1,-1,-1
309,4839,1884.73,395.83,34.81,232.13,0.3137,-1,-1,-1
310,4840,1674.00,425.40,244.72,503.55,0.9313,-1,-1,-1
310,4841,1017.27,398.19,229.41,614.36,0.9118,-1,-1,-1
310,4842,1280.79,429.37,144.26,275.57,0.9112,-1,-1,-1
310,4843,0.23,398.56,119.34,461.06,0.8791,-1,-1,-1
310,4844,793.31,440.47,78.01,216.44,0.8762,-1,-1,-1
310,4845,1617.89,408.25,154.17,397.86,0.8223,-1,-1,-1
310,4846,497.41,456.43,42.70,104.75,0.8037,-1,-1,-1
310,4847,876.82,419.61,148.10,529.16,0.8017,-1,-1,-1
310,4848,381.31,462.75,42.61,114.46,0.7667,-1,-1,-1
310,4827,733.89,478.95,47.30,114.01,0.7388,-1,-1,-1
310,4849,1192.98,446.30,40.19,101.85,0.7218,-1,-1,-1
310,4850,581.72,454.24,19.35,60.78,0.6687,-1,-1,-1
310,4851,674.26,489.99,49.08,103.76,0.6441,-1,-1,-1
310,4852,559.39,458.67,19.21,56.27,0.6183,-1,-1,-1
310,4853,599.26,457.82,19.40,53.99,0.4921,-1,-1,-1
310,4854,711.02,480.39,25.55,105.57,0.4462,-1,-1,-1
310,4855,1160.61,439.41,27.31,86.02,0.4398,-1,-1,-1
310,4856,630.48,457.09,19.10,59.79,0.3996,-1,-1,-1
310,4857,540.11,457.79,20.27,56.55,0.3754,-1,-1,-1
310,4858,992.49,448.72,25.85,74.41,0.3737,-1,-1,-1
310,4859,418.42,464.98,32.88,104.61,0.3628,-1,-1,-1
310,4860,1305.37,430.50,29.32,100.82,0.3025,-1,-1,-1
310,4861,434.16,453.14,27.70,114.07,0.3014,-1,-1,-1
311,4827,1674.89,426.80,244.26,504.47,0.9272,-1,-1,-1
311,4862,0.26,397.05,118.60,460.99,0.9188,-1,-1,-1
311,4863,1018.06,397.51,229.37,614.96,0.9088,-1,-1,-1
311,4864,1274.82,429.38,140.52,262.94,0.8841,-1,-1,-1
311,4865,1618.33,413.25,156.46,395.50,0.8724,-1,-1,-1
311,4866,796.58,443.67,61.73,211.89,0.8415,-1,-1,-1
311,4867,878.83,419.59,146.53,529.54,0.8066,-1,-1,-1
311,4868,495.58,456.92,41.72,105.30,0.7983,-1,-1,-1
311,4848,381.02,462.14,41.96,114.29,0.7610,-1,-1,-1
311,4844,732.70,479.83,47.08,112.62,0.7199,-1,-1,-1
311,4869,1196.53,447.25,37.09,101.14,0.7059,-1,-1,-1
311,4870,558.33,457.45,19.28,58.13,0.6573,-1,-1,-1
311,4871,581.40,454.42,19.88,60.87,0.6493,-1,-1,-1
311,4872,674.37,489.72,48.73,104.68,0.6154,-1,-1,-1
311,4873,630.23,457.12,19.63,60.77,0.5143,-1,-1,-1
311,4874,537.67,457.72,23.09,56.73,0.4976,-1,-1,-1
311,4875,415.66,463.67,36.91,106.52,0.4810,-1,-1,-1
311,4876,712.07,481.48,24.66,105.38,0.4435,-1,-1,-1
311,4877,992.91,449.24,25.36,72.61,0.4038,-1,-1,-1
311,4878,598.52,457.91,19.48,53.80,0.3822,-1,-1,-1
311,4879,1161.55,439.49,26.27,86.15,0.3559,-1,-1,-1
312,4880,1678.00,425.81,241.62,509.12,0.9328,-1,-1,-1
312,4881,0.08,396.54,126.64,464.94,0.9092,-1,-1,-1
312,4882,1019.92,397.82,227.81,614.11,0.9071,-1,-1,-1
312,4883,1272.31,428.17,123.51,259.97,0.8902,-1,-1,-1
312,4884,1616.99,411.73,165.23,400.06,0.8870,-1,-1,-1
312,4885,882.88,419.65,143.16,529.45,0.8035,-1,-1,-1
312,4886,492.90,457.14,42.96,105.24,0.7820,-1,-1,-1
312,4887,798.03,442.97,68.95,212.67,0.7717,-1,-1,-1
312,4888,1197.33,447.66,39.06,100.26,0.7666,-1,-1,-1
312,4889,380.27,462.50,42.38,113.93,0.7532,-1,-1,-1
312,4890,558.24,460.30,17.91,54.85,0.6938,-1,-1,-1
312,4891,415.24,466.77,35.66,103.26,0.6500,-1,-1,-1
312,4892,731.51,479.36,47.91,110.58,0.6459,-1,-1,-1
312,4893,673.87,490.11,49.02,101.16,0.6387,-1,-1,-1
312,4894,581.54,454.68,18.86,60.23,0.6327,-1,-1,-1
312,4895,539.94,458.18,20.47,56.87,0.5632,-1,-1,-1
312,4896,630.27,457.18,20.63,60.70,0.4854,-1,-1,-1
312,4897,709.61,481.46,26.65,104.50,0.3983,-1,-1,-1
312,4898,598.61,456.60,19.51,54.83,0.3879,-1,-1,-1
312,4899,1160.56,439.39,26.52,86.33,0.3798,-1,-1,-1
313,4827,1680.76,426.86,238.87,509.70,0.9341,-1,-1,-1
313,4870,1.03,397.55,143.98,463.21,0.9299,-1,-1,-1
313,4900,1618.43,412.99,169.19,398.48,0.9147,-1,-1,-1
313,4901,1020.65,397.16,227.69,614.92,0.9100,-1,-1,-1
313,4902,1268.49,427.76,114.58,259.91,0.9069,-1,-1,-1
313,4903,800.42,445.43,79.87,211.06,0.8516,-1,-1,-1
313,4904,876.70,419.60,149.75,529.50,0.8014,-1,-1,-1
313,4905,494.78,457.44,40.73,104.59,0.7951,-1,-1,-1
313,4906,380.85,462.99,41.64,114.30,0.7931,-1,-1,-1
313,4907,1197.73,447.02,39.20,102.42,0.7631,-1,-1,-1
313,4908,557.94,459.13,19.89,55.82,0.6981,-1,-1,-1
313,4909,674.26,489.41,48.63,103.65,0.6640,-1,-1,-1
313,4910,729.32,479.30,49.80,108.68,0.6334,-1,-1,-1
313,4911,581.65,455.41,18.05,59.73,0.6298,-1,-1,-1
313,4789,539.31,457.92,20.40,56.75,0.5354,-1,-1,-1
313,4912,630.30,457.70,21.31,63.45,0.5351,-1,-1,-1
313,4913,417.46,460.83,40.82,109.79,0.4709,-1,-1,-1
313,4914,710.15,481.81,25.02,104.52,0.4542,-1,-1,-1
313,4915,991.91,448.62,26.02,73.88,0.4408,-1,-1,-1
313,4916,1160.13,439.39,26.33,85.79,0.4064,-1,-1,-1
313,4895,598.72,457.06,19.91,54.52,0.3876,-1,-1,-1
313,4917,1012.98,454.39,26.66,68.71,0.3625,-1,-1,-1
313,4918,673.70,456.10,17.67,45.98,0.3091,-1,-1,-1
313,4919,1119.02,437.93,63.27,151.88,0.3073,-1,-1,-1
314,4901,1687.22,422.69,232.40,513.79,0.9369,-1,-1,-1
314,4920,10.12,398.92,153.39,460.63,0.9291,-1,-1,-1
314,4921,1623.75,412.03,177.08,398.05,0.9158,-1,-1,-1
314,4922,1022.60,397.92,224.75,612.81,0.9025,-1,-1,-1
314,4923,1269.74,423.49,98.06,265.16,0.8932,-1,-1,-1
314,4924,805.72,441.41,73.83,214.86,0.8233,-1,-1,-1
314,4925,493.11,457.22,42.97,104.85,0.8169,-1,-1,-1
314,4926,885.52,418.39,143.97,531.74,0.7987,-1,-1,-1
314,4927,1198.18,447.78,38.35,101.45,0.7623,-1,-1,-1
314,4928,380.39,462.44,42.82,113.68,0.7608,-1,-1,-1
314,4918,557.50,458.60,21.26,56.62,0.6888,-1,-1,-1
314,4929,674.14,490.31,48.52,105.38,0.6629,-1,-1,-1
314,4930,728.78,479.80,50.54,108.61,0.6575,-1,-1,-1
314,4931,581.62,455.98,17.80,59.85,0.6205,-1,-1,-1
314,4932,421.91,454.92,37.49,115.67,0.5520,-1,-1,-1
314,4933,631.32,457.31,21.05,61.68,0.5143,-1,-1,-1
314,4934,991.89,448.20,26.44,73.29,0.5043,-1,-1,-1
314,4935,538.47,458.11,19.89,56.58,0.4363,-1,-1,-1
314,4936,1160.47,439.29,26.14,85.69,0.4005,-1,-1,-1
314,4937,600.56,459.66,18.35,52.09,0.3776,-1,-1,-1
314,4938,710.04,482.14,25.56,103.93,0.3726,-1,-1,-1
314,4910,672.88,455.73,23.03,52.66,0.3670,-1,-1,-1
314,4917,1013.35,454.10,26.11,70.31,0.3172,-1,-1,-1
315,4939,1696.87,421.33,222.71,515.39,0.9221,-1,-1,-1
315,4940,20.54,399.17,179.32,458.58,0.9128,-1,-1,-1
315,4941,1030.21,395.85,217.21,614.23,0.8908,-1,-1,-1
315,4942,1269.70,425.43,82.78,262.06,0.8848,-1,-1,-1
315,4943,1628.68,408.65,186.46,402.24,0.8612,-1,-1,-1
315,4944,809.19,442.62,71.37,213.98,0.8185,-1,-1,-1
315,4945,492.66,457.02,42.81,105.15,0.8084,-1,-1,-1
315,4946,879.39,419.50,150.20,529.76,0.7837,-1,-1,-1
315,4947,381.07,463.53,42.16,113.41,0.7741,-1,-1,-1
315,4948,1198.34,448.08,42.14,101.41,0.7568,-1,-1,-1
315,4933,557.37,458.42,18.77,55.52,0.7037,-1,-1,-1
315,4949,674.08,489.73,48.87,104.62,0.6699,-1,-1,-1
315,4935,732.00,478.91,47.73,115.06,0.6488,-1,-1,-1
315,4911,582.51,456.63,17.31,58.40,0.6475,-1,-1,-1
315,4950,630.62,457.42,21.37,61.81,0.6134,-1,-1,-1
315,4951,539.98,457.74,19.78,56.33,0.5817,-1,-1,-1
315,4952,417.42,459.83,39.38,111.04,0.5720,-1,-1,-1
315,4953,673.09,456.05,23.58,50.80,0.4837,-1,-1,-1
315,4954,995.20,447.53,23.59,74.29,0.4614,-1,-1,-1
315,4955,1160.41,438.99,25.53,86.01,0.4418,-1,-1,-1
315,4956,600.61,459.98,18.53,51.54,0.3626,-1,-1,-1
315,4957,710.35,483.03,25.62,103.26,0.3477,-1,-1,-1
315,4958,1015.12,456.08,21.84,65.62,0.3101,-1,-1,-1
316,4959,22.88,400.29,215.74,458.22,0.9262,-1,-1,-1
316,4960,1035.55,396.25,211.31,614.06,0.8903,-1,-1,-1
316,4961,1269.06,426.06,75.22,261.48,0.8772,-1,-1,-1
316,4962,1712.31,420.57,207.19,517.63,0.8471,-1,-1,-1
316,4963,813.17,445.02,67.43,211.62,0.7991,-1,-1,-1
316,4964,491.32,456.43,44.62,105.94,0.7938,-1,-1,-1
316,4965,884.47,419.71,147.95,529.31,0.7758,-1,-1,-1
316,4966,1198.76,448.05,40.98,101.35,0.7740,-1,-1,-1
316,4967,381.15,463.39,42.26,113.64,0.7675,-1,-1,-1
316,4968,1639.18,409.49,199.08,404.44,0.7155,-1,-1,-1
316,4969,557.44,458.34,18.72,56.05,0.7069,-1,-1,-1
316,4970,733.19,479.32,46.81,114.46,0.6960,-1,-1,-1
316,4971,674.03,489.67,48.65,104.83,0.6800,-1,-1,-1
316,4972,582.51,456.87,17.28,58.35,0.6791,-1,-1,-1
316,4973,1419.83,442.59,41.12,105.49,0.5977,-1,-1,-1
316,4974,417.20,459.48,38.81,110.84,0.5720,-1,-1,-1
316,4975,540.34,457.77,19.01,56.46,0.5630,-1,-1,-1
316,4976,631.53,458.07,19.93,60.92,0.5541,-1,-1,-1
316,4977,710.77,483.48,25.55,102.75,0.5308,-1,-1,-1
316,4978,673.83,456.22,22.42,49.59,0.4583,-1,-1,-1
316,4979,1160.56,438.92,25.25,85.77,0.4461,-1,-1,-1
316,4980,995.19,447.57,23.74,74.05,0.4184,-1,-1,-1
316,4981,598.97,457.78,20.26,53.62,0.3575,-1,-1,-1
317,4982,21.94,401.36,245.19,456.83,0.9311,-1,-1,-1
317,4983,1037.67,396.52,209.89,614.61,0.8986,-1,-1,-1
317,4984,1267.32,425.47,71.23,261.20,0.8701,-1,-1,-1
317,4985,814.70,444.09,73.92,212.10,0.8342,-1,-1,-1
317,4986,490.35,456.03,45.48,106.53,0.8037,-1,-1,-1
317,4987,890.42,419.02,135.89,530.48,0.7978,-1,-1,-1
317,4988,381.15,463.16,42.77,113.95,0.7756,-1,-1,-1
317,4989,1201.45,448.14,37.63,101.00,0.7426,-1,-1,-1
317,4990,1649.69,405.38,191.81,410.03,0.7297,-1,-1,-1
317,4991,674.87,489.62,48.27,109.00,0.7105,-1,-1,-1
317,4911,557.76,458.58,18.42,55.60,0.6948,-1,-1,-1
317,4992,582.67,457.52,17.30,57.25,0.6722,-1,-1,-1
317,4993,733.49,478.43,46.13,112.19,0.6207,-1,-1,-1
317,4994,539.34,458.81,19.69,55.60,0.5671,-1,-1,-1
317,4995,632.63,458.50,19.71,60.10,0.5617,-1,-1,-1
317,4996,415.74,465.17,39.65,104.78,0.5414,-1,-1,-1
317,4997,1803.48,416.92,116.13,522.93,0.4699,-1,-1,-1
317,4998,709.73,484.06,26.40,102.25,0.4656,-1,-1,-1
317,4999,1430.49,440.00,35.13,108.97,0.4477,-1,-1,-1
317,5000,599.17,457.43,19.94,53.80,0.4290,-1,-1,-1
317,5001,673.99,456.54,21.90,46.84,0.4006,-1,-1,-1
317,5002,1160.19,438.95,27.38,85.46,0.3885,-1,-1,-1
317,5003,994.50,447.74,24.20,73.50,0.3737,-1,-1,-1
318,4982,22.27,402.82,265.87,455.80,0.9391,-1,-1,-1
318,4996,1039.41,397.11,208.72,614.83,0.8917,-1,-1,-1
318,4990,1259.47,427.16,78.02,258.00,0.8801,-1,-1,-1
318,5004,489.84,455.89,45.62,107.00,0.8089,-1,-1,-1
318,5005,887.44,419.07,140.44,530.26,0.8023,-1,-1,-1
318,5006,815.99,446.32,64.90,209.80,0.8000,-1,-1,-1
318,5007,381.22,463.30,42.82,113.62,0.7667,-1,-1,-1
318,5008,674.17,490.33,49.51,108.15,0.7201,-1,-1,-1
318,5009,1201.65,447.76,35.02,101.04,0.7062,-1,-1,-1
318,5010,558.63,459.02,17.95,55.55,0.6963,-1,-1,-1
318,4992,582.15,457.80,18.00,56.95,0.6898,-1,-1,-1
318,5011,1802.51,414.59,117.08,523.77,0.6828,-1,-1,-1
318,5012,732.52,477.95,46.98,110.98,0.6432,-1,-1,-1
318,5013,632.08,458.89,20.16,60.51,0.6173,-1,-1,-1
318,5014,1664.78,408.82,186.41,455.79,0.6065,-1,-1,-1
318,5015,413.94,467.19,43.20,103.52,0.5962,-1,-1,-1
318,5016,600.77,459.57,18.50,51.54,0.5652,-1,-1,-1
318,5017,1433.52,441.59,31.59,105.34,0.5493,-1,-1,-1
318,5018,1160.89,438.79,25.79,87.59,0.4848,-1,-1,-1
318,5019,675.65,455.72,20.97,50.64,0.4370,-1,-1,-1
318,5020,540.48,458.53,18.86,55.70,0.4350,-1,-1,-1
318,5021,993.98,447.74,24.78,73.82,0.3720,-1,-1,-1
318,5022,1014.38,454.40,25.57,72.69,0.3177,-1,-1,-1
318,5023,659.80,463.39,19.89,44.22,0.3146,-1,-1,-1
319,5024,22.06,404.59,280.96,453.41,0.9464,-1,-1,-1
319,5025,1245.63,428.15,90.84,258.77,0.8794,-1,-1,-1
319,5026,1042.00,399.00,206.79,612.26,0.8764,-1,-1,-1
319,5027,1824.89,405.61,94.79,534.70,0.8498,-1,-1,-1
319,5028,816.71,444.23,78.13,211.79,0.8358,-1,-1,-1
319,5029,490.13,455.68,45.31,107.02,0.8123,-1,-1,-1
319,5030,1681.59,400.22,168.79,485.78,0.7963,-1,-1,-1
319,5031,882.60,418.99,145.85,530.45,0.7950,-1,-1,-1
319,5032,381.40,462.53,42.63,114.01,0.7550,-1,-1,-1
319,5033,1203.13,448.59,36.52,99.00,0.7340,-1,-1,-1
319,5034,674.22,490.62,49.06,107.85,0.7096,-1,-1,-1
319,5035,582.77,458.37,17.13,56.02,0.6809,-1,-1,-1
319,5036,558.88,458.69,17.53,55.31,0.6799,-1,-1,-1
319,5037,732.95,477.84,47.08,114.76,0.6636,-1,-1,-1
319,5038,631.92,458.81,19.82,61.43,0.6150,-1,-1,-1
319,5039,540.41,457.86,20.52,56.50,0.5841,-1,-1,-1
319,5040,601.55,460.34,17.67,50.70,0.5293,-1,-1,-1
319,5041,1433.72,439.52,38.47,107.70,0.5084,-1,-1,-1
319,5042,414.61,466.93,42.39,103.76,0.5068,-1,-1,-1
319,5043,1163.55,438.76,22.90,86.71,0.4099,-1,-1,-1
319,5044,675.81,455.67,21.60,49.23,0.3886,-1,-1,-1
319,5045,1014.69,454.80,25.00,71.35,0.3834,-1,-1,-1
319,5046,994.27,447.78,24.35,73.63,0.3654,-1,-1,-1
319,5008,659.80,463.40,20.27,46.48,0.3222,-1,-1,-1
319,5047,708.51,484.20,27.38,100.61,0.3175,-1,-1,-1
320,5024,22.30,405.73,287.61,453.37,0.9457,-1,-1,-1
320,5048,1044.87,400.19,205.00,612.95,0.8828,-1,-1,-1
320,5049,1234.67,430.33,100.76,254.54,0.8713,-1,-1,-1
320,5050,1834.81,410.74,84.75,526.29,0.8636,-1,-1,-1
320,5051,1698.37,398.35,157.29,443.60,0.8458,-1,-1,-1
320,5052,489.94,455.89,45.06,106.87,0.8264,-1,-1,-1
320,5053,879.61,419.36,157.98,529.94,0.8041,-1,-1,-1
320,5054,823.26,447.53,61.78,208.17,0.7960,-1,-1,-1
320,5055,381.23,462.38,42.83,114.21,0.7501,-1,-1,-1
320,5056,674.41,489.96,49.92,108.37,0.7198,-1,-1,-1
320,5057,582.56,457.46,17.47,56.90,0.6831,-1,-1,-1
320,5058,559.10,459.64,16.99,54.10,0.6687,-1,-1,-1
320,5059,1210.26,448.70,31.69,98.73,0.6618,-1,-1,-1
320,5060,733.49,476.60,44.61,118.92,0.6607,-1,-1,-1
320,5061,1439.20,437.95,40.72,110.83,0.6416,-1,-1,-1
320,5062,632.20,458.90,19.54,59.83,0.5843,-1,-1,-1
320,5063,543.33,458.01,17.57,56.50,0.5711,-1,-1,-1
320,5064,601.50,460.88,17.48,50.61,0.4713,-1,-1,-1
320,5065,418.03,466.92,37.30,103.06,0.4431,-1,-1,-1
320,5066,1012.68,454.38,26.64,70.24,0.4372,-1,-1,-1
320,5067,1307.07,429.56,32.44,113.70,0.4052,-1,-1,-1
320,5068,675.78,455.92,21.17,48.98,0.3817,-1,-1,-1
320,5069,994.39,448.24,24.30,73.38,0.3642,-1,-1,-1
321,5070,23.13,406.99,289.02,450.60,0.9473,-1,-1,-1
321,5071,1230.01,430.13,105.20,255.38,0.8984,-1,-1,-1
321,5072,1046.49,400.99,202.63,611.98,0.8870,-1,-1,-1
321,5073,1716.20,397.98,151.16,452.65,0.8795,-1,-1,-1
321,5074,1846.62,416.64,72.93,517.53,0.8730,-1,-1,-1
321,5052,489.76,455.38,44.44,107.28,0.8227,-1,-1,-1
321,5075,875.27,420.05,164.47,529.11,0.8088,-1,-1,-1
321,5076,824.92,447.83,64.12,208.30,0.7919,-1,-1,-1
321,5077,381.12,461.47,42.86,115.29,0.7523,-1,-1,-1
321,5078,734.67,476.92,43.22,116.85,0.7144,-1,-1,-1
321,5079,674.76,490.38,48.80,106.71,0.7089,-1,-1,-1
321,5080,559.20,458.08,17.46,56.37,0.6585,-1,-1,-1
321,5081,581.72,456.77,17.85,58.14,0.6493,-1,-1,-1
321,5082,1213.89,448.93,29.54,99.16,0.5794,-1,-1,-1
321,5083,1440.19,439.20,43.73,108.98,0.5754,-1,-1,-1
321,5084,631.97,459.14,19.59,56.85,0.5324,-1,-1,-1
321,5085,1305.51,429.45,34.74,115.01,0.4944,-1,-1,-1
321,5086,601.51,460.06,17.35,51.95,0.4882,-1,-1,-1
321,5063,417.60,462.99,38.37,106.72,0.4706,-1,-1,-1
321,5087,543.17,458.23,17.49,56.02,0.4633,-1,-1,-1
321,5088,1014.17,455.19,26.09,69.67,0.4440,-1,-1,-1
321,5089,995.08,447.85,23.75,73.23,0.4159,-1,-1,-1
321,5090,675.08,455.49,22.21,49.85,0.3898,-1,-1,-1
322,5070,23.03,406.59,295.58,447.49,0.9451,-1,-1,-1
322,5091,1229.70,430.76,105.34,252.45,0.8899,-1,-1,-1
322,5092,1049.59,400.77,200.01,612.64,0.8825,-1,-1,-1
322,5093,1732.67,399.15,142.09,452.54,0.8669,-1,-1,-1
322,5094,1858.22,417.75,61.32,517.75,0.8421,-1,-1,-1
322,5095,876.66,420.33,162.34,528.97,0.8113,-1,-1,-1
322,5096,489.71,455.51,44.56,106.97,0.8107,-1,-1,-1
322,5072,825.55,448.14,68.31,207.56,0.8100,-1,-1,-1
322,5087,380.73,460.29,43.27,116.47,0.7715,-1,-1,-1
322,5097,674.82,491.31,49.11,106.51,0.7185,-1,-1,-1
322,5098,733.78,476.91,44.27,116.44,0.7157,-1,-1,-1
322,5099,1439.60,439.31,47.99,106.05,0.6794,-1,-1,-1
322,5100,558.84,458.75,18.09,55.79,0.6510,-1,-1,-1
322,5101,581.85,455.80,19.28,58.98,0.6444,-1,-1,-1
322,5102,1214.17,448.17,29.41,101.11,0.5821,-1,-1,-1
322,5103,994.42,448.22,24.01,73.93,0.5455,-1,-1,-1
322,5104,1014.32,453.47,25.87,71.70,0.5439,-1,-1,-1
322,5105,599.73,457.84,19.09,54.34,0.5367,-1,-1,-1
322,5106,631.70,458.31,19.51,59.81,0.5193,-1,-1,-1
322,5107,1305.19,429.58,34.38,115.64,0.4879,-1,-1,-1
322,5108,417.16,462.24,36.89,107.22,0.4553,-1,-1,-1
322,5109,540.54,458.64,17.08,55.54,0.3299,-1,-1,-1
323,5087,24.73,408.60,296.69,441.11,0.9479,-1,-1,-1
323,5110,1052.99,400.48,194.21,610.63,0.8823,-1,-1,-1
323,5111,1228.26,433.65,103.71,251.75,0.8822,-1,-1,-1
323,5112,1864.72,420.15,54.85,517.82,0.8646,-1,-1,-1
323,5113,1743.98,396.88,140.18,455.76,0.8344,-1,-1,-1
323,5114,489.43,456.28,43.93,106.82,0.8259,-1,-1,-1
323,5115,825.76,448.23,71.48,207.39,0.8066,-1,-1,-1
323,5116,877.79,420.48,160.76,529.12,0.8042,-1,-1,-1
323,5106,378.40,462.73,45.24,114.18,0.7690,-1,-1,-1
323,5117,1439.22,439.68,50.83,106.89,0.7094,-1,-1,-1
323,5118,674.87,488.42,49.27,111.69,0.6971,-1,-1,-1
323,5119,734.20,475.36,42.76,118.10,0.6958,-1,-1,-1
323,5120,580.89,456.90,18.56,58.34,0.6643,-1,-1,-1
323,5121,558.87,457.87,17.43,57.13,0.6351,-1,-1,-1
323,5122,1214.15,448.14,29.48,101.41,0.5845,-1,-1,-1
323,5123,630.80,458.71,20.90,59.69,0.5710,-1,-1,-1
323,5124,417.53,466.03,38.46,103.93,0.5649,-1,-1,-1
323,5125,1013.19,454.04,25.97,70.44,0.5580,-1,-1,-1
323,5126,544.60,458.06,16.18,56.48,0.5104,-1,-1,-1
323,5127,599.16,458.30,19.59,53.34,0.4983,-1,-1,-1
323,5128,995.56,448.52,22.64,73.99,0.4404,-1,-1,-1
323,5129,1305.16,429.16,32.60,113.93,0.4370,-1,-1,-1
324,5115,35.38,407.88,286.10,437.11,0.9505,-1,-1,-1
324,5130,1053.91,398.80,193.54,612.32,0.8888,-1,-1,-1
324,5131,1223.03,433.22,105.29,252.68,0.8470,-1,-1,-1
324,5132,826.26,447.97,78.07,207.77,0.8359,-1,-1,-1
324,5133,1865.63,498.95,53.91,440.43,0.8312,-1,-1,-1
324,5134,884.29,420.45,154.54,528.91,0.8055,-1,-1,-1
324,5135,1755.06,395.99,138.74,455.09,0.7940,-1,-1,-1
324,5136,489.70,455.51,41.98,107.36,0.7751,-1,-1,-1
324,5137,1440.01,439.49,54.49,109.47,0.7629,-1,-1,-1
324,5138,380.35,459.59,43.24,117.24,0.7506,-1,-1,-1
324,5139,675.06,489.20,49.28,110.25,0.7206,-1,-1,-1
324,5140,733.95,474.94,43.49,118.05,0.7191,-1,-1,-1
324,4894,581.28,456.80,19.15,58.58,0.6790,-1,-1,-1
324,5121,558.94,457.79,17.57,57.08,0.6167,-1,-1,-1
324,5141,1014.53,454.64,24.68,70.70,0.5987,-1,-1,-1
324,5142,416.21,466.62,39.70,103.20,0.5725,-1,-1,-1
324,5143,1215.17,448.11,25.51,100.35,0.5261,-1,-1,-1
324,5144,599.61,457.55,18.81,54.23,0.5232,-1,-1,-1
324,5145,995.35,448.61,22.67,73.72,0.4866,-1,-1,-1
324,5146,544.60,458.35,15.76,56.43,0.4813,-1,-1,-1
324,5147,708.55,485.37,27.97,97.35,0.4774,-1,-1,-1
324,5148,631.44,458.87,21.65,58.54,0.4582,-1,-1,-1
324,4798,1305.48,430.14,31.66,114.64,0.4177,-1,-1,-1
324,5118,659.49,462.82,23.55,56.09,0.4116,-1,-1,-1
325,5149,44.88,407.35,277.19,439.93,0.9388,-1,-1,-1
325,5072,1055.65,398.46,192.07,613.17,0.8895,-1,-1,-1
325,5143,1221.19,433.83,104.77,250.57,0.8482,-1,-1,-1
325,5150,828.53,447.60,76.17,208.10,0.8239,-1,-1,-1
325,5151,1440.13,439.84,56.25,109.29,0.8221,-1,-1,-1
325,5152,1764.77,394.44,137.52,457.37,0.8170,-1,-1,-1
325,5153,883.92,420.32,154.16,528.93,0.7915,-1,-1,-1
325,5154,489.83,455.55,41.64,107.31,0.7694,-1,-1,-1
325,5155,734.51,475.21,42.88,117.83,0.7646,-1,-1,-1
325,5156,380.88,459.76,43.16,117.20,0.7645,-1,-1,-1
325,5157,581.18,456.53,19.26,58.82,0.6878,-1,-1,-1
325,5158,675.32,489.04,48.12,111.92,0.6722,-1,-1,-1
325,5159,1866.03,396.02,53.58,541.95,0.6721,-1,-1,-1
325,5160,1014.18,455.14,25.00,69.96,0.6418,-1,-1,-1
325,5161,558.94,457.27,17.83,57.39,0.6278,-1,-1,-1
325,5162,707.93,485.61,29.41,98.01,0.5961,-1,-1,-1
325,5163,994.82,448.61,23.16,73.55,0.5822,-1,-1,-1
325,5164,415.96,467.19,40.52,102.41,0.5814,-1,-1,-1
325,5165,542.25,458.17,17.65,56.02,0.5301,-1,-1,-1
325,5166,631.85,459.62,21.79,59.04,0.5013,-1,-1,-1
325,5167,1305.91,429.11,30.74,115.81,0.3689,-1,-1,-1
325,5168,659.72,463.24,23.53,49.83,0.3672,-1,-1,-1
325,5169,599.95,458.60,18.77,53.58,0.3405,-1,-1,-1
325,5170,534.51,458.51,11.70,53.27,0.3187,-1,-1,-1
326,5171,62.70,407.35,259.27,435.39,0.9325,-1,-1,-1
326,5072,1056.08,398.36,190.58,613.02,0.8952,-1,-1,-1
326,5172,1766.19,397.22,151.35,454.81,0.8358,-1,-1,-1
326,5150,830.33,446.87,76.97,209.36,0.8158,-1,-1,-1
326,5173,884.06,420.27,155.26,528.81,0.7972,-1,-1,-1
326,5174,1441.43,440.03,54.71,108.84,0.7881,-1,-1,-1
326,5175,380.85,460.09,43.50,117.01,0.7777,-1,-1,-1
326,5154,489.87,455.60,41.74,107.50,0.7727,-1,-1,-1
326,5176,733.69,476.69,44.53,115.39,0.7191,-1,-1,-1
326,5177,674.72,489.27,49.13,110.33,0.7188,-1,-1,-1
326,5178,581.19,455.83,19.19,59.64,0.7010,-1,-1,-1
326,5179,559.22,457.80,17.83,57.06,0.6644,-1,-1,-1
326,5180,1012.37,453.90,27.26,71.14,0.6561,-1,-1,-1
326,5181,631.17,457.85,23.21,60.35,0.6017,-1,-1,-1
326,5182,598.72,456.50,20.27,54.17,0.5250,-1,-1,-1
326,5183,417.81,462.04,38.81,107.43,0.4886,-1,-1,-1
326,5184,543.76,458.14,16.84,56.09,0.4821,-1,-1,-1
326,5185,1218.95,431.83,96.37,250.36,0.4429,-1,-1,-1
326,5186,995.66,448.82,21.94,73.65,0.4386,-1,-1,-1
326,5187,1305.76,429.59,31.85,115.26,0.4236,-1,-1,-1
326,5188,659.91,463.10,23.11,50.10,0.3891,-1,-1,-1
326,5189,707.68,485.13,28.88,98.02,0.3822,-1,-1,-1
326,5190,534.26,458.75,11.95,53.04,0.3065,-1,-1,-1
327,5191,82.56,404.21,239.18,432.56,0.9276,-1,-1,-1
327,5192,1056.62,396.56,191.42,614.71,0.9013,-1,-1,-1
327,5193,1441.74,439.40,59.95,108.82,0.8009,-1,-1,-1
327,5194,888.32,420.72,152.90,527.67,0.8002,-1,-1,-1
327,5195,490.25,456.18,40.52,106.80,0.7840,-1,-1,-1
327,5196,380.44,461.71,43.97,115.36,0.7682,-1,-1,-1
327,5197,832.52,442.63,78.47,213.44,0.7312,-1,-1,-1
327,5198,674.92,488.77,48.49,110.19,0.7285,-1,-1,-1
327,5199,1765.66,394.80,153.88,494.49,0.7141,-1,-1,-1
327,5200,1012.43,454.08,27.36,71.40,0.7019,-1,-1,-1
327,5100,559.13,458.77,17.70,55.83,0.6997,-1,-1,-1
327,5201,581.20,455.37,19.31,59.38,0.6890,-1,-1,-1
327,5202,733.37,477.16,44.90,113.94,0.6881,-1,-1,-1
327,5203,631.01,458.14,23.33,62.94,0.6353,-1,-1,-1
327,5204,707.53,485.17,28.68,97.62,0.6042,-1,-1,-1
327,5205,541.81,458.23,18.10,55.18,0.5631,-1,-1,-1
327,5206,994.64,448.87,23.39,74.13,0.4890,-1,-1,-1
327,5207,1305.52,429.86,31.56,115.00,0.4548,-1,-1,-1
327,5208,416.69,464.06,38.28,105.37,0.4282,-1,-1,-1
327,5209,599.21,457.64,19.29,52.74,0.3512,-1,-1,-1
327,5210,1212.98,431.88,53.82,180.07,0.3356,-1,-1,-1
327,5211,533.79,459.03,12.30,52.37,0.3273,-1,-1,-1
327,5212,1212.83,431.02,91.71,241.64,0.3115,-1,-1,-1
328,5191,107.61,402.86,212.97,424.80,0.9273,-1,-1,-1
328,5213,1057.64,396.53,190.99,615.92,0.9066,-1,-1,-1
328,5214,380.74,462.82,43.71,114.02,0.7817,-1,-1,-1
328,5215,888.08,420.03,150.91,529.36,0.7477,-1,-1,-1
328,5216,734.78,478.45,44.04,111.99,0.7447,-1,-1,-1
328,5217,1450.27,439.86,50.45,108.31,0.7386,-1,-1,-1
328,5218,559.15,458.63,17.64,56.04,0.6983,-1,-1,-1
328,5219,489.94,455.46,39.17,107.65,0.6945,-1,-1,-1
328,5220,675.34,488.32,47.95,110.11,0.6925,-1,-1,-1
328,5221,837.30,443.03,72.64,212.14,0.6808,-1,-1,-1
328,5222,707.32,485.40,29.40,99.25,0.6599,-1,-1,-1
328,5201,581.77,455.08,18.55,59.05,0.6527,-1,-1,-1
328,5223,631.37,458.27,24.19,64.00,0.6502,-1,-1,-1
328,5224,1012.34,453.22,28.58,72.61,0.6400,-1,-1,-1
328,5225,1767.29,393.71,152.08,502.55,0.6117,-1,-1,-1
328,5226,542.21,457.76,17.86,55.42,0.5832,-1,-1,-1
328,5227,1207.52,431.24,54.73,183.11,0.5730,-1,-1,-1
328,5228,419.88,465.28,36.41,105.18,0.4661,-1,-1,-1
328,5229,993.94,449.28,23.19,72.31,0.4504,-1,-1,-1
328,5230,1305.56,429.68,30.71,115.23,0.4258,-1,-1,-1
328,5231,533.91,458.87,11.95,52.42,0.3447,-1,-1,-1
329,5222,129.31,400.68,191.51,424.60,0.9203,-1,-1,-1
329,5232,1057.22,398.67,191.59,614.16,0.9111,-1,-1,-1
329,5233,380.68,460.88,43.67,116.09,0.7845,-1,-1,-1
329,5234,879.76,420.02,163.23,529.52,0.7756,-1,-1,-1
329,5235,489.27,455.06,37.48,107.29,0.7225,-1,-1,-1
329,5236,675.19,489.40,48.29,108.62,0.7181,-1,-1,-1
329,5237,1453.99,439.02,47.40,109.16,0.7077,-1,-1,-1
329,5238,734.45,479.53,44.68,110.83,0.7033,-1,-1,-1
329,5239,559.00,458.69,18.15,56.10,0.6959,-1,-1,-1
329,5240,1201.53,429.56,54.39,174.84,0.6774,-1,-1,-1
329,5241,581.46,454.86,18.70,59.33,0.6632,-1,-1,-1
329,5242,708.38,485.41,28.53,99.37,0.6585,-1,-1,-1
329,5243,1011.71,452.57,28.86,73.99,0.6559,-1,-1,-1
329,5244,632.10,458.53,23.59,64.88,0.6555,-1,-1,-1
329,5245,542.94,457.19,17.23,56.05,0.5667,-1,-1,-1
329,5246,415.80,467.49,39.15,101.60,0.5583,-1,-1,-1
329,5247,1305.08,430.04,31.84,114.03,0.5578,-1,-1,-1
329,5248,994.50,449.15,22.45,72.87,0.4916,-1,-1,-1
329,5249,1770.15,391.26,149.12,546.11,0.4668,-1,-1,-1
329,5250,534.36,458.42,12.08,52.66,0.3580,-1,-1,-1
329,5251,599.41,457.47,19.15,52.81,0.3488,-1,-1,-1
329,5201,660.01,462.89,23.12,58.00,0.3236,-1,-1,-1
330,5252,1056.88,395.76,195.36,617.16,0.8988,-1,-1,-1
330,5253,153.77,399.17,167.63,425.59,0.8974,-1,-1,-1
330,5254,893.46,420.27,150.69,529.26,0.8066,-1,-1,-1
330,5255,380.82,460.33,43.49,116.73,0.7918,-1,-1,-1
330,5256,734.55,480.93,46.43,110.46,0.7651,-1,-1,-1
330,5257,1456.12,438.82,44.41,109.99,0.7513,-1,-1,-1
330,5258,558.87,458.70,18.30,56.26,0.7163,-1,-1,-1
330,5259,674.78,489.30,48.44,109.21,0.6963,-1,-1,-1
330,5260,489.01,455.39,37.57,106.76,0.6922,-1,-1,-1
330,5261,581.20,454.50,18.55,59.83,0.6760,-1,-1,-1
330,5262,632.47,457.96,22.80,65.42,0.6678,-1,-1,-1
330,5263,1011.68,453.73,28.13,72.96,0.6651,-1,-1,-1
330,5264,708.72,484.91,28.41,100.71,0.6528,-1,-1,-1
330,5265,415.54,467.58,40.82,101.78,0.5994,-1,-1,-1
330,5266,543.19,457.35,17.03,55.54,0.5176,-1,-1,-1
330,5267,1769.70,395.20,149.67,534.70,0.4680,-1,-1,-1
330,5268,993.85,448.99,22.77,72.23,0.4619,-1,-1,-1
330,5269,1305.83,429.92,31.06,114.89,0.4566,-1,-1,-1
330,5270,1200.87,425.45,50.61,139.94,0.4510,-1,-1,-1
330,5271,659.77,462.53,24.31,52.71,0.4236,-1,-1,-1
330,5272,0.03,588.33,24.65,204.35,0.3792,-1,-1,-1
330,5250,533.90,458.44,12.72,53.48,0.3698,-1,-1,-1
330,5209,599.08,457.43,19.54,53.08,0.3491,-1,-1,-1
331,5273,1058.68,395.37,195.79,617.26,0.9011,-1,-1,-1
331,5274,178.69,396.61,143.81,428.61,0.8490,-1,-1,-1
331,5275,380.91,460.46,43.39,116.54,0.7808,-1,-1,-1
331,5276,884.26,420.40,142.65,528.83,0.7678,-1,-1,-1
331,5277,734.78,480.80,46.05,111.56,0.7652,-1,-1,-1
331,5278,1462.77,438.06,37.45,109.67,0.7269,-1,-1,-1
331,5279,558.97,457.73,18.36,57.25,0.7031,-1,-1,-1
331,5280,708.63,484.76,28.78,98.81,0.6796,-1,-1,-1
331,5281,674.87,489.77,48.61,108.21,0.6773,-1,-1,-1
331,5282,1767.17,391.20,152.36,534.95,0.6624,-1,-1,-1
331,5283,631.99,458.28,23.42,65.91,0.6619,-1,-1,-1
331,5284,581.07,455.09,18.56,59.28,0.6591,-1,-1,-1
331,5285,414.65,467.78,42.43,101.73,0.6409,-1,-1,-1
331,5286,489.17,454.93,31.20,107.32,0.6249,-1,-1,-1
331,5287,1012.21,453.41,27.39,73.07,0.6010,-1,-1,-1
331,5288,543.46,457.16,16.81,55.52,0.5198,-1,-1,-1
331,5289,994.13,448.63,22.46,73.18,0.4814,-1,-1,-1
331,5290,1305.94,430.07,31.57,114.91,0.4629,-1,-1,-1
331,5291,660.19,462.47,24.00,67.12,0.4609,-1,-1,-1
331,5292,533.85,458.77,12.85,53.04,0.4121,-1,-1,-1
331,5293,0.22,583.85,47.01,205.78,0.3950,-1,-1,-1
331,5294,598.68,457.25,17.81,51.43,0.3600,-1,-1,-1
331,5261,511.32,457.40,18.62,55.94,0.3083,-1,-1,-1
332,5282,1060.15,395.32,195.35,618.01,0.9199,-1,-1,-1
332,5261,205.58,397.96,133.16,426.25,0.8257,-1,-1,-1
332,5295,885.89,420.24,150.85,528.99,0.7839,-1,-1,-1
332,5296,381.51,461.00,43.54,115.62,0.7803,-1,-1,-1
332,5297,734.56,480.40,46.59,109.31,0.7575,-1,-1,-1
332,5298,1767.56,400.93,151.98,515.50,0.7561,-1,-1,-1
332,5288,559.14,457.77,18.64,57.39,0.7065,-1,-1,-1
332,5299,1465.43,438.18,36.22,109.94,0.6929,-1,-1,-1
332,5300,675.11,489.45,48.32,107.32,0.6508,-1,-1,-1
332,5301,631.82,458.56,23.12,64.66,0.6449,-1,-1,-1
332,5302,580.53,456.69,18.30,57.53,0.6273,-1,-1,-1
332,5303,707.51,484.87,30.04,99.74,0.6107,-1,-1,-1
332,5304,489.48,454.93,27.40,107.05,0.5951,-1,-1,-1
332,5305,1306.43,429.70,32.49,114.66,0.5758,-1,-1,-1
332,5306,539.95,458.07,20.20,54.82,0.5442,-1,-1,-1
332,5307,416.91,461.78,40.12,107.07,0.5321,-1,-1,-1
332,5289,1012.35,454.02,28.59,71.93,0.5124,-1,-1,-1
332,5308,0.13,545.70,87.91,247.48,0.4416,-1,-1,-1
332,5309,660.46,462.80,24.55,65.83,0.3869,-1,-1,-1
332,5310,995.48,448.32,21.19,71.73,0.3628,-1,-1,-1
332,5311,533.29,459.74,12.30,52.00,0.3371,-1,-1,-1
332,5312,598.91,457.67,12.42,50.32,0.3355,-1,-1,-1
333,5299,1061.10,396.91,193.58,616.13,0.8885,-1,-1,-1
333,5313,218.68,398.72,135.36,424.05,0.8292,-1,-1,-1
333,5314,1770.72,404.17,148.81,456.90,0.8269,-1,-1,-1
333,5315,879.30,419.93,147.41,529.30,0.8049,-1,-1,-1
333,5316,381.60,461.41,43.91,115.26,0.7877,-1,-1,-1
333,5317,0.15,450.15,114.07,335.61,0.7863,-1,-1,-1
333,5318,734.65,480.33,47.07,114.84,0.7749,-1,-1,-1
333,5319,674.90,488.70,48.49,110.49,0.7180,-1,-1,-1
333,5320,560.93,457.56,17.57,57.18,0.6858,-1,-1,-1
333,5321,707.52,485.07,29.78,97.08,0.6517,-1,-1,-1
333,5322,870.13,438.18,56.78,138.67,0.6505,-1,-1,-1
333,5323,1469.53,437.73,36.61,110.18,0.6234,-1,-1,-1
333,5324,543.29,457.52,17.41,55.40,0.6058,-1,-1,-1
333,5325,580.94,456.16,19.17,58.03,0.6053,-1,-1,-1
333,5326,489.90,454.77,26.93,107.58,0.6049,-1,-1,-1
333,5327,633.00,460.08,22.95,65.05,0.5918,-1,-1,-1
333,5328,1306.81,429.60,32.20,115.36,0.5577,-1,-1,-1
333,5329,411.37,466.77,47.11,102.17,0.5130,-1,-1,-1
333,5330,1014.30,454.27,26.73,71.20,0.4260,-1,-1,-1
333,5331,533.82,459.29,12.87,52.52,0.4246,-1,-1,-1
333,5332,1231.13,448.64,26.51,96.48,0.3867,-1,-1,-1
333,5333,511.40,458.14,19.54,55.94,0.3657,-1,-1,-1
333,5302,661.06,463.15,22.95,50.24,0.3580,-1,-1,-1
333,5306,599.13,457.89,12.23,51.19,0.3304,-1,-1,-1
333,5334,679.12,456.04,21.30,52.80,0.3128,-1,-1,-1
334,5324,1061.45,398.09,200.44,615.34,0.9133,-1,-1,-1
334,5335,0.17,447.78,131.25,334.65,0.8675,-1,-1,-1
334,5336,1772.64,387.78,146.97,464.79,0.8448,-1,-1,-1
334,5337,228.97,397.51,141.31,426.08,0.8178,-1,-1,-1
334,5338,877.92,419.69,149.65,529.33,0.8067,-1,-1,-1
334,5339,381.77,461.44,43.98,115.14,0.7826,-1,-1,-1
334,5340,734.87,480.58,47.07,113.43,0.7716,-1,-1,-1
334,5341,675.46,489.09,47.89,109.27,0.7172,-1,-1,-1
334,5342,874.03,437.48,52.49,138.89,0.7007,-1,-1,-1
334,5343,561.66,457.28,17.51,57.24,0.6831,-1,-1,-1
334,5344,633.84,460.39,22.44,63.40,0.6463,-1,-1,-1
334,5345,708.19,484.44,29.60,100.22,0.6303,-1,-1,-1
334,5346,1472.24,438.41,38.57,108.04,0.6244,-1,-1,-1
334,5347,543.40,457.16,18.01,55.59,0.5997,-1,-1,-1
334,5348,1227.43,448.88,32.68,95.11,0.5542,-1,-1,-1
334,5349,490.04,454.89,29.47,106.82,0.5491,-1,-1,-1
334,5350,581.55,454.53,19.07,59.61,0.5011,-1,-1,-1
334,5351,414.97,466.34,43.73,103.70,0.3949,-1,-1,-1
334,5352,511.27,457.78,20.71,55.64,0.3891,-1,-1,-1
334,5353,1013.18,453.99,27.04,70.67,0.3760,-1,-1,-1
334,5354,661.80,463.22,22.77,49.16,0.3733,-1,-1,-1
334,5355,1306.77,428.77,32.47,116.37,0.3696,-1,-1,-1
334,5356,534.28,459.28,12.18,52.83,0.3651,-1,-1,-1
335,5357,1060.40,396.58,195.76,616.42,0.8887,-1,-1,-1
335,5358,0.16,452.54,140.55,328.67,0.8657,-1,-1,-1
335,5348,1780.82,393.33,138.78,459.21,0.8416,-1,-1,-1
335,5359,233.09,398.53,151.92,426.27,0.8171,-1,-1,-1
335,5360,888.44,420.02,139.59,529.39,0.8044,-1,-1,-1
335,5361,381.53,461.11,44.89,115.45,0.7727,-1,-1,-1
335,5288,733.54,480.17,47.46,116.33,0.7595,-1,-1,-1
335,5362,561.11,457.36,17.59,57.23,0.7026,-1,-1,-1
335,5363,675.02,488.36,48.30,108.82,0.7022,-1,-1,-1
335,5364,633.35,460.40,22.33,64.37,0.6427,-1,-1,-1
335,5365,706.90,485.01,30.28,99.90,0.6378,-1,-1,-1
335,5366,581.03,457.11,18.67,57.15,0.6199,-1,-1,-1
335,5367,1473.95,439.10,37.97,108.83,0.6129,-1,-1,-1
335,5368,489.33,455.41,35.97,106.03,0.6105,-1,-1,-1
335,5369,876.39,437.53,52.89,137.01,0.6042,-1,-1,-1
335,5370,544.09,457.63,16.91,54.91,0.5791,-1,-1,-1
335,5371,1224.74,448.45,38.41,86.98,0.5694,-1,-1,-1
335,5306,413.55,464.11,44.45,104.61,0.5388,-1,-1,-1
335,5372,1012.11,454.40,28.01,70.14,0.4274,-1,-1,-1
335,5373,511.04,458.90,19.64,54.52,0.4271,-1,-1,-1
335,5374,661.49,463.02,22.86,66.72,0.4233,-1,-1,-1
335,5375,1306.46,429.51,35.11,115.90,0.4075,-1,-1,-1
335,5376,599.22,457.76,13.10,51.34,0.3966,-1,-1,-1
335,5331,533.94,459.73,12.64,52.15,0.3100,-1,-1,-1
336,5377,0.16,446.72,144.99,336.51,0.9143,-1,-1,-1
336,5378,1059.80,396.59,200.26,616.57,0.8856,-1,-1,-1
336,5379,236.98,398.88,164.92,425.68,0.8473,-1,-1,-1
336,5380,895.08,420.36,153.35,529.07,0.8091,-1,-1,-1
336,5381,381.30,462.46,43.73,113.96,0.7674,-1,-1,-1
336,5382,731.88,479.90,48.75,115.52,0.7549,-1,-1,-1
336,5383,1791.43,392.14,128.12,460.96,0.7539,-1,-1,-1
336,5384,674.81,487.72,47.78,107.12,0.6950,-1,-1,-1
336,5385,542.34,457.80,18.22,54.75,0.6823,-1,-1,-1
336,5386,560.30,457.50,17.98,56.88,0.6798,-1,-1,-1
336,5387,1225.51,448.32,39.20,83.30,0.6524,-1,-1,-1
336,5388,632.23,459.48,22.32,64.81,0.6308,-1,-1,-1
336,5367,1475.79,438.75,36.66,107.44,0.6269,-1,-1,-1
336,5389,580.35,457.65,18.61,56.32,0.6176,-1,-1,-1
336,5390,415.59,465.64,42.16,103.04,0.6124,-1,-1,-1
336,5391,488.30,454.37,30.49,107.58,0.6044,-1,-1,-1
336,5392,599.54,457.00,18.60,51.22,0.5718,-1,-1,-1
336,5393,706.86,484.39,29.67,99.93,0.5570,-1,-1,-1
336,5394,1304.63,430.10,34.47,114.86,0.5500,-1,-1,-1
336,5395,848.42,444.68,20.88,23.01,0.5257,-1,-1,-1
336,5396,1012.95,453.76,27.02,71.91,0.5014,-1,-1,-1
336,5397,878.10,438.01,53.89,134.30,0.4491,-1,-1,-1
336,5376,661.04,462.61,23.09,69.25,0.4362,-1,-1,-1
336,5398,510.78,458.53,19.42,54.74,0.3590,-1,-1,-1
337,5399,0.21,446.88,147.12,337.27,0.9313,-1,-1,-1
337,5400,239.56,400.05,185.48,424.76,0.8809,-1,-1,-1
337,5401,1058.12,395.55,199.01,617.00,0.8791,-1,-1,-1
337,5402,895.88,420.38,153.29,528.87,0.8211,-1,-1,-1
337,5403,380.31,462.59,44.46,113.99,0.7720,-1,-1,-1
337,5404,732.79,479.76,47.56,115.41,0.7468,-1,-1,-1
337,5405,1477.57,438.24,41.77,108.92,0.7125,-1,-1,-1
337,5406,487.45,455.20,34.32,107.72,0.6923,-1,-1,-1
337,5407,559.93,457.85,17.25,56.79,0.6780,-1,-1,-1
337,5408,542.16,457.97,18.09,54.96,0.6593,-1,-1,-1
337,5409,579.25,458.07,19.07,55.76,0.6517,-1,-1,-1
337,5410,673.84,487.63,48.63,107.86,0.6439,-1,-1,-1
337,5411,879.38,438.90,53.87,130.38,0.5749,-1,-1,-1
337,5412,631.96,459.10,22.57,68.15,0.5702,-1,-1,-1
337,5413,1227.52,448.01,39.18,82.45,0.5693,-1,-1,-1
337,5414,1183.59,421.80,92.80,190.14,0.5671,-1,-1,-1
337,5415,598.34,456.66,19.52,53.23,0.5485,-1,-1,-1
337,5416,415.28,466.69,42.31,101.44,0.5445,-1,-1,-1
337,5417,847.49,444.80,23.07,25.14,0.5260,-1,-1,-1
337,5418,1012.51,453.64,28.01,72.45,0.5203,-1,-1,-1
337,5419,706.45,485.18,29.23,98.28,0.5053,-1,-1,-1
337,5420,1805.50,391.75,114.08,463.14,0.4241,-1,-1,-1
337,5421,660.83,463.09,22.82,68.30,0.4111,-1,-1,-1
337,5422,1305.27,429.79,31.57,115.37,0.3875,-1,-1,-1
337,5423,510.25,458.48,19.44,55.08,0.3265,-1,-1,-1
338,5424,0.17,446.29,148.28,337.26,0.9205,-1,-1,-1
338,5425,1057.89,394.91,197.23,617.06,0.8853,-1,-1,-1
338,5426,239.25,401.50,199.85,423.36,0.8648,-1,-1,-1
338,5376,892.75,420.71,155.59,528.58,0.8317,-1,-1,-1
338,5403,379.97,463.60,44.57,112.78,0.7557,-1,-1,-1
338,5404,732.49,480.00,47.21,116.02,0.7448,-1,-1,-1
338,5427,673.27,488.14,49.15,109.84,0.7129,-1,-1,-1
338,5428,1479.76,438.87,45.57,109.19,0.6897,-1,-1,-1
338,5429,560.00,457.67,17.10,57.20,0.6843,-1,-1,-1
338,5430,487.36,455.15,30.94,107.70,0.6803,-1,-1,-1
338,5431,1821.71,706.35,97.90,145.19,0.6734,-1,-1,-1
338,5432,578.88,457.83,19.72,56.35,0.6535,-1,-1,-1
338,5433,542.57,457.84,17.63,55.12,0.6251,-1,-1,-1
338,5434,879.84,438.98,55.86,137.42,0.5818,-1,-1,-1
338,5435,415.72,466.75,42.03,102.09,0.5624,-1,-1,-1
338,5436,1229.88,448.10,40.31,78.23,0.5540,-1,-1,-1
338,5437,632.21,459.71,21.71,66.39,0.5535,-1,-1,-1
338,5438,847.84,444.89,23.49,25.41,0.5211,-1,-1,-1
338,5439,597.33,456.32,18.66,53.50,0.5163,-1,-1,-1
338,5440,1011.94,454.08,28.15,71.67,0.5139,-1,-1,-1
338,5441,1186.36,421.62,91.94,200.70,0.4493,-1,-1,-1
338,5442,1305.03,430.36,30.77,113.99,0.4373,-1,-1,-1
338,5443,705.94,486.78,29.81,99.21,0.4348,-1,-1,-1
338,5444,661.17,463.28,22.05,67.77,0.3780,-1,-1,-1
338,5445,532.95,459.64,12.74,52.29,0.3697,-1,-1,-1
338,5446,510.81,458.17,18.88,55.60,0.3522,-1,-1,-1
339,5433,0.14,446.20,148.53,336.93,0.9356,-1,-1,-1
339,5447,1060.43,395.52,196.42,618.16,0.8851,-1,-1,-1
339,5448,237.42,404.02,214.18,420.45,0.8828,-1,-1,-1
339,5449,893.53,420.59,154.92,528.91,0.8278,-1,-1,-1
339,5450,379.92,463.52,45.39,112.89,0.7575,-1,-1,-1
339,5429,732.19,479.85,46.63,113.38,0.7374,-1,-1,-1
339,5451,672.97,486.76,49.92,113.96,0.7317,-1,-1,-1
339,5452,487.46,455.34,29.70,107.17,0.7307,-1,-1,-1
339,5453,1481.95,440.49,52.45,107.71,0.6763,-1,-1,-1
339,5454,559.65,457.58,17.56,57.56,0.6734,-1,-1,-1
339,5455,578.81,456.78,20.35,57.21,0.6291,-1,-1,-1
339,5456,881.72,439.97,54.13,132.27,0.6252,-1,-1,-1
339,5457,542.66,458.12,17.45,54.88,0.6150,-1,-1,-1
339,5458,1842.88,710.21,76.69,143.15,0.5851,-1,-1,-1
339,5459,632.14,459.42,23.14,65.84,0.5814,-1,-1,-1
339,5460,598.57,455.99,18.27,53.91,0.5351,-1,-1,-1
339,5461,414.66,465.35,43.24,103.50,0.5216,-1,-1,-1
339,5462,847.89,445.06,23.25,24.41,0.4950,-1,-1,-1
339,5463,1232.40,447.71,40.06,68.58,0.4933,-1,-1,-1
339,5464,1187.84,422.64,91.53,197.11,0.4865,-1,-1,-1
339,5465,706.30,485.07,29.83,98.21,0.4842,-1,-1,-1
339,5466,1012.72,453.73,26.65,71.93,0.4793,-1,-1,-1
339,5467,660.59,463.35,23.03,67.87,0.4653,-1,-1,-1
339,5468,510.31,458.36,19.53,57.22,0.4625,-1,-1,-1
339,5469,1305.12,430.19,32.20,114.49,0.4068,-1,-1,-1
339,5445,532.31,458.59,13.53,52.57,0.3874,-1,-1,-1
340,5470,0.13,444.87,149.78,338.46,0.9360,-1,-1,-1
340,5471,239.61,406.89,218.20,416.28,0.9117,-1,-1,-1
340,5472,1062.44,395.53,197.48,616.77,0.8786,-1,-1,-1
340,5452,899.15,420.62,150.24,528.95,0.8309,-1,-1,-1
340,5473,379.59,463.97,46.30,112.01,0.7562,-1,-1,-1
340,5474,1482.71,441.09,53.24,106.70,0.7318,-1,-1,-1
340,5475,732.69,479.19,46.05,112.80,0.7252,-1,-1,-1
340,5476,673.46,488.53,49.16,107.61,0.7172,-1,-1,-1
340,5477,559.65,456.76,17.80,57.91,0.6632,-1,-1,-1
340,5478,885.58,441.22,49.95,131.43,0.6520,-1,-1,-1
340,5479,486.62,455.08,30.03,105.29,0.6237,-1,-1,-1
340,5480,578.84,455.83,20.48,58.20,0.6195,-1,-1,-1
340,5481,543.54,458.27,17.06,54.68,0.5797,-1,-1,-1
340,5482,1185.97,420.05,96.07,195.45,0.5218,-1,-1,-1
340,5483,1232.92,447.82,40.32,64.60,0.5134,-1,-1,-1
340,5484,510.11,458.85,19.47,55.38,0.5062,-1,-1,-1
340,5485,415.74,463.78,41.89,105.72,0.5057,-1,-1,-1
340,5486,632.27,459.04,22.78,65.27,0.4759,-1,-1,-1
340,5487,660.72,463.48,22.85,66.68,0.4606,-1,-1,-1
340,5488,706.00,484.97,30.14,99.72,0.4352,-1,-1,-1
340,5489,848.98,444.70,24.28,24.60,0.4323,-1,-1,-1
340,5490,598.35,456.21,18.99,53.44,0.4209,-1,-1,-1
340,5491,1013.16,453.91,26.01,71.31,0.4136,-1,-1,-1
340,5492,532.35,458.71,13.78,52.51,0.4092,-1,-1,-1
340,5493,1305.26,430.23,31.69,114.91,0.3803,-1,-1,-1
341,5494,239.20,408.08,220.36,415.41,0.9173,-1,-1,-1
341,5495,0.17,443.38,150.45,340.20,0.9133,-1,-1,-1
341,5496,1063.44,395.06,205.92,617.25,0.8521,-1,-1,-1
341,5479,899.04,421.25,151.04,528.62,0.8033,-1,-1,-1
341,5473,379.65,463.76,48.03,112.88,0.7667,-1,-1,-1
341,5497,732.56,478.93,46.85,115.32,0.7542,-1,-1,-1
341,5498,672.86,488.78,49.53,108.67,0.7267,-1,-1,-1
341,5499,1481.56,435.28,55.94,112.70,0.7037,-1,-1,-1
341,5500,560.55,456.76,17.07,57.01,0.6586,-1,-1,-1
341,5501,889.35,442.07,47.37,128.66,0.6528,-1,-1,-1
341,5502,579.39,457.42,19.71,56.56,0.6251,-1,-1,-1
341,5503,631.99,458.74,22.46,62.81,0.6141,-1,-1,-1
341,5504,486.31,454.63,30.06,106.30,0.5905,-1,-1,-1
341,5505,706.49,485.57,29.18,97.73,0.5864,-1,-1,-1
341,5506,546.29,458.79,14.26,54.09,0.5694,-1,-1,-1
341,5507,1237.02,448.08,37.21,62.36,0.5484,-1,-1,-1
341,5508,533.19,459.19,13.94,52.29,0.5239,-1,-1,-1
341,5509,510.05,458.53,19.81,56.89,0.5006,-1,-1,-1
341,5510,1305.42,430.25,32.25,114.91,0.4909,-1,-1,-1
341,5511,1009.56,454.14,29.63,70.37,0.4600,-1,-1,-1
341,5512,660.30,462.93,22.98,63.38,0.4570,-1,-1,-1
341,5513,849.63,444.60,28.23,25.48,0.4253,-1,-1,-1
341,5514,597.60,456.96,18.68,53.53,0.4161,-1,-1,-1
341,5515,417.71,463.31,39.59,104.90,0.3633,-1,-1,-1
341,5516,1188.08,412.95,112.26,256.04,0.3327,-1,-1,-1
342,5517,241.85,407.22,223.31,416.11,0.9277,-1,-1,-1
342,5518,0.76,443.26,150.52,340.16,0.9179,-1,-1,-1
342,5479,1065.10,395.58,204.16,616.44,0.8691,-1,-1,-1
342,5473,896.84,420.96,155.47,528.12,0.8184,-1,-1,-1
342,5519,733.07,478.70,47.53,117.04,0.7590,-1,-1,-1
342,5520,672.94,488.23,50.02,104.36,0.7529,-1,-1,-1
342,5521,381.06,462.74,45.85,114.03,0.7283,-1,-1,-1
342,5522,890.64,441.89,47.14,131.84,0.6765,-1,-1,-1
342,5523,561.86,458.59,16.33,55.51,0.6411,-1,-1,-1
342,5524,706.70,486.21,28.97,95.75,0.6364,-1,-1,-1
342,5525,632.28,457.54,24.33,63.89,0.6340,-1,-1,-1
342,5526,545.01,458.53,16.86,54.65,0.6237,-1,-1,-1
342,5527,579.60,456.87,20.17,57.46,0.6081,-1,-1,-1
342,5528,486.33,454.78,30.75,107.62,0.6062,-1,-1,-1
342,5529,1305.26,430.03,31.57,115.23,0.5664,-1,-1,-1
342,5530,533.09,458.96,14.56,52.58,0.5285,-1,-1,-1
342,5531,509.77,457.86,20.82,58.56,0.5262,-1,-1,-1
342,5532,1240.65,447.68,35.15,61.97,0.5182,-1,-1,-1
342,5533,660.24,462.76,22.74,65.54,0.4826,-1,-1,-1
342,5534,417.19,464.68,40.90,105.24,0.4788,-1,-1,-1
342,5535,1009.09,454.03,30.09,69.88,0.4372,-1,-1,-1
342,5536,1485.97,434.89,55.23,111.32,0.4229,-1,-1,-1
342,5537,849.79,445.13,28.86,25.75,0.4186,-1,-1,-1
342,5538,1190.98,413.18,93.74,193.16,0.3930,-1,-1,-1
343,5517,243.24,407.42,222.39,413.59,0.9179,-1,-1,-1
343,5452,0.37,439.19,151.00,358.57,0.9120,-1,-1,-1
343,5539,1066.80,396.72,205.52,615.63,0.8752,-1,-1,-1
343,5540,892.34,421.07,149.79,527.60,0.7805,-1,-1,-1
343,5541,733.53,477.99,47.86,116.02,0.7649,-1,-1,-1
343,5542,381.00,462.76,46.67,113.12,0.7254,-1,-1,-1
343,5543,673.81,487.15,49.68,108.21,0.7142,-1,-1,-1
343,5544,1483.87,437.06,58.03,110.65,0.7085,-1,-1,-1
343,5528,560.30,459.96,17.50,54.94,0.6676,-1,-1,-1
343,5545,632.07,457.67,24.50,58.93,0.6271,-1,-1,-1
343,5546,581.10,456.53,18.54,57.63,0.6112,-1,-1,-1
343,5547,485.98,453.78,33.04,108.64,0.6014,-1,-1,-1
343,5548,706.41,485.81,29.97,98.11,0.5615,-1,-1,-1
343,5549,1241.33,447.85,36.06,64.20,0.5555,-1,-1,-1
343,5550,1010.44,453.77,29.55,71.16,0.5514,-1,-1,-1
343,5551,1305.78,430.21,31.69,114.87,0.5514,-1,-1,-1
343,5552,892.13,441.93,46.50,131.38,0.5450,-1,-1,-1
343,5553,660.48,463.04,23.35,63.70,0.5401,-1,-1,-1
343,5554,545.68,460.18,15.35,52.33,0.5322,-1,-1,-1
343,5555,533.64,459.08,14.19,52.36,0.5040,-1,-1,-1
343,5556,510.06,458.29,20.18,59.65,0.4664,-1,-1,-1
343,5557,417.33,464.58,40.64,105.57,0.4478,-1,-1,-1
343,5558,598.39,457.90,18.86,51.57,0.4166,-1,-1,-1
343,5559,1194.33,414.47,90.88,194.81,0.4086,-1,-1,-1
344,5546,246.64,409.09,218.51,410.57,0.9184,-1,-1,-1
344,5518,0.17,440.36,151.54,350.33,0.9143,-1,-1,-1
344,5540,1068.10,396.47,204.47,616.42,0.8543,-1,-1,-1
344,5452,895.95,421.24,137.62,527.44,0.7896,-1,-1,-1
344,5556,732.83,478.10,49.53,118.64,0.7639,-1,-1,-1
344,5560,381.68,462.86,46.70,112.74,0.7238,-1,-1,-1
344,5561,672.78,486.91,50.92,107.37,0.7170,-1,-1,-1
344,5562,560.82,460.25,17.10,53.97,0.6584,-1,-1,-1
344,5563,580.84,457.00,19.15,57.31,0.6364,-1,-1,-1
344,5564,632.14,457.59,24.41,57.77,0.6326,-1,-1,-1
344,5565,485.24,455.36,34.04,106.10,0.6138,-1,-1,-1
344,5566,1243.03,448.07,34.03,64.11,0.6037,-1,-1,-1
344,5567,545.45,459.69,15.79,52.94,0.5848,-1,-1,-1
344,5568,892.79,440.42,48.32,131.39,0.5698,-1,-1,-1
344,5569,1305.72,430.46,31.47,114.56,0.5378,-1,-1,-1
344,5570,1010.15,453.60,29.64,70.11,0.5305,-1,-1,-1
344,5571,660.28,462.80,23.75,59.94,0.5197,-1,-1,-1
344,5572,510.15,458.51,19.82,59.20,0.4596,-1,-1,-1
344,5573,533.55,458.94,14.30,53.37,0.4553,-1,-1,-1
344,5574,598.66,457.99,18.62,51.32,0.4434,-1,-1,-1
344,5575,1196.02,413.10,88.29,194.56,0.4349,-1,-1,-1
344,5576,415.61,463.78,42.54,105.14,0.4032,-1,-1,-1
344,5577,859.49,445.69,20.92,21.71,0.3924,-1,-1,-1
345,5546,251.54,408.68,214.89,409.82,0.9191,-1,-1,-1
345,5578,1068.32,396.62,199.84,616.00,0.8832,-1,-1,-1
345,5579,14.58,438.50,138.36,348.36,0.8719,-1,-1,-1
345,5452,895.44,421.40,137.97,527.54,0.8119,-1,-1,-1
345,5580,733.40,477.52,50.23,118.60,0.7703,-1,-1,-1
345,5581,672.02,487.72,51.78,103.69,0.6696,-1,-1,-1
345,5582,582.37,456.07,18.79,58.43,0.6583,-1,-1,-1
345,5583,632.70,457.88,22.74,67.88,0.6341,-1,-1,-1
345,5584,560.75,458.72,17.28,55.25,0.6331,-1,-1,-1
345,5585,545.69,458.84,15.59,53.65,0.5902,-1,-1,-1
345,5586,1243.99,447.84,34.35,65.32,0.5827,-1,-1,-1
345,5587,384.76,463.06,42.02,112.10,0.5790,-1,-1,-1
345,5588,706.42,482.47,29.78,101.39,0.5280,-1,-1,-1
345,5589,423.05,460.98,35.84,109.35,0.5211,-1,-1,-1
345,5590,659.98,463.10,23.61,61.96,0.4998,-1,-1,-1
345,5591,484.69,454.71,35.54,106.08,0.4877,-1,-1,-1
345,5592,1013.21,453.98,25.99,68.66,0.4801,-1,-1,-1
345,5593,898.34,437.85,44.40,128.50,0.4493,-1,-1,-1
345,5594,1196.71,412.36,90.24,194.99,0.4283,-1,-1,-1
345,5595,535.07,459.00,12.82,53.73,0.4277,-1,-1,-1
345,5596,599.59,457.96,18.63,49.25,0.4170,-1,-1,-1
345,5597,509.06,459.41,20.57,55.03,0.4149,-1,-1,-1
345,5598,1487.94,436.53,54.61,110.64,0.3930,-1,-1,-1
345,5230,1305.62,430.09,30.86,114.23,0.3777,-1,-1,-1
346,5599,261.97,407.38,204.66,409.00,0.9217,-1,-1,-1
346,5600,1068.91,397.19,193.50,615.37,0.8756,-1,-1,-1
346,5601,41.95,438.25,111.04,343.67,0.8540,-1,-1,-1
346,5254,902.22,421.53,134.29,527.31,0.8132,-1,-1,-1
346,5602,732.27,477.85,51.92,118.10,0.7765,-1,-1,-1
346,5603,672.25,487.32,51.51,103.60,0.7252,-1,-1,-1
346,5604,582.47,456.64,18.46,57.73,0.6861,-1,-1,-1
346,5605,560.23,457.98,18.57,55.97,0.6471,-1,-1,-1
346,5606,632.38,458.91,22.67,66.88,0.6290,-1,-1,-1
346,5607,1244.23,448.36,34.08,66.33,0.5934,-1,-1,-1
346,5608,545.28,458.96,15.77,53.56,0.5928,-1,-1,-1
346,5609,391.31,463.11,36.16,112.63,0.5717,-1,-1,-1
346,5610,599.43,457.41,18.92,49.88,0.5059,-1,-1,-1
346,5611,660.03,463.15,23.89,61.11,0.4998,-1,-1,-1
346,5612,426.19,456.55,35.02,111.49,0.4961,-1,-1,-1
346,5613,1305.53,430.11,31.75,114.59,0.4703,-1,-1,-1
346,5614,1013.23,453.93,25.89,69.22,0.4635,-1,-1,-1
346,5615,484.85,454.64,34.86,105.17,0.4086,-1,-1,-1
346,5616,909.29,438.13,35.95,127.60,0.3968,-1,-1,-1
346,5617,509.20,459.98,20.92,55.96,0.3931,-1,-1,-1
346,5618,1197.07,413.01,89.99,198.61,0.3565,-1,-1,-1
346,5619,863.32,446.71,20.72,25.93,0.3477,-1,-1,-1
346,5620,534.92,459.13,12.94,53.44,0.3155,-1,-1,-1
347,5599,275.12,406.17,191.25,409.69,0.9097,-1,-1,-1
347,5621,1069.54,396.61,197.29,615.99,0.8686,-1,-1,-1
347,5622,905.57,421.81,129.80,527.00,0.8275,-1,-1,-1
347,5623,53.75,437.24,120.65,344.77,0.8106,-1,-1,-1
347,5546,733.06,478.16,50.55,117.08,0.7726,-1,-1,-1
347,5624,672.12,488.33,52.04,103.78,0.7228,-1,-1,-1
347,5625,631.57,459.51,24.27,66.22,0.6867,-1,-1,-1
347,5626,545.41,457.17,15.97,55.31,0.6644,-1,-1,-1
347,5627,583.32,457.05,18.43,56.37,0.6337,-1,-1,-1
347,5628,560.93,457.00,18.11,56.63,0.6224,-1,-1,-1
347,5629,1245.42,448.16,30.79,67.12,0.5619,-1,-1,-1
347,5630,598.49,456.57,20.01,51.56,0.5320,-1,-1,-1
347,5631,659.85,463.20,23.79,59.95,0.4728,-1,-1,-1
347,5632,1013.75,453.87,25.54,68.32,0.3935,-1,-1,-1
347,5633,485.28,454.92,30.92,90.99,0.3872,-1,-1,-1
347,5634,425.02,461.53,34.37,108.03,0.3795,-1,-1,-1
347,5635,1305.79,430.42,31.33,114.31,0.3776,-1,-1,-1
347,5636,509.41,459.66,20.41,55.43,0.3724,-1,-1,-1
347,5637,909.66,440.93,34.53,124.36,0.3644,-1,-1,-1
347,5638,863.91,447.27,21.50,23.79,0.3014,-1,-1,-1
348,5639,290.16,404.33,175.97,404.43,0.9037,-1,-1,-1
348,5600,1069.04,397.43,192.06,615.04,0.8800,-1,-1,-1
348,5640,906.10,421.83,132.39,526.88,0.8325,-1,-1,-1
348,5641,65.98,437.31,123.32,346.24,0.7822,-1,-1,-1
348,5642,733.42,478.38,47.55,117.91,0.7740,-1,-1,-1
348,5546,672.72,487.79,51.58,100.12,0.7312,-1,-1,-1
348,5643,560.13,454.87,20.11,59.15,0.6947,-1,-1,-1
348,5644,583.33,454.88,19.11,58.22,0.6770,-1,-1,-1
348,5645,631.02,458.99,24.15,66.47,0.6618,-1,-1,-1
348,5646,545.63,456.44,16.20,55.72,0.6465,-1,-1,-1
348,5647,1245.08,448.25,29.61,72.87,0.5226,-1,-1,-1
348,5648,599.22,457.05,19.46,51.60,0.5224,-1,-1,-1
348,5649,1306.17,429.62,31.00,115.47,0.4458,-1,-1,-1
348,5650,485.19,454.78,34.06,82.23,0.4318,-1,-1,-1
348,5651,508.01,459.73,22.15,57.19,0.4131,-1,-1,-1
348,5652,910.49,440.75,37.02,124.64,0.4014,-1,-1,-1
348,5653,1014.24,454.06,25.64,68.58,0.3976,-1,-1,-1
348,5654,424.40,456.98,35.31,113.28,0.3845,-1,-1,-1
348,5655,534.92,458.95,12.86,52.70,0.3836,-1,-1,-1
348,5656,660.17,463.24,22.51,48.24,0.3443,-1,-1,-1
348,5657,1200.41,414.79,111.86,252.03,0.3177,-1,-1,-1
348,5658,0.12,714.72,49.82,141.42,0.3120,-1,-1,-1
349,5659,1068.19,397.09,198.52,615.73,0.8898,-1,-1,-1
349,5660,303.56,405.06,162.94,397.31,0.8794,-1,-1,-1
349,5661,70.26,438.87,129.35,343.63,0.8521,-1,-1,-1
349,5662,906.66,421.56,132.21,527.06,0.8398,-1,-1,-1
349,5663,733.40,478.12,45.78,118.55,0.7793,-1,-1,-1
349,5646,672.79,488.33,51.44,103.35,0.7345,-1,-1,-1
349,5664,559.79,454.89,20.08,59.02,0.6931,-1,-1,-1
349,5665,583.00,454.39,19.25,59.12,0.6489,-1,-1,-1
349,5666,631.42,460.14,23.02,65.95,0.6370,-1,-1,-1
349,5644,545.89,456.86,15.87,55.25,0.6316,-1,-1,-1
349,5667,1305.22,429.49,31.84,115.70,0.5266,-1,-1,-1
349,5668,1244.98,448.34,32.07,73.73,0.5058,-1,-1,-1
349,5669,600.05,457.27,18.20,52.32,0.4881,-1,-1,-1
349,5670,0.13,559.28,49.59,295.74,0.4808,-1,-1,-1
349,5671,1513.21,435.32,33.81,110.15,0.4256,-1,-1,-1
349,5672,485.94,453.65,34.16,84.71,0.3903,-1,-1,-1
349,5673,911.49,442.85,36.05,118.90,0.3838,-1,-1,-1
349,5674,659.53,463.16,22.65,48.65,0.3739,-1,-1,-1
349,5675,424.92,456.17,35.33,114.66,0.3430,-1,-1,-1
349,5676,1201.01,413.80,113.77,253.05,0.3396,-1,-1,-1
349,5653,1014.27,454.89,25.47,68.20,0.3346,-1,-1,-1
349,5620,534.77,458.65,13.23,54.44,0.3189,-1,-1,-1
349,5651,508.04,459.37,22.05,58.11,0.3140,-1,-1,-1
349,5677,866.41,446.87,21.29,27.74,0.3113,-1,-1,-1
350,5678,1065.31,397.70,200.07,614.82,0.8961,-1,-1,-1
350,5679,80.91,438.50,139.13,344.10,0.8719,-1,-1,-1
350,5680,320.42,400.98,146.43,400.33,0.8420,-1,-1,-1
350,5681,907.23,421.87,148.27,526.27,0.8393,-1,-1,-1
350,5682,733.45,477.97,46.08,118.97,0.7833,-1,-1,-1
350,5672,672.15,487.58,51.80,101.49,0.7099,-1,-1,-1
350,5643,560.11,454.87,19.97,58.94,0.7095,-1,-1,-1
350,5683,630.48,460.02,23.80,65.42,0.6386,-1,-1,-1
350,5684,545.79,455.90,16.18,55.90,0.6296,-1,-1,-1
350,5685,583.30,454.34,18.81,58.80,0.6287,-1,-1,-1
350,5686,659.88,463.30,23.10,66.60,0.5252,-1,-1,-1
350,5687,1305.04,429.54,31.79,115.53,0.4861,-1,-1,-1
350,5688,1245.10,448.09,32.62,76.15,0.4813,-1,-1,-1
350,5689,483.78,451.48,31.16,84.89,0.4650,-1,-1,-1
350,5690,0.09,541.13,48.35,314.96,0.4562,-1,-1,-1
350,5691,601.40,458.39,17.03,50.84,0.4495,-1,-1,-1
350,5692,1514.35,433.08,33.42,110.96,0.3930,-1,-1,-1
350,5693,527.47,457.69,19.58,56.14,0.3898,-1,-1,-1
350,5694,508.63,459.40,20.65,55.47,0.3469,-1,-1,-1
350,5695,1202.91,417.35,113.60,250.45,0.3052,-1,-1,-1
351,5696,84.14,437.88,160.03,343.89,0.9001,-1,-1,-1
351,5697,1067.74,397.56,199.08,614.66,0.8870,-1,-1,-1
351,5698,908.60,420.44,130.45,528.31,0.8397,-1,-1,-1
351,5699,733.50,477.59,45.99,118.62,0.7843,-1,-1,-1
351,5700,0.13,517.57,49.69,337.08,0.7503,-1,-1,-1
351,5701,346.57,397.95,119.53,402.06,0.7248,-1,-1,-1
351,5702,559.67,454.98,20.36,58.54,0.7066,-1,-1,-1
351,5703,671.95,488.58,51.51,102.55,0.6926,-1,-1,-1
351,5704,583.23,453.83,18.91,59.15,0.6518,-1,-1,-1
351,5705,631.07,459.45,23.52,65.71,0.6135,-1,-1,-1
351,5706,546.30,456.26,15.23,55.46,0.5644,-1,-1,-1
351,5707,483.44,448.54,32.47,86.86,0.5430,-1,-1,-1
351,5708,1246.06,447.97,29.89,77.18,0.5254,-1,-1,-1
351,5709,526.90,457.62,20.60,61.11,0.5046,-1,-1,-1
351,5710,1305.07,429.43,31.74,115.64,0.4683,-1,-1,-1
351,5711,599.94,457.74,18.28,51.44,0.4398,-1,-1,-1
351,5712,1517.25,433.74,36.02,109.50,0.3983,-1,-1,-1
351,5713,507.82,459.30,21.17,54.91,0.3783,-1,-1,-1
351,5714,659.29,463.07,23.79,64.32,0.3305,-1,-1,-1
352,5715,83.95,439.96,181.07,341.74,0.9068,-1,-1,-1
352,5716,1068.04,397.11,201.10,615.18,0.8771,-1,-1,-1
352,5717,909.29,422.97,145.96,525.88,0.8516,-1,-1,-1
352,5718,367.29,397.85,103.27,402.80,0.8144,-1,-1,-1
352,5719,0.09,450.22,64.55,403.52,0.8071,-1,-1,-1
352,5720,732.27,477.57,47.54,114.18,0.7550,-1,-1,-1
352,5721,560.22,455.62,19.26,57.54,0.6958,-1,-1,-1
352,5722,671.81,487.94,50.69,102.44,0.6701,-1,-1,-1
352,5723,630.10,458.77,24.14,66.24,0.6351,-1,-1,-1
352,5724,582.75,454.83,19.28,57.67,0.6144,-1,-1,-1
352,5725,1246.05,448.05,30.33,81.36,0.5693,-1,-1,-1
352,5726,546.25,456.12,15.71,55.94,0.5607,-1,-1,-1
352,5727,481.95,453.74,36.23,83.90,0.5279,-1,-1,-1
352,5728,526.13,458.18,21.14,60.69,0.5039,-1,-1,-1
352,5729,599.65,457.18,18.28,51.68,0.4272,-1,-1,-1
352,5730,658.95,462.92,23.81,65.42,0.4270,-1,-1,-1
352,5731,507.96,459.28,20.72,58.87,0.4204,-1,-1,-1
352,5732,1305.26,430.06,32.72,114.90,0.3181,-1,-1,-1
353,5715,84.40,440.71,197.32,340.60,0.9152,-1,-1,-1
353,5733,0.15,446.48,78.60,409.30,0.8993,-1,-1,-1
353,5734,1067.65,396.33,201.75,616.36,0.8848,-1,-1,-1
353,5735,909.99,421.41,138.01,527.33,0.8339,-1,-1,-1
353,5736,733.11,477.16,46.54,115.40,0.7564,-1,-1,-1
353,5737,367.24,397.50,112.59,405.02,0.7480,-1,-1,-1
353,5738,671.81,487.20,51.09,102.24,0.7245,-1,-1,-1
353,5739,560.30,455.57,19.09,57.40,0.6756,-1,-1,-1
353,5740,582.99,453.88,19.21,58.72,0.6399,-1,-1,-1
353,5741,545.57,455.41,16.79,56.71,0.6305,-1,-1,-1
353,5742,1247.10,448.07,28.97,80.01,0.6279,-1,-1,-1
353,5743,630.03,457.72,23.19,65.56,0.5700,-1,-1,-1
353,5744,526.65,457.17,19.90,62.14,0.5385,-1,-1,-1
353,5745,1519.04,433.59,37.82,112.20,0.4786,-1,-1,-1
353,5746,482.69,453.68,31.79,83.23,0.4766,-1,-1,-1
353,5747,705.89,482.05,31.08,103.81,0.4746,-1,-1,-1
353,5748,1304.68,429.94,33.59,114.80,0.4125,-1,-1,-1
353,5749,506.87,458.91,21.41,64.82,0.3904,-1,-1,-1
353,5750,659.08,462.83,22.76,65.41,0.3866,-1,-1,-1
353,5751,598.88,457.58,18.95,51.16,0.3527,-1,-1,-1
353,5752,1058.74,435.06,70.37,212.12,0.3127,-1,-1,-1
354,5753,84.63,442.75,204.15,338.65,0.9261,-1,-1,-1
354,5754,0.09,445.58,86.26,410.01,0.8866,-1,-1,-1
354,5755,1068.29,396.40,200.42,616.57,0.8760,-1,-1,-1
354,5756,912.25,422.25,142.45,526.12,0.8318,-1,-1,-1
354,5757,374.43,399.47,117.72,402.64,0.8115,-1,-1,-1
354,5758,732.35,479.89,47.29,116.68,0.7738,-1,-1,-1
354,5759,670.99,486.20,51.64,100.93,0.7256,-1,-1,-1
354,5760,560.48,455.73,18.83,57.21,0.6851,-1,-1,-1
354,5761,582.98,454.00,18.87,58.57,0.6683,-1,-1,-1
354,5762,545.91,455.96,16.26,56.09,0.6469,-1,-1,-1
354,5763,629.42,457.68,24.37,65.96,0.6441,-1,-1,-1
354,5764,1247.00,447.92,29.69,81.41,0.6139,-1,-1,-1
354,5765,525.93,457.93,20.44,61.91,0.5643,-1,-1,-1
354,5766,1521.06,431.97,38.66,113.32,0.5009,-1,-1,-1
354,5767,482.90,454.11,31.74,82.36,0.4469,-1,-1,-1
354,5768,705.65,482.39,29.93,99.54,0.4367,-1,-1,-1
354,5769,1058.63,435.79,64.81,211.24,0.3749,-1,-1,-1
354,5770,598.58,457.39,19.58,51.47,0.3644,-1,-1,-1
354,5730,658.87,463.00,23.88,64.50,0.3600,-1,-1,-1
354,5748,1305.14,429.98,33.31,114.78,0.3450,-1,-1,-1
354,5771,507.72,459.69,20.15,55.59,0.3367,-1,-1,-1
355,5772,88.00,441.83,202.47,339.11,0.9229,-1,-1,-1
355,5773,1069.09,395.65,200.18,617.52,0.8774,-1,-1,-1
355,5774,0.22,444.32,98.02,408.19,0.8766,-1,-1,-1
355,5760,914.74,420.56,126.38,526.23,0.8187,-1,-1,-1
355,5775,378.44,400.85,130.76,399.99,0.7947,-1,-1,-1
355,5776,732.61,480.80,47.60,115.85,0.7694,-1,-1,-1
355,5777,629.21,458.08,25.17,67.76,0.7147,-1,-1,-1
355,5778,670.95,485.54,51.28,100.84,0.7087,-1,-1,-1
355,5779,560.28,455.73,19.21,57.35,0.6953,-1,-1,-1
355,5780,583.09,455.00,18.92,57.73,0.6489,-1,-1,-1
355,5781,1521.97,432.36,43.04,112.87,0.6017,-1,-1,-1
355,5782,546.84,457.00,14.93,55.18,0.5918,-1,-1,-1
355,5783,1247.08,448.02,28.78,83.87,0.5722,-1,-1,-1
355,5784,526.56,457.02,19.90,63.87,0.5590,-1,-1,-1
355,5785,659.08,463.13,24.07,65.04,0.4365,-1,-1,-1
355,5730,705.58,483.27,31.43,103.54,0.4267,-1,-1,-1
355,5786,482.67,453.92,31.12,88.01,0.4114,-1,-1,-1
355,5787,507.30,458.27,20.39,52.07,0.3717,-1,-1,-1
355,5788,1054.99,435.26,67.67,211.17,0.3527,-1,-1,-1
355,5789,599.26,458.75,19.12,49.63,0.3365,-1,-1,-1
355,5790,1305.00,430.49,33.26,114.32,0.3214,-1,-1,-1
356,5780,95.89,443.62,201.20,334.77,0.9242,-1,-1,-1
356,5791,0.16,445.11,146.96,409.45,0.9025,-1,-1,-1
356,5792,1068.94,396.28,199.90,616.69,0.8735,-1,-1,-1
356,5793,386.32,401.69,140.89,398.01,0.8254,-1,-1,-1
356,5794,918.13,421.30,130.77,522.84,0.8116,-1,-1,-1
356,5795,1056.22,434.45,59.31,212.82,0.8107,-1,-1,-1
356,5796,670.70,486.80,51.66,101.81,0.7425,-1,-1,-1
356,5797,734.01,480.41,45.85,99.29,0.7253,-1,-1,-1
356,5798,628.96,457.33,24.99,69.28,0.7109,-1,-1,-1
356,5799,560.62,455.41,18.95,57.66,0.6990,-1,-1,-1
356,5800,583.56,454.42,18.46,58.17,0.6511,-1,-1,-1
356,5801,525.83,457.03,20.78,63.77,0.6284,-1,-1,-1
356,5802,1521.08,431.99,48.44,114.29,0.6082,-1,-1,-1
356,5803,705.17,484.01,31.67,102.13,0.5672,-1,-1,-1
356,5804,1247.34,447.92,28.27,92.34,0.5588,-1,-1,-1
356,5805,547.86,457.54,14.08,54.79,0.5069,-1,-1,-1
356,5806,659.35,463.12,22.65,66.11,0.4908,-1,-1,-1
356,5807,505.87,457.72,21.78,55.61,0.3807,-1,-1,-1
356,5808,480.14,453.27,34.32,107.97,0.3146,-1,-1,-1
356,5809,1305.32,430.24,33.33,114.66,0.3021,-1,-1,-1
357,5810,0.15,444.41,181.29,409.85,0.9283,-1,-1,-1
357,5811,110.90,442.63,186.89,331.61,0.9098,-1,-1,-1
357,5812,1069.39,396.24,201.12,617.06,0.8778,-1,-1,-1
357,5813,385.33,402.16,163.85,397.79,0.8077,-1,-1,-1
357,5814,916.09,422.10,135.67,519.89,0.8043,-1,-1,-1
357,5815,629.14,457.37,23.98,67.97,0.7476,-1,-1,-1
357,5816,671.15,487.22,52.00,104.57,0.7441,-1,-1,-1
357,5817,560.75,455.10,19.48,57.95,0.7068,-1,-1,-1
357,5818,734.71,480.88,44.29,113.59,0.7064,-1,-1,-1
357,5819,583.07,454.59,19.78,58.06,0.6925,-1,-1,-1
357,5820,1055.14,432.52,71.63,213.71,0.6687,-1,-1,-1
357,5821,1247.43,447.96,28.52,94.78,0.6305,-1,-1,-1
357,5822,525.75,456.96,20.61,63.19,0.6045,-1,-1,-1
357,5823,702.81,481.72,33.97,103.32,0.5996,-1,-1,-1
357,5824,659.46,463.06,23.98,67.81,0.5770,-1,-1,-1
357,5825,547.43,458.08,14.83,54.35,0.5606,-1,-1,-1
357,5826,1523.67,439.47,45.95,106.27,0.5597,-1,-1,-1
357,5827,601.27,458.57,17.29,49.30,0.4257,-1,-1,-1
357,5828,507.24,458.61,20.06,54.82,0.4096,-1,-1,-1
358,5829,0.21,445.60,196.99,408.74,0.9424,-1,-1,-1
358,5830,122.06,442.17,177.07,322.40,0.9195,-1,-1,-1
358,5831,1069.68,395.67,201.25,617.71,0.8858,-1,-1,-1
358,5832,1053.19,432.75,66.54,213.18,0.8477,-1,-1,-1
358,5833,390.74,404.77,176.05,394.93,0.8043,-1,-1,-1
358,5834,915.42,422.82,135.65,515.81,0.8003,-1,-1,-1
358,5835,670.13,487.11,53.66,112.05,0.7658,-1,-1,-1
358,5836,628.60,457.38,24.02,68.37,0.7613,-1,-1,-1
358,5837,733.47,480.82,46.06,109.74,0.7137,-1,-1,-1
358,5838,561.73,455.15,18.57,58.33,0.7037,-1,-1,-1
358,5839,583.56,455.56,19.24,56.91,0.6931,-1,-1,-1
358,5840,1247.27,448.02,30.54,93.35,0.6542,-1,-1,-1
358,5841,547.25,456.09,16.55,56.30,0.6398,-1,-1,-1
358,5842,659.54,463.39,24.11,67.30,0.5670,-1,-1,-1
358,5843,526.08,457.23,19.77,63.26,0.5646,-1,-1,-1
358,5844,1524.46,433.77,46.77,112.06,0.5545,-1,-1,-1
358,5845,600.44,457.94,17.99,50.03,0.5512,-1,-1,-1
358,5846,702.65,481.67,34.10,103.66,0.4736,-1,-1,-1
358,5847,507.83,460.14,19.42,54.37,0.3459,-1,-1,-1
359,5848,0.17,448.43,214.72,405.81,0.9405,-1,-1,-1
359,5830,130.02,442.06,167.07,322.20,0.9095,-1,-1,-1
359,5844,1069.64,398.06,202.94,614.61,0.8810,-1,-1,-1
359,5849,391.06,405.36,187.16,395.33,0.8480,-1,-1,-1
359,5850,913.71,422.05,130.42,515.53,0.8112,-1,-1,-1
359,5851,1046.06,432.45,60.62,213.35,0.7980,-1,-1,-1
359,5846,670.08,486.31,53.07,112.86,0.7527,-1,-1,-1
359,5852,628.90,457.00,23.46,69.27,0.7404,-1,-1,-1
359,5853,733.50,480.62,45.60,113.03,0.7090,-1,-1,-1
359,5854,561.34,454.98,20.08,58.46,0.7081,-1,-1,-1
359,5855,584.57,456.48,18.90,56.12,0.6653,-1,-1,-1
359,5856,546.45,457.30,16.71,55.31,0.6199,-1,-1,-1
359,5857,600.21,457.02,18.15,50.94,0.6153,-1,-1,-1
359,5858,525.26,457.82,20.03,61.77,0.5978,-1,-1,-1
359,5859,1249.23,448.20,31.20,93.74,0.5921,-1,-1,-1
359,5860,703.73,481.18,33.25,105.44,0.5587,-1,-1,-1
359,5861,659.46,463.30,23.71,67.07,0.5504,-1,-1,-1
359,5862,1526.92,433.50,45.18,111.28,0.4751,-1,-1,-1
359,5863,482.45,455.89,31.63,103.35,0.4363,-1,-1,-1
359,5847,508.04,460.91,19.33,54.21,0.3566,-1,-1,-1
360,5847,0.52,447.32,216.67,407.03,0.9345,-1,-1,-1
360,5856,141.92,441.14,156.70,323.61,0.9108,-1,-1,-1
360,5864,393.54,406.25,198.51,393.58,0.8898,-1,-1,-1
360,5865,1069.64,395.67,206.66,617.16,0.8762,-1,-1,-1
360,5866,920.83,423.87,127.55,512.76,0.7996,-1,-1,-1
360,5867,1042.48,430.78,56.34,214.78,0.7740,-1,-1,-1
360,5868,668.41,486.88,55.69,112.10,0.7680,-1,-1,-1
360,5869,561.47,455.31,19.42,58.23,0.7126,-1,-1,-1
360,5852,732.92,480.54,46.67,106.18,0.7079,-1,-1,-1
360,5870,629.18,457.17,22.72,69.13,0.6683,-1,-1,-1
360,5871,583.59,455.57,19.69,56.94,0.6567,-1,-1,-1
360,5872,525.58,456.53,19.75,64.82,0.6471,-1,-1,-1
360,5873,547.55,456.78,15.67,55.85,0.6384,-1,-1,-1
360,5874,659.44,463.11,24.46,66.25,0.5942,-1,-1,-1
360,5875,600.59,458.37,17.60,50.04,0.5289,-1,-1,-1
360,5876,702.83,480.66,33.73,106.05,0.4766,-1,-1,-1
360,5877,478.95,454.61,34.43,106.75,0.4500,-1,-1,-1
360,5878,1247.94,448.33,33.49,92.28,0.4090,-1,-1,-1
360,5879,1529.39,435.46,45.22,109.59,0.3715,-1,-1,-1
360,5880,507.43,461.80,19.44,53.93,0.3305,-1,-1,-1
360,5844,1304.97,430.30,32.95,114.68,0.3222,-1,-1,-1
361,5866,0.44,446.03,223.17,407.89,0.9362,-1,-1,-1
361,5881,395.51,406.52,200.32,393.31,0.9020,-1,-1,-1
361,5882,147.25,439.87,151.24,325.99,0.8937,-1,-1,-1
361,5883,1069.58,397.19,204.69,615.43,0.8727,-1,-1,-1
361,5852,918.37,423.47,133.94,509.64,0.7984,-1,-1,-1
361,5884,732.57,480.80,47.96,110.63,0.7310,-1,-1,-1
361,5846,667.72,486.92,55.38,109.01,0.7236,-1,-1,-1
361,5885,520.21,456.83,25.48,64.14,0.7081,-1,-1,-1
361,5886,561.51,455.73,19.17,57.84,0.7013,-1,-1,-1
361,5887,583.23,455.12,19.76,57.68,0.6994,-1,-1,-1
361,5888,628.77,457.60,23.63,69.16,0.6929,-1,-1,-1
361,5889,545.92,456.78,17.39,56.07,0.6773,-1,-1,-1
361,5890,1040.47,430.91,52.82,214.51,0.5729,-1,-1,-1
361,5891,658.91,462.98,25.45,65.78,0.5560,-1,-1,-1
361,5892,702.87,481.77,32.95,103.79,0.5368,-1,-1,-1
361,5893,600.94,459.15,17.08,49.51,0.5111,-1,-1,-1
361,5894,1249.41,448.59,32.38,92.38,0.5007,-1,-1,-1
361,5895,1533.22,435.68,41.52,109.36,0.4445,-1,-1,-1
361,5896,506.35,461.37,21.41,55.75,0.3866,-1,-1,-1
362,5897,0.47,447.99,224.46,406.13,0.9406,-1,-1,-1
362,5898,394.56,407.67,204.53,391.80,0.9177,-1,-1,-1
362,5899,159.25,437.89,139.43,327.09,0.8993,-1,-1,-1
362,5900,1069.69,397.95,204.33,614.47,0.8680,-1,-1,-1
362,5881,922.31,425.35,137.31,507.39,0.8147,-1,-1,-1
362,5901,1035.51,430.29,55.19,215.34,0.8097,-1,-1,-1
362,5868,665.69,488.62,58.67,110.74,0.7750,-1,-1,-1
362,5902,520.45,454.94,25.17,64.82,0.7167,-1,-1,-1
362,5903,732.01,481.46,48.64,108.62,0.7070,-1,-1,-1
362,5904,562.06,455.55,18.60,57.87,0.7062,-1,-1,-1
362,5905,628.99,457.57,22.43,69.07,0.6914,-1,-1,-1
362,5852,582.54,455.64,20.06,57.34,0.6743,-1,-1,-1
362,5906,546.77,456.57,17.73,56.21,0.6699,-1,-1,-1
362,5907,1248.54,449.22,33.63,92.43,0.6432,-1,-1,-1
362,5908,659.22,463.51,24.78,64.49,0.5367,-1,-1,-1
362,5909,701.63,482.50,33.87,104.18,0.4720,-1,-1,-1
362,5910,378.42,462.99,34.68,65.22,0.4108,-1,-1,-1
362,5911,1305.19,430.34,33.90,114.70,0.3808,-1,-1,-1
362,5912,600.55,460.12,16.82,49.58,0.3380,-1,-1,-1
362,5913,1878.66,389.78,40.89,268.82,0.3285,-1,-1,-1
362,5889,503.89,460.96,25.04,55.49,0.3032,-1,-1,-1
363,5914,395.74,408.39,203.20,390.60,0.9266,-1,-1,-1
363,5915,0.65,447.20,221.43,406.53,0.9227,-1,-1,-1
363,5852,176.42,436.27,121.57,328.86,0.8795,-1,-1,-1
363,5907,1069.48,397.38,206.48,614.81,0.8736,-1,-1,-1
363,5868,929.20,422.34,136.39,510.97,0.8121,-1,-1,-1
363,5916,664.66,488.45,59.24,111.56,0.7835,-1,-1,-1
363,5917,1035.74,432.60,53.93,213.92,0.7509,-1,-1,-1
363,5881,519.74,454.58,25.70,66.04,0.7339,-1,-1,-1
363,5918,561.55,455.66,18.92,57.23,0.7029,-1,-1,-1
363,5919,581.59,455.38,20.09,57.63,0.6901,-1,-1,-1
363,5920,731.56,481.59,48.43,112.54,0.6870,-1,-1,-1
363,5921,628.64,458.46,22.53,67.56,0.6809,-1,-1,-1
363,5922,546.18,456.79,17.00,55.75,0.6558,-1,-1,-1
363,5923,1246.95,448.82,34.90,92.09,0.5731,-1,-1,-1
363,5924,658.92,463.26,25.61,64.10,0.5492,-1,-1,-1
363,5925,378.67,462.14,34.22,77.16,0.4974,-1,-1,-1
363,5926,1303.74,429.63,36.26,115.46,0.4382,-1,-1,-1
363,5927,1544.43,434.45,35.70,108.57,0.3935,-1,-1,-1
363,5928,599.57,458.22,17.26,51.21,0.3902,-1,-1,-1
363,5929,701.70,484.93,33.48,101.46,0.3863,-1,-1,-1
363,5913,1878.26,390.99,41.29,267.55,0.3104,-1,-1,-1
364,5930,0.00,447.18,228.79,405.75,0.9302,-1,-1,-1
364,5931,397.08,409.27,203.47,389.37,0.9234,-1,-1,-1
364,5852,195.21,436.76,103.98,327.92,0.8885,-1,-1,-1
364,5866,1069.93,396.66,207.04,615.65,0.8776,-1,-1,-1
364,5868,930.76,426.44,140.40,509.02,0.8188,-1,-1,-1
364,5932,666.29,488.98,56.30,110.12,0.7172,-1,-1,-1
364,5933,561.81,455.63,19.19,57.32,0.7122,-1,-1,-1
364,5919,520.79,454.85,24.62,67.09,0.7093,-1,-1,-1
364,5934,581.80,455.63,20.10,57.46,0.6925,-1,-1,-1
364,5935,731.24,483.28,48.31,102.86,0.6675,-1,-1,-1
364,5936,546.96,456.89,16.25,55.14,0.6287,-1,-1,-1
364,5937,1248.24,449.99,33.74,91.34,0.5799,-1,-1,-1
364,5938,628.50,458.12,22.54,66.28,0.5497,-1,-1,-1
364,5939,659.02,463.55,24.39,64.82,0.5326,-1,-1,-1
364,5940,1036.30,434.91,52.79,211.51,0.4477,-1,-1,-1
364,5941,701.50,482.41,34.36,104.02,0.4325,-1,-1,-1
364,5942,377.92,462.51,37.29,104.40,0.4173,-1,-1,-1
364,5943,1305.10,430.29,34.19,114.48,0.3645,-1,-1,-1
364,5944,947.45,452.71,21.24,62.47,0.3202,-1,-1,-1
365,5945,398.31,410.07,203.69,387.56,0.9244,-1,-1,-1
365,5946,0.68,445.58,229.52,404.77,0.9193,-1,-1,-1
365,5947,1069.99,397.87,207.35,614.92,0.8821,-1,-1,-1
365,5948,207.11,435.17,96.67,329.22,0.8411,-1,-1,-1
365,5949,932.67,425.31,137.68,510.98,0.8326,-1,-1,-1
365,5950,379.04,461.75,46.24,114.10,0.7197,-1,-1,-1
365,5951,664.61,488.77,58.58,109.71,0.7118,-1,-1,-1
365,5952,521.83,454.24,23.84,66.88,0.7102,-1,-1,-1
365,5953,562.48,455.72,18.73,57.21,0.7080,-1,-1,-1
365,5954,581.34,455.73,19.82,57.40,0.7011,-1,-1,-1
365,5955,628.28,457.98,23.19,67.43,0.6598,-1,-1,-1
365,5956,546.52,456.84,16.98,54.90,0.6426,-1,-1,-1
365,5957,730.93,483.73,48.60,94.70,0.6187,-1,-1,-1
365,5958,1248.73,449.68,34.01,93.18,0.5886,-1,-1,-1
365,5959,657.92,463.50,23.46,63.02,0.5511,-1,-1,-1
365,5960,598.87,457.17,17.76,51.76,0.4434,-1,-1,-1
365,5961,1305.75,430.56,31.49,114.64,0.3878,-1,-1,-1
365,5962,1550.35,432.21,31.31,111.29,0.3435,-1,-1,-1
365,5963,948.33,450.25,20.16,65.14,0.3373,-1,-1,-1
366,5964,398.80,412.65,204.22,381.40,0.9177,-1,-1,-1
366,5965,7.73,445.30,223.17,381.33,0.9016,-1,-1,-1
366,5966,1069.26,398.25,213.25,613.63,0.8809,-1,-1,-1
366,5967,928.91,425.97,140.97,510.12,0.8385,-1,-1,-1
366,5968,215.00,435.58,98.29,329.33,0.8237,-1,-1,-1
366,5969,562.08,455.82,19.36,57.33,0.7237,-1,-1,-1
366,5970,379.29,460.91,48.07,115.86,0.7217,-1,-1,-1
366,5971,732.51,484.40,45.28,92.86,0.6483,-1,-1,-1
366,5972,1247.70,450.72,35.46,92.89,0.6424,-1,-1,-1
366,5973,547.79,456.88,15.89,55.03,0.6419,-1,-1,-1
366,5974,581.29,455.58,19.87,57.32,0.6323,-1,-1,-1
366,5975,663.55,488.51,58.64,105.53,0.6131,-1,-1,-1
366,5976,628.69,457.50,22.69,67.74,0.5834,-1,-1,-1
366,5977,524.47,455.03,21.73,65.78,0.5672,-1,-1,-1
366,5978,658.09,463.36,23.05,62.24,0.4935,-1,-1,-1
366,5979,697.64,479.20,38.86,107.35,0.3072,-1,-1,-1
367,5980,399.59,410.75,203.18,380.54,0.9245,-1,-1,-1
367,5950,31.38,443.63,199.12,390.80,0.8969,-1,-1,-1
367,5981,1069.97,397.55,210.34,613.77,0.8836,-1,-1,-1
367,5982,931.01,426.03,140.41,509.96,0.8377,-1,-1,-1
367,5983,222.03,435.60,104.52,328.25,0.8040,-1,-1,-1
367,5984,378.02,461.76,48.18,114.73,0.7435,-1,-1,-1
367,5985,561.86,455.93,19.65,57.29,0.6965,-1,-1,-1
367,5986,1247.56,450.79,35.66,91.79,0.6763,-1,-1,-1
367,5987,627.60,457.42,24.58,65.66,0.6587,-1,-1,-1
367,5988,548.18,456.71,15.44,55.10,0.6283,-1,-1,-1
367,5989,581.13,455.21,19.20,57.41,0.6202,-1,-1,-1
367,5990,731.01,484.04,45.42,90.88,0.5771,-1,-1,-1
367,5991,662.04,487.50,58.65,104.43,0.4535,-1,-1,-1
367,5992,658.95,463.33,23.00,60.65,0.4278,-1,-1,-1
367,5993,595.90,455.46,19.20,54.00,0.4067,-1,-1,-1
367,5994,936.37,452.71,26.77,63.68,0.3188,-1,-1,-1
367,5995,1305.93,430.58,30.98,114.02,0.3094,-1,-1,-1
368,5989,403.26,408.24,200.45,382.79,0.9245,-1,-1,-1
368,5996,58.97,442.96,173.25,379.34,0.8934,-1,-1,-1
368,5997,1070.43,398.45,211.06,612.56,0.8803,-1,-1,-1
368,5998,228.11,435.37,123.60,329.28,0.8617,-1,-1,-1
368,5999,930.77,425.96,145.78,509.80,0.8415,-1,-1,-1
368,6000,378.16,460.43,48.64,116.23,0.7614,-1,-1,-1
368,6001,561.82,455.75,19.87,57.47,0.6937,-1,-1,-1
368,6002,627.98,456.66,23.86,66.31,0.6578,-1,-1,-1
368,6003,731.03,483.56,45.26,94.71,0.6485,-1,-1,-1
368,5841,547.42,456.30,16.38,55.26,0.6335,-1,-1,-1
368,6004,660.13,489.28,51.93,99.26,0.6303,-1,-1,-1
368,6005,580.95,455.24,18.56,57.34,0.6149,-1,-1,-1
368,6006,1247.51,450.77,36.80,91.46,0.5637,-1,-1,-1
368,6007,658.90,463.33,21.59,60.50,0.5403,-1,-1,-1
368,6008,595.08,455.58,18.90,53.18,0.4760,-1,-1,-1
368,6009,938.72,452.01,23.90,64.74,0.3873,-1,-1,-1
368,6010,691.57,479.84,44.10,107.11,0.3548,-1,-1,-1
369,6011,409.30,407.13,193.85,376.41,0.9042,-1,-1,-1
369,6012,235.72,437.37,140.94,327.43,0.8934,-1,-1,-1
369,6013,89.69,441.19,149.27,379.75,0.8760,-1,-1,-1
369,6014,1070.19,397.96,208.17,613.30,0.8759,-1,-1,-1
369,6015,930.63,424.63,147.04,510.01,0.8397,-1,-1,-1
369,6005,377.89,461.54,50.20,115.40,0.7675,-1,-1,-1
369,6016,728.67,483.67,47.56,98.77,0.6835,-1,-1,-1
369,6017,561.88,455.74,19.61,57.42,0.6636,-1,-1,-1
369,6018,659.55,489.15,49.28,97.51,0.6337,-1,-1,-1
369,6019,627.72,456.76,23.08,67.39,0.6272,-1,-1,-1
369,6020,580.69,455.70,18.44,57.17,0.6090,-1,-1,-1
369,6021,1246.88,450.24,39.44,92.22,0.5979,-1,-1,-1
369,6022,659.34,463.27,21.09,60.32,0.5779,-1,-1,-1
369,6023,547.85,456.40,16.06,55.08,0.5467,-1,-1,-1
369,6024,939.21,453.63,22.67,62.88,0.4495,-1,-1,-1
369,6025,0.04,672.29,46.63,136.81,0.3772,-1,-1,-1
369,6026,594.68,455.16,17.65,54.25,0.3592,-1,-1,-1
369,6027,1305.46,430.59,31.80,114.41,0.3276,-1,-1,-1
370,6028,418.51,406.07,184.04,382.58,0.9137,-1,-1,-1
370,6029,239.45,438.32,154.11,325.76,0.9008,-1,-1,-1
370,6030,1070.30,398.02,210.25,612.43,0.8774,-1,-1,-1
370,6031,118.24,438.91,128.01,381.13,0.8717,-1,-1,-1
370,5989,933.58,423.94,136.86,511.22,0.8446,-1,-1,-1
370,5984,377.77,462.14,47.88,114.73,0.7806,-1,-1,-1
370,6032,728.96,483.37,47.36,94.39,0.6620,-1,-1,-1
370,6033,627.70,457.09,24.24,65.53,0.6327,-1,-1,-1
370,6034,562.08,456.22,19.67,56.52,0.6285,-1,-1,-1
370,6035,658.75,463.18,21.43,56.72,0.6155,-1,-1,-1
370,6036,581.11,455.45,18.13,57.14,0.5774,-1,-1,-1
370,6037,1246.27,448.78,39.93,95.17,0.5736,-1,-1,-1
370,6038,657.28,488.43,50.13,94.64,0.5567,-1,-1,-1
370,6039,0.08,640.12,46.74,168.71,0.5463,-1,-1,-1
370,6040,546.19,456.22,17.35,54.29,0.4624,-1,-1,-1
370,6041,940.02,452.74,23.22,62.98,0.4459,-1,-1,-1
370,6042,694.27,483.55,42.21,102.76,0.4369,-1,-1,-1
370,6005,416.31,463.49,35.82,106.83,0.4211,-1,-1,-1
370,6043,594.83,455.22,18.17,53.77,0.3840,-1,-1,-1
371,6044,240.21,438.71,166.63,325.85,0.9137,-1,-1,-1
371,6045,431.33,406.23,170.87,374.11,0.9053,-1,-1,-1
371,6046,1070.48,398.53,209.36,612.24,0.8834,-1,-1,-1
371,6047,938.30,421.58,133.83,513.79,0.8365,-1,-1,-1
371,6048,131.94,439.36,123.98,381.37,0.8299,-1,-1,-1
371,5984,378.23,461.45,47.20,115.42,0.7759,-1,-1,-1
371,6049,656.96,488.42,49.08,100.66,0.6794,-1,-1,-1
371,6050,731.88,482.36,43.90,95.25,0.6457,-1,-1,-1
371,6051,625.40,457.88,27.19,68.12,0.6025,-1,-1,-1
371,6052,417.04,459.22,37.73,111.54,0.5944,-1,-1,-1
371,6053,561.73,455.94,19.67,56.63,0.5927,-1,-1,-1
371,6054,581.06,456.30,18.34,56.67,0.5887,-1,-1,-1
371,6055,1246.90,448.23,39.66,94.52,0.5674,-1,-1,-1
371,6056,658.82,463.42,20.35,54.10,0.5631,-1,-1,-1
371,6057,0.06,613.61,46.66,195.26,0.5107,-1,-1,-1
371,6058,941.90,454.96,22.39,61.56,0.4062,-1,-1,-1
371,6059,594.34,455.26,18.54,53.18,0.3766,-1,-1,-1
371,6060,694.74,484.76,41.43,102.97,0.3609,-1,-1,-1
371,6037,1304.92,429.87,32.19,115.34,0.3384,-1,-1,-1
371,6061,1878.39,406.45,41.16,250.88,0.3129,-1,-1,-1
372,6062,241.04,439.00,173.12,325.04,0.9106,-1,-1,-1
372,6063,1070.49,397.96,208.98,613.22,0.8875,-1,-1,-1
372,6064,442.06,405.17,161.00,372.34,0.8795,-1,-1,-1
372,6065,937.61,419.80,136.51,515.93,0.8398,-1,-1,-1
372,6066,139.54,438.79,126.83,381.73,0.8364,-1,-1,-1
372,6067,378.05,461.37,47.27,115.50,0.7645,-1,-1,-1
372,6068,655.89,487.78,53.24,103.26,0.7045,-1,-1,-1
372,6069,728.35,481.98,47.40,95.76,0.6804,-1,-1,-1
372,6070,0.12,514.09,46.19,294.83,0.6593,-1,-1,-1
372,6071,562.17,456.53,20.10,55.91,0.6163,-1,-1,-1
372,6072,1249.95,448.17,41.18,93.84,0.5741,-1,-1,-1
372,6073,625.50,457.20,25.86,66.35,0.5661,-1,-1,-1
372,6074,416.15,461.77,39.83,108.67,0.5640,-1,-1,-1
372,6075,659.07,463.49,20.30,52.59,0.5498,-1,-1,-1
372,6076,582.28,455.87,17.34,56.81,0.5188,-1,-1,-1
372,6058,941.73,453.54,21.63,63.05,0.4415,-1,-1,-1
372,6077,1305.56,430.82,31.17,114.08,0.3686,-1,-1,-1
372,6078,594.83,455.31,19.40,53.16,0.3351,-1,-1,-1
373,6079,251.02,440.94,164.52,321.97,0.9099,-1,-1,-1
373,6080,460.13,403.15,146.98,370.63,0.8990,-1,-1,-1
373,6081,1070.22,397.71,211.26,613.13,0.8887,-1,-1,-1
373,6082,942.56,418.54,145.52,517.93,0.8529,-1,-1,-1
373,6083,147.38,439.44,140.86,380.62,0.8482,-1,-1,-1
373,6084,0.11,450.00,46.72,358.85,0.8178,-1,-1,-1
373,6085,379.31,462.11,48.16,114.57,0.7870,-1,-1,-1
373,6078,732.63,482.30,44.15,102.94,0.6615,-1,-1,-1
373,6086,626.42,457.00,27.12,71.36,0.6313,-1,-1,-1
373,6087,582.51,453.83,18.66,58.47,0.6207,-1,-1,-1
373,6088,655.64,488.94,53.04,102.87,0.6127,-1,-1,-1
373,6069,659.02,463.06,21.99,48.77,0.5723,-1,-1,-1
373,6089,1254.17,448.40,40.09,93.28,0.5583,-1,-1,-1
373,6090,417.53,461.73,40.03,108.57,0.5428,-1,-1,-1
373,6091,563.76,456.06,19.09,57.21,0.4979,-1,-1,-1
373,6092,943.03,455.62,23.30,59.83,0.4952,-1,-1,-1
373,6093,1304.94,430.44,32.73,114.17,0.4809,-1,-1,-1
374,6094,477.91,402.30,137.76,370.13,0.9058,-1,-1,-1
374,6095,1070.75,398.32,209.49,612.24,0.8871,-1,-1,-1
374,6096,156.47,443.16,158.23,375.53,0.8783,-1,-1,-1
374,6097,266.55,441.39,151.52,309.42,0.8667,-1,-1,-1
374,6098,944.31,418.38,143.61,518.64,0.8342,-1,-1,-1
374,6099,380.06,462.68,46.72,113.91,0.7956,-1,-1,-1
374,6100,0.10,498.12,48.36,310.61,0.7407,-1,-1,-1
374,6101,732.94,482.36,44.33,109.47,0.6548,-1,-1,-1
374,6102,627.71,457.54,25.60,70.63,0.6316,-1,-1,-1
374,6103,654.72,488.65,52.01,102.75,0.6122,-1,-1,-1
374,6104,659.69,463.29,20.42,47.59,0.5934,-1,-1,-1
374,6105,1253.86,448.31,41.42,93.38,0.5467,-1,-1,-1
374,6106,582.29,454.72,19.46,58.11,0.5401,-1,-1,-1
374,6107,419.64,461.66,38.12,109.55,0.4895,-1,-1,-1
374,6108,475.80,455.45,26.10,68.91,0.3630,-1,-1,-1
374,6058,943.90,454.56,24.53,64.33,0.3567,-1,-1,-1
374,6109,1305.58,430.16,30.94,114.56,0.3183,-1,-1,-1
375,6110,1070.82,397.70,217.07,613.42,0.8890,-1,-1,-1
375,6111,157.31,445.28,180.95,373.60,0.8844,-1,-1,-1
375,6112,491.02,401.56,132.94,370.96,0.8794,-1,-1,-1
375,6113,273.75,441.41,144.94,306.20,0.8616,-1,-1,-1
375,6114,946.96,414.79,144.82,521.94,0.8415,-1,-1,-1
375,6115,380.36,462.37,46.96,114.30,0.7969,-1,-1,-1
375,6116,627.82,457.44,25.37,69.82,0.6735,-1,-1,-1
375,6117,0.13,440.42,58.37,375.82,0.6376,-1,-1,-1
375,6118,1255.27,448.35,40.33,93.31,0.6283,-1,-1,-1
375,6119,660.32,463.37,20.01,46.73,0.6157,-1,-1,-1
375,6120,730.84,482.34,46.28,106.60,0.5986,-1,-1,-1
375,6121,426.68,455.66,32.36,114.75,0.5817,-1,-1,-1
375,6122,583.85,456.09,18.31,56.14,0.5674,-1,-1,-1
375,6123,944.62,454.29,27.57,69.23,0.5232,-1,-1,-1
375,6124,653.35,490.22,45.94,101.93,0.5152,-1,-1,-1
375,6125,1305.96,430.54,31.06,114.14,0.3894,-1,-1,-1
376,6126,156.86,443.44,197.50,375.32,0.8940,-1,-1,-1
376,6127,1071.36,398.17,211.90,613.22,0.8917,-1,-1,-1
376,6128,248.12,441.85,170.32,316.52,0.8730,-1,-1,-1
376,6129,949.68,417.92,142.32,517.53,0.8329,-1,-1,-1
376,6130,503.82,401.76,128.18,370.53,0.8245,-1,-1,-1
376,6131,379.85,462.10,46.91,114.48,0.7952,-1,-1,-1
376,6132,0.10,432.70,74.30,380.32,0.7892,-1,-1,-1
376,6133,1255.83,448.11,40.55,93.26,0.6777,-1,-1,-1
376,6134,626.51,457.35,27.89,70.71,0.6403,-1,-1,-1
376,6135,945.24,453.14,28.37,71.05,0.6155,-1,-1,-1
376,6136,660.09,463.21,20.42,46.84,0.5803,-1,-1,-1
376,6137,731.32,482.98,44.42,100.87,0.5752,-1,-1,-1
376,6138,650.62,491.15,48.43,98.84,0.5207,-1,-1,-1
376,6139,420.21,457.33,38.71,113.10,0.5165,-1,-1,-1
376,6140,475.58,455.28,30.95,70.59,0.4418,-1,-1,-1
376,6141,584.79,457.24,16.37,54.94,0.4286,-1,-1,-1
376,6142,598.73,458.17,18.06,51.08,0.3528,-1,-1,-1
377,6143,156.46,444.96,206.50,373.24,0.9113,-1,-1,-1
377,6144,1070.91,397.52,213.00,613.66,0.8829,-1,-1,-1
377,6145,0.17,441.36,106.70,367.19,0.8606,-1,-1,-1
377,6146,950.00,421.33,145.88,515.08,0.8387,-1,-1,-1
377,6147,379.69,461.21,47.59,115.07,0.7811,-1,-1,-1
377,6148,290.79,439.98,128.04,308.21,0.7611,-1,-1,-1
377,6149,1256.35,448.35,38.80,93.16,0.6755,-1,-1,-1
377,6150,945.16,453.82,26.61,70.55,0.6042,-1,-1,-1
377,6151,730.06,482.97,46.28,94.36,0.5672,-1,-1,-1
377,6152,627.35,457.96,24.86,70.40,0.5228,-1,-1,-1
377,6153,484.23,402.06,155.94,370.35,0.5130,-1,-1,-1
377,6154,658.62,462.99,21.72,46.06,0.4340,-1,-1,-1
377,6155,421.06,456.58,36.97,113.57,0.4133,-1,-1,-1
377,6156,648.15,487.26,48.84,99.34,0.3829,-1,-1,-1
377,6157,474.05,455.45,37.38,100.72,0.3101,-1,-1,-1
378,6158,0.29,432.57,142.48,377.05,0.9048,-1,-1,-1
378,6159,156.83,446.33,207.90,371.81,0.9037,-1,-1,-1
378,6160,1071.23,397.79,214.02,613.60,0.8817,-1,-1,-1
378,6161,300.50,438.88,118.64,307.28,0.8661,-1,-1,-1
378,6162,950.23,423.38,147.22,512.96,0.8432,-1,-1,-1
378,6163,379.91,460.94,47.73,118.22,0.7601,-1,-1,-1
378,6164,471.50,455.11,40.51,107.08,0.6944,-1,-1,-1
378,6165,1256.29,448.59,39.46,92.73,0.6719,-1,-1,-1
378,6166,730.36,482.48,47.21,97.10,0.6122,-1,-1,-1
378,6167,425.83,455.00,35.01,114.51,0.5818,-1,-1,-1
378,6168,628.48,458.11,24.25,69.56,0.5664,-1,-1,-1
378,6169,945.73,453.14,25.89,68.34,0.5239,-1,-1,-1
378,6170,530.81,401.05,113.67,371.20,0.4765,-1,-1,-1
378,6171,646.64,488.60,49.26,98.96,0.4382,-1,-1,-1
378,6172,658.74,463.04,21.74,46.63,0.3913,-1,-1,-1
379,6173,0.23,436.26,166.82,372.72,0.9276,-1,-1,-1
379,6174,155.94,446.30,213.76,371.44,0.9090,-1,-1,-1
379,6175,1071.46,398.72,212.65,612.84,0.8914,-1,-1,-1
379,6176,308.61,437.15,110.77,309.75,0.8735,-1,-1,-1
379,6177,949.55,422.43,146.88,514.22,0.8367,-1,-1,-1
379,6178,530.96,402.64,119.45,369.03,0.7964,-1,-1,-1
379,6179,471.65,454.54,43.40,107.14,0.7591,-1,-1,-1
379,6180,728.01,482.85,49.14,93.08,0.6331,-1,-1,-1
379,6181,1257.23,448.53,37.23,93.06,0.6148,-1,-1,-1
379,6182,380.45,461.32,47.34,116.05,0.6114,-1,-1,-1
379,6183,422.14,455.64,38.36,114.57,0.5932,-1,-1,-1
379,6184,643.17,487.37,51.15,106.96,0.4660,-1,-1,-1
379,6185,627.31,458.32,25.29,69.75,0.4547,-1,-1,-1
379,6186,707.45,453.32,26.63,45.59,0.4483,-1,-1,-1
379,6187,658.46,462.86,21.85,47.38,0.4353,-1,-1,-1
379,6170,694.51,483.10,40.54,100.21,0.4280,-1,-1,-1
379,6188,947.59,454.48,24.63,66.34,0.3999,-1,-1,-1
380,6189,157.89,445.55,216.99,371.92,0.9174,-1,-1,-1
380,6190,0.19,438.47,181.28,370.20,0.9113,-1,-1,-1
380,6183,1071.88,397.37,214.73,614.89,0.8955,-1,-1,-1
380,6170,317.62,437.23,101.94,309.47,0.8687,-1,-1,-1
380,6191,962.08,421.62,139.81,513.75,0.8044,-1,-1,-1
380,6192,528.90,403.00,127.69,370.28,0.7959,-1,-1,-1
380,6179,470.53,454.83,35.90,106.71,0.7514,-1,-1,-1
380,6193,423.83,454.80,37.78,115.49,0.6655,-1,-1,-1
380,6194,641.35,488.97,51.99,102.98,0.5534,-1,-1,-1
380,6195,729.85,482.80,47.30,93.27,0.5473,-1,-1,-1
380,6196,1258.23,449.16,35.61,91.92,0.5349,-1,-1,-1
380,6197,947.33,439.47,57.96,122.85,0.4544,-1,-1,-1
380,6198,624.85,457.57,27.63,72.00,0.4527,-1,-1,-1
380,6199,705.45,453.04,28.91,47.54,0.4346,-1,-1,-1
380,6200,658.44,462.86,22.53,46.88,0.4221,-1,-1,-1
380,6176,380.91,462.37,47.57,115.43,0.3358,-1,-1,-1
381,6201,0.13,438.93,176.55,369.68,0.9172,-1,-1,-1
381,6202,158.17,445.72,218.84,370.37,0.9148,-1,-1,-1
381,6179,1071.03,397.37,217.05,613.61,0.8893,-1,-1,-1
381,6170,328.63,435.37,91.69,311.89,0.8532,-1,-1,-1
381,6176,959.73,420.50,144.86,514.85,0.8030,-1,-1,-1
381,6183,525.50,404.44,135.96,369.41,0.7778,-1,-1,-1
381,6193,470.92,454.67,36.55,106.74,0.7172,-1,-1,-1
381,6203,729.49,482.86,48.22,98.19,0.6338,-1,-1,-1
381,6204,422.89,454.99,38.13,115.41,0.6254,-1,-1,-1
381,6205,625.54,457.55,26.94,69.38,0.6117,-1,-1,-1
381,6206,948.32,440.77,56.27,110.78,0.4918,-1,-1,-1
381,6207,640.03,488.38,51.83,98.44,0.4511,-1,-1,-1
381,6208,1258.06,449.01,35.68,91.76,0.4444,-1,-1,-1
381,6209,658.59,462.72,24.15,47.35,0.3388,-1,-1,-1
382,6210,0.12,440.70,178.18,367.73,0.9217,-1,-1,-1
382,6211,1074.17,397.84,213.65,613.34,0.8989,-1,-1,-1
382,6212,167.17,444.70,210.63,367.90,0.8967,-1,-1,-1
382,6213,959.35,421.72,152.15,514.08,0.8227,-1,-1,-1
382,6214,538.98,406.84,132.40,364.13,0.8189,-1,-1,-1
382,6215,329.51,435.67,95.72,311.35,0.7909,-1,-1,-1
382,6170,470.71,454.23,37.09,107.36,0.7173,-1,-1,-1
382,6216,731.12,483.37,47.31,95.63,0.6555,-1,-1,-1
382,6217,637.85,491.62,51.15,92.90,0.6267,-1,-1,-1
382,6218,419.85,462.67,38.14,107.32,0.5091,-1,-1,-1
382,6219,1256.88,449.96,37.09,90.90,0.4587,-1,-1,-1
382,6220,949.19,441.06,56.24,117.78,0.4534,-1,-1,-1
382,6221,707.40,451.48,28.57,51.27,0.3708,-1,-1,-1
382,6222,621.61,457.22,30.98,70.24,0.3597,-1,-1,-1
382,6223,694.54,483.56,40.84,98.95,0.3491,-1,-1,-1
382,6205,659.33,462.93,23.40,41.16,0.3349,-1,-1,-1
383,6224,0.65,440.78,196.88,366.11,0.9270,-1,-1,-1
383,6225,195.38,442.70,183.48,368.13,0.9053,-1,-1,-1
383,6226,1072.49,397.74,223.65,614.73,0.8960,-1,-1,-1
383,6227,536.60,408.87,144.11,362.16,0.8708,-1,-1,-1
383,6228,958.42,421.28,159.09,514.49,0.8277,-1,-1,-1
383,6229,345.52,435.10,92.06,310.28,0.8052,-1,-1,-1
383,6230,470.77,454.49,36.01,107.53,0.6998,-1,-1,-1
383,6231,729.49,483.39,49.01,97.55,0.6923,-1,-1,-1
383,6232,951.79,440.25,53.97,129.17,0.5957,-1,-1,-1
383,6233,635.24,493.10,50.89,89.16,0.5191,-1,-1,-1
383,6234,429.69,455.15,32.55,115.05,0.5108,-1,-1,-1
383,6235,1256.36,449.51,37.00,91.51,0.4884,-1,-1,-1
383,6236,526.41,455.55,23.71,38.10,0.4267,-1,-1,-1
383,6237,1856.13,524.10,46.20,123.62,0.3718,-1,-1,-1
383,6221,659.58,462.80,24.41,45.21,0.3541,-1,-1,-1
383,6238,620.63,456.57,31.64,65.97,0.3282,-1,-1,-1
384,6239,0.29,440.99,206.75,366.08,0.9281,-1,-1,-1
384,6240,200.84,440.36,176.50,363.06,0.8997,-1,-1,-1
384,6241,1074.02,397.25,222.69,613.74,0.8887,-1,-1,-1
384,6242,535.76,409.19,149.99,361.73,0.8887,-1,-1,-1
384,6243,350.04,435.10,100.01,312.28,0.8234,-1,-1,-1
384,6244,960.03,420.61,160.12,515.14,0.8017,-1,-1,-1
384,6245,470.24,454.12,34.96,107.96,0.7132,-1,-1,-1
384,6246,727.41,482.70,51.26,100.21,0.7090,-1,-1,-1
384,6247,947.06,440.00,58.59,140.47,0.7069,-1,-1,-1
384,6248,1257.19,448.29,36.90,92.74,0.5576,-1,-1,-1
384,6249,427.89,455.15,32.92,114.67,0.5545,-1,-1,-1
384,6250,515.10,459.39,17.00,65.50,0.4761,-1,-1,-1
384,6251,636.72,494.18,48.37,76.90,0.4757,-1,-1,-1
384,6252,693.32,484.56,42.71,100.42,0.4471,-1,-1,-1
384,6253,526.93,456.64,24.06,43.04,0.3791,-1,-1,-1
384,6254,704.75,450.47,30.77,55.19,0.3790,-1,-1,-1
384,6237,1855.64,524.06,48.92,127.32,0.3394,-1,-1,-1
384,6221,659.89,463.19,23.02,37.44,0.3393,-1,-1,-1
385,6255,0.34,440.15,209.38,366.12,0.9289,-1,-1,-1
385,6256,216.41,441.21,162.12,358.27,0.9001,-1,-1,-1
385,6221,1076.11,397.30,221.91,613.71,0.8859,-1,-1,-1
385,6257,537.08,407.65,151.40,363.33,0.8721,-1,-1,-1
385,6258,356.24,436.13,106.77,310.54,0.8556,-1,-1,-1
385,6259,971.39,419.27,149.72,517.51,0.8131,-1,-1,-1
385,6260,948.48,439.26,49.80,141.40,0.6926,-1,-1,-1
385,6261,728.28,481.53,50.46,101.00,0.6860,-1,-1,-1
385,6262,469.96,454.33,35.37,107.70,0.6778,-1,-1,-1
385,6263,514.05,460.65,16.57,64.20,0.6000,-1,-1,-1
385,6264,693.11,485.03,44.56,101.95,0.5934,-1,-1,-1
385,6265,527.85,456.12,23.66,55.29,0.5839,-1,-1,-1
385,6266,431.41,455.29,30.40,114.18,0.4929,-1,-1,-1
385,6267,1257.04,448.77,36.22,92.41,0.4845,-1,-1,-1
385,6268,706.52,450.45,28.51,55.92,0.4473,-1,-1,-1
385,6269,638.70,492.98,44.16,77.75,0.4382,-1,-1,-1
386,6270,0.44,439.03,210.03,367.46,0.9286,-1,-1,-1
386,6271,537.08,409.05,153.78,361.58,0.8917,-1,-1,-1
386,6272,1074.32,396.50,228.41,614.66,0.8834,-1,-1,-1
386,6273,362.97,436.26,123.99,310.28,0.8817,-1,-1,-1
386,6274,237.88,442.51,140.43,356.45,0.8797,-1,-1,-1
386,6259,966.87,418.42,154.32,518.42,0.7881,-1,-1,-1
386,6275,469.31,454.47,36.27,107.48,0.7044,-1,-1,-1
386,6276,728.57,481.56,49.52,107.00,0.7038,-1,-1,-1
386,6277,944.82,437.27,50.61,145.71,0.6652,-1,-1,-1
386,6278,429.36,455.90,33.66,136.14,0.6631,-1,-1,-1
386,6279,1256.80,448.51,36.57,92.46,0.5982,-1,-1,-1
386,6280,692.71,485.06,44.59,102.70,0.5488,-1,-1,-1
386,6281,526.98,455.73,24.45,64.99,0.5473,-1,-1,-1
386,6282,514.23,461.01,16.89,63.62,0.5435,-1,-1,-1
386,6283,659.85,463.06,22.99,34.56,0.3495,-1,-1,-1
387,6284,366.60,438.64,141.81,308.37,0.9044,-1,-1,-1
387,6285,3.48,436.00,207.53,367.17,0.9035,-1,-1,-1
387,6286,541.05,410.31,151.14,360.18,0.8929,-1,-1,-1
387,6287,1078.32,396.09,221.31,615.79,0.8816,-1,-1,-1
387,6288,262.71,440.16,115.12,358.67,0.8698,-1,-1,-1
387,6259,969.68,419.10,149.90,517.76,0.7820,-1,-1,-1
387,6289,726.43,480.72,51.43,116.64,0.7640,-1,-1,-1
387,6290,469.58,454.05,34.20,108.04,0.7095,-1,-1,-1
387,6291,942.90,436.74,50.38,147.87,0.6745,-1,-1,-1
387,6292,527.50,456.04,23.94,66.40,0.6096,-1,-1,-1
387,6293,514.73,460.80,17.13,63.39,0.5567,-1,-1,-1
387,6294,1256.84,449.35,34.75,91.50,0.5095,-1,-1,-1
387,6295,690.21,485.01,46.21,100.53,0.4204,-1,-1,-1
387,6296,641.23,494.64,37.25,108.84,0.3991,-1,-1,-1
387,6297,426.87,454.80,35.62,109.41,0.3262,-1,-1,-1
387,6298,708.00,449.80,26.23,61.13,0.3114,-1,-1,-1
388,6299,367.95,441.12,159.09,305.37,0.9143,-1,-1,-1
388,6300,15.05,435.12,196.64,366.77,0.9042,-1,-1,-1
388,6301,544.67,410.39,148.24,358.47,0.9025,-1,-1,-1
388,6302,1073.49,396.54,237.22,615.26,0.8672,-1,-1,-1
388,6259,281.14,440.61,97.84,358.88,0.8093,-1,-1,-1
388,6303,941.83,434.81,49.98,147.75,0.7671,-1,-1,-1
388,6304,723.30,478.85,54.05,118.55,0.7529,-1,-1,-1
388,6305,967.31,420.10,136.07,514.32,0.7156,-1,-1,-1
388,6306,468.26,454.85,35.45,106.73,0.7076,-1,-1,-1
388,6307,527.51,455.70,24.75,68.14,0.6750,-1,-1,-1
388,6308,514.48,460.97,17.65,62.23,0.5697,-1,-1,-1
388,6309,709.02,450.61,25.60,60.35,0.5618,-1,-1,-1
388,6310,1255.26,449.19,36.37,91.39,0.5120,-1,-1,-1
388,6311,551.68,457.36,17.51,48.63,0.4834,-1,-1,-1
389,6307,367.89,442.99,164.77,303.09,0.9174,-1,-1,-1
389,6312,548.28,409.56,143.67,355.24,0.9055,-1,-1,-1
389,6313,30.33,433.97,180.74,364.56,0.9037,-1,-1,-1
389,6314,1071.39,396.43,239.63,614.68,0.8690,-1,-1,-1
389,6259,287.23,439.45,93.85,359.86,0.8409,-1,-1,-1
389,6315,940.83,433.86,47.30,149.52,0.7841,-1,-1,-1
389,6316,965.74,420.61,148.71,514.22,0.7268,-1,-1,-1
389,6317,726.38,478.42,49.77,118.46,0.7103,-1,-1,-1
389,6318,527.84,455.92,26.85,67.35,0.6945,-1,-1,-1
389,6319,469.05,454.51,33.83,106.79,0.6482,-1,-1,-1
389,6320,514.08,461.12,17.55,62.26,0.5937,-1,-1,-1
389,6321,552.10,458.06,16.77,51.30,0.5488,-1,-1,-1
389,6322,708.80,449.93,24.99,63.57,0.5482,-1,-1,-1
389,6323,659.77,462.70,22.76,73.78,0.4422,-1,-1,-1
389,6310,1255.57,450.52,35.78,88.88,0.4331,-1,-1,-1
389,6324,1855.53,525.36,47.68,126.13,0.4213,-1,-1,-1
389,6305,1061.34,434.40,61.86,130.31,0.4211,-1,-1,-1
389,6309,687.28,472.38,48.65,113.74,0.3474,-1,-1,-1
389,6311,569.67,455.67,14.25,38.01,0.3115,-1,-1,-1
390,6325,553.38,408.18,139.76,341.97,0.9050,-1,-1,-1
390,6326,369.85,441.87,164.36,303.34,0.9047,-1,-1,-1
390,6327,46.25,433.75,165.10,364.92,0.8863,-1,-1,-1
390,6310,1068.50,397.13,245.37,615.13,0.8533,-1,-1,-1
390,6311,296.99,441.35,97.11,357.55,0.8097,-1,-1,-1
390,6328,936.51,433.96,49.44,150.86,0.7789,-1,-1,-1
390,6329,726.21,477.33,49.97,119.58,0.7249,-1,-1,-1
390,6330,959.59,420.72,144.50,514.40,0.7122,-1,-1,-1
390,6331,531.10,457.36,24.24,66.31,0.6557,-1,-1,-1
390,6332,514.76,460.58,19.39,62.96,0.6118,-1,-1,-1
390,6333,470.02,454.39,31.34,107.27,0.5957,-1,-1,-1
390,6334,708.89,449.73,24.60,62.59,0.5474,-1,-1,-1
390,6335,552.70,457.88,16.21,53.31,0.5035,-1,-1,-1
390,6336,687.25,480.11,48.22,104.50,0.4976,-1,-1,-1
390,6305,1254.93,449.43,35.74,86.81,0.4193,-1,-1,-1
390,6337,495.89,459.97,21.94,70.67,0.3968,-1,-1,-1
390,6338,1061.49,433.42,61.61,128.16,0.3896,-1,-1,-1
390,6322,660.71,462.80,22.07,70.79,0.3157,-1,-1,-1
391,6339,382.45,442.78,160.88,301.63,0.9098,-1,-1,-1
391,6340,561.05,408.91,131.70,340.20,0.8975,-1,-1,-1
391,6341,1058.47,395.29,254.02,616.61,0.8715,-1,-1,-1
391,6342,65.77,432.92,146.56,365.99,0.8659,-1,-1,-1
391,6343,934.36,433.18,52.26,154.70,0.7964,-1,-1,-1
391,6344,958.36,420.18,139.58,516.94,0.7316,-1,-1,-1
391,6345,726.48,477.41,49.19,120.40,0.7127,-1,-1,-1
391,6346,303.90,441.22,100.21,357.14,0.6873,-1,-1,-1
391,6347,686.77,481.96,48.35,101.67,0.6725,-1,-1,-1
391,6348,530.94,457.60,24.13,66.26,0.6635,-1,-1,-1
391,6349,514.50,460.38,19.23,63.41,0.6330,-1,-1,-1
391,6350,709.15,450.09,25.00,64.63,0.6243,-1,-1,-1
391,6351,495.76,458.81,22.01,76.13,0.5404,-1,-1,-1
391,6352,1063.53,432.26,76.43,128.84,0.4988,-1,-1,-1
391,6353,567.46,456.43,17.33,54.20,0.4819,-1,-1,-1
391,6354,1255.03,449.97,32.32,87.42,0.3748,-1,-1,-1
391,6355,467.98,454.75,30.75,107.78,0.3224,-1,-1,-1
392,6356,572.14,407.11,121.17,351.37,0.8879,-1,-1,-1
392,6357,1066.06,398.37,241.14,614.09,0.8632,-1,-1,-1
392,6358,370.20,443.37,175.54,295.65,0.8518,-1,-1,-1
392,6359,89.34,433.03,129.17,365.10,0.8271,-1,-1,-1
392,6360,309.57,441.11,114.31,357.21,0.8132,-1,-1,-1
392,6361,727.95,475.01,47.93,124.16,0.7579,-1,-1,-1
392,6362,933.69,434.14,50.45,176.98,0.7551,-1,-1,-1
392,6363,960.10,420.96,137.29,516.07,0.7359,-1,-1,-1
392,6364,514.94,460.43,19.54,63.05,0.6610,-1,-1,-1
392,6365,531.73,457.63,23.84,66.28,0.6561,-1,-1,-1
392,6366,495.88,458.94,22.07,77.32,0.6537,-1,-1,-1
392,6367,1068.93,431.87,63.58,127.98,0.6337,-1,-1,-1
392,6368,710.45,451.07,23.06,64.48,0.5892,-1,-1,-1
392,6369,569.00,457.03,17.66,54.39,0.5740,-1,-1,-1
392,6370,687.49,481.34,46.00,98.36,0.4868,-1,-1,-1
392,6371,1253.73,447.93,32.56,91.69,0.4713,-1,-1,-1
392,6372,552.50,457.87,16.48,52.55,0.4590,-1,-1,-1
393,6373,311.88,443.13,152.08,355.60,0.8823,-1,-1,-1
393,6374,1066.72,395.97,237.64,616.32,0.8752,-1,-1,-1
393,6375,582.69,406.39,112.66,343.51,0.8689,-1,-1,-1
393,6376,928.96,436.21,52.92,179.07,0.8098,-1,-1,-1
393,6377,405.00,441.75,140.18,292.22,0.7857,-1,-1,-1
393,6378,728.81,473.74,46.95,125.51,0.7442,-1,-1,-1
393,6379,965.43,421.43,132.39,514.60,0.7264,-1,-1,-1
393,6380,495.96,458.97,22.02,74.49,0.7055,-1,-1,-1
393,6381,102.00,432.86,122.87,364.90,0.6883,-1,-1,-1
393,6382,1070.74,431.72,65.27,125.18,0.6678,-1,-1,-1
393,6383,515.20,461.52,18.77,62.11,0.6624,-1,-1,-1
393,6384,531.49,461.42,24.93,62.50,0.6390,-1,-1,-1
393,6385,686.34,472.32,45.01,108.00,0.6019,-1,-1,-1
393,6386,711.10,452.17,23.00,63.01,0.5991,-1,-1,-1
393,6387,569.38,457.52,17.51,53.78,0.5938,-1,-1,-1
393,6388,1252.20,448.10,32.90,91.57,0.5039,-1,-1,-1
393,6389,1855.12,527.58,46.60,125.46,0.3273,-1,-1,-1
394,6390,1059.44,394.02,246.17,617.90,0.9082,-1,-1,-1
394,6391,311.34,445.43,161.43,352.30,0.8621,-1,-1,-1
394,6392,590.50,406.39,104.83,340.67,0.8459,-1,-1,-1
394,6393,109.36,433.87,122.71,365.11,0.8279,-1,-1,-1
394,6394,725.29,471.17,49.88,127.37,0.8122,-1,-1,-1
394,6395,927.35,438.33,49.33,174.95,0.7788,-1,-1,-1
394,6396,959.02,420.97,138.76,516.45,0.7170,-1,-1,-1
394,6397,1073.81,431.64,62.53,123.47,0.7063,-1,-1,-1
394,6398,495.36,459.70,22.43,75.67,0.6859,-1,-1,-1
394,6399,411.72,442.01,134.22,291.82,0.6832,-1,-1,-1
394,6384,514.64,461.54,19.15,63.02,0.6687,-1,-1,-1
394,6400,532.36,461.39,25.20,62.81,0.6070,-1,-1,-1
394,6401,711.99,453.17,22.85,55.19,0.5849,-1,-1,-1
394,6402,1250.11,448.18,34.51,91.66,0.5615,-1,-1,-1
394,6403,569.15,456.54,16.68,54.11,0.4986,-1,-1,-1
394,6404,1855.97,527.20,45.65,125.75,0.4578,-1,-1,-1
394,6405,686.72,470.20,43.26,105.07,0.4052,-1,-1,-1
395,6406,421.29,438.48,125.17,294.24,0.8837,-1,-1,-1
395,6407,1070.45,396.62,232.63,616.04,0.8834,-1,-1,-1
395,6408,312.53,444.92,167.42,352.57,0.8774,-1,-1,-1
395,6409,723.57,469.58,50.92,126.21,0.8289,-1,-1,-1
395,6410,594.40,406.21,104.66,340.39,0.8281,-1,-1,-1
395,6411,924.52,439.79,49.35,174.07,0.8033,-1,-1,-1
395,6412,119.94,434.77,116.24,363.56,0.7966,-1,-1,-1
395,6413,963.97,422.20,133.15,515.71,0.7421,-1,-1,-1
395,6414,1077.52,431.50,64.76,124.05,0.6457,-1,-1,-1
395,6415,515.18,460.64,20.61,63.31,0.6419,-1,-1,-1
395,6416,534.28,459.34,24.47,64.94,0.6379,-1,-1,-1
395,6417,1249.48,447.96,34.72,91.83,0.6001,-1,-1,-1
395,6418,494.84,460.76,23.12,72.39,0.5961,-1,-1,-1
395,6419,568.88,456.64,17.01,54.25,0.5268,-1,-1,-1
395,6420,684.86,460.67,44.42,115.60,0.5182,-1,-1,-1
395,6421,712.32,453.36,22.22,53.58,0.5030,-1,-1,-1
396,6422,313.89,446.65,167.59,350.75,0.8965,-1,-1,-1
396,6423,1069.19,397.65,231.35,615.01,0.8869,-1,-1,-1
396,6424,427.84,437.79,118.38,294.68,0.8706,-1,-1,-1
396,6425,125.37,435.21,134.25,362.43,0.8446,-1,-1,-1
396,6426,920.16,441.12,55.55,171.99,0.8401,-1,-1,-1
396,6427,722.22,469.42,51.83,125.84,0.8024,-1,-1,-1
396,6428,977.55,421.71,120.29,515.92,0.7209,-1,-1,-1
396,6429,613.44,404.97,92.48,343.01,0.7029,-1,-1,-1
396,6430,1083.33,432.01,58.96,123.97,0.6665,-1,-1,-1
396,6431,533.98,459.39,24.24,64.72,0.6429,-1,-1,-1
396,6432,515.61,461.23,20.68,61.60,0.6347,-1,-1,-1
396,6433,569.10,457.43,17.03,53.93,0.5681,-1,-1,-1
396,6434,713.02,453.30,22.77,53.27,0.5218,-1,-1,-1
396,6435,1248.85,447.35,33.48,90.32,0.4710,-1,-1,-1
396,6436,586.69,458.09,17.39,53.75,0.4124,-1,-1,-1
396,6437,685.67,462.20,39.99,122.44,0.4069,-1,-1,-1
396,6438,973.09,484.14,34.90,74.84,0.3337,-1,-1,-1
397,6439,313.40,447.44,172.76,349.20,0.9025,-1,-1,-1
397,6440,1068.29,397.18,234.29,615.47,0.8960,-1,-1,-1
397,6441,432.09,437.42,114.30,295.09,0.8740,-1,-1,-1
397,6442,133.30,436.19,145.90,361.61,0.8422,-1,-1,-1
397,6443,596.89,404.60,115.44,344.19,0.8205,-1,-1,-1
397,6444,917.86,440.72,52.03,173.46,0.7933,-1,-1,-1
397,6445,721.42,469.06,50.83,127.11,0.7872,-1,-1,-1
397,6446,972.92,422.45,124.67,515.17,0.7323,-1,-1,-1
397,6447,1085.61,431.95,57.43,122.59,0.6294,-1,-1,-1
397,6448,1248.82,447.26,34.57,90.42,0.6151,-1,-1,-1
397,6449,534.85,457.95,24.26,66.04,0.5861,-1,-1,-1
397,6450,568.44,456.11,17.72,55.04,0.5536,-1,-1,-1
397,6451,713.97,453.55,21.56,52.29,0.5159,-1,-1,-1
397,6452,586.46,457.00,16.40,54.61,0.5130,-1,-1,-1
397,6453,514.69,461.05,19.86,63.34,0.4319,-1,-1,-1
397,6454,967.35,483.48,40.29,78.95,0.4155,-1,-1,-1
397,6455,965.41,453.69,23.08,68.62,0.4123,-1,-1,-1
397,6456,992.13,448.06,22.79,59.83,0.3233,-1,-1,-1
397,6457,1306.50,430.85,31.54,113.35,0.3033,-1,-1,-1
398,6458,135.31,438.33,154.73,359.93,0.9156,-1,-1,-1
398,6459,313.52,445.31,171.83,350.63,0.9092,-1,-1,-1
398,6460,1070.27,397.69,237.38,615.09,0.9017,-1,-1,-1
398,6461,441.33,435.88,105.64,296.82,0.8781,-1,-1,-1
398,6462,596.71,405.18,121.25,342.65,0.8371,-1,-1,-1
398,6463,718.81,469.41,52.84,127.01,0.8010,-1,-1,-1
398,6464,915.73,440.65,52.34,174.29,0.7599,-1,-1,-1
398,6465,974.33,422.74,126.44,514.80,0.7145,-1,-1,-1
398,6466,538.55,456.39,21.04,67.56,0.6388,-1,-1,-1
398,6467,586.66,456.26,16.25,55.21,0.5677,-1,-1,-1
398,6468,568.40,455.45,17.96,55.51,0.5608,-1,-1,-1
398,6469,1249.12,447.19,34.09,90.33,0.5558,-1,-1,-1
398,6470,966.11,453.74,23.88,69.68,0.5516,-1,-1,-1
398,6471,1086.14,431.54,59.21,121.97,0.5510,-1,-1,-1
398,6472,714.37,453.69,21.12,45.23,0.5292,-1,-1,-1
398,6473,992.15,448.51,22.43,60.98,0.3427,-1,-1,-1
399,6474,135.64,437.98,185.74,359.80,0.9107,-1,-1,-1
399,6475,312.92,448.15,176.27,346.01,0.9023,-1,-1,-1
399,6476,1071.49,396.52,235.55,616.68,0.8866,-1,-1,-1
399,6477,457.85,437.34,89.04,295.34,0.8739,-1,-1,-1
399,6478,604.77,404.68,128.23,343.46,0.8423,-1,-1,-1
399,6479,718.74,465.42,51.88,132.00,0.7642,-1,-1,-1
399,6480,983.40,422.60,114.44,514.07,0.7321,-1,-1,-1
399,6481,913.38,441.91,53.00,170.72,0.7007,-1,-1,-1
399,6482,1246.17,447.10,35.95,89.72,0.6270,-1,-1,-1
399,6483,567.35,454.91,19.18,56.76,0.6138,-1,-1,-1
399,6484,586.31,456.56,17.96,54.98,0.5924,-1,-1,-1
399,6485,536.73,457.06,22.88,67.04,0.5606,-1,-1,-1
399,6486,713.97,454.08,22.46,50.35,0.5265,-1,-1,-1
399,6487,966.07,454.04,22.59,68.47,0.5059,-1,-1,-1
399,6488,1092.73,429.78,44.84,115.20,0.4715,-1,-1,-1
400,6483,136.04,438.56,196.44,358.56,0.9199,-1,-1,-1
400,6489,1072.02,396.82,232.97,616.90,0.8972,-1,-1,-1
400,6490,333.40,447.10,157.01,347.46,0.8953,-1,-1,-1
400,6491,608.83,405.69,136.33,341.81,0.8508,-1,-1,-1
400,6492,471.84,433.63,79.35,298.19,0.8451,-1,-1,-1
400,6493,978.70,422.70,119.20,513.74,0.7268,-1,-1,-1
400,6494,717.47,466.02,51.61,130.89,0.7081,-1,-1,-1
400,6495,911.24,441.15,50.71,171.79,0.6778,-1,-1,-1
400,6496,537.08,457.71,22.94,66.82,0.6319,-1,-1,-1
400,6497,1245.91,447.09,35.70,91.17,0.6275,-1,-1,-1
400,6498,567.82,456.73,17.88,54.24,0.5543,-1,-1,-1
400,6499,586.09,457.66,16.51,53.69,0.5366,-1,-1,-1
400,6500,714.45,452.84,22.22,54.17,0.5360,-1,-1,-1
400,6501,966.17,453.21,24.33,67.45,0.4814,-1,-1,-1
400,6502,970.73,484.30,37.46,61.52,0.3307,-1,-1,-1
400,6503,1884.20,410.19,35.35,193.86,0.3076,-1,-1,-1
401,6494,138.96,440.17,188.42,356.23,0.9088,-1,-1,-1
401,6504,1072.14,395.13,213.66,620.67,0.8825,-1,-1,-1
401,6505,333.60,453.55,157.66,339.67,0.8743,-1,-1,-1
401,6506,609.07,407.64,151.97,339.66,0.8650,-1,-1,-1
401,6507,474.16,432.86,84.48,299.42,0.8338,-1,-1,-1
401,6508,716.49,467.12,51.71,135.35,0.7348,-1,-1,-1
401,6509,909.74,437.57,48.08,175.77,0.7252,-1,-1,-1
401,6510,970.96,423.09,128.11,512.19,0.7203,-1,-1,-1
401,6511,538.21,457.41,22.28,65.98,0.6636,-1,-1,-1
401,6512,1244.80,447.35,36.18,91.52,0.6507,-1,-1,-1
401,6513,585.77,458.99,17.51,52.01,0.5752,-1,-1,-1
401,6514,966.20,452.02,27.62,69.44,0.5641,-1,-1,-1
401,6515,570.43,457.80,15.36,53.14,0.4940,-1,-1,-1
401,6516,714.50,452.30,22.23,54.42,0.4586,-1,-1,-1
401,6517,993.93,448.26,20.07,61.47,0.3451,-1,-1,-1
401,6503,1884.68,410.53,34.86,200.64,0.3377,-1,-1,-1
402,6505,140.18,440.93,196.18,354.91,0.9192,-1,-1,-1
402,6518,347.83,444.17,143.23,346.22,0.8757,-1,-1,-1
402,6519,1075.22,395.41,213.25,619.63,0.8661,-1,-1,-1
402,6483,616.17,407.38,155.03,340.10,0.8642,-1,-1,-1
402,6510,479.63,433.87,88.75,298.57,0.8441,-1,-1,-1
402,6520,709.65,466.96,56.94,133.47,0.7714,-1,-1,-1
402,6521,907.80,447.77,47.15,166.62,0.7434,-1,-1,-1
402,6522,981.10,423.42,118.45,512.87,0.7328,-1,-1,-1
402,6523,1244.31,447.79,35.45,91.13,0.6116,-1,-1,-1
402,6524,966.66,452.28,28.04,69.50,0.5979,-1,-1,-1
402,6525,539.13,455.61,22.32,68.84,0.5746,-1,-1,-1
402,6526,714.46,452.00,22.32,48.25,0.5380,-1,-1,-1
402,6527,585.47,457.85,18.02,53.05,0.4996,-1,-1,-1
402,6528,937.93,444.92,26.66,71.47,0.3972,-1,-1,-1
402,6529,966.82,485.92,40.73,77.37,0.3903,-1,-1,-1
402,6530,1884.93,407.46,34.61,225.06,0.3555,-1,-1,-1
402,6387,569.39,456.53,17.31,54.85,0.3474,-1,-1,-1
402,6509,994.82,448.23,18.53,62.63,0.3334,-1,-1,-1
402,6506,577.49,495.17,46.28,113.53,0.3077,-1,-1,-1
403,6483,142.67,440.51,206.51,355.47,0.9250,-1,-1,-1
403,6531,622.96,407.12,158.59,340.40,0.9027,-1,-1,-1
403,6532,351.95,444.47,139.49,327.55,0.8971,-1,-1,-1
403,6533,1074.36,395.70,208.85,618.73,0.8728,-1,-1,-1
403,6505,489.24,432.33,101.28,299.16,0.8596,-1,-1,-1
403,6509,711.30,467.25,54.50,132.62,0.8000,-1,-1,-1
403,6534,978.81,423.41,121.32,513.15,0.7395,-1,-1,-1
403,6535,567.51,493.07,57.72,116.56,0.6916,-1,-1,-1
403,6536,900.76,448.26,50.53,165.87,0.6889,-1,-1,-1
403,6537,1242.59,447.65,35.18,90.85,0.5742,-1,-1,-1
403,6538,967.39,451.15,28.32,70.91,0.5712,-1,-1,-1
403,6539,584.80,459.26,18.28,47.21,0.4279,-1,-1,-1
403,6540,994.10,447.69,19.57,65.32,0.4239,-1,-1,-1
403,6541,617.82,456.17,25.55,41.94,0.3864,-1,-1,-1
403,6542,715.37,452.23,21.51,46.25,0.3614,-1,-1,-1
403,6543,942.98,445.43,22.11,69.08,0.3338,-1,-1,-1
404,6483,143.49,439.32,205.48,354.66,0.9218,-1,-1,-1
404,6544,367.10,441.86,124.96,331.99,0.8912,-1,-1,-1
404,6545,626.39,406.95,163.35,340.17,0.8899,-1,-1,-1
404,6546,1076.23,395.09,220.51,620.41,0.8678,-1,-1,-1
404,6547,491.63,434.71,119.33,297.26,0.8630,-1,-1,-1
404,6510,715.24,465.59,49.51,140.53,0.7880,-1,-1,-1
404,6548,897.32,449.00,53.52,165.37,0.7502,-1,-1,-1
404,6549,986.63,423.45,111.85,512.52,0.7310,-1,-1,-1
404,6550,567.01,495.47,60.42,115.42,0.6873,-1,-1,-1
404,6551,968.56,451.54,28.90,70.78,0.6665,-1,-1,-1
404,6552,1242.02,448.20,34.93,90.28,0.6305,-1,-1,-1
404,6553,380.47,462.41,42.54,53.18,0.4414,-1,-1,-1
404,6554,568.46,455.54,19.05,56.35,0.4257,-1,-1,-1
404,6555,994.02,447.69,21.42,65.75,0.3926,-1,-1,-1
404,6556,956.31,485.83,50.63,79.39,0.3726,-1,-1,-1
404,6557,935.69,445.25,31.40,70.65,0.3668,-1,-1,-1
404,6558,461.62,454.51,30.40,84.17,0.3243,-1,-1,-1
404,6559,584.84,458.61,18.89,42.85,0.3164,-1,-1,-1
404,6560,1885.70,406.44,33.84,218.56,0.3133,-1,-1,-1
405,6561,153.50,438.23,195.43,354.76,0.9133,-1,-1,-1
405,6562,630.49,407.11,162.56,340.34,0.8987,-1,-1,-1
405,6563,495.70,437.25,134.70,294.34,0.8752,-1,-1,-1
405,6560,1078.78,392.89,199.96,622.34,0.8665,-1,-1,-1
405,6564,382.75,441.01,108.75,332.06,0.8362,-1,-1,-1
405,6565,719.30,465.81,44.15,139.30,0.7653,-1,-1,-1
405,6566,983.48,423.31,115.57,513.16,0.7470,-1,-1,-1
405,6567,895.85,440.61,50.83,173.61,0.7272,-1,-1,-1
405,6568,1241.37,448.10,34.10,90.23,0.6846,-1,-1,-1
405,6569,570.38,494.54,48.75,117.34,0.6488,-1,-1,-1
405,6570,380.47,462.51,43.23,57.22,0.5531,-1,-1,-1
405,6571,969.43,445.46,28.98,77.79,0.4895,-1,-1,-1
405,6572,1885.65,407.46,33.89,217.63,0.4068,-1,-1,-1
405,6573,948.70,447.70,18.68,67.56,0.3943,-1,-1,-1
405,6574,1305.76,430.06,33.42,115.25,0.3581,-1,-1,-1
405,6575,584.44,459.87,19.07,37.23,0.3386,-1,-1,-1
405,6324,1855.54,523.80,47.15,131.18,0.3267,-1,-1,-1
405,6576,997.11,447.91,22.92,65.81,0.3044,-1,-1,-1
406,6577,161.79,437.54,187.99,353.64,0.9171,-1,-1,-1
406,6578,636.65,408.07,159.14,338.66,0.9048,-1,-1,-1
406,6579,495.76,438.45,145.94,293.44,0.8661,-1,-1,-1
406,6580,1078.16,394.60,196.33,620.99,0.8579,-1,-1,-1
406,6581,399.89,441.31,96.13,330.64,0.8518,-1,-1,-1
406,6582,720.85,467.30,41.74,139.55,0.7669,-1,-1,-1
406,6583,989.05,423.55,109.42,512.77,0.7497,-1,-1,-1
406,6584,894.03,444.70,50.91,169.22,0.7308,-1,-1,-1
406,6585,572.66,494.38,41.60,122.82,0.6918,-1,-1,-1
406,6586,1242.81,448.24,33.35,90.08,0.6614,-1,-1,-1
406,6587,380.20,463.31,43.80,55.97,0.6053,-1,-1,-1
406,6588,617.67,458.39,28.68,72.51,0.5773,-1,-1,-1
406,6589,948.80,448.84,19.81,66.91,0.5479,-1,-1,-1
406,6590,970.56,445.36,26.52,78.56,0.4870,-1,-1,-1
406,6591,1886.25,405.93,33.28,217.14,0.3605,-1,-1,-1
406,6592,1306.22,430.19,33.09,114.13,0.3368,-1,-1,-1
406,6593,996.87,448.12,22.19,65.32,0.3334,-1,-1,-1
406,6594,584.11,459.67,18.36,37.17,0.3323,-1,-1,-1
406,6595,595.25,452.16,18.92,52.69,0.3106,-1,-1,-1
407,6596,639.84,408.34,154.26,338.24,0.9086,-1,-1,-1
407,6597,176.44,434.96,172.73,354.43,0.8954,-1,-1,-1
407,6598,497.98,439.61,149.95,292.50,0.8857,-1,-1,-1
407,6599,1076.71,398.00,190.67,616.96,0.8747,-1,-1,-1
407,6600,412.06,442.09,91.56,329.60,0.8514,-1,-1,-1
407,6601,882.62,440.67,61.44,173.44,0.7810,-1,-1,-1
407,6587,990.74,423.56,108.18,512.95,0.7571,-1,-1,-1
407,6602,725.04,468.13,35.90,137.18,0.7051,-1,-1,-1
407,6603,617.42,458.56,29.04,73.45,0.7030,-1,-1,-1
407,6604,380.25,463.26,43.99,57.66,0.5886,-1,-1,-1
407,6605,1245.86,448.31,28.74,90.53,0.5806,-1,-1,-1
407,6606,947.42,449.36,22.90,67.51,0.5218,-1,-1,-1
407,6607,970.78,445.84,27.56,75.10,0.4924,-1,-1,-1
407,6608,584.32,459.92,18.81,45.93,0.3891,-1,-1,-1
407,6609,997.17,447.99,23.20,65.03,0.3713,-1,-1,-1
407,6610,570.50,485.93,39.66,132.10,0.3536,-1,-1,-1
407,6611,1884.80,404.33,34.74,212.68,0.3422,-1,-1,-1
408,6612,499.98,439.13,149.54,292.97,0.9168,-1,-1,-1
408,6613,642.55,409.82,153.40,336.92,0.9068,-1,-1,-1
408,6614,417.80,438.10,93.64,333.75,0.8599,-1,-1,-1
408,6615,204.18,435.59,144.76,339.37,0.8596,-1,-1,-1
408,6616,1077.50,397.80,190.95,616.21,0.8590,-1,-1,-1
408,6617,880.10,441.88,60.61,172.81,0.8201,-1,-1,-1
408,6618,991.62,423.38,107.24,513.39,0.7666,-1,-1,-1
408,6619,618.27,458.54,28.02,73.83,0.7183,-1,-1,-1
408,6620,380.60,461.71,47.02,59.90,0.6151,-1,-1,-1
408,6621,946.75,448.58,26.31,72.30,0.6084,-1,-1,-1
408,6622,585.20,461.12,17.34,46.27,0.5020,-1,-1,-1
408,6623,1242.62,448.76,32.20,90.13,0.4971,-1,-1,-1
408,6624,972.28,453.08,25.29,67.24,0.4891,-1,-1,-1
408,6625,970.83,484.30,38.16,76.09,0.4028,-1,-1,-1
408,6626,595.93,452.23,16.95,54.52,0.3281,-1,-1,-1
409,6627,643.35,412.00,152.31,334.85,0.9114,-1,-1,-1
409,6628,501.69,441.37,149.79,290.35,0.8955,-1,-1,-1
409,6629,208.04,433.74,141.54,340.35,0.8724,-1,-1,-1
409,6630,1071.66,398.15,193.75,618.38,0.8693,-1,-1,-1
409,6631,423.65,439.29,101.31,331.85,0.8508,-1,-1,-1
409,6632,876.55,440.94,63.47,172.70,0.8465,-1,-1,-1
409,6633,992.26,422.86,106.81,513.15,0.7901,-1,-1,-1
409,6634,618.05,457.79,28.85,75.77,0.7504,-1,-1,-1
409,6635,951.30,449.17,21.75,72.09,0.5557,-1,-1,-1
409,6636,1245.67,449.01,27.89,89.54,0.5029,-1,-1,-1
409,6637,999.21,448.02,23.04,67.92,0.4546,-1,-1,-1
409,6638,381.20,462.03,44.96,62.24,0.4199,-1,-1,-1
409,6639,418.11,456.08,32.22,48.55,0.4058,-1,-1,-1
409,6640,595.89,452.18,17.45,55.67,0.3921,-1,-1,-1
409,6641,489.04,461.70,23.49,80.14,0.3810,-1,-1,-1
409,6617,972.57,457.46,27.38,63.88,0.3490,-1,-1,-1
410,6642,645.50,410.11,150.45,335.85,0.9109,-1,-1,-1
410,6643,511.01,436.80,143.43,294.95,0.8971,-1,-1,-1
410,6644,223.36,430.74,127.48,342.84,0.8805,-1,-1,-1
410,6645,428.01,438.05,116.34,332.65,0.8598,-1,-1,-1
410,6646,1069.59,396.90,195.47,620.10,0.8429,-1,-1,-1
410,6587,877.33,441.08,61.95,171.52,0.8249,-1,-1,-1
410,6647,992.13,422.50,107.33,513.28,0.7752,-1,-1,-1
410,6648,618.46,457.81,27.66,74.97,0.7064,-1,-1,-1
410,6649,953.63,449.78,21.03,75.22,0.6488,-1,-1,-1
410,6650,419.09,456.48,31.98,55.59,0.5782,-1,-1,-1
410,6651,935.60,446.32,24.44,69.43,0.4930,-1,-1,-1
410,6652,952.94,483.70,56.07,98.42,0.4863,-1,-1,-1
410,6653,381.36,462.09,45.72,57.18,0.4739,-1,-1,-1
410,6654,1241.47,448.49,31.59,90.48,0.4491,-1,-1,-1
410,6655,974.57,452.52,27.47,65.13,0.4405,-1,-1,-1
410,6656,492.85,464.96,21.89,71.80,0.4029,-1,-1,-1
410,6632,1000.61,448.11,23.25,67.41,0.3594,-1,-1,-1
411,6587,645.70,411.83,150.33,331.41,0.9121,-1,-1,-1
411,6657,524.82,435.22,129.66,294.22,0.9019,-1,-1,-1
411,6658,433.66,440.43,127.87,330.25,0.8817,-1,-1,-1
411,6659,1065.68,397.02,196.79,620.57,0.8563,-1,-1,-1
411,6660,877.45,441.83,60.62,170.67,0.8506,-1,-1,-1
411,6661,249.40,431.95,104.33,341.00,0.8089,-1,-1,-1
411,6662,988.86,422.87,109.79,512.74,0.7623,-1,-1,-1
411,6663,618.52,457.53,27.82,76.28,0.7199,-1,-1,-1
411,6655,952.90,449.79,24.38,73.41,0.6966,-1,-1,-1
411,6664,418.44,456.07,33.35,59.91,0.5678,-1,-1,-1
411,6665,381.05,462.10,45.83,57.02,0.5200,-1,-1,-1
411,6666,1247.13,448.85,24.45,89.39,0.4752,-1,-1,-1
411,6667,1001.09,448.15,21.97,70.02,0.4653,-1,-1,-1
411,6668,975.89,452.90,26.59,66.27,0.3438,-1,-1,-1
411,6669,935.57,446.28,24.41,71.47,0.3335,-1,-1,-1
412,6587,647.27,409.91,148.33,332.63,0.9165,-1,-1,-1
412,6655,528.05,434.11,127.15,287.72,0.9028,-1,-1,-1
412,6670,435.59,441.39,140.26,329.08,0.8893,-1,-1,-1
412,6671,267.55,431.38,97.73,344.35,0.8588,-1,-1,-1
412,6672,1063.78,398.45,194.02,618.42,0.8481,-1,-1,-1
412,6673,877.24,441.17,58.04,169.22,0.8298,-1,-1,-1
412,6658,988.39,422.80,109.87,513.73,0.7694,-1,-1,-1
412,6674,618.87,456.99,27.02,72.82,0.7152,-1,-1,-1
412,6668,951.71,450.45,26.45,73.67,0.7010,-1,-1,-1
412,6675,418.76,456.29,33.41,69.43,0.6451,-1,-1,-1
412,6676,1240.09,448.92,30.29,88.94,0.5486,-1,-1,-1
412,6677,381.46,462.01,42.61,57.52,0.5182,-1,-1,-1
412,6678,1001.21,447.77,23.02,70.50,0.5088,-1,-1,-1
412,6679,1183.36,422.46,86.66,190.77,0.4622,-1,-1,-1
412,6680,520.17,459.37,22.29,62.81,0.4449,-1,-1,-1
412,6681,654.95,462.47,25.86,71.72,0.3764,-1,-1,-1
412,6667,976.57,449.88,26.19,68.68,0.3647,-1,-1,-1
412,6682,970.63,484.57,38.96,81.92,0.3270,-1,-1,-1
413,6587,650.79,408.30,145.07,333.86,0.9126,-1,-1,-1
413,6681,536.71,436.92,118.22,280.94,0.8953,-1,-1,-1
413,6683,272.44,431.81,101.89,343.28,0.8720,-1,-1,-1
413,6684,434.87,442.62,156.17,327.58,0.8668,-1,-1,-1
413,6685,1061.55,398.85,197.20,617.60,0.8463,-1,-1,-1
413,6686,979.54,419.92,119.99,517.26,0.8058,-1,-1,-1
413,6687,876.29,441.11,57.28,169.48,0.7932,-1,-1,-1
413,6688,954.89,450.36,23.91,74.93,0.7271,-1,-1,-1
413,6689,617.66,457.02,27.84,74.29,0.7176,-1,-1,-1
413,6671,417.84,456.52,34.21,73.78,0.6206,-1,-1,-1
413,6690,520.46,459.86,23.09,65.01,0.6177,-1,-1,-1
413,6691,1238.78,448.22,31.37,89.51,0.5925,-1,-1,-1
413,6692,381.49,461.93,47.43,112.75,0.5597,-1,-1,-1
413,6693,1000.78,448.03,23.11,70.46,0.5436,-1,-1,-1
413,6694,1181.56,419.16,87.46,192.64,0.5045,-1,-1,-1
413,6673,953.74,485.47,55.86,96.93,0.4614,-1,-1,-1
413,6695,978.03,453.19,24.71,62.99,0.3949,-1,-1,-1
414,6696,435.35,442.25,158.71,327.94,0.8965,-1,-1,-1
414,6681,546.87,431.01,108.24,287.13,0.8905,-1,-1,-1
414,6697,656.50,408.20,140.13,333.08,0.8875,-1,-1,-1
414,6698,279.96,431.59,103.75,341.97,0.8450,-1,-1,-1
414,6699,1058.52,397.30,197.43,618.65,0.8377,-1,-1,-1
414,6700,875.79,441.18,53.92,167.07,0.8356,-1,-1,-1
414,6701,983.17,418.64,114.92,518.52,0.8197,-1,-1,-1
414,6702,381.20,461.14,45.09,115.13,0.7237,-1,-1,-1
414,6703,955.05,450.36,24.05,74.15,0.7105,-1,-1,-1
414,6704,416.91,456.16,35.66,84.55,0.6226,-1,-1,-1
414,6705,617.32,456.35,28.58,73.27,0.5523,-1,-1,-1
414,6706,1242.16,448.45,25.92,89.35,0.4964,-1,-1,-1
414,6707,1002.15,447.94,21.94,70.28,0.4895,-1,-1,-1
414,6708,1176.59,416.09,91.92,203.20,0.4850,-1,-1,-1
414,6709,979.57,453.74,24.68,62.65,0.4181,-1,-1,-1
414,6710,662.16,463.04,21.82,41.56,0.3855,-1,-1,-1
414,6711,954.07,485.83,55.07,96.99,0.3680,-1,-1,-1
414,6712,459.70,456.69,23.44,50.29,0.3634,-1,-1,-1
414,6675,524.28,461.11,18.62,63.66,0.3374,-1,-1,-1
414,6713,538.70,456.59,24.01,72.56,0.3032,-1,-1,-1
415,6714,661.52,407.59,135.08,332.80,0.9003,-1,-1,-1
415,6715,433.23,444.76,163.32,325.22,0.8838,-1,-1,-1
415,6716,548.73,432.30,107.10,287.14,0.8833,-1,-1,-1
415,6717,284.86,433.58,118.99,340.24,0.8793,-1,-1,-1
415,6718,1056.31,398.17,195.66,617.65,0.8478,-1,-1,-1
415,6719,872.61,439.43,52.75,165.91,0.8271,-1,-1,-1
415,6720,978.31,418.53,118.67,519.05,0.8052,-1,-1,-1
415,6721,381.28,460.83,46.34,114.83,0.7356,-1,-1,-1
415,6722,956.26,450.05,23.18,74.62,0.6802,-1,-1,-1
415,6698,415.85,456.46,35.87,87.87,0.6345,-1,-1,-1
415,6723,453.89,455.89,35.23,56.74,0.6191,-1,-1,-1
415,6724,642.16,491.41,43.82,95.12,0.5873,-1,-1,-1
415,6725,1000.06,448.05,24.23,74.49,0.5495,-1,-1,-1
415,6726,1238.44,449.22,28.19,88.94,0.4708,-1,-1,-1
415,6727,618.08,455.95,28.02,76.87,0.4320,-1,-1,-1
415,6728,1176.23,419.49,91.87,193.68,0.3766,-1,-1,-1
415,6729,662.36,462.96,22.57,40.47,0.3122,-1,-1,-1
416,6730,432.64,445.86,164.47,323.82,0.8982,-1,-1,-1
416,6731,670.03,407.27,126.90,328.54,0.8919,-1,-1,-1
416,6732,287.27,433.76,137.73,339.39,0.8769,-1,-1,-1
416,6733,564.94,432.30,90.98,285.99,0.8754,-1,-1,-1
416,6715,1053.19,399.35,204.33,619.47,0.8694,-1,-1,-1
416,6734,871.18,439.17,48.74,165.89,0.8356,-1,-1,-1
416,6735,381.36,461.60,47.44,114.13,0.7636,-1,-1,-1
416,6736,987.59,414.37,107.11,522.70,0.7457,-1,-1,-1
416,6737,958.75,449.15,23.27,75.03,0.6803,-1,-1,-1
416,6738,642.17,491.74,44.60,95.74,0.6544,-1,-1,-1
416,6739,416.17,456.99,35.76,92.84,0.6333,-1,-1,-1
416,6740,1001.32,448.15,23.95,74.74,0.6173,-1,-1,-1
416,6741,1237.81,448.52,27.94,84.13,0.5399,-1,-1,-1
416,6742,541.40,456.20,23.20,65.36,0.4626,-1,-1,-1
416,6743,460.50,455.83,28.16,57.76,0.4613,-1,-1,-1
416,6744,954.71,484.83,54.89,98.73,0.4481,-1,-1,-1
416,6745,1171.98,415.52,96.19,196.83,0.4445,-1,-1,-1
416,6729,662.30,463.07,23.04,41.76,0.3146,-1,-1,-1
417,6746,678.23,406.59,122.63,325.97,0.9043,-1,-1,-1
417,6747,431.89,446.66,166.27,322.74,0.9030,-1,-1,-1
417,6748,1052.99,396.13,200.02,621.05,0.8723,-1,-1,-1
417,6749,286.55,435.93,142.90,337.64,0.8418,-1,-1,-1
417,6750,579.24,432.48,83.84,285.94,0.8415,-1,-1,-1
417,6751,866.74,438.00,46.80,166.83,0.8386,-1,-1,-1
417,6752,992.82,415.22,102.12,522.44,0.7894,-1,-1,-1
417,6753,381.52,461.77,47.35,114.35,0.7867,-1,-1,-1
417,6737,960.57,449.09,22.71,74.63,0.6517,-1,-1,-1
417,6754,416.22,456.89,37.03,100.94,0.6153,-1,-1,-1
417,6755,454.13,455.13,35.52,72.44,0.5936,-1,-1,-1
417,6756,1003.64,448.16,20.98,74.81,0.5508,-1,-1,-1
417,6757,954.52,484.65,55.34,99.39,0.5120,-1,-1,-1
417,6758,1169.06,412.16,101.88,202.93,0.4281,-1,-1,-1
417,6759,1166.87,414.18,153.16,492.07,0.4256,-1,-1,-1
417,6760,1243.17,448.71,21.07,78.08,0.3644,-1,-1,-1
417,6761,641.56,490.82,45.01,102.34,0.3295,-1,-1,-1
417,6762,983.99,454.56,22.47,49.97,0.3265,-1,-1,-1
418,6763,687.44,406.95,115.80,324.28,0.9018,-1,-1,-1
418,6764,437.57,448.75,163.69,318.14,0.8940,-1,-1,-1
418,6765,286.97,438.18,162.52,334.74,0.8883,-1,-1,-1
418,6766,1050.11,396.59,203.33,620.86,0.8823,-1,-1,-1
418,6767,861.32,437.43,50.41,166.63,0.8250,-1,-1,-1
418,6768,590.41,431.73,74.31,286.82,0.8165,-1,-1,-1
418,6769,382.09,462.12,46.10,113.96,0.7961,-1,-1,-1
418,6770,989.55,414.82,103.33,523.00,0.7528,-1,-1,-1
418,6771,961.86,448.50,21.63,74.89,0.6807,-1,-1,-1
418,6772,415.88,456.99,36.39,107.17,0.6682,-1,-1,-1
418,6773,954.53,484.32,54.97,98.79,0.5778,-1,-1,-1
418,6774,456.57,458.57,31.81,76.01,0.5740,-1,-1,-1
418,6775,1004.54,448.37,19.47,75.21,0.5215,-1,-1,-1
418,6776,984.13,453.70,23.38,55.16,0.3838,-1,-1,-1
418,6777,479.64,455.83,27.52,50.31,0.3669,-1,-1,-1
418,6778,662.17,463.20,21.85,44.47,0.3483,-1,-1,-1
419,6779,694.24,406.52,114.51,324.50,0.8909,-1,-1,-1
419,6780,1048.67,396.88,201.78,620.31,0.8861,-1,-1,-1
419,6781,286.91,437.64,162.59,334.87,0.8824,-1,-1,-1
419,6782,440.85,443.88,160.24,321.50,0.8801,-1,-1,-1
419,6783,861.11,436.66,49.40,167.65,0.8219,-1,-1,-1
419,6784,990.15,415.60,101.54,521.13,0.8157,-1,-1,-1
419,6785,382.02,461.22,45.87,114.72,0.7398,-1,-1,-1
419,6786,416.57,457.18,35.14,113.12,0.7287,-1,-1,-1
419,6787,595.22,431.64,72.27,286.18,0.7097,-1,-1,-1
419,6788,963.85,448.45,20.60,74.54,0.6914,-1,-1,-1
419,6789,954.66,484.02,55.13,99.39,0.6469,-1,-1,-1
419,6790,1004.43,448.44,19.87,74.85,0.5484,-1,-1,-1
419,6791,455.52,458.61,32.14,79.04,0.5300,-1,-1,-1
419,6792,479.88,455.87,28.17,54.02,0.5037,-1,-1,-1
419,6793,1163.56,415.20,156.80,493.69,0.4720,-1,-1,-1
419,6794,570.31,455.93,17.63,41.85,0.3780,-1,-1,-1
419,6762,985.58,453.52,21.12,49.87,0.3248,-1,-1,-1
420,6795,288.55,439.57,170.36,330.67,0.9046,-1,-1,-1
420,6796,697.89,406.33,115.70,324.14,0.8908,-1,-1,-1
420,6797,1047.25,396.37,202.37,620.39,0.8816,-1,-1,-1
420,6798,601.44,431.84,86.76,286.77,0.8809,-1,-1,-1
420,6799,452.80,441.82,147.28,323.00,0.8780,-1,-1,-1
420,6800,863.19,436.60,42.48,168.69,0.8149,-1,-1,-1
420,6801,989.59,417.62,101.56,520.12,0.8072,-1,-1,-1
420,6802,416.92,456.59,35.41,114.04,0.7119,-1,-1,-1
420,6803,964.61,447.75,20.85,75.82,0.6736,-1,-1,-1
420,6804,451.56,456.35,35.97,87.92,0.5906,-1,-1,-1
420,6789,955.05,484.57,54.98,98.53,0.5651,-1,-1,-1
420,6805,389.67,462.25,37.98,112.69,0.5241,-1,-1,-1
420,6806,1005.31,448.43,19.09,73.01,0.5199,-1,-1,-1
420,6807,1158.37,416.11,157.36,492.88,0.4844,-1,-1,-1
420,6808,570.44,456.59,17.96,52.90,0.4757,-1,-1,-1
420,6809,479.06,456.86,28.83,54.17,0.4585,-1,-1,-1
420,6810,985.81,453.67,22.94,50.70,0.3119,-1,-1,-1
421,6811,286.72,440.12,176.02,331.61,0.9087,-1,-1,-1
421,6812,1047.41,397.42,200.25,619.06,0.8911,-1,-1,-1
421,6813,700.11,406.51,116.72,323.33,0.8783,-1,-1,-1
421,6814,461.41,437.82,139.37,324.36,0.8685,-1,-1,-1
421,6815,606.46,433.77,95.47,283.41,0.8536,-1,-1,-1
421,6816,860.95,438.31,45.30,166.05,0.8098,-1,-1,-1
421,6817,985.20,419.58,105.60,517.83,0.7799,-1,-1,-1
421,6818,414.99,456.99,36.98,115.49,0.7272,-1,-1,-1
421,6819,450.00,456.39,36.43,92.56,0.6615,-1,-1,-1
421,6820,965.38,447.72,20.70,77.00,0.6367,-1,-1,-1
421,6821,956.13,484.64,53.93,97.55,0.5569,-1,-1,-1
421,6822,1156.06,413.42,157.46,493.56,0.5554,-1,-1,-1
421,6823,480.35,455.86,27.13,56.06,0.5395,-1,-1,-1
421,6824,570.57,456.88,17.26,52.35,0.3975,-1,-1,-1
421,6825,1006.36,448.27,17.98,55.29,0.3812,-1,-1,-1
421,6826,1220.21,432.27,73.70,156.07,0.3691,-1,-1,-1
421,6827,683.44,457.45,31.98,75.26,0.3305,-1,-1,-1
421,6828,985.91,453.33,26.59,63.33,0.3212,-1,-1,-1
422,6829,290.16,442.49,189.23,325.85,0.9052,-1,-1,-1
422,6830,466.16,441.99,134.58,315.94,0.8902,-1,-1,-1
422,6831,705.42,408.00,115.91,322.71,0.8861,-1,-1,-1
422,6832,1048.21,397.26,202.24,620.96,0.8806,-1,-1,-1
422,6833,605.02,433.35,118.48,284.41,0.8744,-1,-1,-1
422,6821,854.59,439.04,50.86,165.43,0.7991,-1,-1,-1
422,6834,985.97,419.05,104.40,518.19,0.7982,-1,-1,-1
422,6835,415.95,457.02,35.88,114.27,0.7186,-1,-1,-1
422,6836,448.04,456.21,37.46,101.33,0.7110,-1,-1,-1
422,6837,967.26,449.30,19.85,73.69,0.5732,-1,-1,-1
422,6838,480.62,457.52,26.54,54.30,0.5352,-1,-1,-1
422,6839,1156.92,414.85,148.31,490.63,0.5093,-1,-1,-1
422,6840,684.51,457.87,31.32,71.60,0.4730,-1,-1,-1
422,6841,956.21,484.99,53.70,97.35,0.4639,-1,-1,-1
422,6842,1221.95,434.78,75.86,156.71,0.3627,-1,-1,-1
422,6843,1006.68,448.63,17.90,67.82,0.3452,-1,-1,-1
423,6834,291.12,440.46,190.73,323.66,0.9105,-1,-1,-1
423,6844,478.60,441.90,121.62,314.51,0.8897,-1,-1,-1
423,6845,706.76,409.72,118.92,320.69,0.8888,-1,-1,-1
423,6846,1047.99,397.63,201.74,624.55,0.8772,-1,-1,-1
423,6831,606.76,436.33,132.34,281.61,0.8712,-1,-1,-1
423,6821,851.44,440.51,49.98,163.77,0.8100,-1,-1,-1
423,6446,972.57,422.49,117.30,517.67,0.8051,-1,-1,-1
423,6847,446.66,456.56,34.69,103.80,0.6965,-1,-1,-1
423,6848,1163.46,412.23,155.59,492.77,0.6780,-1,-1,-1
423,6849,415.29,456.55,37.11,114.85,0.6222,-1,-1,-1
423,6850,968.19,449.18,20.18,73.91,0.5865,-1,-1,-1
423,6851,588.45,453.43,20.32,58.72,0.5618,-1,-1,-1
423,6852,956.61,483.72,53.23,98.31,0.5581,-1,-1,-1
423,6853,1227.32,435.26,73.84,157.54,0.4647,-1,-1,-1
423,6854,479.61,457.80,27.52,56.70,0.4442,-1,-1,-1
423,6855,987.99,454.89,28.95,64.93,0.3892,-1,-1,-1
423,6840,684.42,458.31,31.76,72.55,0.3590,-1,-1,-1
424,6854,302.48,437.61,181.96,327.49,0.9224,-1,-1,-1
424,6856,710.60,406.73,118.54,323.52,0.8974,-1,-1,-1
424,6857,606.99,436.73,142.66,280.21,0.8853,-1,-1,-1
424,6858,492.57,440.27,108.32,315.90,0.8705,-1,-1,-1
424,6859,1047.74,397.50,211.23,629.68,0.8612,-1,-1,-1
424,6860,851.20,441.13,49.04,162.19,0.8139,-1,-1,-1
424,6861,971.34,423.62,118.31,517.71,0.7904,-1,-1,-1
424,6862,1161.78,412.32,161.60,495.63,0.6927,-1,-1,-1
424,6863,589.21,453.11,19.59,57.32,0.6591,-1,-1,-1
424,6864,447.01,456.66,34.46,104.46,0.6508,-1,-1,-1
424,6865,968.71,449.05,22.13,73.32,0.6342,-1,-1,-1
424,6866,423.44,458.02,28.45,115.17,0.5555,-1,-1,-1
424,6867,480.02,458.21,27.25,69.45,0.5221,-1,-1,-1
424,6868,990.10,455.08,29.23,67.08,0.4285,-1,-1,-1
424,6869,956.27,484.65,52.95,98.10,0.3648,-1,-1,-1
424,6870,686.10,469.84,30.17,61.02,0.3444,-1,-1,-1
425,6856,308.02,437.51,176.39,325.42,0.9171,-1,-1,-1
425,6871,607.16,440.54,145.17,275.92,0.8887,-1,-1,-1
425,6872,716.15,407.26,116.83,323.38,0.8856,-1,-1,-1
425,6873,1049.08,397.33,200.87,638.13,0.8635,-1,-1,-1
425,6874,513.51,441.30,89.27,314.07,0.8603,-1,-1,-1
425,6857,849.56,441.53,47.64,162.03,0.8413,-1,-1,-1
425,6854,971.67,422.63,118.28,517.28,0.7625,-1,-1,-1
425,6875,1161.49,413.75,161.80,496.99,0.7445,-1,-1,-1
425,6876,589.58,453.99,19.54,56.52,0.7176,-1,-1,-1
425,6877,444.80,456.50,35.64,95.54,0.6810,-1,-1,-1
425,6878,478.97,460.09,28.41,73.75,0.5056,-1,-1,-1
425,6879,955.04,483.73,55.00,99.19,0.5001,-1,-1,-1
425,6880,970.97,449.43,20.12,71.31,0.3988,-1,-1,-1
425,6881,1232.55,433.72,82.63,164.21,0.3467,-1,-1,-1
425,6882,616.18,458.58,27.06,34.07,0.3093,-1,-1,-1
425,6883,520.60,460.19,22.65,42.00,0.3030,-1,-1,-1
426,6884,715.93,409.31,119.41,321.10,0.9003,-1,-1,-1
426,6885,322.32,436.61,162.48,319.36,0.8991,-1,-1,-1
426,6886,608.60,440.60,143.72,275.10,0.8948,-1,-1,-1
426,6887,528.06,439.91,79.30,316.85,0.8505,-1,-1,-1
426,6888,1050.21,396.16,210.28,646.50,0.8446,-1,-1,-1
426,6889,836.97,441.95,58.82,162.21,0.8253,-1,-1,-1
426,6890,1788.94,423.27,130.56,495.50,0.8014,-1,-1,-1
426,6891,977.30,425.35,113.01,517.76,0.7198,-1,-1,-1
426,6876,590.36,453.56,19.44,56.28,0.6918,-1,-1,-1
426,6892,1238.56,432.70,83.67,304.23,0.5973,-1,-1,-1
426,6893,1164.41,413.41,159.96,497.03,0.5911,-1,-1,-1
426,6894,441.64,456.33,38.89,88.93,0.5026,-1,-1,-1
426,6895,478.56,460.38,29.01,56.68,0.4929,-1,-1,-1
426,6896,954.70,483.92,55.34,98.39,0.4547,-1,-1,-1
426,6897,450.11,502.59,53.83,131.29,0.4269,-1,-1,-1
426,6898,615.62,457.90,27.77,42.88,0.3530,-1,-1,-1
427,6899,609.41,443.36,143.34,270.59,0.9100,-1,-1,-1
427,6900,336.18,433.83,149.01,319.78,0.9026,-1,-1,-1
427,6901,719.59,408.31,118.06,323.05,0.8881,-1,-1,-1
427,6902,530.51,439.62,80.43,317.68,0.8692,-1,-1,-1
427,6903,911.55,484.64,98.73,101.82,0.8431,-1,-1,-1
427,6904,842.97,441.32,53.73,162.89,0.7961,-1,-1,-1
427,6905,973.11,424.18,118.96,518.80,0.7716,-1,-1,-1
427,6906,1242.64,431.46,84.01,309.31,0.7453,-1,-1,-1
427,6907,1053.05,396.32,203.21,645.88,0.7227,-1,-1,-1
427,6908,443.47,456.18,36.40,86.75,0.6415,-1,-1,-1
427,6909,479.14,461.53,27.87,56.04,0.5921,-1,-1,-1
427,6910,1165.63,411.77,155.71,502.24,0.5145,-1,-1,-1
427,6911,520.37,460.59,22.96,43.12,0.4572,-1,-1,-1
427,6912,1494.85,349.83,424.67,720.76,0.4127,-1,-1,-1
427,6913,616.11,457.18,27.84,37.34,0.3471,-1,-1,-1
427,6914,591.09,461.35,17.79,48.19,0.3215,-1,-1,-1
428,6915,612.01,445.06,141.61,269.03,0.8969,-1,-1,-1
428,6916,722.37,408.48,118.29,323.12,0.8960,-1,-1,-1
428,6917,352.99,433.03,131.51,319.79,0.8834,-1,-1,-1
428,6918,1679.42,327.71,239.55,738.03,0.8784,-1,-1,-1
428,6919,532.69,439.90,82.88,317.86,0.8665,-1,-1,-1
428,6920,911.50,484.33,97.88,101.94,0.8460,-1,-1,-1
428,6921,843.65,440.61,45.85,160.53,0.8087,-1,-1,-1
428,6922,1055.67,394.19,208.15,659.84,0.7762,-1,-1,-1
428,6923,976.21,420.29,117.03,521.64,0.7745,-1,-1,-1
428,6924,1168.20,413.61,156.51,504.35,0.5926,-1,-1,-1
428,6925,519.90,459.50,23.43,46.11,0.5069,-1,-1,-1
428,6926,477.27,461.10,28.90,54.24,0.4090,-1,-1,-1
428,6927,616.80,456.54,27.96,38.89,0.3983,-1,-1,-1
428,6928,459.16,508.41,37.93,85.67,0.3148,-1,-1,-1
428,6929,1241.35,430.27,86.03,309.08,0.3068,-1,-1,-1
429,6930,725.97,409.04,118.45,322.77,0.8925,-1,-1,-1
429,6931,620.41,442.27,132.43,271.83,0.8925,-1,-1,-1
429,6932,370.31,434.68,113.30,317.90,0.8894,-1,-1,-1
429,6933,536.63,439.18,91.61,317.72,0.8801,-1,-1,-1
429,6934,911.01,483.58,97.92,102.12,0.8762,-1,-1,-1
429,6935,1632.65,321.64,286.76,742.92,0.8216,-1,-1,-1
429,6936,1060.41,394.59,199.96,663.00,0.8044,-1,-1,-1
429,6937,842.47,440.99,44.35,158.81,0.8031,-1,-1,-1
429,6938,977.45,422.13,116.93,520.86,0.7787,-1,-1,-1
429,6939,1172.08,412.65,152.93,506.11,0.6370,-1,-1,-1
429,6940,519.91,459.67,24.51,49.30,0.5511,-1,-1,-1
429,6941,1248.28,429.45,87.85,309.87,0.5283,-1,-1,-1
429,6942,477.09,460.70,29.22,85.47,0.4842,-1,-1,-1
429,6943,604.52,493.18,33.96,88.26,0.4306,-1,-1,-1
429,6944,1015.35,450.11,25.23,71.20,0.4006,-1,-1,-1
429,6914,617.15,456.58,30.66,38.46,0.3714,-1,-1,-1
430,6945,540.28,439.50,108.37,317.09,0.8948,-1,-1,-1
430,6946,728.61,411.89,118.84,318.89,0.8715,-1,-1,-1
430,6947,911.13,481.37,97.92,105.04,0.8574,-1,-1,-1
430,6948,631.50,440.45,122.25,271.86,0.8488,-1,-1,-1
430,6949,1061.66,395.95,200.44,670.11,0.8142,-1,-1,-1
430,6950,980.67,423.95,117.55,517.47,0.8062,-1,-1,-1
430,6951,839.23,439.72,44.24,157.58,0.8007,-1,-1,-1
430,6952,391.63,433.78,94.69,320.77,0.7656,-1,-1,-1
430,6953,1583.72,320.52,335.45,747.66,0.6769,-1,-1,-1
430,6954,519.80,458.64,24.66,55.63,0.6648,-1,-1,-1
430,6955,1176.41,415.51,152.19,500.84,0.5949,-1,-1,-1
430,6956,477.33,461.93,28.77,86.17,0.3967,-1,-1,-1
430,6957,380.53,463.91,27.25,32.51,0.3576,-1,-1,-1
430,6958,618.09,456.44,29.23,37.58,0.3412,-1,-1,-1
431,6959,544.53,441.33,123.08,315.87,0.8990,-1,-1,-1
431,6960,1535.94,313.54,383.71,753.51,0.8984,-1,-1,-1
431,6961,639.67,439.84,114.72,270.71,0.8815,-1,-1,-1
431,6955,731.84,411.56,116.17,319.25,0.8750,-1,-1,-1
431,6962,838.48,438.87,44.71,157.92,0.8242,-1,-1,-1
431,6963,397.98,435.05,90.51,320.22,0.8139,-1,-1,-1
431,6964,911.56,481.87,97.47,104.42,0.8121,-1,-1,-1
431,6965,1066.44,396.30,180.68,670.76,0.7998,-1,-1,-1
431,6966,997.87,427.63,105.33,518.10,0.7981,-1,-1,-1
431,6967,520.22,458.98,24.98,60.70,0.7017,-1,-1,-1
431,6968,1182.36,411.73,136.61,327.17,0.5462,-1,-1,-1
431,6969,381.00,463.87,35.89,52.23,0.5154,-1,-1,-1
431,6970,1260.56,425.24,65.69,180.44,0.5056,-1,-1,-1
431,6971,617.69,456.74,28.43,84.39,0.3244,-1,-1,-1
431,6972,1880.35,387.79,39.21,228.99,0.3103,-1,-1,-1
431,6973,477.38,461.69,28.92,89.52,0.3020,-1,-1,-1
432,6974,650.42,438.53,104.38,269.58,0.8991,-1,-1,-1
432,6975,547.67,441.85,131.66,315.39,0.8963,-1,-1,-1
432,6976,735.81,413.09,115.04,317.67,0.8595,-1,-1,-1
432,6977,1494.56,304.32,424.12,738.17,0.8446,-1,-1,-1
432,6978,834.86,437.70,48.56,159.83,0.7992,-1,-1,-1
432,6979,1005.18,422.53,99.60,523.18,0.7858,-1,-1,-1
432,6980,1069.51,395.08,198.72,665.21,0.7679,-1,-1,-1
432,6981,402.26,436.99,88.15,319.05,0.7534,-1,-1,-1
432,6982,520.98,459.21,24.19,63.26,0.7177,-1,-1,-1
432,6983,911.19,482.08,97.87,104.17,0.6686,-1,-1,-1
432,6984,1185.33,412.32,132.07,325.90,0.6468,-1,-1,-1
432,6985,546.23,457.67,27.78,46.78,0.6362,-1,-1,-1
432,6986,1002.97,448.88,21.63,71.17,0.4241,-1,-1,-1
432,6987,381.18,463.24,30.13,46.02,0.3391,-1,-1,-1
432,6988,618.32,457.05,26.10,75.29,0.3285,-1,-1,-1
433,6989,548.31,443.64,140.28,313.13,0.9003,-1,-1,-1
433,6990,1446.34,300.64,473.66,718.68,0.8830,-1,-1,-1
433,6991,738.61,412.80,113.39,317.93,0.8780,-1,-1,-1
433,6992,664.37,434.81,91.30,272.99,0.8451,-1,-1,-1
433,6993,1073.34,395.64,172.94,623.59,0.8254,-1,-1,-1
433,6994,1005.34,419.74,106.56,523.03,0.7629,-1,-1,-1
433,6995,834.24,437.77,45.32,160.18,0.7605,-1,-1,-1
433,6996,407.65,437.90,90.75,319.64,0.7474,-1,-1,-1
433,6997,521.12,459.43,24.54,65.84,0.7206,-1,-1,-1
433,6998,546.28,457.02,29.00,51.27,0.6664,-1,-1,-1
433,6999,911.51,482.17,98.15,103.54,0.6240,-1,-1,-1
433,7000,381.17,463.38,31.84,54.40,0.5340,-1,-1,-1
433,7001,1270.59,423.43,66.54,185.76,0.5244,-1,-1,-1
433,7002,1018.10,449.28,25.22,74.36,0.5227,-1,-1,-1
433,7003,619.32,456.90,26.19,77.93,0.4963,-1,-1,-1
433,7004,1186.84,412.05,133.86,325.56,0.4226,-1,-1,-1
434,7005,547.41,443.25,140.89,313.80,0.9020,-1,-1,-1
434,7006,1399.23,304.46,500.44,753.92,0.8825,-1,-1,-1
434,7007,743.69,414.05,112.12,316.56,0.8761,-1,-1,-1
434,7008,683.73,435.25,72.49,272.48,0.8531,-1,-1,-1
434,7009,1000.73,418.93,115.29,525.02,0.7590,-1,-1,-1
434,7010,835.00,437.86,41.79,160.37,0.7559,-1,-1,-1
434,7011,521.37,459.69,25.38,68.10,0.7451,-1,-1,-1
434,7012,396.38,437.22,122.23,316.14,0.7275,-1,-1,-1
434,7013,546.48,456.27,29.38,56.69,0.6775,-1,-1,-1
434,7014,382.71,464.85,32.97,55.27,0.6170,-1,-1,-1
434,7015,1076.77,395.25,168.62,613.91,0.6148,-1,-1,-1
434,7016,911.31,482.85,98.28,102.81,0.5662,-1,-1,-1
434,7017,1274.15,424.21,92.45,309.38,0.5498,-1,-1,-1
434,7018,1192.88,413.88,131.34,321.75,0.4279,-1,-1,-1
434,7019,399.62,456.21,42.80,63.51,0.4129,-1,-1,-1
434,7002,1018.69,450.77,25.30,73.91,0.3792,-1,-1,-1
434,6976,642.17,462.23,51.99,100.41,0.3623,-1,-1,-1
434,7020,1709.72,430.52,72.76,152.06,0.3181,-1,-1,-1
435,6976,548.66,443.91,141.14,312.94,0.9129,-1,-1,-1
435,7021,746.65,414.12,105.98,313.04,0.8680,-1,-1,-1
435,7022,1360.82,305.37,468.00,731.33,0.8555,-1,-1,-1
435,7023,424.77,432.90,103.83,317.12,0.8245,-1,-1,-1
435,7024,697.56,433.25,63.19,273.77,0.7976,-1,-1,-1
435,7025,1082.68,396.06,166.29,395.92,0.7935,-1,-1,-1
435,7026,830.73,439.35,48.19,158.21,0.7879,-1,-1,-1
435,7027,1276.00,423.43,95.64,311.27,0.7855,-1,-1,-1
435,7028,911.07,482.43,98.13,104.13,0.7664,-1,-1,-1
435,7029,1007.21,420.61,113.67,489.24,0.7543,-1,-1,-1
435,7030,521.04,459.76,25.72,67.68,0.7456,-1,-1,-1
435,7031,1197.72,412.73,125.60,320.84,0.7404,-1,-1,-1
435,7032,547.86,456.11,28.13,63.60,0.6758,-1,-1,-1
435,7033,382.38,464.32,37.76,56.15,0.6148,-1,-1,-1
435,7034,1003.67,449.50,22.64,74.16,0.4854,-1,-1,-1
435,7035,1021.67,452.30,22.00,73.82,0.4655,-1,-1,-1
435,7036,641.72,462.40,43.68,83.88,0.3733,-1,-1,-1
435,7007,664.63,460.21,48.81,153.71,0.3224,-1,-1,-1
436,7005,546.71,443.13,144.93,313.33,0.9233,-1,-1,-1
436,7037,749.48,414.86,103.54,310.49,0.8783,-1,-1,-1
436,7038,425.28,435.24,118.94,317.50,0.8585,-1,-1,-1
436,7039,1305.31,317.58,453.85,724.75,0.8454,-1,-1,-1
436,7040,1089.13,395.70,160.61,414.56,0.8173,-1,-1,-1
436,7041,829.11,440.49,43.30,156.60,0.7819,-1,-1,-1
436,7042,702.04,433.37,66.05,274.38,0.7800,-1,-1,-1
436,7043,521.33,459.53,25.42,68.23,0.7746,-1,-1,-1
436,7044,1200.03,412.05,125.71,313.88,0.7406,-1,-1,-1
436,7045,1015.28,420.39,109.21,382.75,0.7200,-1,-1,-1
436,7046,547.09,455.63,28.57,71.53,0.6879,-1,-1,-1
436,7047,382.09,462.82,43.02,57.59,0.6171,-1,-1,-1
436,7048,1280.98,422.95,88.45,255.00,0.6141,-1,-1,-1
436,7049,1021.49,449.97,23.35,75.15,0.4900,-1,-1,-1
436,7050,910.86,481.93,97.04,104.21,0.3197,-1,-1,-1
436,7051,1003.69,448.99,24.27,74.15,0.3168,-1,-1,-1
436,7052,644.91,463.72,45.64,143.99,0.3123,-1,-1,-1
437,7007,545.33,442.67,146.43,314.03,0.9023,-1,-1,-1
437,7053,1229.33,321.50,465.90,739.92,0.8521,-1,-1,-1
437,7054,426.89,437.09,124.41,315.64,0.8494,-1,-1,-1
437,7055,1094.26,394.71,159.61,443.05,0.8266,-1,-1,-1
437,7056,754.31,414.91,102.67,309.81,0.8147,-1,-1,-1
437,7057,910.94,482.68,97.86,104.05,0.7947,-1,-1,-1
437,7058,704.05,434.92,69.88,273.40,0.7939,-1,-1,-1
437,7059,521.69,459.71,25.01,68.46,0.7834,-1,-1,-1
437,7060,547.77,455.16,27.59,73.26,0.7426,-1,-1,-1
437,7061,828.30,440.75,45.17,158.22,0.7419,-1,-1,-1
437,7062,1016.75,419.61,113.69,399.55,0.6623,-1,-1,-1
437,7063,645.80,463.94,45.76,142.30,0.5632,-1,-1,-1
437,7064,1206.18,411.07,123.63,295.66,0.5554,-1,-1,-1
437,7065,589.78,455.20,16.27,45.02,0.4863,-1,-1,-1
437,7066,1001.44,448.39,26.42,75.95,0.3783,-1,-1,-1
437,7067,678.41,455.79,18.56,35.10,0.3164,-1,-1,-1
437,7068,381.96,462.90,37.50,57.36,0.3009,-1,-1,-1
438,7069,543.13,442.38,151.28,313.04,0.9133,-1,-1,-1
438,7070,430.97,439.51,128.73,311.92,0.8851,-1,-1,-1
438,7071,1187.46,332.86,429.06,709.03,0.8280,-1,-1,-1
438,7072,708.28,432.16,71.88,274.74,0.8165,-1,-1,-1
438,7073,760.43,412.92,99.22,309.65,0.8020,-1,-1,-1
438,7074,1099.94,399.88,159.37,452.74,0.7995,-1,-1,-1
438,7075,522.16,460.36,25.03,67.10,0.7528,-1,-1,-1
438,7076,547.74,455.31,28.45,72.45,0.7521,-1,-1,-1
438,7077,830.13,442.16,39.95,155.28,0.7428,-1,-1,-1
438,7078,1013.88,421.29,121.48,416.15,0.7030,-1,-1,-1
438,7079,367.34,509.54,74.22,125.26,0.6488,-1,-1,-1
438,7080,1005.20,448.81,22.51,73.80,0.6126,-1,-1,-1
438,7081,589.74,456.28,16.02,46.42,0.5086,-1,-1,-1
438,7082,1021.52,458.86,23.31,67.59,0.4927,-1,-1,-1
438,7083,954.27,480.67,54.18,101.02,0.3911,-1,-1,-1
438,7084,414.45,457.23,35.50,56.22,0.3164,-1,-1,-1
438,7085,381.70,463.83,41.34,55.51,0.3062,-1,-1,-1
439,7086,431.23,440.15,127.97,309.38,0.9022,-1,-1,-1
439,7087,549.19,441.71,144.94,312.38,0.9007,-1,-1,-1
439,7088,711.87,432.89,76.80,275.13,0.8585,-1,-1,-1
439,7089,765.25,412.27,103.07,302.72,0.8352,-1,-1,-1
439,7090,1148.64,348.27,405.26,714.10,0.8273,-1,-1,-1
439,7091,363.16,508.15,75.58,127.09,0.7882,-1,-1,-1
439,7092,523.20,460.40,24.19,66.86,0.7424,-1,-1,-1
439,7093,1103.56,403.74,144.79,459.91,0.7364,-1,-1,-1
439,7094,550.30,455.41,25.85,72.34,0.6885,-1,-1,-1
439,7095,1009.77,420.57,131.24,434.94,0.6689,-1,-1,-1
439,7096,831.02,443.13,39.29,150.64,0.6140,-1,-1,-1
439,7097,589.59,454.39,16.96,50.16,0.5753,-1,-1,-1
439,7098,1004.45,449.18,25.10,73.99,0.5681,-1,-1,-1
439,7099,414.68,457.41,35.95,71.38,0.4471,-1,-1,-1
439,7100,944.98,481.34,64.74,101.09,0.4322,-1,-1,-1
439,7101,381.95,462.91,44.72,70.30,0.4151,-1,-1,-1
439,7102,1023.14,464.15,22.16,62.99,0.3349,-1,-1,-1
440,7103,549.64,441.00,144.03,313.67,0.9024,-1,-1,-1
440,7104,432.31,441.85,129.05,307.38,0.8919,-1,-1,-1
440,7105,712.39,431.38,86.52,277.28,0.8370,-1,-1,-1
440,7106,1090.65,364.17,390.11,682.33,0.8199,-1,-1,-1
440,7107,354.81,508.13,77.70,119.88,0.8032,-1,-1,-1
440,7108,773.88,412.54,94.33,302.05,0.7676,-1,-1,-1
440,7109,1012.47,420.74,131.48,447.16,0.7278,-1,-1,-1
440,7110,523.71,461.15,24.21,66.30,0.7258,-1,-1,-1
440,7111,549.82,455.07,27.25,70.88,0.6317,-1,-1,-1
440,7112,590.04,454.78,16.44,49.38,0.5714,-1,-1,-1
440,7113,1004.88,449.07,23.40,74.21,0.5036,-1,-1,-1
440,7114,382.30,463.67,43.14,57.41,0.4750,-1,-1,-1
440,7115,695.66,454.77,39.16,105.77,0.4395,-1,-1,-1
440,7116,950.86,481.73,58.84,100.06,0.4316,-1,-1,-1
440,7117,414.56,456.95,35.60,101.61,0.4109,-1,-1,-1
440,7118,434.27,456.79,29.73,39.43,0.3431,-1,-1,-1
441,7119,1312.63,427.94,140.86,326.45,0.8889,-1,-1,-1
441,7120,438.28,440.76,125.37,304.40,0.8794,-1,-1,-1
441,7121,554.82,440.14,139.35,312.22,0.8754,-1,-1,-1
441,7122,1051.62,367.68,367.27,692.94,0.8607,-1,-1,-1
441,7123,711.43,434.90,92.90,272.65,0.8533,-1,-1,-1
441,7124,348.15,509.30,78.31,120.82,0.7769,-1,-1,-1
441,7125,781.97,411.97,86.52,302.33,0.7738,-1,-1,-1
441,7126,523.88,459.58,24.38,68.01,0.6325,-1,-1,-1
441,7127,589.83,456.74,16.12,48.62,0.6220,-1,-1,-1
441,7128,1017.56,425.89,109.84,439.66,0.6037,-1,-1,-1
441,7129,382.10,463.55,41.25,69.91,0.5680,-1,-1,-1
441,7130,553.02,455.54,24.65,54.33,0.5159,-1,-1,-1
441,7131,413.75,457.04,37.10,105.79,0.4585,-1,-1,-1
441,7132,432.78,456.33,31.76,43.44,0.4013,-1,-1,-1
441,7133,1000.61,448.63,28.58,73.97,0.3803,-1,-1,-1
441,7134,944.40,481.51,66.20,99.62,0.3677,-1,-1,-1
442,7135,563.52,439.28,131.36,302.97,0.8888,-1,-1,-1
442,7136,442.71,438.12,118.20,307.94,0.8679,-1,-1,-1
442,7137,1306.65,428.93,149.09,328.14,0.8609,-1,-1,-1
442,7138,711.50,434.57,105.52,272.94,0.8326,-1,-1,-1
442,7139,783.31,411.29,85.37,301.30,0.8059,-1,-1,-1
442,7140,999.38,371.74,358.54,662.44,0.8028,-1,-1,-1
442,7141,342.12,508.37,77.93,131.94,0.7791,-1,-1,-1
442,7142,382.05,463.03,45.63,109.93,0.6418,-1,-1,-1
442,7143,589.32,457.54,16.41,51.49,0.6254,-1,-1,-1
442,7144,552.23,455.47,26.46,58.02,0.5501,-1,-1,-1
442,7145,414.99,457.96,36.94,113.01,0.5402,-1,-1,-1
442,7146,524.22,460.29,23.09,68.45,0.4700,-1,-1,-1
442,7147,433.31,456.75,29.77,45.85,0.3998,-1,-1,-1
442,7148,1003.82,449.16,28.65,73.33,0.3564,-1,-1,-1
442,7149,953.84,482.02,55.73,97.16,0.3496,-1,-1,-1
442,7150,689.58,462.57,22.72,66.55,0.3163,-1,-1,-1
443,7151,574.01,438.61,119.33,306.73,0.8790,-1,-1,-1
443,7152,447.03,437.34,117.77,306.82,0.8768,-1,-1,-1
443,7153,1309.66,428.85,148.04,328.67,0.8204,-1,-1,-1
443,7154,712.61,439.40,101.63,268.27,0.8171,-1,-1,-1
443,7155,786.69,410.68,82.93,302.30,0.7983,-1,-1,-1
443,7156,954.87,367.54,353.65,671.07,0.7864,-1,-1,-1
443,7157,335.73,509.98,77.43,133.92,0.7679,-1,-1,-1
443,7158,381.75,462.50,47.35,114.28,0.7677,-1,-1,-1
443,7159,589.37,457.29,16.53,50.96,0.6622,-1,-1,-1
443,7160,415.99,457.13,35.55,115.58,0.6296,-1,-1,-1
443,7161,551.37,455.19,26.98,56.41,0.5754,-1,-1,-1
443,7162,1237.68,412.68,141.37,324.09,0.5433,-1,-1,-1
443,7163,679.02,458.31,22.88,71.84,0.3505,-1,-1,-1
443,7164,693.67,462.38,19.12,67.34,0.3480,-1,-1,-1
443,7165,617.98,456.81,21.99,38.43,0.3452,-1,-1,-1
443,7166,432.31,455.90,31.01,55.42,0.3087,-1,-1,-1
444,7167,461.76,435.81,104.09,302.40,0.8694,-1,-1,-1
444,7168,588.35,437.01,107.42,305.02,0.8639,-1,-1,-1
444,7169,712.76,439.38,103.96,268.13,0.8591,-1,-1,-1
444,7170,1314.84,427.75,142.62,334.27,0.8060,-1,-1,-1
444,7171,793.53,412.08,79.26,301.75,0.8058,-1,-1,-1
444,7156,916.03,363.58,338.34,673.69,0.7958,-1,-1,-1
444,7166,322.68,511.39,83.82,137.31,0.7649,-1,-1,-1
444,7159,381.82,461.63,46.75,114.55,0.7571,-1,-1,-1
444,7161,589.18,457.82,16.79,51.25,0.6801,-1,-1,-1
444,7172,552.33,455.57,26.60,56.51,0.6369,-1,-1,-1
444,7173,417.69,457.25,34.37,114.95,0.6107,-1,-1,-1
444,7174,1173.34,414.05,171.21,499.16,0.5580,-1,-1,-1
444,7175,616.71,456.02,28.28,40.27,0.4684,-1,-1,-1
444,7176,680.50,457.77,24.21,74.39,0.4074,-1,-1,-1
444,7177,697.65,462.75,16.85,69.35,0.3976,-1,-1,-1
444,7178,1884.19,409.19,35.36,210.66,0.3018,-1,-1,-1
445,7179,592.03,436.64,103.79,300.18,0.8735,-1,-1,-1
445,7166,715.37,439.06,98.96,267.90,0.8715,-1,-1,-1
445,7180,471.00,433.41,95.45,298.90,0.8474,-1,-1,-1
445,7181,1324.42,427.18,132.41,335.22,0.8357,-1,-1,-1
445,7182,317.04,509.93,83.21,144.45,0.8276,-1,-1,-1
445,7183,381.67,461.94,46.66,114.72,0.8088,-1,-1,-1
445,7184,871.76,351.48,346.56,683.11,0.8047,-1,-1,-1
445,7185,794.12,411.14,82.59,302.73,0.7323,-1,-1,-1
445,7186,1243.54,412.30,140.20,332.33,0.7230,-1,-1,-1
445,7187,588.75,459.37,16.96,49.46,0.6860,-1,-1,-1
445,7188,616.97,456.08,32.96,40.45,0.6620,-1,-1,-1
445,7189,551.91,455.41,26.40,57.20,0.6483,-1,-1,-1
445,7190,418.91,456.48,34.11,114.99,0.5562,-1,-1,-1
445,7191,1146.10,407.87,192.17,498.94,0.5423,-1,-1,-1
445,7192,545.51,494.63,38.45,118.27,0.4811,-1,-1,-1
445,7193,694.42,462.15,19.94,70.12,0.3894,-1,-1,-1
445,7161,720.77,451.94,30.74,66.77,0.3723,-1,-1,-1
446,7194,718.06,441.93,98.06,264.69,0.8485,-1,-1,-1
446,7195,484.85,431.96,89.66,294.29,0.8459,-1,-1,-1
446,7196,618.73,437.84,79.44,302.21,0.8417,-1,-1,-1
446,7197,837.52,341.21,333.86,657.77,0.8414,-1,-1,-1
446,7198,1332.92,425.61,124.86,337.99,0.8311,-1,-1,-1
446,7199,800.52,412.88,81.12,299.25,0.7712,-1,-1,-1
446,7200,381.87,462.82,46.60,113.90,0.7560,-1,-1,-1
446,7201,310.29,510.89,82.52,140.45,0.7522,-1,-1,-1
446,7202,617.09,456.23,30.69,41.13,0.7424,-1,-1,-1
446,7203,589.15,455.36,17.92,53.41,0.6959,-1,-1,-1
446,7204,417.45,458.67,35.16,113.97,0.6690,-1,-1,-1
446,7205,1133.91,407.42,167.22,662.70,0.6557,-1,-1,-1
446,7206,551.74,455.47,26.85,56.45,0.6234,-1,-1,-1
446,7207,721.27,451.73,29.72,84.68,0.5178,-1,-1,-1
446,7208,431.31,455.84,32.67,107.40,0.4586,-1,-1,-1
446,7209,1094.00,421.93,77.72,208.23,0.4371,-1,-1,-1
446,7210,1241.52,413.97,121.40,342.17,0.3936,-1,-1,-1
446,7161,684.78,461.86,29.33,69.60,0.3505,-1,-1,-1
447,7211,1325.25,424.20,132.72,338.58,0.8482,-1,-1,-1
447,7212,624.12,438.12,79.86,302.29,0.8480,-1,-1,-1
447,7213,718.99,437.17,98.72,269.70,0.8252,-1,-1,-1
447,7214,488.14,430.10,90.70,297.77,0.8224,-1,-1,-1
447,7215,305.27,512.31,81.87,133.71,0.7970,-1,-1,-1
447,7216,1137.11,409.59,192.11,660.05,0.7950,-1,-1,-1
447,7217,617.96,456.26,28.60,41.97,0.7710,-1,-1,-1
447,7218,382.11,462.61,46.03,113.73,0.7594,-1,-1,-1
447,7219,805.88,411.09,77.46,282.03,0.6915,-1,-1,-1
447,7220,793.00,336.14,352.10,671.18,0.6908,-1,-1,-1
447,7221,588.70,457.92,17.92,50.89,0.6877,-1,-1,-1
447,7222,1069.65,421.64,104.76,519.94,0.6819,-1,-1,-1
447,7223,1249.16,421.01,106.45,330.01,0.5944,-1,-1,-1
447,7224,552.19,455.48,26.41,59.94,0.5825,-1,-1,-1
447,7225,422.32,457.50,30.27,114.49,0.5588,-1,-1,-1
447,7226,721.61,451.49,29.12,83.88,0.5080,-1,-1,-1
447,7227,689.09,462.75,25.33,68.49,0.3364,-1,-1,-1
448,7228,1057.66,424.48,125.57,520.70,0.8584,-1,-1,-1
448,7229,633.88,438.17,73.80,299.07,0.8361,-1,-1,-1
448,7230,1137.41,410.26,194.13,658.80,0.8327,-1,-1,-1
448,7231,1325.70,423.12,132.79,339.59,0.8018,-1,-1,-1
448,7232,497.62,430.91,81.84,292.03,0.7831,-1,-1,-1
448,7233,382.20,461.97,46.00,114.62,0.7778,-1,-1,-1
448,7234,297.43,512.29,83.34,139.25,0.7266,-1,-1,-1
448,7235,616.51,456.39,28.25,45.96,0.6964,-1,-1,-1
448,7236,589.51,455.92,17.63,53.29,0.6942,-1,-1,-1
448,7237,772.21,335.11,337.10,652.25,0.6815,-1,-1,-1
448,7238,420.15,457.16,32.90,115.06,0.6423,-1,-1,-1
448,7239,718.95,454.88,18.75,80.80,0.5379,-1,-1,-1
448,7240,727.73,450.60,25.42,81.18,0.5331,-1,-1,-1
448,7241,726.37,438.41,124.62,267.76,0.5300,-1,-1,-1
448,7242,692.30,468.36,23.20,63.93,0.4709,-1,-1,-1
448,7243,557.69,455.31,21.64,58.56,0.3725,-1,-1,-1
448,7244,1254.78,438.62,111.09,314.04,0.3411,-1,-1,-1
448,7245,472.26,455.45,26.22,55.66,0.3055,-1,-1,-1
449,7246,638.00,438.04,72.80,301.24,0.8449,-1,-1,-1
449,7247,1144.24,411.23,187.79,651.97,0.8395,-1,-1,-1
449,7248,1037.82,423.61,149.16,524.73,0.8368,-1,-1,-1
449,7249,288.88,512.55,85.75,140.88,0.8299,-1,-1,-1
449,7250,1330.84,422.58,127.97,340.47,0.8206,-1,-1,-1
449,7251,722.89,332.27,345.43,701.05,0.8087,-1,-1,-1
449,7252,381.86,461.83,46.62,114.76,0.7795,-1,-1,-1
449,7253,495.44,431.48,92.42,292.87,0.7728,-1,-1,-1
449,7254,589.31,456.60,17.39,52.32,0.6656,-1,-1,-1
449,7255,1070.22,441.59,31.52,84.90,0.6241,-1,-1,-1
449,7256,1020.30,453.08,25.46,72.47,0.5860,-1,-1,-1
449,7257,421.89,457.85,30.82,113.99,0.5615,-1,-1,-1
449,7258,726.81,449.86,26.21,79.27,0.5171,-1,-1,-1
449,7259,472.27,455.77,27.16,56.02,0.4592,-1,-1,-1
449,7260,719.10,453.39,19.90,82.58,0.4267,-1,-1,-1
449,7261,1004.73,448.88,22.06,73.31,0.4050,-1,-1,-1
449,7262,612.34,456.74,33.99,48.55,0.3959,-1,-1,-1
449,7263,699.65,470.81,17.44,61.62,0.3548,-1,-1,-1
449,7178,1887.55,411.42,31.98,203.42,0.3206,-1,-1,-1
449,7264,559.30,455.09,19.68,75.91,0.3078,-1,-1,-1
450,7265,641.64,438.35,73.34,296.77,0.8791,-1,-1,-1
450,7266,690.93,339.36,349.19,705.56,0.8766,-1,-1,-1
450,7267,1039.90,424.58,146.83,523.88,0.8724,-1,-1,-1
450,7268,1332.50,421.06,127.16,341.43,0.8609,-1,-1,-1
450,7269,281.20,513.21,85.99,144.04,0.8521,-1,-1,-1
450,7270,1147.96,410.28,216.91,647.99,0.8359,-1,-1,-1
450,7271,506.70,431.80,89.34,292.06,0.7789,-1,-1,-1
450,7272,382.17,462.48,45.60,114.12,0.7718,-1,-1,-1
450,7273,418.53,456.69,33.67,113.85,0.6866,-1,-1,-1
450,7274,1069.51,441.32,31.13,90.64,0.6862,-1,-1,-1
450,7275,1022.38,452.83,24.19,73.16,0.6346,-1,-1,-1
450,7276,589.03,455.71,16.83,53.22,0.6286,-1,-1,-1
450,7277,724.87,450.53,27.29,81.68,0.5681,-1,-1,-1
450,7278,472.07,455.89,26.73,57.85,0.5363,-1,-1,-1
450,7279,577.77,468.08,76.84,161.72,0.4447,-1,-1,-1
450,7280,973.37,483.30,35.66,75.12,0.4343,-1,-1,-1
450,7281,1000.43,448.61,26.87,73.93,0.4232,-1,-1,-1
450,7282,577.99,472.61,60.81,83.38,0.3196,-1,-1,-1
451,7283,1148.73,402.13,244.04,650.22,0.8995,-1,-1,-1
451,7284,1041.93,425.09,149.52,523.56,0.8701,-1,-1,-1
451,7285,510.37,431.63,106.32,291.71,0.8602,-1,-1,-1
451,7286,658.99,347.42,351.26,702.85,0.8540,-1,-1,-1
451,7287,643.95,437.50,75.99,298.16,0.8526,-1,-1,-1
451,7288,1344.55,419.88,115.12,342.77,0.8405,-1,-1,-1
451,7289,274.39,513.89,85.41,143.16,0.8367,-1,-1,-1
451,7290,381.94,461.99,45.86,114.08,0.7763,-1,-1,-1
451,7291,575.96,473.43,77.54,158.93,0.6869,-1,-1,-1
451,7292,418.80,456.64,33.78,114.39,0.6690,-1,-1,-1
451,7293,1069.04,440.75,31.22,97.33,0.6030,-1,-1,-1
451,7294,1024.34,452.08,23.00,74.48,0.5767,-1,-1,-1
451,7295,589.87,456.72,16.20,50.72,0.5751,-1,-1,-1
451,7296,960.48,484.76,48.75,76.63,0.5014,-1,-1,-1
451,7297,1272.83,417.09,97.07,338.21,0.4424,-1,-1,-1
451,7298,998.49,447.31,29.06,75.90,0.4074,-1,-1,-1
451,7299,472.13,456.30,26.54,55.25,0.3825,-1,-1,-1
451,7300,623.39,457.20,22.51,35.90,0.3656,-1,-1,-1
452,7301,1152.16,400.56,271.88,643.45,0.8860,-1,-1,-1
452,7302,616.05,358.35,360.78,707.57,0.8702,-1,-1,-1
452,7303,266.13,513.20,86.73,143.03,0.8586,-1,-1,-1
452,7304,1043.57,426.09,154.54,522.98,0.8523,-1,-1,-1
452,7305,508.67,432.49,114.51,290.81,0.8344,-1,-1,-1
452,7306,382.35,462.24,45.47,113.97,0.7771,-1,-1,-1
452,7307,1360.37,419.15,106.47,344.40,0.7683,-1,-1,-1
452,7308,651.68,469.98,64.59,216.21,0.6359,-1,-1,-1
452,7309,419.09,457.13,33.07,113.75,0.6234,-1,-1,-1
452,7310,1067.63,442.34,31.85,100.78,0.5518,-1,-1,-1
452,7311,1000.81,447.65,25.46,74.89,0.5136,-1,-1,-1
452,7312,913.09,484.55,96.73,100.41,0.5004,-1,-1,-1
452,7313,470.96,453.37,27.51,57.46,0.4864,-1,-1,-1
452,7314,590.06,455.56,15.28,50.81,0.4790,-1,-1,-1
452,7315,579.36,473.47,59.18,77.88,0.3168,-1,-1,-1
453,7316,1156.25,401.93,283.26,668.50,0.9085,-1,-1,-1
453,7317,1367.83,418.81,99.73,344.55,0.8605,-1,-1,-1
453,7318,1045.20,423.43,152.75,525.52,0.8591,-1,-1,-1
453,7319,575.43,365.90,365.85,701.55,0.8578,-1,-1,-1
453,7320,259.68,513.70,86.11,142.07,0.8423,-1,-1,-1
453,7321,507.62,437.20,116.80,288.67,0.8090,-1,-1,-1
453,7322,382.43,461.77,46.25,114.64,0.7636,-1,-1,-1
453,7323,831.77,409.81,45.25,136.83,0.7295,-1,-1,-1
453,7324,912.32,481.68,97.87,103.80,0.7210,-1,-1,-1
453,7325,419.50,457.01,32.78,113.94,0.6760,-1,-1,-1
453,7326,1001.13,447.36,25.00,74.76,0.5677,-1,-1,-1
453,7327,1067.13,441.85,30.39,101.34,0.5649,-1,-1,-1
453,7328,471.49,453.20,27.05,61.85,0.4755,-1,-1,-1
453,7329,1886.15,409.71,33.39,203.52,0.3055,-1,-1,-1
454,7330,1150.33,410.41,302.05,661.74,0.9111,-1,-1,-1
454,7331,1047.46,422.91,153.94,526.48,0.8548,-1,-1,-1
454,7332,251.93,513.62,88.10,141.32,0.8524,-1,-1,-1
454,7333,531.03,380.28,378.12,689.13,0.8435,-1,-1,-1
454,7334,511.69,436.40,108.27,289.78,0.8399,-1,-1,-1
454,7335,826.45,409.43,79.69,300.83,0.8384,-1,-1,-1
454,7336,383.29,462.55,44.84,114.01,0.7636,-1,-1,-1
454,7337,418.91,457.02,34.13,114.52,0.6871,-1,-1,-1
454,7338,1373.32,419.05,102.02,348.77,0.6275,-1,-1,-1
454,7339,1065.82,441.43,31.53,108.61,0.6132,-1,-1,-1
454,7340,471.02,451.09,27.18,63.14,0.5964,-1,-1,-1
454,7341,912.45,482.36,97.55,103.63,0.5913,-1,-1,-1
454,7342,990.86,447.33,35.75,74.69,0.5685,-1,-1,-1
455,7332,1150.62,408.32,310.05,663.52,0.9114,-1,-1,-1
455,7343,494.95,391.16,380.19,676.30,0.8763,-1,-1,-1
455,7344,1049.75,421.41,158.10,528.15,0.8618,-1,-1,-1
455,7345,244.74,515.44,88.20,138.14,0.8580,-1,-1,-1
455,7346,817.77,408.90,88.85,300.76,0.8313,-1,-1,-1
455,7347,1376.89,419.03,102.19,350.45,0.7924,-1,-1,-1
455,7348,510.27,440.89,86.50,272.34,0.7691,-1,-1,-1
455,7349,383.53,462.40,46.51,113.96,0.7671,-1,-1,-1
455,7350,774.38,432.83,69.61,204.90,0.7014,-1,-1,-1
455,7351,471.15,451.85,27.40,104.05,0.7008,-1,-1,-1
455,7352,419.70,456.95,34.27,114.08,0.6963,-1,-1,-1
455,7353,1064.35,441.56,29.87,105.81,0.5363,-1,-1,-1
455,7354,1003.47,447.39,24.02,74.76,0.4745,-1,-1,-1
455,7331,951.32,482.64,59.36,100.58,0.4230,-1,-1,-1
455,7355,1889.73,411.26,29.81,225.12,0.3733,-1,-1,-1
455,7356,495.30,465.40,32.21,85.90,0.3111,-1,-1,-1
456,7332,1153.24,404.15,309.48,667.57,0.9146,-1,-1,-1
456,7357,448.33,395.56,396.38,672.55,0.8729,-1,-1,-1
456,7358,1055.13,420.14,169.16,529.44,0.8534,-1,-1,-1
456,7359,819.44,408.23,88.17,301.45,0.8498,-1,-1,-1
456,7360,240.10,514.61,87.03,138.37,0.8363,-1,-1,-1
456,7361,1380.37,418.29,107.61,354.15,0.8235,-1,-1,-1
456,7362,384.08,462.02,46.17,114.34,0.7613,-1,-1,-1
456,7363,732.01,452.24,22.71,77.47,0.7282,-1,-1,-1
456,7364,420.40,457.05,33.80,113.99,0.7047,-1,-1,-1
456,7365,1063.82,441.19,30.12,110.07,0.6374,-1,-1,-1
456,7366,778.86,434.14,67.04,259.00,0.5703,-1,-1,-1
456,7367,471.32,452.57,27.63,103.81,0.5448,-1,-1,-1
456,7368,1004.68,447.53,24.58,74.52,0.5055,-1,-1,-1
456,7341,912.27,482.70,98.93,102.98,0.4510,-1,-1,-1
456,7354,1024.17,447.50,28.89,79.60,0.3780,-1,-1,-1
456,7355,1890.60,411.59,28.95,216.57,0.3372,-1,-1,-1
457,7355,1151.80,402.75,311.03,669.29,0.9163,-1,-1,-1
457,7332,409.69,396.06,398.68,672.05,0.9106,-1,-1,-1
457,7354,1060.68,419.95,159.91,529.95,0.8638,-1,-1,-1
457,7369,1383.90,420.73,121.74,360.42,0.8442,-1,-1,-1
457,7370,231.67,515.76,87.90,136.47,0.8267,-1,-1,-1
457,7371,818.95,408.50,89.05,300.92,0.8202,-1,-1,-1
457,7372,383.95,461.57,46.59,115.03,0.7676,-1,-1,-1
457,7373,734.14,449.29,21.32,80.97,0.6980,-1,-1,-1
457,7374,421.71,456.93,32.75,114.03,0.6890,-1,-1,-1
457,7375,690.79,443.87,57.26,166.06,0.6193,-1,-1,-1
457,7376,1061.94,441.19,33.31,107.00,0.6169,-1,-1,-1
457,7377,792.02,435.12,56.02,257.19,0.5097,-1,-1,-1
457,7378,951.80,483.88,59.41,99.40,0.5056,-1,-1,-1
457,7379,1006.27,447.41,22.95,74.70,0.4279,-1,-1,-1
457,7380,1887.96,411.76,31.59,214.09,0.3835,-1,-1,-1
457,7381,472.01,454.47,25.47,61.81,0.3810,-1,-1,-1
458,7355,1151.22,403.34,317.85,669.12,0.9132,-1,-1,-1
458,7354,375.35,394.25,394.85,676.96,0.9065,-1,-1,-1
458,7382,1386.20,422.53,134.69,358.07,0.8995,-1,-1,-1
458,7383,1070.26,420.26,157.77,530.97,0.8814,-1,-1,-1
458,7384,220.38,515.58,91.19,135.55,0.8455,-1,-1,-1
458,7385,684.28,442.90,108.54,289.83,0.8445,-1,-1,-1
458,7381,384.33,462.22,46.44,114.44,0.7667,-1,-1,-1
458,7386,952.77,483.13,57.91,99.19,0.6853,-1,-1,-1
458,7372,421.66,457.54,33.20,113.71,0.6606,-1,-1,-1
458,7387,828.66,408.79,78.89,300.76,0.6489,-1,-1,-1
458,7388,1061.22,441.67,32.87,105.49,0.6240,-1,-1,-1
458,7389,1006.83,447.45,22.42,74.49,0.4154,-1,-1,-1
458,7390,1111.83,433.22,36.54,94.74,0.4126,-1,-1,-1
458,7391,1034.44,450.83,25.12,76.15,0.3982,-1,-1,-1
458,7392,665.27,462.63,22.60,47.32,0.3448,-1,-1,-1
459,7393,343.07,383.55,394.50,687.47,0.9270,-1,-1,-1
459,7394,1155.78,405.24,312.62,667.97,0.9056,-1,-1,-1
459,7395,1387.90,423.08,152.38,361.64,0.9030,-1,-1,-1
459,7396,1081.90,419.83,151.20,533.94,0.8736,-1,-1,-1
459,7397,683.55,443.06,109.15,290.05,0.8693,-1,-1,-1
459,7398,211.47,516.63,92.82,137.05,0.8416,-1,-1,-1
459,7381,383.77,461.78,47.20,114.67,0.7781,-1,-1,-1
459,7399,802.95,414.13,104.87,294.47,0.7258,-1,-1,-1
459,7400,620.99,455.07,31.51,80.51,0.7196,-1,-1,-1
459,7401,1060.06,443.38,35.43,103.62,0.6645,-1,-1,-1
459,7402,951.14,483.14,59.44,99.78,0.6400,-1,-1,-1
459,7403,1111.87,432.99,40.89,108.12,0.4705,-1,-1,-1
459,7404,1036.33,451.99,23.37,75.44,0.4557,-1,-1,-1
459,7405,1007.02,448.11,22.17,74.23,0.3890,-1,-1,-1
459,7406,665.09,463.14,22.38,59.20,0.3285,-1,-1,-1
460,7407,1156.98,403.62,309.96,666.46,0.9114,-1,-1,-1
460,7408,308.16,380.34,396.95,690.26,0.9040,-1,-1,-1
460,7397,1395.20,424.50,160.06,361.80,0.8914,-1,-1,-1
460,7409,668.50,438.97,123.99,295.15,0.8855,-1,-1,-1
460,7410,1094.69,419.33,142.04,537.59,0.8406,-1,-1,-1
460,7411,201.46,520.59,95.06,133.08,0.8114,-1,-1,-1
460,7412,830.64,407.97,77.41,300.57,0.7778,-1,-1,-1
460,7413,622.84,455.61,29.15,80.16,0.7277,-1,-1,-1
460,7414,1033.19,450.78,26.47,78.24,0.6632,-1,-1,-1
460,7415,1059.24,446.14,36.13,100.32,0.6622,-1,-1,-1
460,7416,664.75,462.92,23.42,61.56,0.5873,-1,-1,-1
460,7417,945.89,483.44,64.64,98.73,0.5027,-1,-1,-1
460,7418,1111.00,432.91,43.16,120.07,0.5011,-1,-1,-1
460,7419,1004.54,448.73,27.27,73.38,0.4579,-1,-1,-1
460,7420,783.50,443.22,37.36,110.27,0.3208,-1,-1,-1
460,7421,1685.76,430.19,98.75,204.66,0.3024,-1,-1,-1
460,7422,577.35,438.59,60.79,166.15,0.3022,-1,-1,-1
461,7423,278.48,376.03,399.14,693.38,0.9088,-1,-1,-1
461,7424,1161.45,402.35,309.48,669.96,0.9046,-1,-1,-1
461,7425,1402.04,426.24,164.95,365.14,0.8980,-1,-1,-1
461,7426,658.47,441.52,134.18,292.58,0.8825,-1,-1,-1
461,7427,804.41,407.72,103.43,302.14,0.8553,-1,-1,-1
461,7428,193.59,518.42,94.81,133.36,0.8370,-1,-1,-1
461,7429,1108.53,419.87,136.38,541.68,0.8289,-1,-1,-1
461,7430,784.49,440.87,36.70,142.00,0.7290,-1,-1,-1
461,7431,1056.63,443.52,36.52,103.51,0.7104,-1,-1,-1
461,7432,555.96,437.24,93.77,260.01,0.6428,-1,-1,-1
461,7433,624.40,455.42,25.21,82.34,0.6401,-1,-1,-1
461,7434,1111.45,432.60,42.20,127.71,0.6364,-1,-1,-1
461,7435,951.95,482.50,58.69,100.87,0.6036,-1,-1,-1
461,7436,1036.43,451.72,22.57,77.25,0.4507,-1,-1,-1
461,7437,549.11,447.78,34.78,56.27,0.3927,-1,-1,-1
461,7416,664.53,462.77,22.70,42.71,0.3899,-1,-1,-1
461,7438,1016.18,449.32,22.99,73.96,0.3497,-1,-1,-1
461,7439,1684.58,430.12,103.02,203.26,0.3296,-1,-1,-1
462,7440,249.52,367.84,404.71,701.93,0.9143,-1,-1,-1
462,7441,1163.71,405.40,308.40,663.74,0.9074,-1,-1,-1
462,7442,1402.76,427.11,168.09,371.35,0.9050,-1,-1,-1
462,7443,670.62,440.08,122.43,294.03,0.8925,-1,-1,-1
462,7444,183.47,521.14,97.80,136.64,0.8282,-1,-1,-1
462,7445,1114.47,421.28,137.93,543.90,0.8140,-1,-1,-1
462,7446,781.11,440.39,38.88,142.61,0.7926,-1,-1,-1
462,7447,805.82,407.41,101.28,303.02,0.7765,-1,-1,-1
462,7448,1055.70,441.34,36.28,105.80,0.7214,-1,-1,-1
462,7449,553.77,436.68,107.57,272.49,0.6544,-1,-1,-1
462,7450,1111.48,433.12,41.50,130.17,0.6430,-1,-1,-1
462,7451,526.29,457.58,23.72,68.35,0.6396,-1,-1,-1
462,7452,1037.91,452.23,21.71,76.42,0.5418,-1,-1,-1
462,7453,1018.77,449.45,22.69,74.43,0.5127,-1,-1,-1
462,7454,664.53,462.72,23.60,43.64,0.4826,-1,-1,-1
462,7455,1004.60,448.47,20.58,72.31,0.4130,-1,-1,-1
462,7456,945.04,483.62,65.46,98.29,0.4041,-1,-1,-1
462,7457,1691.47,430.19,97.25,204.38,0.3433,-1,-1,-1
462,7416,529.54,454.52,51.18,102.73,0.3292,-1,-1,-1
463,7416,218.85,365.54,410.83,705.40,0.9082,-1,-1,-1
463,7458,1411.38,426.33,163.20,373.32,0.9036,-1,-1,-1
463,7459,675.58,438.51,117.05,295.23,0.8946,-1,-1,-1
463,7460,1167.74,400.21,303.75,662.44,0.8812,-1,-1,-1
463,7461,1116.25,420.92,142.30,548.69,0.8165,-1,-1,-1
463,7462,778.22,440.04,40.23,142.95,0.8113,-1,-1,-1
463,7463,168.69,519.16,104.29,141.89,0.7889,-1,-1,-1
463,7464,564.35,433.84,109.30,276.59,0.7845,-1,-1,-1
463,7465,830.80,407.91,81.20,300.58,0.7705,-1,-1,-1
463,7466,1111.52,432.55,40.80,132.68,0.6998,-1,-1,-1
463,7467,1055.08,440.88,35.58,107.88,0.6347,-1,-1,-1
463,7468,950.20,484.25,60.13,99.83,0.5336,-1,-1,-1
463,7469,1038.33,452.03,21.88,76.94,0.5248,-1,-1,-1
463,7470,519.44,457.50,37.49,101.20,0.5130,-1,-1,-1
463,7471,1003.42,448.95,19.62,69.35,0.4654,-1,-1,-1
463,7472,664.20,462.43,22.28,43.32,0.4109,-1,-1,-1
463,7473,1018.87,449.10,23.09,74.82,0.3584,-1,-1,-1
464,7474,186.65,360.80,424.27,710.13,0.9198,-1,-1,-1
464,7475,1420.81,424.58,156.04,375.70,0.9078,-1,-1,-1
464,7476,559.51,432.08,112.58,278.82,0.8927,-1,-1,-1
464,7477,687.30,436.34,104.85,295.96,0.8860,-1,-1,-1
464,7478,1178.07,396.83,295.03,673.90,0.8692,-1,-1,-1
464,7479,832.13,407.78,79.95,301.55,0.8412,-1,-1,-1
464,7480,780.14,440.96,38.16,141.66,0.8132,-1,-1,-1
464,7481,1116.67,418.24,149.50,552.96,0.8119,-1,-1,-1
464,7482,1110.26,432.91,40.87,133.57,0.7092,-1,-1,-1
464,7483,1052.83,441.88,36.72,105.43,0.6639,-1,-1,-1
464,7484,162.30,516.88,99.41,116.74,0.6415,-1,-1,-1
464,7485,1003.46,448.85,18.71,70.19,0.4569,-1,-1,-1
464,7486,468.41,455.14,28.06,65.35,0.4313,-1,-1,-1
464,7487,664.22,462.55,21.37,44.11,0.3897,-1,-1,-1
464,7488,948.40,482.78,61.74,101.65,0.3828,-1,-1,-1
464,7489,1039.16,451.09,21.77,77.66,0.3746,-1,-1,-1
464,7490,1018.66,448.84,23.14,75.65,0.3216,-1,-1,-1
464,7491,514.41,456.68,51.42,103.82,0.3204,-1,-1,-1
464,7492,1696.01,430.60,89.25,203.92,0.3176,-1,-1,-1
464,7471,1082.45,483.59,33.65,106.87,0.3066,-1,-1,-1
465,7493,157.76,365.07,426.14,707.39,0.9088,-1,-1,-1
465,7494,549.89,431.53,122.44,279.44,0.8973,-1,-1,-1
465,7495,1432.52,422.94,143.85,377.72,0.8962,-1,-1,-1
465,7496,1191.36,396.87,280.01,670.81,0.8755,-1,-1,-1
465,7497,702.94,436.32,91.70,296.27,0.8725,-1,-1,-1
465,7498,832.51,406.94,83.72,301.63,0.8345,-1,-1,-1
465,7499,510.20,461.66,69.87,173.82,0.7850,-1,-1,-1
465,7500,1116.72,419.19,164.38,553.29,0.7828,-1,-1,-1
465,7501,779.20,441.32,38.45,141.68,0.7705,-1,-1,-1
465,7502,1109.98,432.76,39.73,137.13,0.7020,-1,-1,-1
465,7503,1002.24,448.75,19.99,70.68,0.5967,-1,-1,-1
465,7504,1055.40,440.93,33.85,104.39,0.5816,-1,-1,-1
465,7505,467.94,455.70,30.12,57.92,0.5583,-1,-1,-1
465,7506,952.42,483.82,57.86,100.06,0.5076,-1,-1,-1
465,7507,664.30,462.60,21.72,43.03,0.4593,-1,-1,-1
465,7508,1039.61,449.62,23.57,79.77,0.4382,-1,-1,-1
465,7471,1021.79,448.38,20.22,76.02,0.3359,-1,-1,-1
466,7509,1204.17,397.55,269.50,672.74,0.8984,-1,-1,-1
466,7510,1438.11,420.10,137.57,380.75,0.8956,-1,-1,-1
466,7511,562.43,431.25,108.86,279.28,0.8936,-1,-1,-1
466,7512,123.85,368.10,429.61,703.32,0.8730,-1,-1,-1
466,7513,719.61,434.90,81.43,298.73,0.8588,-1,-1,-1
466,7514,832.27,407.20,88.54,301.63,0.8175,-1,-1,-1
466,7515,505.81,465.12,72.09,176.73,0.7996,-1,-1,-1
466,7516,1119.83,418.46,155.21,556.92,0.7656,-1,-1,-1
466,7517,1109.64,432.73,39.28,146.78,0.6945,-1,-1,-1
466,7518,780.19,443.46,35.58,139.82,0.6890,-1,-1,-1
466,7519,1001.25,448.53,20.89,71.73,0.6798,-1,-1,-1
466,7520,467.14,457.88,28.69,55.23,0.6065,-1,-1,-1
466,7521,1043.50,443.24,44.33,103.93,0.5901,-1,-1,-1
466,7522,444.02,503.27,53.60,91.86,0.5604,-1,-1,-1
466,7523,1020.27,448.39,23.31,76.22,0.5288,-1,-1,-1
466,7524,562.34,449.14,29.42,55.91,0.3971,-1,-1,-1
466,7525,417.89,457.82,33.94,73.93,0.3939,-1,-1,-1
466,7526,664.47,462.71,21.55,41.81,0.3588,-1,-1,-1
466,7527,952.73,483.03,57.27,99.21,0.3114,-1,-1,-1
467,7528,109.47,372.09,425.83,698.05,0.8944,-1,-1,-1
467,7529,1218.50,398.11,255.50,666.76,0.8943,-1,-1,-1
467,7530,572.71,430.65,99.36,279.90,0.8852,-1,-1,-1
467,7531,1451.18,418.46,123.29,381.64,0.8846,-1,-1,-1
467,7471,727.50,434.98,81.70,298.20,0.8498,-1,-1,-1
467,7515,832.26,407.21,89.68,301.93,0.8433,-1,-1,-1
467,7532,498.09,465.20,75.65,174.70,0.8203,-1,-1,-1
467,7533,1123.53,418.13,158.74,560.82,0.8146,-1,-1,-1
467,7534,1108.54,432.37,38.95,147.85,0.7047,-1,-1,-1
467,7535,1000.84,448.16,22.69,72.19,0.6751,-1,-1,-1
467,7536,466.13,451.56,27.74,59.63,0.5906,-1,-1,-1
467,7537,1020.42,448.22,23.02,75.54,0.5575,-1,-1,-1
467,7538,1044.57,441.62,42.13,103.23,0.5470,-1,-1,-1
467,7539,911.03,482.42,99.27,103.01,0.5438,-1,-1,-1
467,7540,562.48,450.40,29.49,61.69,0.5220,-1,-1,-1
467,7541,726.03,448.91,28.92,45.48,0.5026,-1,-1,-1
467,7542,415.17,457.17,36.32,104.72,0.4560,-1,-1,-1
467,7543,382.22,462.75,42.42,91.37,0.4381,-1,-1,-1
467,7544,432.77,502.90,59.92,120.92,0.3884,-1,-1,-1
467,7545,664.36,462.42,22.21,40.20,0.3039,-1,-1,-1
468,7546,83.56,379.62,426.66,691.49,0.8872,-1,-1,-1
468,7547,833.42,408.25,88.85,301.15,0.8755,-1,-1,-1
468,7548,585.31,430.13,87.15,280.03,0.8620,-1,-1,-1
468,7549,1240.09,398.94,239.55,669.49,0.8583,-1,-1,-1
468,7550,1460.32,416.90,115.07,383.34,0.8576,-1,-1,-1
468,7551,493.39,467.43,76.42,177.49,0.8493,-1,-1,-1
468,7552,1131.88,418.81,148.31,566.04,0.8216,-1,-1,-1
468,7553,733.02,434.96,79.12,298.61,0.8038,-1,-1,-1
468,7554,1000.11,447.52,23.61,72.61,0.6658,-1,-1,-1
468,7555,1045.24,441.19,42.18,108.78,0.6488,-1,-1,-1
468,7556,1107.17,432.56,39.59,158.83,0.6346,-1,-1,-1
468,7557,1020.00,447.87,24.69,76.39,0.6080,-1,-1,-1
468,7558,381.80,462.58,45.04,112.10,0.6039,-1,-1,-1
468,7559,465.90,456.86,27.14,53.73,0.6021,-1,-1,-1
468,7560,563.32,452.89,26.59,70.92,0.5636,-1,-1,-1
468,7561,731.44,448.92,23.55,43.77,0.5196,-1,-1,-1
468,7562,1254.65,409.41,111.93,499.42,0.5053,-1,-1,-1
468,7563,435.61,503.34,52.56,129.47,0.4956,-1,-1,-1
468,7564,1280.54,409.34,86.46,194.52,0.4692,-1,-1,-1
468,7565,1161.23,438.21,25.50,84.06,0.3889,-1,-1,-1
468,7566,944.85,482.68,64.88,99.84,0.3764,-1,-1,-1
468,7541,663.76,462.33,22.63,40.96,0.3172,-1,-1,-1
468,7515,415.22,457.11,37.10,103.81,0.3143,-1,-1,-1
469,7567,55.15,386.81,421.47,683.49,0.8904,-1,-1,-1
469,7568,1470.33,415.26,104.00,385.47,0.8784,-1,-1,-1
469,7569,834.58,407.81,88.25,301.73,0.8652,-1,-1,-1
469,7570,735.77,434.09,84.66,299.10,0.8578,-1,-1,-1
469,7571,1262.10,397.54,226.83,669.54,0.8423,-1,-1,-1
469,7572,1135.74,420.44,146.69,572.81,0.8374,-1,-1,-1
469,7573,488.63,465.40,76.97,179.47,0.8146,-1,-1,-1
469,7574,563.92,452.76,27.87,74.55,0.6940,-1,-1,-1
469,7575,595.54,429.51,77.48,279.78,0.6682,-1,-1,-1
469,7576,381.93,463.25,44.08,111.67,0.6672,-1,-1,-1
469,7577,1108.34,432.28,38.00,158.72,0.6508,-1,-1,-1
469,7578,465.36,456.59,27.35,54.02,0.6300,-1,-1,-1
469,7579,999.56,447.81,23.99,72.90,0.6253,-1,-1,-1
469,7580,1046.24,442.98,40.00,105.16,0.6229,-1,-1,-1
469,7581,1019.90,447.76,25.15,77.14,0.6010,-1,-1,-1
469,7582,425.90,503.06,58.89,131.68,0.5840,-1,-1,-1
469,7583,730.73,448.80,27.83,45.93,0.5811,-1,-1,-1
469,7584,1256.71,409.90,110.75,501.63,0.5228,-1,-1,-1
469,7585,1162.14,438.84,25.84,86.26,0.4404,-1,-1,-1
469,7586,943.87,482.56,64.99,99.67,0.4174,-1,-1,-1
469,7515,415.08,458.29,37.47,94.58,0.4121,-1,-1,-1
469,7587,1285.49,410.14,83.21,199.89,0.3932,-1,-1,-1
470,7515,33.01,393.38,421.33,675.95,0.8909,-1,-1,-1
470,7588,834.15,408.69,88.84,300.66,0.8701,-1,-1,-1
470,7589,739.27,434.59,94.13,298.55,0.8642,-1,-1,-1
470,7590,1135.92,421.55,153.30,582.09,0.8346,-1,-1,-1
470,7591,1483.17,412.67,98.91,388.59,0.8303,-1,-1,-1
470,7592,1283.98,400.67,200.53,669.09,0.8215,-1,-1,-1
470,7593,481.20,468.99,78.83,174.39,0.8213,-1,-1,-1
470,7594,562.30,452.62,30.28,76.04,0.7272,-1,-1,-1
470,7595,1107.71,432.20,38.49,157.79,0.7161,-1,-1,-1
470,7596,382.10,463.81,46.22,111.98,0.7016,-1,-1,-1
470,7597,602.40,428.79,73.39,281.29,0.6849,-1,-1,-1
470,7598,1258.01,409.42,117.23,504.36,0.6631,-1,-1,-1
470,7599,997.88,448.25,25.13,72.32,0.6486,-1,-1,-1
470,7600,1045.43,442.20,39.47,108.22,0.6410,-1,-1,-1
470,7601,1020.79,448.10,27.01,77.20,0.5536,-1,-1,-1
470,7602,729.93,449.37,27.75,45.08,0.5248,-1,-1,-1
470,7603,465.45,456.46,28.08,53.92,0.5042,-1,-1,-1
470,7604,529.62,458.18,27.13,55.68,0.4628,-1,-1,-1
470,7605,1162.30,438.99,24.54,86.46,0.4420,-1,-1,-1
470,7606,945.63,482.48,63.45,99.84,0.4212,-1,-1,-1
470,7607,414.25,502.92,65.24,134.15,0.3758,-1,-1,-1
471,7515,8.98,398.79,420.13,670.20,0.9097,-1,-1,-1
471,7608,742.32,435.65,104.88,297.61,0.8736,-1,-1,-1
471,7609,833.74,407.00,89.18,302.35,0.8627,-1,-1,-1
471,7610,1488.04,411.83,106.19,387.88,0.8554,-1,-1,-1
471,7611,1136.78,421.04,156.48,583.43,0.8500,-1,-1,-1
471,7612,473.91,467.40,80.80,180.48,0.8152,-1,-1,-1
471,7613,1305.55,401.05,197.59,664.39,0.7715,-1,-1,-1
471,7594,564.72,453.05,27.62,76.12,0.7393,-1,-1,-1
471,7614,1107.59,432.06,39.01,157.97,0.7026,-1,-1,-1
471,7615,600.19,429.39,76.83,281.01,0.6637,-1,-1,-1
471,7616,382.05,463.76,45.75,110.73,0.6509,-1,-1,-1
471,7617,1046.36,443.05,39.61,108.91,0.6359,-1,-1,-1
471,7618,412.02,501.99,62.53,135.99,0.6065,-1,-1,-1
471,7619,998.09,448.66,24.84,71.12,0.6001,-1,-1,-1
471,7620,730.25,449.96,24.94,47.90,0.5946,-1,-1,-1
471,7621,1277.97,409.35,103.15,504.32,0.5707,-1,-1,-1
471,7622,528.12,459.51,28.74,57.50,0.5571,-1,-1,-1
471,7623,1019.93,446.94,29.51,78.99,0.5107,-1,-1,-1
471,7624,465.34,455.81,27.68,55.49,0.4651,-1,-1,-1
471,7625,1294.76,408.81,85.88,199.50,0.4426,-1,-1,-1
471,7626,953.15,482.50,56.96,101.07,0.4185,-1,-1,-1
471,7605,1162.42,438.97,23.79,87.22,0.3892,-1,-1,-1
471,7627,417.57,459.25,35.62,62.65,0.3759,-1,-1,-1
471,7591,1885.16,414.31,34.39,196.04,0.3180,-1,-1,-1
472,7515,2.44,405.43,399.36,665.14,0.9123,-1,-1,-1
472,7628,1137.16,420.64,159.67,585.02,0.8708,-1,-1,-1
472,7629,832.27,407.07,90.91,302.03,0.8701,-1,-1,-1
472,7630,740.17,437.04,108.44,296.42,0.8649,-1,-1,-1
472,7631,1494.59,411.61,112.42,388.26,0.8633,-1,-1,-1
472,7632,1312.35,397.14,201.25,672.88,0.7946,-1,-1,-1
472,7633,468.42,467.19,81.61,183.42,0.7796,-1,-1,-1
472,7594,562.92,453.12,29.59,76.13,0.7699,-1,-1,-1
472,7634,607.81,429.64,75.22,279.83,0.7121,-1,-1,-1
472,7635,1107.39,431.53,38.41,158.45,0.6996,-1,-1,-1
472,7636,1045.46,444.47,37.14,104.55,0.6685,-1,-1,-1
472,7637,528.42,459.36,26.65,64.60,0.6574,-1,-1,-1
472,7638,730.15,450.15,23.92,53.19,0.5988,-1,-1,-1
472,7639,922.81,482.81,86.67,101.19,0.5506,-1,-1,-1
472,7640,996.82,447.91,25.42,72.33,0.5484,-1,-1,-1
472,7641,1277.02,410.39,109.00,503.18,0.5446,-1,-1,-1
472,7642,465.04,456.76,26.86,53.46,0.5120,-1,-1,-1
472,7643,1885.96,409.73,33.58,219.94,0.3622,-1,-1,-1
472,7644,416.62,459.20,34.94,59.71,0.3377,-1,-1,-1
472,7645,590.82,455.85,16.16,42.45,0.3087,-1,-1,-1
472,7646,381.43,462.55,47.03,106.66,0.3016,-1,-1,-1
473,7515,0.56,405.48,375.28,664.88,0.9183,-1,-1,-1
473,7647,741.55,436.64,107.94,296.74,0.8797,-1,-1,-1
473,7648,1140.51,420.28,162.30,584.97,0.8751,-1,-1,-1
473,7649,1499.17,411.53,115.71,387.58,0.8591,-1,-1,-1
473,7650,832.29,406.54,87.76,302.76,0.8505,-1,-1,-1
473,7651,458.21,470.02,85.17,181.66,0.8255,-1,-1,-1
473,7652,562.35,452.37,29.90,77.10,0.7699,-1,-1,-1
473,7653,615.14,430.14,73.72,278.97,0.7638,-1,-1,-1
473,7654,1316.74,398.37,196.48,671.33,0.7347,-1,-1,-1
473,7655,528.01,458.63,27.46,71.87,0.7147,-1,-1,-1
473,7656,1108.48,431.04,36.32,159.37,0.7002,-1,-1,-1
473,7657,731.03,449.75,22.09,59.07,0.5914,-1,-1,-1
473,7658,924.20,482.41,84.69,102.95,0.5689,-1,-1,-1
473,7659,1285.10,410.25,106.53,508.23,0.5456,-1,-1,-1
473,7660,985.76,447.57,36.19,72.62,0.4903,-1,-1,-1
473,7661,398.50,510.40,63.84,129.13,0.4727,-1,-1,-1
473,7662,381.38,462.70,43.34,104.29,0.4682,-1,-1,-1
473,7663,1048.03,446.09,30.87,97.70,0.3967,-1,-1,-1
473,7664,415.68,458.60,35.39,63.91,0.3838,-1,-1,-1
473,7665,1023.78,446.53,32.21,80.33,0.3261,-1,-1,-1
473,7666,1884.14,401.15,35.42,229.62,0.3128,-1,-1,-1
473,7594,714.25,454.50,22.19,78.73,0.3009,-1,-1,-1
474,7667,0.67,403.89,346.83,666.09,0.9266,-1,-1,-1
474,7668,742.30,437.90,108.32,295.06,0.8778,-1,-1,-1
474,7669,1145.37,419.48,160.25,586.31,0.8693,-1,-1,-1
474,7670,834.75,405.84,88.59,302.91,0.8647,-1,-1,-1
474,7671,1502.00,412.01,125.48,388.45,0.8617,-1,-1,-1
474,7672,452.27,468.99,85.80,187.51,0.8037,-1,-1,-1
474,7673,1326.27,395.53,187.82,674.87,0.7861,-1,-1,-1
474,7674,396.73,506.69,57.62,133.14,0.7637,-1,-1,-1
474,7675,563.65,452.74,28.64,76.55,0.7547,-1,-1,-1
474,7676,529.81,458.83,24.11,70.92,0.7446,-1,-1,-1
474,7677,730.56,450.28,22.56,68.63,0.6574,-1,-1,-1
474,7678,926.30,482.85,82.96,100.95,0.6515,-1,-1,-1
474,7679,619.97,431.02,69.66,278.05,0.6305,-1,-1,-1
474,7680,1109.16,431.00,35.29,158.34,0.5836,-1,-1,-1
474,7681,892.02,430.77,53.31,244.19,0.5497,-1,-1,-1
474,7682,1277.98,409.68,117.83,523.60,0.5470,-1,-1,-1
474,7683,416.16,456.11,37.60,88.73,0.4678,-1,-1,-1
474,7684,988.96,447.49,33.35,72.82,0.4282,-1,-1,-1
474,7685,712.49,456.81,23.67,76.10,0.3674,-1,-1,-1
474,7686,590.95,454.64,16.19,49.63,0.3517,-1,-1,-1
474,7687,381.09,463.69,37.31,96.89,0.3095,-1,-1,-1
475,7688,0.41,400.37,326.83,670.97,0.9409,-1,-1,-1
475,7689,1507.80,411.74,132.83,389.56,0.8930,-1,-1,-1
475,7690,741.90,439.65,109.77,293.42,0.8733,-1,-1,-1
475,7691,1147.59,419.13,167.49,588.14,0.8723,-1,-1,-1
475,7692,836.22,406.36,88.38,302.63,0.8622,-1,-1,-1
475,7693,621.29,432.32,73.09,276.82,0.8077,-1,-1,-1
475,7694,447.50,472.55,84.52,184.84,0.8073,-1,-1,-1
475,7695,382.93,503.53,67.38,139.00,0.7833,-1,-1,-1
475,7696,1333.11,395.61,191.28,673.67,0.7726,-1,-1,-1
475,7674,529.97,458.75,24.30,71.55,0.7587,-1,-1,-1
475,7697,562.10,452.73,30.03,76.77,0.7431,-1,-1,-1
475,7698,730.48,449.28,22.59,76.12,0.7223,-1,-1,-1
475,7699,892.67,431.01,66.10,245.01,0.6462,-1,-1,-1
475,7700,992.49,447.43,31.36,74.23,0.6063,-1,-1,-1
475,7701,711.92,454.82,24.24,79.95,0.5986,-1,-1,-1
475,7702,1285.67,409.50,113.79,526.43,0.5929,-1,-1,-1
475,7703,1109.42,430.58,36.45,159.37,0.5191,-1,-1,-1
475,7704,416.43,457.99,37.43,85.14,0.5003,-1,-1,-1
475,7705,382.82,464.19,44.64,56.43,0.3832,-1,-1,-1
475,7706,590.92,455.30,16.31,49.39,0.3620,-1,-1,-1
475,7707,1886.47,405.71,33.06,220.49,0.3361,-1,-1,-1
475,7678,1050.80,441.20,27.36,100.72,0.3102,-1,-1,-1
475,7708,958.64,482.71,50.93,78.25,0.3053,-1,-1,-1
476,7709,0.22,395.22,308.57,675.96,0.9443,-1,-1,-1
476,7710,1512.42,412.63,150.44,391.04,0.9069,-1,-1,-1
476,7711,741.76,435.04,112.53,297.81,0.8733,-1,-1,-1
476,7712,1150.97,418.48,168.02,588.75,0.8657,-1,-1,-1
476,7713,836.86,405.21,86.07,304.11,0.8519,-1,-1,-1
476,7714,894.95,431.13,79.57,250.57,0.8415,-1,-1,-1
476,7715,622.94,432.30,77.55,275.65,0.8362,-1,-1,-1
476,7716,1340.85,394.62,179.93,674.52,0.8022,-1,-1,-1
476,7717,435.77,475.62,89.31,185.15,0.7919,-1,-1,-1
476,7718,529.96,458.70,24.28,71.23,0.7509,-1,-1,-1
476,7719,730.02,449.31,24.93,77.44,0.7460,-1,-1,-1
476,7720,563.44,452.98,28.84,77.44,0.7385,-1,-1,-1
476,7721,988.04,447.25,35.31,74.03,0.6044,-1,-1,-1
476,7722,1102.79,430.09,42.92,159.92,0.5167,-1,-1,-1
476,7723,1296.18,409.89,105.27,526.96,0.5163,-1,-1,-1
476,7724,711.81,457.75,24.11,76.16,0.4880,-1,-1,-1
476,7725,938.92,482.80,70.88,98.30,0.4510,-1,-1,-1
476,7726,356.07,506.06,32.24,64.57,0.4470,-1,-1,-1
476,7727,590.97,456.41,15.48,50.03,0.4345,-1,-1,-1
476,7728,1885.28,397.93,34.27,229.06,0.3371,-1,-1,-1
476,7729,551.72,463.90,13.63,53.85,0.3034,-1,-1,-1
477,7730,0.51,388.18,288.77,683.10,0.9355,-1,-1,-1
477,7731,1516.59,412.77,174.12,396.96,0.9087,-1,-1,-1
477,7732,1153.27,418.18,171.56,588.58,0.8885,-1,-1,-1
477,7733,742.86,435.25,111.11,296.48,0.8741,-1,-1,-1
477,7715,838.08,405.20,83.45,304.48,0.8510,-1,-1,-1
477,7734,897.02,430.95,87.23,251.94,0.8384,-1,-1,-1
477,7735,1341.57,393.66,188.20,675.84,0.8325,-1,-1,-1
477,7736,435.99,476.11,81.33,186.74,0.8250,-1,-1,-1
477,7737,728.36,449.27,25.75,79.77,0.7512,-1,-1,-1
477,7738,529.80,459.04,24.61,71.21,0.7449,-1,-1,-1
477,7739,565.43,453.57,27.31,76.44,0.7446,-1,-1,-1
477,7740,625.67,431.71,80.69,275.75,0.7035,-1,-1,-1
477,7741,1108.73,429.93,35.66,157.98,0.6439,-1,-1,-1
477,7742,752.61,443.23,37.66,70.21,0.6059,-1,-1,-1
477,7743,710.52,477.72,23.56,57.53,0.5940,-1,-1,-1
477,7744,986.71,447.15,36.02,74.39,0.5839,-1,-1,-1
477,7745,381.52,505.50,52.67,138.85,0.4546,-1,-1,-1
477,7746,416.73,457.16,36.47,90.64,0.4130,-1,-1,-1
477,7747,1034.31,445.54,50.06,96.28,0.4069,-1,-1,-1
477,7748,1314.56,412.39,82.70,274.88,0.3487,-1,-1,-1
477,7749,551.99,465.02,13.78,52.93,0.3374,-1,-1,-1
477,7721,1160.75,438.62,28.42,87.37,0.3254,-1,-1,-1
477,7729,620.68,454.17,23.38,34.37,0.3225,-1,-1,-1
477,7713,965.96,483.10,43.33,77.45,0.3118,-1,-1,-1
478,7736,0.56,383.33,271.37,687.93,0.9293,-1,-1,-1
478,7750,1522.80,414.17,189.97,398.04,0.9183,-1,-1,-1
478,7751,1158.17,418.11,166.64,588.87,0.8644,-1,-1,-1
478,7752,745.77,435.15,106.75,296.12,0.8611,-1,-1,-1
478,7739,838.92,405.76,84.00,303.52,0.8071,-1,-1,-1
478,7715,897.67,431.95,94.21,251.79,0.8068,-1,-1,-1
478,7753,417.65,478.03,94.23,185.27,0.7986,-1,-1,-1
478,7754,627.73,432.50,85.12,274.10,0.7883,-1,-1,-1
478,7755,1347.11,391.39,194.73,675.41,0.7799,-1,-1,-1
478,7756,728.14,449.29,25.77,82.32,0.7533,-1,-1,-1
478,7757,530.02,459.18,24.29,70.86,0.7531,-1,-1,-1
478,7758,565.24,453.68,27.48,77.01,0.7515,-1,-1,-1
478,7759,709.96,477.58,23.67,57.86,0.6037,-1,-1,-1
478,7760,987.64,447.14,34.77,74.38,0.5846,-1,-1,-1
478,7761,366.17,505.73,64.17,137.74,0.5734,-1,-1,-1
478,7762,1104.98,430.31,39.47,157.27,0.5721,-1,-1,-1
478,7763,1317.34,409.55,87.59,548.99,0.5618,-1,-1,-1
478,7764,751.48,443.94,38.23,72.51,0.5361,-1,-1,-1
478,7765,415.70,457.42,37.11,86.46,0.4214,-1,-1,-1
478,7766,590.99,461.36,13.65,45.91,0.3996,-1,-1,-1
478,7767,619.96,454.95,23.66,34.67,0.3762,-1,-1,-1
478,7721,1037.49,446.82,26.56,83.69,0.3573,-1,-1,-1
478,7768,1161.01,438.88,28.58,87.19,0.3529,-1,-1,-1
478,7729,552.66,466.28,13.65,50.87,0.3437,-1,-1,-1
478,7769,688.48,461.68,22.73,70.60,0.3162,-1,-1,-1
479,7770,0.63,385.10,254.29,685.79,0.9296,-1,-1,-1
479,7715,1530.29,414.39,199.16,400.89,0.9153,-1,-1,-1
479,7753,1163.29,419.69,164.00,587.37,0.8727,-1,-1,-1
479,7771,1350.84,391.28,212.19,679.86,0.8680,-1,-1,-1
479,7772,755.86,433.60,106.45,295.94,0.8417,-1,-1,-1
479,7773,841.97,405.04,83.32,303.74,0.8350,-1,-1,-1
479,7774,899.65,433.10,99.22,249.99,0.8082,-1,-1,-1
479,7775,413.70,476.90,89.48,190.73,0.7943,-1,-1,-1
479,7776,727.27,449.30,26.62,82.51,0.7600,-1,-1,-1
479,7777,530.69,458.78,24.92,71.38,0.7543,-1,-1,-1
479,7778,565.46,453.74,28.04,77.16,0.7510,-1,-1,-1
479,7779,629.87,431.63,87.13,274.14,0.7196,-1,-1,-1
479,7780,1108.38,429.89,36.75,156.84,0.6362,-1,-1,-1
479,7781,709.84,477.97,24.04,57.24,0.6290,-1,-1,-1
479,7782,751.80,444.27,35.84,76.88,0.6034,-1,-1,-1
479,7783,987.86,447.22,34.81,74.04,0.5652,-1,-1,-1
479,7784,1320.31,409.31,84.32,542.22,0.5642,-1,-1,-1
479,7785,620.58,455.40,22.98,34.86,0.4097,-1,-1,-1
479,7786,1161.61,438.82,26.44,87.77,0.3973,-1,-1,-1
479,7787,590.30,457.66,15.34,49.18,0.3942,-1,-1,-1
479,7788,552.67,467.56,13.61,49.87,0.3907,-1,-1,-1
479,7789,1039.27,446.25,27.52,89.24,0.3872,-1,-1,-1
479,7790,948.88,482.07,60.47,96.09,0.3782,-1,-1,-1
479,7791,687.13,461.00,24.34,70.54,0.3088,-1,-1,-1
480,7753,0.41,395.10,235.69,676.49,0.9265,-1,-1,-1
480,7715,1535.27,416.03,206.68,405.17,0.9125,-1,-1,-1
480,7792,1355.32,389.71,222.63,682.87,0.8903,-1,-1,-1
480,7793,1169.85,418.53,161.97,589.46,0.8747,-1,-1,-1
480,7794,843.05,404.87,83.56,304.11,0.8630,-1,-1,-1
480,7795,900.02,431.56,102.00,251.06,0.8390,-1,-1,-1
480,7796,764.74,433.50,93.75,291.35,0.8363,-1,-1,-1
480,7797,633.95,431.25,86.09,271.73,0.8279,-1,-1,-1
480,7798,415.28,479.50,85.16,190.12,0.8142,-1,-1,-1
480,7799,565.16,453.64,28.40,77.74,0.7490,-1,-1,-1
480,7800,727.47,449.20,25.80,83.83,0.7380,-1,-1,-1
480,7801,531.33,459.20,24.37,71.80,0.7308,-1,-1,-1
480,7802,1325.01,407.49,88.61,542.17,0.7221,-1,-1,-1
480,7803,707.93,477.90,25.94,57.65,0.6798,-1,-1,-1
480,7804,751.00,445.94,34.23,79.46,0.6316,-1,-1,-1
480,7805,1110.86,429.98,35.47,157.47,0.6002,-1,-1,-1
480,7806,464.65,459.04,25.47,53.43,0.5931,-1,-1,-1
480,7807,590.45,458.05,14.97,48.31,0.5246,-1,-1,-1
480,7808,355.89,506.78,62.62,132.99,0.5058,-1,-1,-1
480,7809,1038.03,446.27,34.86,91.11,0.4971,-1,-1,-1
480,7810,989.12,447.20,32.46,73.54,0.4854,-1,-1,-1
480,7811,382.35,464.04,47.43,57.64,0.4487,-1,-1,-1
480,7812,959.05,483.27,50.29,78.23,0.4214,-1,-1,-1
480,7813,1160.79,439.42,28.24,87.85,0.4089,-1,-1,-1
480,7814,553.31,469.17,13.09,47.59,0.4032,-1,-1,-1
480,7791,620.80,455.48,23.93,36.91,0.3182,-1,-1,-1
481,7815,1543.21,417.65,207.55,409.78,0.9086,-1,-1,-1
481,7816,0.37,418.17,217.35,654.21,0.9035,-1,-1,-1
481,7817,1359.04,390.98,235.36,681.38,0.8848,-1,-1,-1
481,7818,1177.49,416.15,161.52,591.20,0.8694,-1,-1,-1
481,7819,844.25,405.85,80.94,303.93,0.8453,-1,-1,-1
481,7820,777.73,433.95,90.86,288.00,0.8436,-1,-1,-1
481,7821,903.28,432.50,97.00,248.28,0.8337,-1,-1,-1
481,7822,635.50,430.68,85.16,273.34,0.8025,-1,-1,-1
481,7823,406.02,478.18,90.44,193.15,0.7971,-1,-1,-1
481,7824,565.19,453.34,28.77,78.26,0.7539,-1,-1,-1
481,7825,727.65,449.50,25.21,83.89,0.7343,-1,-1,-1
481,7826,531.91,460.00,25.58,70.58,0.7048,-1,-1,-1
481,7827,1328.45,409.43,97.91,539.82,0.6921,-1,-1,-1
481,7828,708.34,478.59,25.90,56.91,0.6213,-1,-1,-1
481,7829,462.63,459.07,27.26,53.55,0.5662,-1,-1,-1
481,7830,590.62,458.50,15.10,48.22,0.5628,-1,-1,-1
481,7831,961.83,483.19,47.52,77.67,0.5368,-1,-1,-1
481,7832,989.27,447.58,32.35,72.82,0.5265,-1,-1,-1
481,7833,357.24,508.82,59.85,128.92,0.5096,-1,-1,-1
481,7834,1112.79,430.06,31.24,158.65,0.4649,-1,-1,-1
481,7835,750.57,445.85,34.62,81.25,0.4380,-1,-1,-1
481,7836,553.31,466.68,13.59,50.37,0.4377,-1,-1,-1
481,7837,1161.30,439.41,27.78,87.39,0.4210,-1,-1,-1
481,7838,382.88,464.55,46.20,57.40,0.4129,-1,-1,-1
481,7799,621.17,455.88,23.71,36.69,0.4045,-1,-1,-1
481,7789,1038.43,447.56,28.53,84.60,0.3581,-1,-1,-1
482,7839,1550.90,418.56,199.96,408.58,0.9032,-1,-1,-1
482,7840,0.41,446.30,198.77,625.50,0.9010,-1,-1,-1
482,7753,1360.33,391.38,249.95,681.33,0.8882,-1,-1,-1
482,7841,1183.08,415.58,156.21,590.86,0.8681,-1,-1,-1
482,7842,908.95,433.09,93.29,247.35,0.8524,-1,-1,-1
482,7843,844.71,405.87,80.16,303.69,0.8392,-1,-1,-1
482,7844,785.07,434.90,81.46,287.16,0.8261,-1,-1,-1
482,7845,390.74,478.50,96.12,194.74,0.8168,-1,-1,-1
482,7846,637.68,431.20,83.02,272.96,0.7984,-1,-1,-1
482,7847,565.45,452.50,27.80,79.24,0.7534,-1,-1,-1
482,7848,729.21,449.22,23.85,83.99,0.7275,-1,-1,-1
482,7849,1330.99,406.32,86.69,542.25,0.7180,-1,-1,-1
482,7850,532.60,460.16,25.02,70.46,0.6852,-1,-1,-1
482,7851,708.08,478.36,25.94,57.10,0.6509,-1,-1,-1
482,7852,463.90,460.64,25.78,50.15,0.6321,-1,-1,-1
482,7853,383.17,464.00,45.55,56.24,0.6105,-1,-1,-1
482,7854,989.71,447.23,30.78,72.42,0.5922,-1,-1,-1
482,7855,1112.44,430.84,35.13,157.93,0.5857,-1,-1,-1
482,7856,1063.07,442.38,30.37,99.76,0.5488,-1,-1,-1
482,7857,749.62,446.78,35.37,130.79,0.5120,-1,-1,-1
482,7858,591.31,457.37,14.10,50.30,0.5014,-1,-1,-1
482,7859,1162.10,439.19,26.84,87.58,0.4535,-1,-1,-1
482,7860,964.16,483.47,45.15,79.82,0.4395,-1,-1,-1
482,7861,1037.73,448.50,30.80,82.73,0.4381,-1,-1,-1
482,7862,1017.81,452.64,22.35,68.94,0.3517,-1,-1,-1
482,7863,1086.70,460.87,36.84,137.04,0.3098,-1,-1,-1
483,7864,1558.71,417.96,194.77,415.47,0.8947,-1,-1,-1
483,7865,1360.95,391.97,261.10,681.92,0.8905,-1,-1,-1
483,7866,0.45,497.01,179.50,575.83,0.8841,-1,-1,-1
483,7867,1186.10,415.78,152.92,587.89,0.8580,-1,-1,-1
483,7868,906.17,432.96,96.41,247.00,0.8347,-1,-1,-1
483,7869,640.29,430.63,87.52,270.22,0.8316,-1,-1,-1
483,7870,848.86,406.84,77.72,302.83,0.8061,-1,-1,-1
483,7871,797.62,434.58,76.85,288.92,0.7999,-1,-1,-1
483,7872,383.79,478.53,99.95,194.99,0.7967,-1,-1,-1
483,7873,748.03,447.01,35.50,129.53,0.7495,-1,-1,-1
483,7874,1334.21,408.24,102.77,544.50,0.7463,-1,-1,-1
483,7875,566.01,452.72,28.05,80.52,0.7424,-1,-1,-1
483,7876,729.18,450.23,23.64,82.70,0.7158,-1,-1,-1
483,7877,533.37,459.54,25.93,71.08,0.7104,-1,-1,-1
483,7878,708.60,478.77,25.67,56.72,0.6394,-1,-1,-1
483,7879,463.78,460.44,25.87,50.80,0.6278,-1,-1,-1
483,7880,1112.51,430.52,36.10,158.15,0.6158,-1,-1,-1
483,7881,989.23,447.24,31.18,74.06,0.5665,-1,-1,-1
483,7882,383.22,464.33,36.94,56.16,0.4764,-1,-1,-1
483,7883,967.76,483.97,42.26,77.25,0.4665,-1,-1,-1
483,7884,591.60,460.47,14.11,47.53,0.4449,-1,-1,-1
483,7885,1038.17,446.47,34.07,84.23,0.4404,-1,-1,-1
483,7886,1065.68,444.79,25.99,98.63,0.4335,-1,-1,-1
483,7887,1086.87,461.90,35.99,134.45,0.4248,-1,-1,-1
483,7888,348.76,508.29,54.53,114.39,0.4027,-1,-1,-1
483,7889,1018.05,452.58,21.06,69.72,0.3530,-1,-1,-1
483,7837,1185.10,451.07,30.13,81.63,0.3468,-1,-1,-1
483,7890,45.39,527.75,68.29,111.67,0.3383,-1,-1,-1
483,7891,1163.45,439.01,25.49,87.98,0.3230,-1,-1,-1
484,7892,1360.18,393.30,271.71,680.64,0.8950,-1,-1,-1
484,7893,1568.32,416.72,184.60,421.73,0.8938,-1,-1,-1
484,7894,1192.18,417.34,149.84,586.92,0.8756,-1,-1,-1
484,7895,899.54,434.84,103.81,246.40,0.8685,-1,-1,-1
484,7896,0.28,559.50,156.36,513.41,0.8317,-1,-1,-1
484,7897,800.66,432.27,67.59,292.88,0.8303,-1,-1,-1
484,7898,857.06,406.69,67.35,303.45,0.8124,-1,-1,-1
484,7899,643.22,430.15,90.69,270.52,0.8083,-1,-1,-1
484,7900,377.46,478.32,103.27,201.78,0.7835,-1,-1,-1
484,7901,1341.30,407.50,88.37,543.68,0.7820,-1,-1,-1
484,7902,745.91,447.17,39.14,133.18,0.7772,-1,-1,-1
484,7903,565.54,453.29,28.56,78.90,0.7506,-1,-1,-1
484,7904,532.93,459.43,26.04,70.92,0.6852,-1,-1,-1
484,7905,729.90,449.62,22.65,83.08,0.6766,-1,-1,-1
484,7906,1113.82,430.66,37.46,157.02,0.6675,-1,-1,-1
484,7907,463.20,460.75,26.18,50.66,0.6485,-1,-1,-1
484,7908,1036.42,446.49,35.96,91.18,0.5879,-1,-1,-1
484,7909,989.12,448.14,30.98,73.03,0.5761,-1,-1,-1
484,7910,1085.69,464.29,38.41,132.50,0.5714,-1,-1,-1
484,7911,708.81,478.70,25.19,56.58,0.5626,-1,-1,-1
484,7912,591.09,459.66,15.35,47.67,0.4951,-1,-1,-1
484,7913,1064.05,445.30,28.89,96.43,0.4795,-1,-1,-1
484,7914,1187.93,450.11,29.11,82.87,0.4173,-1,-1,-1
484,7915,1018.53,452.17,21.56,71.76,0.3919,-1,-1,-1
484,7916,1163.58,439.43,25.64,87.20,0.3895,-1,-1,-1
484,7917,29.71,531.57,75.34,101.92,0.3713,-1,-1,-1
484,7884,620.53,456.05,26.90,38.44,0.3578,-1,-1,-1
485,7918,1360.37,393.17,274.34,681.37,0.8911,-1,-1,-1
485,7919,1195.82,417.89,151.43,588.92,0.8818,-1,-1,-1
485,7920,897.81,434.04,105.62,247.21,0.8665,-1,-1,-1
485,7921,1580.00,415.43,172.65,423.65,0.8636,-1,-1,-1
485,7922,645.14,431.66,98.44,266.66,0.8450,-1,-1,-1
485,7923,803.39,433.68,79.95,290.70,0.8360,-1,-1,-1
485,7924,1342.58,407.80,93.05,545.16,0.8227,-1,-1,-1
485,7925,364.16,479.40,106.22,195.04,0.8208,-1,-1,-1
485,7926,857.59,405.42,69.22,304.46,0.8037,-1,-1,-1
485,7927,744.99,447.67,37.58,131.62,0.7720,-1,-1,-1
485,7928,0.41,577.93,137.64,491.00,0.7716,-1,-1,-1
485,7929,564.89,453.14,29.52,79.16,0.7541,-1,-1,-1
485,7930,462.79,461.05,25.77,50.07,0.6925,-1,-1,-1
485,7931,532.90,459.25,25.99,71.46,0.6849,-1,-1,-1
485,7932,1113.49,429.57,41.53,158.76,0.6793,-1,-1,-1
485,7933,728.87,450.78,23.35,82.21,0.6721,-1,-1,-1
485,7934,1037.50,447.15,32.40,84.88,0.5507,-1,-1,-1
485,7935,990.17,448.09,29.66,73.80,0.5470,-1,-1,-1
485,7936,709.17,478.68,24.08,54.67,0.5069,-1,-1,-1
485,7937,591.29,457.98,15.30,48.83,0.4845,-1,-1,-1
485,7938,17.20,529.42,78.40,111.94,0.4647,-1,-1,-1
485,7939,1063.81,444.63,29.48,93.93,0.4189,-1,-1,-1
485,7940,1088.57,449.93,35.55,144.17,0.3973,-1,-1,-1
485,7941,1187.25,449.97,28.50,82.29,0.3502,-1,-1,-1
485,7942,620.92,455.70,26.88,38.32,0.3477,-1,-1,-1
485,7943,1163.78,439.42,24.66,87.15,0.3053,-1,-1,-1
486,7944,1362.60,393.25,276.04,679.96,0.8840,-1,-1,-1
486,7945,899.68,431.89,103.71,250.85,0.8794,-1,-1,-1
486,7946,1199.31,418.13,166.97,586.82,0.8769,-1,-1,-1
486,7947,1585.94,412.85,167.63,426.73,0.8746,-1,-1,-1
486,7948,804.03,435.06,87.25,288.68,0.8689,-1,-1,-1
486,7949,646.62,431.40,103.07,265.93,0.8490,-1,-1,-1
486,7950,1344.73,410.54,95.42,543.62,0.8230,-1,-1,-1
486,7951,354.00,479.26,104.59,196.81,0.8084,-1,-1,-1
486,7952,743.97,447.37,38.76,130.79,0.8014,-1,-1,-1
486,7953,861.57,406.02,62.52,300.99,0.7796,-1,-1,-1
486,7954,566.01,453.33,28.70,79.08,0.7507,-1,-1,-1
486,7955,1114.80,429.91,41.34,157.54,0.7433,-1,-1,-1
486,7956,533.31,458.96,26.10,72.83,0.7182,-1,-1,-1
486,7957,0.25,529.65,86.75,113.29,0.6308,-1,-1,-1
486,7958,730.36,450.62,19.92,82.99,0.5981,-1,-1,-1
486,7959,462.31,461.17,26.51,50.48,0.5715,-1,-1,-1
486,7941,1037.19,447.41,28.13,81.75,0.5637,-1,-1,-1
486,7960,995.35,448.63,25.63,72.18,0.5557,-1,-1,-1
486,7961,1065.08,443.14,31.03,101.00,0.5478,-1,-1,-1
486,7962,1086.46,455.68,40.22,139.37,0.5122,-1,-1,-1
486,7963,0.09,595.64,116.05,375.74,0.4810,-1,-1,-1
486,7964,707.02,477.33,43.07,87.95,0.4752,-1,-1,-1
486,7965,591.73,457.46,15.16,49.61,0.4295,-1,-1,-1
486,7966,1019.82,453.89,19.62,68.38,0.4168,-1,-1,-1
486,7967,1184.88,449.73,29.48,82.80,0.4154,-1,-1,-1
486,7968,414.31,458.46,45.53,108.58,0.3971,-1,-1,-1
486,7969,1163.68,439.14,24.76,87.54,0.3725,-1,-1,-1
487,7970,1596.64,413.41,157.32,426.78,0.8902,-1,-1,-1
487,7971,1201.33,419.91,182.91,585.71,0.8883,-1,-1,-1
487,7972,1362.78,394.14,275.22,679.60,0.8841,-1,-1,-1
487,7973,803.77,435.76,108.64,291.38,0.8834,-1,-1,-1
487,7974,647.18,430.55,110.48,266.31,0.8718,-1,-1,-1
487,7975,903.71,431.16,101.46,252.61,0.8592,-1,-1,-1
487,7976,1347.61,410.93,95.75,523.36,0.8355,-1,-1,-1
487,7977,0.02,529.08,78.07,146.19,0.8201,-1,-1,-1
487,7978,333.85,479.26,121.87,198.33,0.8130,-1,-1,-1
487,7979,565.17,453.19,30.60,78.67,0.7744,-1,-1,-1
487,7980,866.75,405.49,58.99,295.06,0.7430,-1,-1,-1
487,7981,740.94,446.30,40.14,129.48,0.7221,-1,-1,-1
487,7982,1115.08,429.71,41.91,159.32,0.7186,-1,-1,-1
487,7983,533.40,459.78,26.52,71.96,0.6918,-1,-1,-1
487,7984,0.20,621.19,93.69,337.46,0.6615,-1,-1,-1
487,7985,1036.81,446.59,28.18,84.48,0.6284,-1,-1,-1
487,7986,462.48,461.11,26.10,50.52,0.5866,-1,-1,-1
487,7987,414.77,457.83,44.46,110.00,0.5320,-1,-1,-1
487,7988,994.93,449.11,25.97,71.61,0.4795,-1,-1,-1
487,7989,1063.79,447.46,31.06,96.07,0.4788,-1,-1,-1
487,7990,1184.83,450.10,30.06,82.78,0.4398,-1,-1,-1
487,7991,1089.95,449.97,38.55,145.31,0.4366,-1,-1,-1
487,7992,591.73,457.85,14.54,49.27,0.4227,-1,-1,-1
487,7993,1163.81,439.44,24.95,87.47,0.4128,-1,-1,-1
487,7994,728.71,450.99,20.13,82.54,0.3767,-1,-1,-1
488,7995,1606.44,410.01,148.89,430.09,0.8995,-1,-1,-1
488,7996,1202.83,419.58,184.47,585.46,0.8877,-1,-1,-1
488,7997,647.86,429.55,114.69,267.38,0.8813,-1,-1,-1
488,7998,802.88,437.53,125.69,288.71,0.8799,-1,-1,-1
488,7999,1365.02,393.79,266.53,679.21,0.8657,-1,-1,-1
488,8000,912.70,431.11,93.26,248.74,0.8641,-1,-1,-1
488,7970,1352.15,411.79,104.42,531.16,0.8407,-1,-1,-1
488,8001,337.63,478.92,111.84,202.23,0.8309,-1,-1,-1
488,8002,0.00,529.39,68.02,145.84,0.8139,-1,-1,-1
488,8003,565.53,452.62,30.31,80.62,0.7681,-1,-1,-1
488,8004,738.84,445.87,41.72,128.66,0.7233,-1,-1,-1
488,8005,872.64,406.72,55.21,292.41,0.7174,-1,-1,-1
488,8006,1115.61,429.72,41.65,158.92,0.7115,-1,-1,-1
488,8007,0.15,674.88,60.72,279.15,0.6952,-1,-1,-1
488,8008,463.05,460.25,24.93,50.59,0.6879,-1,-1,-1
488,8009,533.97,459.81,25.80,72.19,0.6802,-1,-1,-1
488,8010,1035.62,447.27,28.65,84.85,0.6144,-1,-1,-1
488,8011,414.98,457.93,42.93,112.91,0.6136,-1,-1,-1
488,8012,1072.23,446.17,29.85,96.63,0.5729,-1,-1,-1
488,8013,1184.79,449.74,28.55,83.19,0.5566,-1,-1,-1
488,8014,995.94,449.60,25.35,72.04,0.5414,-1,-1,-1
488,8015,1164.23,439.35,25.90,86.89,0.5299,-1,-1,-1
488,8016,1694.68,430.11,90.14,204.38,0.4676,-1,-1,-1
488,8017,592.06,458.84,14.10,48.28,0.4150,-1,-1,-1
488,8018,1087.81,445.20,43.34,151.36,0.4027,-1,-1,-1
489,8019,1366.00,393.97,266.14,677.74,0.8958,-1,-1,-1
489,8020,1205.15,420.29,181.93,585.26,0.8909,-1,-1,-1
489,8021,804.74,438.77,131.19,287.62,0.8878,-1,-1,-1
489,8022,648.24,431.44,117.19,266.95,0.8774,-1,-1,-1
489,8023,1614.32,407.35,143.73,432.49,0.8678,-1,-1,-1
489,7970,923.54,430.73,81.58,248.72,0.8637,-1,-1,-1
489,8000,1352.75,409.19,107.49,546.42,0.8205,-1,-1,-1
489,8024,0.10,527.79,59.50,143.77,0.8106,-1,-1,-1
489,8025,331.65,479.62,107.65,204.82,0.7819,-1,-1,-1
489,8026,565.90,452.38,29.92,80.82,0.7721,-1,-1,-1
489,8027,1115.41,429.80,42.36,159.94,0.7276,-1,-1,-1
489,8028,533.69,459.72,26.27,72.21,0.7134,-1,-1,-1
489,8029,734.54,446.11,44.13,127.07,0.6913,-1,-1,-1
489,8030,462.69,460.05,24.70,50.41,0.6763,-1,-1,-1
489,8031,874.85,406.64,50.05,263.00,0.6361,-1,-1,-1
489,8032,1031.55,447.09,35.33,82.87,0.6177,-1,-1,-1
489,8033,414.55,458.34,44.66,112.42,0.5906,-1,-1,-1
489,8034,1184.77,449.65,28.55,82.71,0.5790,-1,-1,-1
489,8035,996.65,449.43,24.88,72.35,0.5604,-1,-1,-1
489,8036,1164.07,439.18,26.24,87.00,0.5131,-1,-1,-1
489,8037,592.21,456.98,13.92,50.28,0.4504,-1,-1,-1
489,8038,1700.80,430.77,80.17,205.42,0.4371,-1,-1,-1
489,8039,1088.03,448.16,41.39,146.88,0.3879,-1,-1,-1
489,8040,1886.03,400.52,33.50,229.64,0.3283,-1,-1,-1
489,8041,1058.94,444.12,32.79,94.72,0.3188,-1,-1,-1
490,8042,649.13,431.67,118.67,268.98,0.8894,-1,-1,-1
490,8000,1205.43,420.75,186.97,586.07,0.8889,-1,-1,-1
490,8043,805.32,440.27,136.93,286.07,0.8808,-1,-1,-1
490,8044,934.83,430.21,72.22,248.94,0.8613,-1,-1,-1
490,8045,1367.27,393.48,266.61,678.01,0.8462,-1,-1,-1
490,8046,1614.45,405.01,145.02,435.69,0.8434,-1,-1,-1
490,7970,1358.30,407.57,107.76,548.12,0.8146,-1,-1,-1
490,8047,312.33,479.17,116.34,206.48,0.8044,-1,-1,-1
490,8048,566.43,451.80,29.47,80.98,0.7631,-1,-1,-1
490,8049,1115.62,430.08,42.78,160.45,0.7532,-1,-1,-1
490,8050,534.43,460.75,25.87,68.32,0.6915,-1,-1,-1
490,8051,414.16,458.12,42.14,112.78,0.6580,-1,-1,-1
490,8052,1030.16,447.32,34.91,82.72,0.6383,-1,-1,-1
490,8053,733.93,445.52,43.55,122.43,0.6250,-1,-1,-1
490,8054,462.80,460.25,23.84,49.75,0.6201,-1,-1,-1
490,8055,1185.76,449.85,27.06,82.79,0.5848,-1,-1,-1
490,8056,0.06,536.31,48.08,149.24,0.5636,-1,-1,-1
490,8057,1164.34,439.24,26.10,87.65,0.5503,-1,-1,-1
490,8058,996.03,450.01,24.90,72.31,0.5281,-1,-1,-1
490,8059,872.55,406.34,52.66,266.38,0.4294,-1,-1,-1
490,8060,1058.29,444.60,27.58,92.17,0.4018,-1,-1,-1
490,8061,592.36,459.88,13.41,47.75,0.3394,-1,-1,-1
491,8062,806.25,442.99,138.92,284.04,0.8955,-1,-1,-1
491,8063,648.85,431.96,119.24,270.04,0.8934,-1,-1,-1
491,8064,1206.09,422.07,188.89,585.65,0.8904,-1,-1,-1
491,8065,1368.64,390.89,271.79,680.89,0.8764,-1,-1,-1
491,8066,1625.17,404.32,133.94,436.74,0.8184,-1,-1,-1
491,8067,312.22,479.93,118.19,207.16,0.8058,-1,-1,-1
491,7970,1363.62,413.17,113.08,541.85,0.7923,-1,-1,-1
491,8068,954.91,430.06,58.05,249.32,0.7886,-1,-1,-1
491,8069,1115.64,429.86,42.91,159.88,0.7832,-1,-1,-1
491,8070,566.50,451.73,29.22,80.13,0.7614,-1,-1,-1
491,8071,733.92,444.38,39.86,120.96,0.7348,-1,-1,-1
491,8072,534.50,459.90,26.25,70.44,0.6856,-1,-1,-1
491,8073,1030.41,446.71,34.12,82.71,0.6370,-1,-1,-1
491,8074,387.70,464.17,43.12,110.58,0.6076,-1,-1,-1
491,8075,1185.28,449.84,28.09,82.85,0.5933,-1,-1,-1
491,8076,1164.18,439.01,25.98,87.52,0.5822,-1,-1,-1
491,8077,463.24,460.28,22.88,49.86,0.5820,-1,-1,-1
491,8078,0.13,538.28,41.26,161.49,0.5441,-1,-1,-1
491,8079,425.14,462.50,30.17,108.20,0.4517,-1,-1,-1
491,8080,1058.79,444.80,25.89,89.77,0.4308,-1,-1,-1
491,8081,631.82,454.69,24.07,85.10,0.3938,-1,-1,-1
491,8082,997.23,450.60,24.63,62.37,0.3916,-1,-1,-1
491,8000,1078.51,439.91,47.72,154.94,0.3467,-1,-1,-1
491,8061,592.48,459.61,13.39,48.18,0.3063,-1,-1,-1
491,8083,554.34,456.81,18.51,57.70,0.3049,-1,-1,-1
492,8084,651.82,429.84,117.87,272.64,0.8962,-1,-1,-1
492,8085,1205.40,420.13,192.34,587.38,0.8902,-1,-1,-1
492,8086,806.63,446.97,140.99,280.37,0.8589,-1,-1,-1
492,8087,297.97,479.58,127.21,208.96,0.8356,-1,-1,-1
492,8088,1373.93,387.75,271.00,683.27,0.8259,-1,-1,-1
492,8089,1115.79,429.76,43.29,159.56,0.8041,-1,-1,-1
492,8090,1367.63,408.04,115.77,558.69,0.7972,-1,-1,-1
492,8091,1627.87,402.63,144.27,438.83,0.7877,-1,-1,-1
492,8092,567.95,450.46,28.06,82.79,0.7519,-1,-1,-1
492,8093,732.81,444.56,38.45,127.23,0.7344,-1,-1,-1
492,8094,535.43,459.50,26.01,70.27,0.7323,-1,-1,-1
492,8095,385.37,464.00,45.51,111.16,0.6980,-1,-1,-1
492,8096,958.69,430.24,62.02,249.00,0.6871,-1,-1,-1
492,8097,1031.55,446.76,34.15,82.87,0.6731,-1,-1,-1
492,8098,1060.51,443.58,30.25,97.50,0.6242,-1,-1,-1
492,8099,1185.57,450.69,28.17,81.45,0.6083,-1,-1,-1
492,8100,461.67,460.34,23.95,49.97,0.5872,-1,-1,-1
492,8101,625.55,454.56,30.71,87.43,0.5789,-1,-1,-1
492,8102,1164.24,438.86,25.30,88.13,0.5241,-1,-1,-1
492,8103,1083.46,446.44,45.77,150.46,0.4347,-1,-1,-1
492,8104,424.78,463.78,31.09,106.85,0.4219,-1,-1,-1
492,8105,592.65,456.18,13.87,51.09,0.3741,-1,-1,-1
492,8078,0.08,561.63,31.28,135.11,0.3642,-1,-1,-1
492,8106,558.11,468.42,15.42,50.15,0.3329,-1,-1,-1
492,8107,1886.61,403.61,32.94,240.68,0.3312,-1,-1,-1
493,8108,653.88,431.82,115.57,271.52,0.9006,-1,-1,-1
493,8109,1206.65,420.76,192.56,586.76,0.8937,-1,-1,-1
493,8110,1372.62,410.20,116.47,552.26,0.8290,-1,-1,-1
493,8111,806.93,458.06,142.19,269.53,0.8186,-1,-1,-1
493,8112,1374.65,386.38,272.18,683.48,0.8134,-1,-1,-1
493,8113,300.67,479.74,115.90,208.71,0.8117,-1,-1,-1
493,8114,1115.24,429.72,44.10,160.87,0.7552,-1,-1,-1
493,8115,1635.39,403.48,142.33,446.26,0.7524,-1,-1,-1
493,8116,536.30,460.94,25.49,69.24,0.7315,-1,-1,-1
493,8117,383.79,463.56,47.29,112.35,0.7239,-1,-1,-1
493,8118,569.00,450.24,27.09,82.68,0.7232,-1,-1,-1
493,8119,732.96,444.39,36.16,131.24,0.7155,-1,-1,-1
493,8120,1032.75,446.55,31.59,83.28,0.7046,-1,-1,-1
493,8121,959.91,429.69,73.90,250.05,0.6796,-1,-1,-1
493,8122,1185.69,450.40,30.14,81.82,0.5963,-1,-1,-1
493,8123,630.00,455.45,27.26,87.04,0.5871,-1,-1,-1
493,8124,1061.02,443.17,30.27,97.39,0.5488,-1,-1,-1
493,8125,427.26,463.90,28.07,106.49,0.5089,-1,-1,-1
493,8126,0.06,575.45,17.77,62.53,0.5075,-1,-1,-1
493,8127,1164.57,438.76,24.53,88.27,0.4839,-1,-1,-1
493,8128,593.17,456.29,13.44,50.25,0.4567,-1,-1,-1
493,8129,461.85,460.26,23.76,49.56,0.4516,-1,-1,-1
493,8130,1082.37,445.79,51.46,150.96,0.4175,-1,-1,-1
493,8131,1886.63,408.46,32.92,214.16,0.3447,-1,-1,-1
494,8132,1206.22,420.38,202.69,587.32,0.8915,-1,-1,-1
494,8133,657.88,430.93,111.65,271.97,0.8893,-1,-1,-1
494,8134,290.91,479.42,112.68,209.46,0.7999,-1,-1,-1
494,8135,1377.26,383.11,276.05,686.69,0.7927,-1,-1,-1
494,8136,1379.50,409.96,119.03,501.24,0.7863,-1,-1,-1
494,8137,536.98,460.50,25.01,69.13,0.7451,-1,-1,-1
494,8138,1635.11,408.37,139.13,402.94,0.7447,-1,-1,-1
494,8139,568.51,450.21,27.43,83.73,0.7441,-1,-1,-1
494,8140,383.98,462.98,46.79,112.55,0.7391,-1,-1,-1
494,8141,961.49,430.90,80.69,248.81,0.7273,-1,-1,-1
494,8142,1114.07,429.50,44.95,160.51,0.7208,-1,-1,-1
494,8143,807.04,445.97,140.41,281.52,0.7106,-1,-1,-1
494,8144,1032.82,446.33,31.31,82.88,0.6741,-1,-1,-1
494,8145,632.17,455.62,25.58,87.55,0.6335,-1,-1,-1
494,8146,1185.34,451.41,30.18,80.72,0.6143,-1,-1,-1
494,8147,1059.63,444.20,33.71,99.47,0.5815,-1,-1,-1
494,8148,732.54,446.36,35.19,130.11,0.5746,-1,-1,-1
494,8149,1164.80,438.95,24.14,87.77,0.5340,-1,-1,-1
494,8150,421.36,462.35,35.63,108.72,0.4874,-1,-1,-1
494,8151,1084.09,447.03,52.31,147.46,0.4751,-1,-1,-1
494,8152,462.13,460.48,23.14,49.68,0.4485,-1,-1,-1
494,8153,592.94,456.31,13.54,50.22,0.4369,-1,-1,-1
494,8154,1885.73,403.43,33.81,236.60,0.4368,-1,-1,-1
494,8155,859.36,405.95,54.38,89.76,0.3898,-1,-1,-1
495,8156,654.92,433.27,114.16,269.42,0.9016,-1,-1,-1
495,8157,1384.91,382.76,274.07,685.56,0.8830,-1,-1,-1
495,8158,1208.58,418.73,204.02,583.82,0.8819,-1,-1,-1
495,8159,814.02,444.06,138.85,283.68,0.8705,-1,-1,-1
495,8160,965.30,431.36,94.06,248.29,0.8302,-1,-1,-1
495,8161,278.24,480.88,122.03,214.88,0.8276,-1,-1,-1
495,8162,1381.06,404.49,124.33,564.97,0.8270,-1,-1,-1
495,8163,536.80,460.08,25.37,71.13,0.7471,-1,-1,-1
495,8164,1115.65,429.66,43.58,159.11,0.7345,-1,-1,-1
495,8165,568.77,449.48,27.31,83.38,0.7337,-1,-1,-1
495,8166,1634.19,403.87,148.86,421.97,0.7283,-1,-1,-1
495,8167,384.10,463.13,46.84,112.68,0.7248,-1,-1,-1
495,8168,632.74,455.43,25.40,86.60,0.6696,-1,-1,-1
495,8169,730.39,447.79,35.41,127.35,0.6550,-1,-1,-1
495,8170,1182.91,452.09,30.09,80.16,0.6512,-1,-1,-1
495,8171,1033.58,448.35,27.99,81.04,0.5591,-1,-1,-1
495,8172,460.32,460.84,24.29,49.71,0.5485,-1,-1,-1
495,8173,1085.33,448.62,48.24,147.48,0.5444,-1,-1,-1
495,8174,859.96,407.11,55.10,89.45,0.5407,-1,-1,-1
495,8175,1062.32,442.86,29.56,99.78,0.5327,-1,-1,-1
495,8176,415.27,459.80,41.56,111.23,0.4783,-1,-1,-1
495,8177,1163.51,438.89,24.64,87.67,0.4129,-1,-1,-1
495,8178,593.00,455.37,13.15,51.00,0.3978,-1,-1,-1
495,8179,669.11,462.22,17.50,36.36,0.3283,-1,-1,-1
495,8143,795.15,467.91,63.33,64.70,0.3069,-1,-1,-1
496,8180,1390.47,382.73,280.27,686.10,0.8945,-1,-1,-1
496,8181,659.52,433.65,109.92,269.18,0.8899,-1,-1,-1
496,8182,1208.85,419.45,207.40,586.29,0.8891,-1,-1,-1
496,8183,821.33,444.03,131.61,283.67,0.8608,-1,-1,-1
496,8184,965.69,431.35,97.33,248.48,0.8510,-1,-1,-1
496,8185,270.74,479.60,116.20,218.52,0.8016,-1,-1,-1
496,8186,1388.01,401.28,124.66,569.82,0.7965,-1,-1,-1
496,8187,568.50,450.95,28.02,81.72,0.7668,-1,-1,-1
496,8188,536.69,460.29,25.55,69.65,0.7517,-1,-1,-1
496,8189,384.09,463.25,46.66,112.78,0.7425,-1,-1,-1
496,8190,1114.42,429.72,45.04,158.99,0.7156,-1,-1,-1
496,8191,632.04,456.35,26.11,85.74,0.6874,-1,-1,-1
496,8192,460.32,460.83,24.29,50.30,0.6589,-1,-1,-1
496,8193,861.18,406.71,54.14,89.66,0.6524,-1,-1,-1
496,8194,1181.50,450.93,32.40,81.18,0.6309,-1,-1,-1
496,8195,1646.38,404.39,143.93,390.77,0.6104,-1,-1,-1
496,8196,1032.42,447.34,28.06,83.12,0.6054,-1,-1,-1
496,8197,414.86,458.38,41.76,112.62,0.5353,-1,-1,-1
496,8198,669.06,461.28,20.26,41.93,0.4419,-1,-1,-1
496,8199,1064.72,442.81,28.67,98.97,0.4374,-1,-1,-1
496,8200,1163.49,438.85,24.67,87.49,0.4264,-1,-1,-1
496,8201,592.57,455.83,13.25,50.21,0.4042,-1,-1,-1
497,8202,1210.26,419.69,213.43,589.13,0.8914,-1,-1,-1
497,8203,663.32,433.88,106.45,269.14,0.8892,-1,-1,-1
497,8204,1402.53,382.56,275.87,684.96,0.8779,-1,-1,-1
497,8205,834.14,443.09,117.79,284.01,0.8729,-1,-1,-1
497,8143,967.23,434.27,106.09,244.62,0.8633,-1,-1,-1
497,8206,265.24,479.42,121.87,216.96,0.8359,-1,-1,-1
497,8207,383.84,463.03,46.69,112.86,0.7682,-1,-1,-1
497,8208,1649.57,405.62,146.57,432.75,0.7645,-1,-1,-1
497,8209,1391.62,408.45,128.94,554.65,0.7553,-1,-1,-1
497,8210,569.55,453.17,26.53,80.14,0.7515,-1,-1,-1
497,8211,536.88,460.62,26.83,69.36,0.7479,-1,-1,-1
497,8212,632.12,455.74,27.56,87.73,0.6768,-1,-1,-1
497,8213,861.46,407.43,55.15,89.63,0.6571,-1,-1,-1
497,8214,1181.84,450.93,31.52,81.22,0.6451,-1,-1,-1
497,8215,460.45,460.98,24.07,49.87,0.5903,-1,-1,-1
497,8216,414.85,458.38,41.24,112.20,0.5742,-1,-1,-1
497,8217,1111.17,430.18,47.58,158.82,0.5737,-1,-1,-1
497,8218,1163.56,439.09,24.73,87.31,0.5061,-1,-1,-1
497,8219,1029.91,446.86,30.57,82.38,0.4833,-1,-1,-1
497,8220,1071.98,443.55,26.12,101.75,0.4158,-1,-1,-1
497,8221,591.90,457.94,14.94,47.83,0.4076,-1,-1,-1
497,8222,668.86,462.01,20.15,40.23,0.3947,-1,-1,-1
498,8223,1214.68,418.91,212.40,590.59,0.8970,-1,-1,-1
498,8224,670.52,432.08,99.48,271.12,0.8867,-1,-1,-1
498,8225,1663.05,407.49,185.60,472.95,0.8864,-1,-1,-1
498,8226,967.17,435.53,113.16,243.28,0.8811,-1,-1,-1
498,8227,845.91,445.77,106.20,282.28,0.8412,-1,-1,-1
498,8228,1417.92,377.97,268.61,693.71,0.8302,-1,-1,-1
498,8229,249.38,478.80,129.72,221.56,0.7950,-1,-1,-1
498,8230,384.32,463.83,45.93,112.15,0.7799,-1,-1,-1
498,8231,570.22,454.57,26.29,78.46,0.7604,-1,-1,-1
498,8232,536.73,460.63,28.48,72.41,0.7533,-1,-1,-1
498,8233,1392.38,408.45,134.62,555.98,0.7525,-1,-1,-1
498,8234,631.39,457.87,27.94,85.96,0.6359,-1,-1,-1
498,8235,1182.84,452.22,29.14,80.08,0.6128,-1,-1,-1
498,8236,460.95,460.84,23.07,49.33,0.5457,-1,-1,-1
498,8237,1031.11,446.85,29.75,78.48,0.5413,-1,-1,-1
498,8238,418.46,460.40,37.57,110.41,0.4873,-1,-1,-1
498,8239,862.29,406.83,54.29,94.30,0.4758,-1,-1,-1
498,8240,591.75,457.98,14.65,48.34,0.4288,-1,-1,-1
498,8241,1164.96,439.18,23.54,87.49,0.4064,-1,-1,-1
498,8242,1106.87,429.61,51.50,158.70,0.3623,-1,-1,-1
498,8243,1072.31,443.84,20.13,95.71,0.3475,-1,-1,-1
498,8244,668.93,462.11,19.70,43.30,0.3063,-1,-1,-1
499,8245,1219.48,418.93,211.16,590.70,0.8919,-1,-1,-1
499,8246,1666.41,408.95,196.46,470.21,0.8858,-1,-1,-1
499,8247,966.97,437.74,116.20,241.37,0.8705,-1,-1,-1
499,8248,250.30,478.59,122.89,221.43,0.8526,-1,-1,-1
499,8249,675.01,430.87,94.95,272.49,0.8447,-1,-1,-1
499,8250,861.08,446.17,90.10,281.26,0.8410,-1,-1,-1
499,8251,1430.40,375.84,264.68,696.26,0.7866,-1,-1,-1
499,8252,383.90,463.48,46.34,112.45,0.7856,-1,-1,-1
499,8253,537.27,460.69,28.92,71.77,0.7584,-1,-1,-1
499,8254,1399.32,407.75,131.66,511.04,0.7380,-1,-1,-1
499,8255,571.39,455.71,25.74,77.36,0.7378,-1,-1,-1
499,8256,1181.82,452.40,30.01,80.35,0.6369,-1,-1,-1
499,8257,631.38,457.14,28.69,87.12,0.6328,-1,-1,-1
499,8258,863.74,407.38,56.23,90.76,0.5596,-1,-1,-1
499,8259,418.75,461.47,37.36,109.48,0.5471,-1,-1,-1
499,8260,1111.01,430.24,48.30,157.08,0.4971,-1,-1,-1
499,8261,669.54,462.14,19.55,40.95,0.4637,-1,-1,-1
499,8262,459.99,460.93,23.79,49.00,0.4185,-1,-1,-1
499,8263,591.32,457.15,13.82,49.29,0.4153,-1,-1,-1
499,8264,1080.12,448.61,28.56,97.72,0.3803,-1,-1,-1
499,8265,1164.59,438.82,23.43,88.10,0.3668,-1,-1,-1
499,8266,1030.91,446.39,30.20,75.35,0.3277,-1,-1,-1
500,8267,1229.25,417.90,206.97,590.58,0.8912,-1,-1,-1
500,8268,1671.48,411.24,216.75,471.15,0.8899,-1,-1,-1
500,8269,685.88,431.72,84.52,271.13,0.8628,-1,-1,-1
500,8270,1390.82,411.73,148.74,553.94,0.8295,-1,-1,-1
500,8271,966.45,434.70,122.39,244.56,0.8160,-1,-1,-1
500,8272,1450.73,377.88,247.28,692.67,0.8158,-1,-1,-1
500,8273,230.90,479.61,125.18,225.31,0.7800,-1,-1,-1
500,8252,384.22,463.04,45.68,113.01,0.7779,-1,-1,-1
500,8274,570.88,454.69,26.01,78.74,0.7623,-1,-1,-1
500,8275,537.27,460.36,28.80,73.40,0.7544,-1,-1,-1
500,8276,874.57,439.58,79.13,288.73,0.6926,-1,-1,-1
500,8277,1181.38,452.75,29.04,79.45,0.6770,-1,-1,-1
500,8278,669.36,462.19,20.69,72.90,0.6507,-1,-1,-1
500,8279,416.10,459.06,39.87,111.49,0.6252,-1,-1,-1
500,8280,631.97,457.87,31.93,85.99,0.5997,-1,-1,-1
500,8281,1076.76,447.04,28.71,100.06,0.5782,-1,-1,-1
500,8282,864.33,407.58,55.76,99.74,0.5579,-1,-1,-1
500,8283,460.85,460.95,22.66,49.17,0.5117,-1,-1,-1
500,8284,1113.08,429.88,46.84,157.28,0.4912,-1,-1,-1
500,8285,1164.07,438.80,23.66,88.22,0.4537,-1,-1,-1
501,8286,1680.34,420.10,223.52,467.38,0.9005,-1,-1,-1
501,8287,1241.19,418.67,204.96,591.36,0.8986,-1,-1,-1
501,8288,1472.17,374.74,245.72,697.11,0.8784,-1,-1,-1
501,8289,968.59,437.21,116.41,242.39,0.8693,-1,-1,-1
501,8290,1391.50,411.89,154.95,552.83,0.8663,-1,-1,-1
501,8291,692.77,430.89,78.34,271.91,0.8286,-1,-1,-1
501,8292,885.14,446.82,72.83,280.59,0.8075,-1,-1,-1
501,8293,212.69,480.09,126.99,230.37,0.8035,-1,-1,-1
501,8294,384.16,463.38,45.97,112.89,0.8009,-1,-1,-1
501,8295,537.59,460.44,29.33,73.15,0.7569,-1,-1,-1
501,8296,571.28,455.26,26.54,78.60,0.7550,-1,-1,-1
501,8297,416.20,461.10,39.27,109.01,0.6321,-1,-1,-1
501,8298,632.85,457.30,31.24,86.87,0.6017,-1,-1,-1
501,8299,1182.04,453.28,28.12,78.68,0.5730,-1,-1,-1
501,8300,1076.03,445.76,29.80,101.07,0.5525,-1,-1,-1
501,8301,459.48,460.85,24.36,49.20,0.5492,-1,-1,-1
501,8302,669.32,462.27,19.71,73.07,0.5181,-1,-1,-1
501,8303,1114.73,429.58,45.18,157.19,0.5029,-1,-1,-1
501,8304,1096.65,433.97,45.85,160.90,0.4675,-1,-1,-1
501,8305,1164.09,438.68,23.58,87.77,0.4435,-1,-1,-1
501,8252,858.03,408.23,66.78,300.49,0.3994,-1,-1,-1
501,8306,864.36,408.20,59.02,103.35,0.3862,-1,-1,-1
502,8307,1493.85,376.01,232.87,697.21,0.8994,-1,-1,-1
502,8308,1690.78,411.75,228.14,480.21,0.8985,-1,-1,-1
502,8309,972.78,439.27,112.73,240.63,0.8797,-1,-1,-1
502,8310,1256.46,418.73,184.81,591.06,0.8710,-1,-1,-1
502,8311,1393.12,405.28,165.71,560.38,0.8535,-1,-1,-1
502,8312,888.88,437.36,81.28,290.64,0.8347,-1,-1,-1
502,8313,217.69,479.74,112.34,232.50,0.8080,-1,-1,-1
502,8314,383.77,463.43,46.31,112.91,0.7946,-1,-1,-1
502,8315,703.88,430.63,69.41,272.36,0.7923,-1,-1,-1
502,8252,537.66,460.94,27.61,72.48,0.7561,-1,-1,-1
502,8316,571.70,455.08,25.84,78.65,0.7401,-1,-1,-1
502,8317,1074.53,444.53,31.07,101.94,0.6567,-1,-1,-1
502,8318,633.91,456.76,27.43,87.32,0.6493,-1,-1,-1
502,8319,669.42,462.16,19.72,76.60,0.6488,-1,-1,-1
502,8320,416.00,460.63,39.92,109.53,0.6393,-1,-1,-1
502,8321,1181.07,453.27,28.95,78.41,0.5842,-1,-1,-1
502,8322,460.12,460.81,23.65,49.14,0.5273,-1,-1,-1
502,8323,859.40,407.71,67.68,300.81,0.4912,-1,-1,-1
502,8324,1113.10,429.85,47.06,155.62,0.4474,-1,-1,-1
502,8325,865.57,407.95,59.32,108.38,0.4185,-1,-1,-1
502,8289,1164.39,438.91,23.56,87.46,0.3815,-1,-1,-1
503,8326,1696.00,408.17,217.82,494.07,0.9007,-1,-1,-1
503,8327,1509.03,374.77,208.17,697.85,0.8733,-1,-1,-1
503,8328,978.03,439.36,109.52,241.06,0.8654,-1,-1,-1
503,8329,893.44,437.97,77.99,290.17,0.8639,-1,-1,-1
503,8330,204.19,479.63,130.95,236.84,0.8433,-1,-1,-1
503,8331,1273.18,417.52,176.44,599.53,0.8430,-1,-1,-1
503,8332,1391.74,408.57,175.31,557.43,0.8418,-1,-1,-1
503,8333,383.50,463.57,46.41,112.77,0.8010,-1,-1,-1
503,8334,536.87,461.60,28.88,72.82,0.7472,-1,-1,-1
503,8335,570.64,454.61,27.24,79.38,0.7429,-1,-1,-1
503,8336,711.75,430.86,65.14,272.19,0.7348,-1,-1,-1
503,8337,416.44,462.20,39.99,107.73,0.6296,-1,-1,-1
503,8298,633.78,457.29,30.14,86.82,0.6277,-1,-1,-1
503,8338,859.54,408.26,65.89,300.64,0.6196,-1,-1,-1
503,8339,1182.23,452.79,27.53,78.71,0.5955,-1,-1,-1
503,8340,668.91,463.48,20.16,76.49,0.5773,-1,-1,-1
503,8341,1096.23,447.92,47.92,148.14,0.5288,-1,-1,-1
503,8342,1074.83,445.79,31.32,101.28,0.5276,-1,-1,-1
503,8343,459.60,460.83,23.79,48.87,0.4949,-1,-1,-1
503,8344,1115.47,430.84,45.03,155.18,0.4840,-1,-1,-1
503,8345,0.23,665.10,104.91,409.60,0.4650,-1,-1,-1
503,8324,989.28,445.58,29.04,114.90,0.4535,-1,-1,-1
503,8346,1164.22,438.94,22.20,87.61,0.3577,-1,-1,-1
503,8347,865.96,407.98,58.97,109.88,0.3205,-1,-1,-1
504,8348,1705.51,409.81,212.95,494.77,0.8746,-1,-1,-1
504,8349,1512.93,373.68,222.65,696.61,0.8686,-1,-1,-1
504,8324,989.57,439.75,99.54,239.61,0.8581,-1,-1,-1
504,8350,1402.07,408.68,168.52,553.92,0.8512,-1,-1,-1
504,8351,1292.24,417.92,161.59,600.55,0.8393,-1,-1,-1
504,8352,191.64,479.99,126.01,231.37,0.8282,-1,-1,-1
504,8353,897.05,438.78,85.12,289.02,0.8267,-1,-1,-1
504,8298,383.60,463.46,46.18,112.52,0.7704,-1,-1,-1
504,8354,536.72,462.23,29.50,71.67,0.7586,-1,-1,-1
504,8355,570.52,454.54,28.48,79.45,0.7578,-1,-1,-1
504,8356,863.49,407.69,62.99,299.13,0.7287,-1,-1,-1
504,8357,633.51,457.50,29.62,86.21,0.6752,-1,-1,-1
504,8358,668.40,462.78,21.09,76.57,0.6544,-1,-1,-1
504,8359,712.21,431.76,67.46,270.83,0.5978,-1,-1,-1
504,8360,1073.77,445.48,32.14,100.81,0.5512,-1,-1,-1
504,8361,425.86,462.76,30.98,107.56,0.5372,-1,-1,-1
504,8362,1179.96,452.50,28.71,79.09,0.5225,-1,-1,-1
504,8363,460.50,461.21,21.73,48.16,0.4726,-1,-1,-1
504,8364,1111.33,429.80,49.47,157.60,0.4201,-1,-1,-1
504,8365,1163.49,439.37,22.78,87.99,0.3610,-1,-1,-1
504,8366,987.36,445.15,31.65,106.87,0.3131,-1,-1,-1
505,8367,1714.60,406.66,204.82,503.93,0.9100,-1,-1,-1
505,8368,1518.70,374.65,218.20,693.20,0.8841,-1,-1,-1
505,8369,899.32,441.00,104.72,286.28,0.8839,-1,-1,-1
505,8370,997.56,436.36,89.28,243.24,0.8727,-1,-1,-1
505,8371,1303.64,415.00,160.14,605.51,0.8374,-1,-1,-1
505,8372,177.29,479.67,121.71,239.90,0.8182,-1,-1,-1
505,8373,570.36,454.59,30.16,78.88,0.7848,-1,-1,-1
505,8374,1418.46,408.68,152.74,553.77,0.7826,-1,-1,-1
505,8375,383.63,463.77,46.32,112.40,0.7800,-1,-1,-1
505,8376,536.93,463.26,30.26,70.80,0.7624,-1,-1,-1
505,8377,715.77,430.36,68.97,272.38,0.7543,-1,-1,-1
505,8378,865.06,408.50,64.92,294.36,0.7416,-1,-1,-1
505,8379,633.72,454.91,30.38,89.00,0.7079,-1,-1,-1
505,8380,668.70,462.77,20.78,77.51,0.6323,-1,-1,-1
505,8381,1179.21,452.04,29.91,79.39,0.6320,-1,-1,-1
505,8382,1109.04,430.73,50.24,162.37,0.5514,-1,-1,-1
505,8383,1073.74,444.18,32.41,103.72,0.5405,-1,-1,-1
505,8384,426.26,462.97,30.57,107.35,0.5332,-1,-1,-1
505,8385,459.94,460.94,22.68,48.17,0.4998,-1,-1,-1
505,8386,1164.42,438.83,22.97,88.03,0.4002,-1,-1,-1
505,8387,1888.27,434.50,31.34,174.66,0.3349,-1,-1,-1
506,8388,1724.50,405.38,194.98,505.90,0.9146,-1,-1,-1
506,8389,900.50,442.36,116.60,285.25,0.8762,-1,-1,-1
506,8390,1308.58,416.54,165.60,620.44,0.8594,-1,-1,-1
506,8391,1008.27,433.57,78.29,246.16,0.8503,-1,-1,-1
506,8392,163.71,479.93,131.89,244.41,0.8470,-1,-1,-1
506,8393,1523.66,374.86,213.64,694.76,0.8111,-1,-1,-1
506,8394,868.37,409.11,61.71,293.59,0.7999,-1,-1,-1
506,8395,1437.53,410.63,132.34,554.79,0.7830,-1,-1,-1
506,8396,383.40,463.90,45.78,112.54,0.7814,-1,-1,-1
506,8397,570.86,453.78,30.51,79.79,0.7703,-1,-1,-1
506,8398,537.03,464.52,29.35,69.39,0.7632,-1,-1,-1
506,8399,718.11,430.63,77.97,272.18,0.7462,-1,-1,-1
506,8400,634.36,454.46,27.41,88.88,0.7011,-1,-1,-1
506,8401,667.96,462.55,22.58,77.54,0.6810,-1,-1,-1
506,8402,1072.88,446.27,33.49,100.07,0.6258,-1,-1,-1
506,8403,1180.47,450.40,28.63,81.00,0.6141,-1,-1,-1
506,8404,425.06,464.96,31.96,105.44,0.5790,-1,-1,-1
506,8405,1101.23,430.71,55.93,163.79,0.5127,-1,-1,-1
506,8406,1163.46,439.46,23.09,87.38,0.5064,-1,-1,-1
506,8407,458.97,461.70,23.36,47.04,0.4372,-1,-1,-1
507,8408,900.82,443.99,127.86,283.19,0.8969,-1,-1,-1
507,8409,1736.29,400.46,183.04,510.49,0.8948,-1,-1,-1
507,8410,1312.23,416.56,158.39,626.97,0.8744,-1,-1,-1
507,8411,1525.74,375.23,216.85,696.76,0.8461,-1,-1,-1
507,8412,159.79,480.06,116.78,243.35,0.8445,-1,-1,-1
507,8413,1452.57,410.95,117.61,553.97,0.8324,-1,-1,-1
507,8414,1018.99,434.06,68.67,245.52,0.7898,-1,-1,-1
507,8415,383.24,463.15,46.29,113.31,0.7754,-1,-1,-1
507,8416,571.54,453.42,29.35,80.18,0.7731,-1,-1,-1
507,8417,868.82,408.66,61.60,295.26,0.7730,-1,-1,-1
507,8418,537.22,464.93,29.35,70.11,0.7576,-1,-1,-1
507,8419,635.04,455.33,27.41,88.40,0.7054,-1,-1,-1
507,8420,716.33,429.19,94.38,273.66,0.6815,-1,-1,-1
507,8421,667.77,462.62,22.57,76.60,0.6595,-1,-1,-1
507,8422,1181.16,450.59,26.38,80.52,0.6309,-1,-1,-1
507,8423,420.79,465.24,36.37,104.96,0.5515,-1,-1,-1
507,8424,1102.75,430.86,57.97,162.32,0.5289,-1,-1,-1
507,8425,1164.51,438.92,22.66,87.85,0.4948,-1,-1,-1
507,8426,1072.38,446.01,34.47,100.97,0.4612,-1,-1,-1
507,8427,457.28,461.54,24.49,46.42,0.4561,-1,-1,-1
507,8428,701.84,447.31,34.88,34.58,0.4039,-1,-1,-1
507,8388,1886.85,434.80,32.75,155.83,0.3031,-1,-1,-1
508,8429,901.15,445.69,137.32,281.80,0.8966,-1,-1,-1
508,8430,1746.70,399.16,172.64,510.04,0.8897,-1,-1,-1
508,8395,1317.93,417.98,176.99,628.64,0.8807,-1,-1,-1
508,8431,1528.82,372.31,222.99,698.05,0.8505,-1,-1,-1
508,8399,140.81,479.86,140.41,248.63,0.8438,-1,-1,-1
508,8432,721.06,427.24,94.88,275.59,0.8380,-1,-1,-1
508,8433,1456.65,411.40,117.71,554.07,0.8309,-1,-1,-1
508,8434,383.03,463.36,46.78,113.30,0.7910,-1,-1,-1
508,8435,869.40,408.66,62.28,292.50,0.7869,-1,-1,-1
508,8436,538.74,462.96,29.93,72.14,0.7838,-1,-1,-1
508,8437,571.10,454.11,29.64,80.06,0.7655,-1,-1,-1
508,8438,1023.46,432.70,65.62,247.03,0.7520,-1,-1,-1
508,8439,635.44,454.55,25.81,89.23,0.6817,-1,-1,-1
508,8440,1100.40,430.86,60.33,163.77,0.6178,-1,-1,-1
508,8441,1181.50,450.37,26.73,80.85,0.6161,-1,-1,-1
508,8442,668.44,461.94,23.14,76.08,0.5814,-1,-1,-1
508,8443,418.60,463.83,38.27,106.38,0.5362,-1,-1,-1
508,8444,701.22,447.25,36.07,48.90,0.4766,-1,-1,-1
508,8445,1163.80,439.36,22.80,87.72,0.4352,-1,-1,-1
508,8446,1070.32,443.94,35.33,103.45,0.4211,-1,-1,-1
508,8408,982.58,444.98,30.13,94.65,0.4198,-1,-1,-1
508,8447,459.91,461.85,22.15,47.00,0.4084,-1,-1,-1
508,8388,1885.56,433.34,34.04,127.75,0.3499,-1,-1,-1
509,8448,901.61,445.47,143.72,282.81,0.8948,-1,-1,-1
509,8449,1533.07,374.25,235.90,695.63,0.8948,-1,-1,-1
509,8450,1319.80,420.08,208.35,635.32,0.8838,-1,-1,-1
509,8451,1756.17,397.28,163.44,512.99,0.8803,-1,-1,-1
509,8399,121.55,479.26,136.78,249.08,0.8610,-1,-1,-1
509,8452,722.06,427.83,103.75,275.09,0.8492,-1,-1,-1
509,8453,1462.26,411.40,114.73,558.46,0.7902,-1,-1,-1
509,8434,382.82,463.42,46.59,113.34,0.7899,-1,-1,-1
509,8454,538.79,462.82,27.58,72.31,0.7721,-1,-1,-1
509,8455,571.03,455.44,29.96,77.96,0.7362,-1,-1,-1
509,8456,871.13,409.20,61.59,293.92,0.7256,-1,-1,-1
509,8457,637.95,454.40,26.11,89.57,0.6953,-1,-1,-1
509,8458,1030.16,437.19,60.34,242.60,0.6373,-1,-1,-1
509,8459,702.43,447.90,32.54,55.93,0.6144,-1,-1,-1
509,8460,1181.32,450.65,26.91,80.56,0.6101,-1,-1,-1
509,8461,668.46,460.54,23.49,76.85,0.5534,-1,-1,-1
509,8462,425.53,463.12,31.53,107.40,0.5470,-1,-1,-1
509,8463,1101.02,431.22,60.37,161.12,0.4874,-1,-1,-1
509,8464,1163.90,439.17,23.00,87.86,0.4648,-1,-1,-1
509,8465,460.31,461.83,21.95,47.23,0.4269,-1,-1,-1
509,8466,1069.57,442.04,34.94,126.50,0.4012,-1,-1,-1
509,8467,1886.79,434.03,32.81,125.98,0.3419,-1,-1,-1
510,8468,1771.53,395.45,148.07,511.50,0.9197,-1,-1,-1
510,8469,1319.61,412.55,227.27,645.35,0.8969,-1,-1,-1
510,8470,901.08,446.55,145.30,281.47,0.8798,-1,-1,-1
510,8471,721.86,427.50,107.02,275.73,0.8704,-1,-1,-1
510,8472,1537.33,373.15,246.27,698.61,0.8648,-1,-1,-1
510,8473,107.31,478.11,136.58,255.30,0.8570,-1,-1,-1
510,8399,1467.10,408.49,115.64,541.25,0.8541,-1,-1,-1
510,8474,540.53,461.81,26.28,73.34,0.7692,-1,-1,-1
510,8475,383.19,463.47,46.04,113.15,0.7673,-1,-1,-1
510,8476,570.27,453.74,30.66,80.18,0.7591,-1,-1,-1
510,8477,872.23,409.47,63.16,293.06,0.7379,-1,-1,-1
510,8478,1035.08,434.02,69.80,245.60,0.7148,-1,-1,-1
510,8479,701.63,448.79,32.43,122.65,0.6841,-1,-1,-1
510,8480,1180.85,450.60,27.43,80.44,0.6298,-1,-1,-1
510,8481,420.76,465.31,34.71,105.75,0.6046,-1,-1,-1
510,8482,637.35,455.92,30.77,88.19,0.5887,-1,-1,-1
510,8483,1102.33,431.20,58.66,163.78,0.5767,-1,-1,-1
510,8484,1162.96,438.87,24.15,87.94,0.5763,-1,-1,-1
510,8485,668.46,463.15,22.24,75.97,0.5654,-1,-1,-1
510,8486,459.54,461.37,23.01,47.63,0.4655,-1,-1,-1
511,8487,901.35,445.66,149.67,282.08,0.9033,-1,-1,-1
511,8488,1782.18,395.00,137.33,510.61,0.8940,-1,-1,-1
511,8489,722.62,432.58,109.36,270.69,0.8911,-1,-1,-1
511,8490,1319.39,417.98,239.22,639.40,0.8906,-1,-1,-1
511,8491,1538.78,373.94,278.03,697.60,0.8657,-1,-1,-1
511,8492,1038.37,434.64,73.03,245.11,0.8327,-1,-1,-1
511,8493,382.99,463.36,46.32,113.19,0.8090,-1,-1,-1
511,8494,1471.63,410.03,114.83,522.01,0.8076,-1,-1,-1
511,8495,541.46,462.44,25.50,72.61,0.7672,-1,-1,-1
511,8496,701.60,449.43,33.22,122.81,0.7460,-1,-1,-1
511,8497,98.01,503.11,133.96,229.43,0.7363,-1,-1,-1
511,8498,571.22,456.17,29.21,77.71,0.7210,-1,-1,-1
511,8499,872.32,409.39,88.55,294.07,0.6873,-1,-1,-1
511,8500,637.10,456.19,31.97,88.11,0.6485,-1,-1,-1
511,8501,417.89,463.91,36.09,107.17,0.6346,-1,-1,-1
511,8502,1182.50,451.41,25.70,79.65,0.6034,-1,-1,-1
511,8503,459.31,461.06,23.33,48.39,0.5005,-1,-1,-1
511,8504,1163.20,439.08,23.14,87.64,0.4882,-1,-1,-1
511,8505,668.22,463.21,22.76,76.34,0.4180,-1,-1,-1
511,8506,1017.90,448.39,28.20,100.07,0.3444,-1,-1,-1
511,8507,1094.51,436.16,50.52,154.58,0.3049,-1,-1,-1
512,8508,1319.49,420.41,245.69,642.69,0.9053,-1,-1,-1
512,8509,722.47,432.91,109.20,270.22,0.8975,-1,-1,-1
512,8510,901.10,448.35,152.01,279.11,0.8942,-1,-1,-1
512,8511,1790.79,389.88,128.75,508.60,0.8881,-1,-1,-1
512,8512,1039.65,434.02,84.85,245.93,0.8626,-1,-1,-1
512,8513,78.35,479.04,152.19,254.39,0.8488,-1,-1,-1
512,8514,1544.73,373.74,294.80,696.54,0.8364,-1,-1,-1
512,8515,1476.53,409.71,116.98,541.49,0.8262,-1,-1,-1
512,8516,381.63,462.89,47.58,113.75,0.8223,-1,-1,-1
512,8517,698.09,450.28,35.01,121.45,0.7666,-1,-1,-1
512,8518,570.92,454.92,28.63,79.90,0.7637,-1,-1,-1
512,8519,541.75,462.42,24.72,71.98,0.7448,-1,-1,-1
512,8520,873.56,409.59,68.79,291.58,0.7165,-1,-1,-1
512,8521,1094.53,454.52,46.46,136.91,0.6600,-1,-1,-1
512,8522,637.70,455.69,32.39,89.27,0.6254,-1,-1,-1
512,8523,1113.48,432.64,46.26,160.20,0.6042,-1,-1,-1
512,8524,1181.38,450.23,26.92,80.82,0.5965,-1,-1,-1
512,8525,422.92,464.22,31.96,106.24,0.5746,-1,-1,-1
512,8526,1162.18,439.17,24.81,87.30,0.5606,-1,-1,-1
512,8527,1019.55,447.88,28.39,103.48,0.5403,-1,-1,-1
512,8528,457.46,461.30,25.15,48.20,0.4913,-1,-1,-1
513,8529,899.71,450.05,154.11,277.56,0.9058,-1,-1,-1
513,8530,1319.98,420.73,245.28,644.20,0.9015,-1,-1,-1
513,8531,724.47,434.10,111.38,269.04,0.8946,-1,-1,-1
513,8532,1806.13,389.08,113.50,514.29,0.8758,-1,-1,-1
513,8533,1043.82,435.85,91.75,244.43,0.8617,-1,-1,-1
513,8534,57.32,479.47,156.26,260.91,0.8614,-1,-1,-1
513,8535,1552.89,373.43,225.47,697.44,0.8273,-1,-1,-1
513,8536,381.58,463.65,47.56,113.01,0.8151,-1,-1,-1
513,8537,1482.13,410.33,117.29,541.14,0.8103,-1,-1,-1
513,8538,873.79,409.58,68.88,291.17,0.7805,-1,-1,-1
513,8539,698.16,450.70,35.18,120.07,0.7547,-1,-1,-1
513,8540,570.84,455.56,28.86,78.86,0.7527,-1,-1,-1
513,8541,541.88,464.21,24.81,70.42,0.7347,-1,-1,-1
513,8542,1096.63,456.18,43.67,135.45,0.6168,-1,-1,-1
513,8543,1181.67,450.21,26.70,80.90,0.5944,-1,-1,-1
513,8544,639.06,456.60,27.85,88.00,0.5915,-1,-1,-1
513,8545,423.13,464.45,31.84,106.09,0.5787,-1,-1,-1
513,8546,1162.18,439.21,24.80,87.26,0.5562,-1,-1,-1
513,8547,619.11,461.65,23.24,51.64,0.4917,-1,-1,-1
513,8548,1110.68,432.67,49.40,160.30,0.4747,-1,-1,-1
513,8549,457.48,461.32,25.13,48.18,0.4677,-1,-1,-1
513,8550,667.82,462.79,23.74,76.31,0.3627,-1,-1,-1
514,8551,725.58,433.39,111.79,268.99,0.8983,-1,-1,-1
514,8552,1319.54,421.40,248.17,644.20,0.8969,-1,-1,-1
514,8553,899.71,454.09,154.15,273.40,0.8890,-1,-1,-1
514,8554,1808.31,387.65,111.29,519.12,0.8776,-1,-1,-1
514,8548,1045.35,439.46,97.20,240.68,0.8451,-1,-1,-1
514,8555,49.58,480.64,167.45,258.89,0.8239,-1,-1,-1
514,8556,381.45,463.88,47.48,112.77,0.8150,-1,-1,-1
514,8557,1557.30,372.45,304.65,699.34,0.8132,-1,-1,-1
514,8558,873.95,408.85,92.78,295.41,0.7913,-1,-1,-1
514,8559,1485.84,413.86,116.93,543.24,0.7621,-1,-1,-1
514,8560,571.10,455.60,28.18,79.07,0.7505,-1,-1,-1
514,8561,541.66,463.64,25.86,70.53,0.7465,-1,-1,-1
514,8562,694.33,451.63,35.24,120.67,0.7403,-1,-1,-1
514,8563,638.85,456.20,28.96,88.62,0.6978,-1,-1,-1
514,8564,1181.92,451.11,26.64,80.15,0.6100,-1,-1,-1
514,8565,1162.12,439.05,24.69,88.08,0.6093,-1,-1,-1
514,8566,419.59,462.20,34.69,109.07,0.5903,-1,-1,-1
514,8567,457.71,461.35,25.06,47.76,0.4829,-1,-1,-1
514,8568,1100.28,432.76,59.93,160.59,0.4552,-1,-1,-1
514,8569,667.75,459.03,26.60,79.36,0.4303,-1,-1,-1
515,8570,901.86,451.99,152.68,273.93,0.9012,-1,-1,-1
515,8571,728.39,431.89,108.68,271.31,0.8919,-1,-1,-1
515,8572,1322.45,421.96,243.92,644.44,0.8883,-1,-1,-1
515,8573,1822.92,386.31,96.72,518.87,0.8792,-1,-1,-1
515,8548,1046.77,436.19,99.96,243.90,0.8611,-1,-1,-1
515,8574,29.38,479.23,170.71,256.68,0.8224,-1,-1,-1
515,8575,1492.06,414.17,118.49,540.98,0.8164,-1,-1,-1
515,8576,1565.24,375.26,307.26,697.63,0.8083,-1,-1,-1
515,8577,381.28,463.97,47.59,112.66,0.8045,-1,-1,-1
515,8578,874.27,409.74,79.30,292.92,0.7756,-1,-1,-1
515,8579,687.91,452.12,40.03,119.79,0.7634,-1,-1,-1
515,8580,571.42,456.82,29.52,77.72,0.7577,-1,-1,-1
515,8581,541.62,463.36,24.82,71.23,0.7294,-1,-1,-1
515,8582,1099.51,433.80,48.07,158.85,0.6937,-1,-1,-1
515,8583,640.99,456.54,29.46,88.33,0.6369,-1,-1,-1
515,8584,1182.86,450.59,26.04,80.75,0.6241,-1,-1,-1
515,8560,422.64,465.90,33.24,104.77,0.6172,-1,-1,-1
515,8585,1162.81,439.05,23.91,87.36,0.5958,-1,-1,-1
515,8586,459.00,461.28,23.42,48.75,0.5533,-1,-1,-1
515,8587,722.03,449.94,27.40,66.09,0.4814,-1,-1,-1
515,8551,668.06,458.82,26.96,79.71,0.4406,-1,-1,-1
516,8588,1323.77,420.89,243.63,644.82,0.8936,-1,-1,-1
516,8589,729.60,431.89,106.78,270.97,0.8932,-1,-1,-1
516,8590,1572.21,376.50,299.17,694.00,0.8866,-1,-1,-1
516,8591,12.58,478.58,179.35,268.90,0.8857,-1,-1,-1
516,8592,903.50,450.53,151.29,276.05,0.8848,-1,-1,-1
516,8593,1047.17,434.34,101.19,245.77,0.8800,-1,-1,-1
516,8594,1825.96,385.25,93.54,526.58,0.8453,-1,-1,-1
516,8595,1496.76,416.22,122.13,534.91,0.8036,-1,-1,-1
516,8596,874.60,409.67,91.11,294.48,0.7943,-1,-1,-1
516,8597,381.91,462.44,47.65,114.24,0.7872,-1,-1,-1
516,8598,688.29,452.03,39.04,118.50,0.7546,-1,-1,-1
516,8599,542.14,461.51,25.80,73.34,0.7396,-1,-1,-1
516,8600,570.61,456.76,30.77,78.22,0.7315,-1,-1,-1
516,8601,641.14,455.86,29.59,89.82,0.6704,-1,-1,-1
516,8602,1162.61,439.43,24.64,87.25,0.6334,-1,-1,-1
516,8603,1181.68,449.29,26.98,81.66,0.6137,-1,-1,-1
516,8604,1104.36,435.04,48.05,157.96,0.5626,-1,-1,-1
516,8605,423.91,463.86,32.12,106.84,0.5499,-1,-1,-1
516,8606,458.96,461.26,23.30,48.39,0.5070,-1,-1,-1
516,8607,722.20,450.92,27.70,74.61,0.4666,-1,-1,-1
516,8560,668.46,458.43,26.72,79.49,0.3930,-1,-1,-1
517,8608,1325.20,420.35,243.05,646.11,0.8974,-1,-1,-1
517,8609,905.29,448.55,149.45,277.35,0.8944,-1,-1,-1
517,8610,732.66,430.50,104.96,272.34,0.8871,-1,-1,-1
517,8611,1046.50,434.76,102.10,245.55,0.8832,-1,-1,-1
517,8612,10.26,479.28,165.27,270.76,0.8289,-1,-1,-1
517,8613,874.72,409.81,79.67,293.26,0.8098,-1,-1,-1
517,8614,381.84,461.97,48.15,114.68,0.7931,-1,-1,-1
517,8615,1572.76,382.78,300.49,687.89,0.7843,-1,-1,-1
517,8616,1838.75,384.40,80.81,488.74,0.7589,-1,-1,-1
517,8617,571.43,455.99,31.17,79.50,0.7407,-1,-1,-1
517,8618,687.34,454.43,37.19,114.75,0.7254,-1,-1,-1
517,8619,1502.84,417.67,121.95,536.50,0.7167,-1,-1,-1
517,8620,720.97,450.37,30.12,87.39,0.7131,-1,-1,-1
517,8621,541.31,464.53,27.12,70.44,0.7037,-1,-1,-1
517,8622,643.91,455.88,27.30,89.58,0.6637,-1,-1,-1
517,8623,1181.54,450.21,26.73,80.42,0.6106,-1,-1,-1
517,8624,424.97,463.92,31.12,106.27,0.6068,-1,-1,-1
517,8625,1163.34,439.15,24.42,86.57,0.6066,-1,-1,-1
517,8626,1110.02,433.87,44.63,159.44,0.6023,-1,-1,-1
517,8627,458.83,461.20,23.45,48.34,0.5882,-1,-1,-1
518,8560,1327.12,419.10,242.23,647.82,0.9062,-1,-1,-1
518,8628,912.18,447.59,142.67,276.71,0.8843,-1,-1,-1
518,8629,0.21,479.61,174.50,270.09,0.8753,-1,-1,-1
518,8630,1047.21,435.09,102.50,244.77,0.8735,-1,-1,-1
518,8631,876.69,409.40,91.70,298.60,0.8418,-1,-1,-1
518,8632,745.65,432.80,91.10,259.34,0.8168,-1,-1,-1
518,8633,1845.22,390.85,74.33,485.83,0.8042,-1,-1,-1
518,8634,381.78,461.78,47.87,114.94,0.7944,-1,-1,-1
518,8635,1578.61,379.17,258.49,689.52,0.7892,-1,-1,-1
518,8636,720.65,450.66,29.89,89.50,0.7701,-1,-1,-1
518,8637,571.98,456.96,30.92,78.26,0.7530,-1,-1,-1
518,8638,685.78,454.73,36.93,115.50,0.7343,-1,-1,-1
518,8639,1508.70,416.41,126.98,537.83,0.7087,-1,-1,-1
518,8640,541.42,464.84,26.85,70.31,0.6897,-1,-1,-1
518,8641,642.90,455.13,28.41,90.38,0.6435,-1,-1,-1
518,8480,1179.97,450.22,28.19,80.30,0.6414,-1,-1,-1
518,8642,425.18,463.45,29.65,106.77,0.5979,-1,-1,-1
518,8643,1113.00,433.90,48.79,156.05,0.5434,-1,-1,-1
518,8644,459.30,461.15,23.54,48.16,0.4877,-1,-1,-1
518,8645,1164.33,439.09,22.87,87.76,0.4762,-1,-1,-1
518,8646,1309.24,430.25,32.57,115.34,0.3035,-1,-1,-1
519,8634,1329.71,416.53,243.65,650.33,0.9170,-1,-1,-1
519,8647,1578.48,381.23,242.84,688.24,0.8848,-1,-1,-1
519,8648,922.59,447.69,132.52,276.33,0.8833,-1,-1,-1
519,8643,1047.52,433.94,102.74,246.26,0.8660,-1,-1,-1
519,8649,877.65,409.26,80.26,294.16,0.8561,-1,-1,-1
519,8650,0.05,516.41,163.67,230.19,0.8446,-1,-1,-1
519,8651,741.76,431.85,98.39,258.93,0.8420,-1,-1,-1
519,8652,381.65,462.20,48.06,114.46,0.7988,-1,-1,-1
519,8653,720.22,450.74,30.60,89.75,0.7879,-1,-1,-1
519,8654,1516.29,416.47,128.17,542.78,0.7850,-1,-1,-1
519,8655,685.62,451.07,37.28,119.80,0.7564,-1,-1,-1
519,8656,571.80,456.79,31.11,78.82,0.7441,-1,-1,-1
519,8657,644.71,455.45,26.86,90.29,0.6726,-1,-1,-1
519,8640,541.83,464.94,27.41,70.21,0.6630,-1,-1,-1
519,8658,1852.77,397.12,66.77,463.83,0.6417,-1,-1,-1
519,8646,1180.67,451.33,27.95,79.49,0.6216,-1,-1,-1
519,8659,421.57,465.32,32.65,104.62,0.5744,-1,-1,-1
519,8660,459.12,461.11,23.78,48.29,0.5554,-1,-1,-1
519,8661,1165.05,438.82,21.57,87.92,0.5248,-1,-1,-1
519,8662,1111.11,434.19,44.19,155.09,0.4284,-1,-1,-1
520,8643,1333.72,414.78,242.81,651.47,0.9114,-1,-1,-1
520,8663,0.37,478.40,151.25,273.19,0.8849,-1,-1,-1
520,8664,1581.33,386.07,269.77,683.41,0.8787,-1,-1,-1
520,8665,924.12,446.83,134.38,273.58,0.8766,-1,-1,-1
520,8666,878.36,408.29,82.44,295.28,0.8583,-1,-1,-1
520,8667,1048.11,435.91,101.83,244.00,0.8080,-1,-1,-1
520,8668,751.24,431.48,92.14,257.31,0.7989,-1,-1,-1
520,8634,381.89,462.74,48.00,113.86,0.7989,-1,-1,-1
520,8669,720.27,450.97,31.00,89.11,0.7899,-1,-1,-1
520,8670,571.83,455.90,31.27,79.41,0.7520,-1,-1,-1
520,8671,1522.42,415.89,128.41,537.90,0.7508,-1,-1,-1
520,8672,684.40,448.94,37.26,121.49,0.7498,-1,-1,-1
520,8673,644.22,454.75,27.57,90.60,0.7004,-1,-1,-1
520,8674,1179.81,450.50,28.54,79.64,0.6871,-1,-1,-1
520,8675,542.00,465.17,26.53,70.33,0.6869,-1,-1,-1
520,8676,420.79,465.97,33.69,104.02,0.5764,-1,-1,-1
520,8677,459.07,461.31,24.07,48.14,0.5598,-1,-1,-1
520,8678,1861.60,397.67,58.03,476.07,0.5020,-1,-1,-1
520,8679,1165.01,438.94,21.19,87.46,0.4516,-1,-1,-1
520,8680,1114.49,435.85,52.88,154.04,0.3017,-1,-1,-1
521,8671,1337.04,414.16,243.46,652.48,0.9165,-1,-1,-1
521,8681,1585.44,383.03,259.91,687.09,0.8737,-1,-1,-1
521,8682,933.54,445.38,130.11,274.79,0.8651,-1,-1,-1
521,8683,879.65,407.40,85.84,297.02,0.8475,-1,-1,-1
521,8684,1049.08,434.29,98.57,245.44,0.8314,-1,-1,-1
521,8685,719.81,450.20,31.85,89.86,0.7937,-1,-1,-1
521,8686,684.01,447.89,36.61,121.86,0.7901,-1,-1,-1
521,8687,382.13,463.36,47.55,113.52,0.7900,-1,-1,-1
521,8688,1528.99,415.72,134.46,539.38,0.7864,-1,-1,-1
521,8689,572.21,457.44,30.84,77.87,0.7625,-1,-1,-1
521,8690,766.81,429.67,76.05,257.92,0.7574,-1,-1,-1
521,8691,644.49,454.67,27.51,90.95,0.7178,-1,-1,-1
521,8692,542.43,466.09,25.25,69.34,0.6727,-1,-1,-1
521,8693,1181.09,450.28,27.27,79.87,0.6306,-1,-1,-1
521,8694,1163.38,438.91,23.46,87.88,0.5868,-1,-1,-1
521,8695,422.69,464.28,31.58,106.05,0.5694,-1,-1,-1
521,8696,459.23,461.18,23.24,48.28,0.4985,-1,-1,-1
521,8697,0.20,528.45,133.53,221.53,0.4609,-1,-1,-1
521,8698,669.13,457.30,24.69,80.08,0.3547,-1,-1,-1
521,8699,1859.18,418.58,60.47,420.76,0.3054,-1,-1,-1
522,8700,1343.42,413.22,242.57,653.50,0.8963,-1,-1,-1
522,8701,1047.72,432.61,102.84,247.35,0.8698,-1,-1,-1
522,8702,879.98,407.15,86.01,300.75,0.8683,-1,-1,-1
522,8703,771.76,430.25,73.72,257.70,0.8451,-1,-1,-1
522,8704,957.80,445.87,111.18,274.95,0.8274,-1,-1,-1
522,8705,0.06,508.39,128.28,241.75,0.8235,-1,-1,-1
522,8706,1537.36,414.84,133.60,547.20,0.8091,-1,-1,-1
522,8707,1586.78,379.68,271.23,688.78,0.8071,-1,-1,-1
522,8708,719.07,450.19,31.81,90.60,0.8003,-1,-1,-1
522,8709,682.04,447.92,38.13,121.31,0.7991,-1,-1,-1
522,8710,382.26,463.62,47.54,112.92,0.7922,-1,-1,-1
522,8691,571.96,457.49,31.29,78.05,0.7636,-1,-1,-1
522,8711,644.93,454.51,27.68,91.79,0.6833,-1,-1,-1
522,8712,542.69,467.30,24.37,68.40,0.6676,-1,-1,-1
522,8713,1180.59,451.30,27.45,78.72,0.6478,-1,-1,-1
522,8714,417.33,461.21,35.76,109.64,0.5862,-1,-1,-1
522,8503,459.49,461.23,23.18,48.62,0.5524,-1,-1,-1
522,8715,1164.67,438.91,22.24,87.68,0.5287,-1,-1,-1
522,8716,1141.28,448.83,25.51,99.25,0.3116,-1,-1,-1
523,8706,1352.85,414.36,244.19,651.54,0.8879,-1,-1,-1
523,8717,1050.80,436.43,102.02,243.44,0.8759,-1,-1,-1
523,8718,880.66,406.87,88.01,298.36,0.8484,-1,-1,-1
523,8719,957.25,445.74,108.15,274.69,0.8479,-1,-1,-1
523,8720,783.85,430.28,66.18,257.37,0.8318,-1,-1,-1
523,8721,1538.03,414.33,144.50,552.12,0.8185,-1,-1,-1
523,8722,0.07,525.54,112.00,230.76,0.8131,-1,-1,-1
523,8723,678.16,448.96,41.58,121.26,0.7888,-1,-1,-1
523,8724,571.85,456.38,32.00,78.87,0.7849,-1,-1,-1
523,8725,382.61,463.47,46.79,113.04,0.7778,-1,-1,-1
523,8726,1586.93,382.19,271.53,688.25,0.7775,-1,-1,-1
523,8727,719.11,449.33,31.41,91.58,0.7729,-1,-1,-1
523,8728,543.21,465.49,25.21,70.16,0.6954,-1,-1,-1
523,8729,645.94,454.24,27.18,91.09,0.6576,-1,-1,-1
523,8730,423.05,464.86,30.82,105.68,0.6443,-1,-1,-1
523,8731,1180.16,450.21,27.27,79.45,0.6406,-1,-1,-1
523,8732,458.59,460.99,23.85,48.26,0.5547,-1,-1,-1
523,8733,1166.73,438.65,19.76,87.93,0.5023,-1,-1,-1
523,8734,1143.88,442.63,24.22,104.11,0.4446,-1,-1,-1
523,8735,1010.19,448.19,23.88,36.95,0.3589,-1,-1,-1
524,8736,1592.71,374.27,281.09,694.37,0.8997,-1,-1,-1
524,8737,1364.97,412.52,237.25,653.68,0.8891,-1,-1,-1
524,8738,1054.15,433.13,97.79,246.30,0.8810,-1,-1,-1
524,8739,973.25,442.63,98.72,279.29,0.8629,-1,-1,-1
524,8740,1540.57,413.51,150.76,562.80,0.8186,-1,-1,-1
524,8741,785.29,430.70,69.65,260.55,0.8163,-1,-1,-1
524,8742,887.99,407.62,86.83,299.40,0.8005,-1,-1,-1
524,8743,675.51,449.75,41.64,120.29,0.7935,-1,-1,-1
524,8744,572.93,455.52,31.37,80.11,0.7861,-1,-1,-1
524,8745,0.10,534.61,112.90,226.76,0.7766,-1,-1,-1
524,8746,382.82,462.72,47.16,113.37,0.7508,-1,-1,-1
524,8747,718.69,448.96,30.90,92.31,0.7307,-1,-1,-1
524,8748,646.86,454.58,27.36,91.46,0.6900,-1,-1,-1
524,8749,543.31,464.07,26.80,70.99,0.6544,-1,-1,-1
524,8750,1181.59,450.23,26.73,79.57,0.6432,-1,-1,-1
524,8751,424.72,465.88,29.06,104.40,0.6411,-1,-1,-1
524,8752,459.93,460.94,22.77,48.04,0.5219,-1,-1,-1
524,8753,1166.59,438.92,20.22,87.79,0.4407,-1,-1,-1
524,8754,1010.19,448.13,24.54,37.16,0.4159,-1,-1,-1
524,8755,1144.69,446.32,24.24,100.69,0.3967,-1,-1,-1
525,8756,1383.93,412.97,222.51,653.19,0.9006,-1,-1,-1
525,8757,1597.16,374.02,285.38,695.25,0.8848,-1,-1,-1
525,8758,1059.72,432.11,92.81,246.38,0.8638,-1,-1,-1
525,8759,981.97,442.26,95.12,279.93,0.8609,-1,-1,-1
525,8760,1541.06,413.35,159.29,571.40,0.8464,-1,-1,-1
525,8761,673.19,452.44,42.04,117.38,0.8345,-1,-1,-1
525,8762,888.60,406.87,88.51,299.66,0.8324,-1,-1,-1
525,8763,572.37,452.38,33.31,83.11,0.7657,-1,-1,-1
525,8764,718.64,448.25,28.59,93.26,0.7597,-1,-1,-1
525,8765,382.95,462.30,47.43,113.62,0.7430,-1,-1,-1
525,8766,0.07,531.46,86.05,226.98,0.7195,-1,-1,-1
525,8767,543.80,466.07,26.37,69.43,0.7129,-1,-1,-1
525,8768,646.79,456.40,28.80,89.22,0.6724,-1,-1,-1
525,8769,789.41,430.52,70.88,260.59,0.6686,-1,-1,-1
525,8770,422.86,464.75,33.36,106.19,0.6387,-1,-1,-1
525,8771,1181.89,450.08,25.50,79.73,0.5853,-1,-1,-1
525,8772,1147.18,447.32,25.22,99.37,0.5843,-1,-1,-1
525,8773,459.01,461.44,22.97,47.41,0.5785,-1,-1,-1
525,8774,1009.96,448.18,30.17,37.61,0.5457,-1,-1,-1
525,8775,1166.23,439.06,22.20,88.01,0.4853,-1,-1,-1
526,8776,1402.07,410.55,209.22,656.31,0.8840,-1,-1,-1
526,8777,1602.55,369.53,307.90,700.68,0.8733,-1,-1,-1
526,8778,991.22,443.11,92.73,280.40,0.8562,-1,-1,-1
526,8779,1539.82,411.80,172.00,580.87,0.8523,-1,-1,-1
526,8780,1065.15,431.46,89.33,245.94,0.8421,-1,-1,-1
526,8781,893.92,406.98,83.00,300.84,0.8339,-1,-1,-1
526,8782,672.21,453.50,42.73,116.10,0.8318,-1,-1,-1
526,8783,718.43,447.93,30.35,93.88,0.7746,-1,-1,-1
526,8784,572.39,453.25,33.24,81.87,0.7677,-1,-1,-1
526,8785,383.00,462.35,47.38,113.38,0.7486,-1,-1,-1
526,8786,647.83,456.30,30.03,90.45,0.7099,-1,-1,-1
526,8787,544.08,466.04,25.18,69.31,0.7073,-1,-1,-1
526,8788,0.13,577.59,52.13,183.95,0.6762,-1,-1,-1
526,8789,792.08,430.69,72.27,259.15,0.6515,-1,-1,-1
526,8790,422.76,464.80,33.50,106.09,0.6465,-1,-1,-1
526,8791,458.73,461.43,23.12,48.36,0.6382,-1,-1,-1
526,8792,1010.11,448.30,32.31,38.64,0.5829,-1,-1,-1
526,8793,1181.82,451.16,26.02,78.31,0.5300,-1,-1,-1
526,8794,1167.15,439.24,21.35,87.27,0.5185,-1,-1,-1
526,8795,0.04,527.34,71.85,131.52,0.3276,-1,-1,-1
527,8796,1606.00,378.21,299.77,691.58,0.8843,-1,-1,-1
527,8797,1425.43,411.19,190.33,655.18,0.8659,-1,-1,-1
527,8798,996.51,443.43,87.56,279.95,0.8545,-1,-1,-1
527,8799,899.53,406.40,80.41,301.19,0.8521,-1,-1,-1
527,8800,671.77,452.40,42.92,117.88,0.8399,-1,-1,-1
527,8801,1544.38,410.79,178.69,585.08,0.8297,-1,-1,-1
527,8802,1070.34,432.02,95.91,243.08,0.7975,-1,-1,-1
527,8803,718.68,448.09,29.52,93.96,0.7943,-1,-1,-1
527,8804,572.23,452.90,32.93,82.09,0.7668,-1,-1,-1
527,8805,383.01,462.29,47.37,113.42,0.7490,-1,-1,-1
527,8806,544.18,466.54,24.78,68.87,0.7008,-1,-1,-1
527,8807,650.42,456.76,24.80,89.79,0.6985,-1,-1,-1
527,8808,0.06,526.97,62.85,228.80,0.6962,-1,-1,-1
527,8809,794.13,430.52,87.67,259.42,0.6550,-1,-1,-1
527,8810,422.66,464.18,33.70,106.73,0.6453,-1,-1,-1
527,8811,1010.48,448.29,33.10,38.79,0.5959,-1,-1,-1
527,8812,459.01,461.38,22.60,47.92,0.5276,-1,-1,-1
527,8813,1181.87,451.42,25.80,78.13,0.4115,-1,-1,-1
527,8814,1167.69,439.20,20.71,82.65,0.3202,-1,-1,-1
527,8815,1852.28,385.53,67.22,269.72,0.3120,-1,-1,-1
528,8816,1606.99,375.94,308.24,694.35,0.8918,-1,-1,-1
528,8817,1078.44,431.93,103.89,242.57,0.8911,-1,-1,-1
528,8818,1438.81,410.65,182.29,656.69,0.8763,-1,-1,-1
528,8819,1000.85,442.58,85.02,282.48,0.8619,-1,-1,-1
528,8820,1542.93,409.83,189.91,587.45,0.8575,-1,-1,-1
528,8821,915.41,406.53,68.31,301.56,0.8350,-1,-1,-1
528,8822,796.72,431.68,98.97,257.42,0.8296,-1,-1,-1
528,8823,671.63,454.01,43.18,116.10,0.8198,-1,-1,-1
528,8824,718.90,448.62,30.25,93.98,0.7965,-1,-1,-1
528,8825,574.12,454.08,32.03,80.78,0.7950,-1,-1,-1
528,8826,383.10,463.63,46.59,112.09,0.7133,-1,-1,-1
528,8827,544.55,464.70,25.57,71.12,0.7065,-1,-1,-1
528,8828,0.10,548.83,49.16,220.77,0.6445,-1,-1,-1
528,8829,1010.17,448.91,33.09,39.25,0.6364,-1,-1,-1
528,8830,648.40,456.98,27.30,89.82,0.6312,-1,-1,-1
528,8831,424.43,464.54,31.98,105.95,0.6078,-1,-1,-1
528,8832,457.54,460.93,24.09,47.96,0.5245,-1,-1,-1
528,8802,1181.91,452.54,24.38,76.93,0.4505,-1,-1,-1
528,8833,1166.52,439.28,21.69,87.55,0.3026,-1,-1,-1
529,8802,1614.67,364.95,304.69,706.38,0.9147,-1,-1,-1
529,8834,1085.03,431.73,99.17,242.13,0.8755,-1,-1,-1
529,8835,1443.51,410.46,184.40,652.47,0.8747,-1,-1,-1
529,8836,1004.41,443.83,85.23,279.69,0.8644,-1,-1,-1
529,8837,918.47,406.17,68.91,301.91,0.8501,-1,-1,-1
529,8838,797.61,431.52,100.01,257.51,0.8441,-1,-1,-1
529,8839,1562.90,411.65,182.06,591.90,0.8412,-1,-1,-1
529,8840,671.55,452.40,40.94,117.23,0.8143,-1,-1,-1
529,8841,718.24,448.64,29.06,93.44,0.7936,-1,-1,-1
529,8842,575.00,453.91,31.12,81.25,0.7843,-1,-1,-1
529,8843,383.44,464.35,46.35,111.73,0.7303,-1,-1,-1
529,8844,544.28,464.77,24.92,71.29,0.7145,-1,-1,-1
529,8845,648.43,457.31,26.34,90.11,0.6665,-1,-1,-1
529,8846,1010.18,448.84,33.91,40.20,0.6485,-1,-1,-1
529,8847,423.28,463.88,32.86,106.72,0.6442,-1,-1,-1
529,8848,457.66,461.23,23.41,46.88,0.4985,-1,-1,-1
529,8849,1181.60,453.57,25.01,76.14,0.4689,-1,-1,-1
530,8850,1447.95,411.12,183.83,655.35,0.8752,-1,-1,-1
530,8851,1620.31,375.06,299.38,696.06,0.8735,-1,-1,-1
530,8852,920.06,406.95,70.03,301.72,0.8700,-1,-1,-1
530,8853,797.66,432.14,120.78,256.08,0.8679,-1,-1,-1
530,8854,1096.88,431.92,88.54,242.90,0.8618,-1,-1,-1
530,8855,1005.98,446.30,98.73,277.02,0.8609,-1,-1,-1
530,8856,1582.84,410.05,167.43,599.31,0.8494,-1,-1,-1
530,8838,669.78,452.58,40.61,115.78,0.7934,-1,-1,-1
530,8857,574.56,455.29,30.94,80.36,0.7886,-1,-1,-1
530,8858,718.16,449.17,29.04,92.09,0.7704,-1,-1,-1
530,8859,383.33,463.51,46.54,112.47,0.7407,-1,-1,-1
530,8843,543.81,464.26,24.89,71.92,0.7023,-1,-1,-1
530,8860,425.44,467.17,29.68,103.15,0.6336,-1,-1,-1
530,8861,649.08,457.09,24.93,90.59,0.6294,-1,-1,-1
530,8862,1009.49,448.93,35.50,42.83,0.5817,-1,-1,-1
530,8863,456.45,462.34,24.01,45.43,0.4350,-1,-1,-1
530,8864,0.07,562.74,30.36,119.62,0.3168,-1,-1,-1
530,8802,1180.67,450.67,22.73,79.04,0.3060,-1,-1,-1
531,8865,1626.77,369.42,293.18,701.79,0.8902,-1,-1,-1
531,8866,1450.19,411.57,188.87,655.20,0.8843,-1,-1,-1
531,8867,798.11,432.71,124.09,255.15,0.8796,-1,-1,-1
531,8868,1588.83,410.87,170.12,598.80,0.8665,-1,-1,-1
531,8869,1093.08,432.43,93.09,242.55,0.8659,-1,-1,-1
531,8870,1007.00,445.27,102.00,277.47,0.8493,-1,-1,-1
531,8871,920.15,407.56,71.69,300.15,0.8443,-1,-1,-1
531,8872,717.80,449.51,29.70,91.63,0.7864,-1,-1,-1
531,8873,575.72,455.27,29.31,80.77,0.7814,-1,-1,-1
531,8874,381.99,463.58,47.39,112.30,0.7623,-1,-1,-1
531,8875,668.56,451.87,40.47,115.40,0.7599,-1,-1,-1
531,8728,542.92,464.10,25.13,71.82,0.6812,-1,-1,-1
531,8876,649.71,455.95,24.90,91.55,0.6154,-1,-1,-1
531,8877,417.04,460.45,37.22,110.32,0.6086,-1,-1,-1
531,8878,456.99,462.38,22.97,45.15,0.5111,-1,-1,-1
531,8879,1009.93,448.89,33.12,43.15,0.5066,-1,-1,-1
531,8880,1182.03,450.54,21.90,78.84,0.5043,-1,-1,-1
532,8881,1451.49,413.26,210.04,651.97,0.8951,-1,-1,-1
532,8882,797.93,433.97,123.06,254.38,0.8711,-1,-1,-1
532,8883,1593.31,410.71,177.99,601.03,0.8631,-1,-1,-1
532,8884,1007.87,445.22,114.45,277.38,0.8605,-1,-1,-1
532,8885,1643.15,366.11,276.63,704.65,0.8586,-1,-1,-1
532,8886,1099.43,433.38,85.20,242.14,0.8566,-1,-1,-1
532,8887,920.71,407.97,74.98,299.54,0.8479,-1,-1,-1
532,8888,574.95,455.38,30.75,80.90,0.7973,-1,-1,-1
532,8889,382.19,464.19,47.25,111.71,0.7700,-1,-1,-1
532,8890,717.20,450.41,27.60,92.16,0.7615,-1,-1,-1
532,8891,668.73,451.70,37.58,116.27,0.7604,-1,-1,-1
532,8892,543.32,463.37,25.65,72.85,0.6928,-1,-1,-1
532,8893,1009.88,448.71,34.84,47.48,0.6760,-1,-1,-1
532,8894,650.42,454.87,23.68,92.88,0.5684,-1,-1,-1
532,8895,416.12,462.19,38.93,108.96,0.5636,-1,-1,-1
532,8896,457.14,462.52,22.46,44.19,0.4502,-1,-1,-1
532,8897,1181.88,450.31,22.65,78.80,0.4067,-1,-1,-1
533,8898,1658.25,363.33,261.19,708.25,0.9142,-1,-1,-1
533,8899,1452.40,413.37,219.66,653.00,0.8947,-1,-1,-1
533,8900,1597.33,411.34,179.90,608.88,0.8883,-1,-1,-1
533,8901,797.63,434.51,116.90,253.43,0.8865,-1,-1,-1
533,8902,920.55,408.27,86.51,299.43,0.8763,-1,-1,-1
533,8903,1007.67,444.44,119.02,277.85,0.8468,-1,-1,-1
533,8904,575.91,454.61,30.27,81.35,0.8000,-1,-1,-1
533,8905,382.10,463.28,47.35,112.60,0.7735,-1,-1,-1
533,8906,715.95,450.95,31.22,92.14,0.7670,-1,-1,-1
533,8907,666.65,449.89,36.59,117.92,0.7593,-1,-1,-1
533,8908,543.18,462.79,26.71,73.31,0.7479,-1,-1,-1
533,8909,1101.04,439.67,84.08,234.81,0.7031,-1,-1,-1
533,8910,1009.82,448.56,34.18,48.32,0.6512,-1,-1,-1
533,8911,420.16,464.54,34.76,106.49,0.5766,-1,-1,-1
533,8912,648.20,454.32,26.43,93.31,0.5733,-1,-1,-1
533,8913,1161.35,442.01,29.83,107.22,0.4917,-1,-1,-1
533,8914,456.62,462.78,23.07,44.44,0.4752,-1,-1,-1
534,8915,1679.39,364.42,240.16,708.61,0.9075,-1,-1,-1
534,8916,1453.22,413.13,220.64,653.86,0.9009,-1,-1,-1
534,8917,799.15,433.74,129.76,254.22,0.8997,-1,-1,-1
534,8918,920.51,407.77,94.13,300.06,0.8874,-1,-1,-1
534,8919,1600.79,411.77,184.57,615.09,0.8727,-1,-1,-1
534,8920,1008.13,445.75,126.44,277.20,0.8703,-1,-1,-1
534,8921,576.96,454.99,29.86,80.79,0.7968,-1,-1,-1
534,8922,1102.16,436.96,88.20,240.43,0.7897,-1,-1,-1
534,8923,716.68,451.35,28.54,92.78,0.7663,-1,-1,-1
534,8924,543.46,461.56,27.28,74.49,0.7575,-1,-1,-1
534,8925,665.73,450.60,35.33,117.63,0.7486,-1,-1,-1
534,8926,383.41,463.66,45.56,111.99,0.7436,-1,-1,-1
534,8927,651.50,453.93,22.61,93.84,0.6404,-1,-1,-1
534,8928,420.86,464.66,34.81,106.09,0.6301,-1,-1,-1
534,8929,1010.64,448.42,36.00,55.87,0.5777,-1,-1,-1
534,8930,456.22,462.32,23.58,44.54,0.4385,-1,-1,-1
534,8931,1183.13,449.25,20.82,79.72,0.3650,-1,-1,-1
534,8932,1162.47,441.06,29.41,99.07,0.3583,-1,-1,-1
534,8907,697.61,469.04,17.47,64.52,0.3413,-1,-1,-1
535,8933,801.06,434.54,129.88,252.36,0.9047,-1,-1,-1
535,8934,1454.43,413.34,219.92,653.93,0.8967,-1,-1,-1
535,8935,920.90,408.31,99.01,298.83,0.8816,-1,-1,-1
535,8936,1730.56,366.73,189.01,703.42,0.8815,-1,-1,-1
535,8937,1008.69,445.65,128.44,278.51,0.8808,-1,-1,-1
535,8938,1609.39,410.94,184.22,612.75,0.8633,-1,-1,-1
535,8939,1102.73,435.57,89.11,242.00,0.8608,-1,-1,-1
535,8940,578.28,455.34,29.26,80.98,0.7938,-1,-1,-1
535,8941,716.05,450.46,29.32,93.33,0.7759,-1,-1,-1
535,8942,383.50,463.35,46.38,112.42,0.7386,-1,-1,-1
535,8943,665.01,451.69,34.90,116.24,0.7020,-1,-1,-1
535,8944,543.47,461.21,28.27,75.58,0.6914,-1,-1,-1
535,8945,650.96,453.11,23.18,94.87,0.6698,-1,-1,-1
535,8946,1011.29,447.97,33.21,60.95,0.6116,-1,-1,-1
535,8947,418.34,459.01,38.09,111.94,0.5823,-1,-1,-1
535,8948,456.31,462.62,23.68,43.49,0.4015,-1,-1,-1
536,8949,803.01,433.93,127.04,253.44,0.8988,-1,-1,-1
536,8950,1748.38,364.69,171.35,704.82,0.8905,-1,-1,-1
536,8951,1454.48,413.84,223.03,652.93,0.8890,-1,-1,-1
536,8952,921.39,408.54,100.86,298.79,0.8885,-1,-1,-1
536,8953,1008.47,451.39,127.93,273.17,0.8770,-1,-1,-1
536,8954,1616.80,409.70,179.13,613.16,0.8729,-1,-1,-1
536,8955,1104.77,437.56,86.29,240.01,0.8488,-1,-1,-1
536,8956,578.99,455.81,29.09,80.97,0.7990,-1,-1,-1
536,8957,382.87,462.88,46.98,113.38,0.7703,-1,-1,-1
536,8958,716.13,450.02,28.42,94.09,0.7688,-1,-1,-1
536,8959,544.25,461.76,26.76,75.02,0.7316,-1,-1,-1
536,8960,663.38,452.57,33.66,113.85,0.7121,-1,-1,-1
536,8961,1010.70,447.92,35.07,64.58,0.6625,-1,-1,-1
536,8962,421.03,460.32,34.94,110.67,0.5884,-1,-1,-1
536,8963,650.55,453.56,23.97,93.71,0.5675,-1,-1,-1
536,8964,455.83,462.54,23.40,43.70,0.4509,-1,-1,-1
536,8965,1166.24,439.79,27.42,89.81,0.3162,-1,-1,-1
537,8966,1759.77,364.06,159.90,706.37,0.9080,-1,-1,-1
537,8967,800.50,434.23,129.23,253.06,0.9014,-1,-1,-1
537,8968,921.35,409.99,102.28,297.23,0.8916,-1,-1,-1
537,8969,1008.09,446.00,128.63,278.83,0.8851,-1,-1,-1
537,8970,1454.55,413.39,228.39,654.31,0.8851,-1,-1,-1
537,8971,1108.40,436.30,74.70,241.06,0.8365,-1,-1,-1
537,8972,1621.03,408.93,185.66,612.99,0.8218,-1,-1,-1
537,8956,579.55,456.00,29.09,80.39,0.7776,-1,-1,-1
537,8973,717.55,449.54,27.72,93.76,0.7664,-1,-1,-1
537,8974,382.81,462.83,47.07,113.60,0.7639,-1,-1,-1
537,8975,663.18,451.93,33.87,115.14,0.7568,-1,-1,-1
537,8976,544.38,461.80,26.65,74.83,0.7324,-1,-1,-1
537,8977,1166.91,440.77,26.97,107.08,0.6494,-1,-1,-1
537,8978,420.95,461.57,35.13,109.56,0.6235,-1,-1,-1
537,8979,1010.79,447.93,35.04,67.76,0.6185,-1,-1,-1
537,8980,651.29,454.15,23.36,92.80,0.4258,-1,-1,-1
537,8962,455.73,462.69,22.78,44.25,0.3591,-1,-1,-1
538,8981,802.44,433.58,127.72,252.45,0.8998,-1,-1,-1
538,8982,921.63,410.71,105.76,297.22,0.8935,-1,-1,-1
538,8983,1764.43,364.41,155.06,706.47,0.8792,-1,-1,-1
538,8984,1008.27,446.38,127.25,277.72,0.8769,-1,-1,-1
538,8985,1455.30,412.26,232.32,654.63,0.8713,-1,-1,-1
538,8986,1624.58,411.07,185.28,608.11,0.8471,-1,-1,-1
538,8987,1113.34,437.22,73.26,241.08,0.8208,-1,-1,-1
538,8976,579.13,455.91,29.72,80.55,0.7894,-1,-1,-1
538,8988,717.02,449.18,27.78,95.02,0.7813,-1,-1,-1
538,8989,382.52,462.44,47.06,113.80,0.7649,-1,-1,-1
538,8990,544.55,461.14,27.57,75.29,0.7521,-1,-1,-1
538,8991,660.45,452.40,36.74,115.42,0.7227,-1,-1,-1
538,8992,419.85,461.74,36.37,108.83,0.6128,-1,-1,-1
538,8993,1010.27,447.97,33.04,70.35,0.5808,-1,-1,-1
538,8994,649.98,454.79,23.20,91.40,0.4236,-1,-1,-1
538,8995,692.73,460.83,20.17,70.46,0.4233,-1,-1,-1
539,8996,1772.02,363.86,147.51,707.14,0.9030,-1,-1,-1
539,8997,921.31,411.01,109.13,296.94,0.8968,-1,-1,-1
539,8998,805.32,432.12,125.21,253.76,0.8925,-1,-1,-1
539,8956,1011.44,446.11,125.02,278.55,0.8851,-1,-1,-1
539,8962,1458.51,410.58,237.86,655.71,0.8621,-1,-1,-1
539,8999,1633.15,413.83,181.09,598.88,0.8501,-1,-1,-1
539,9000,1113.65,438.63,70.28,238.88,0.8286,-1,-1,-1
539,8976,580.15,456.83,28.69,79.75,0.7934,-1,-1,-1
539,9001,659.38,452.83,35.96,113.94,0.7786,-1,-1,-1
539,9002,715.91,449.40,29.09,94.80,0.7782,-1,-1,-1
539,9003,382.33,463.05,47.59,113.10,0.7588,-1,-1,-1
539,9004,544.70,461.48,26.88,74.92,0.7551,-1,-1,-1
539,9005,421.26,460.93,34.33,109.61,0.5913,-1,-1,-1
539,9006,1009.57,448.34,34.57,74.41,0.5846,-1,-1,-1
539,9007,690.08,462.19,22.58,69.30,0.4457,-1,-1,-1
539,9008,1171.21,447.05,29.02,99.36,0.3571,-1,-1,-1
540,9009,808.05,431.16,123.23,255.00,0.8966,-1,-1,-1
540,9010,921.45,411.89,109.38,295.96,0.8849,-1,-1,-1
540,9011,1016.74,440.45,119.68,284.15,0.8697,-1,-1,-1
540,9012,1780.16,374.14,139.38,697.14,0.8684,-1,-1,-1
540,9013,1634.50,415.96,185.86,597.23,0.8611,-1,-1,-1
540,9014,1461.48,410.38,237.65,656.95,0.8501,-1,-1,-1
540,8956,1115.36,436.46,68.38,241.84,0.8358,-1,-1,-1
540,9015,381.56,462.33,47.73,113.84,0.7969,-1,-1,-1
540,9016,715.12,448.47,28.99,94.19,0.7834,-1,-1,-1
540,9017,579.92,456.91,29.71,79.37,0.7819,-1,-1,-1
540,9018,544.69,461.31,27.64,75.91,0.7796,-1,-1,-1
540,9019,657.99,452.74,36.22,114.26,0.6895,-1,-1,-1
540,9020,1009.00,448.04,35.70,75.42,0.5988,-1,-1,-1
540,9021,423.19,463.45,32.12,106.51,0.5629,-1,-1,-1
540,9022,688.32,459.59,23.31,73.39,0.5463,-1,-1,-1
540,9023,1174.03,444.42,26.27,103.34,0.5229,-1,-1,-1
540,8976,496.36,461.62,19.20,51.40,0.3269,-1,-1,-1
541,9024,1637.79,414.50,186.86,602.26,0.8943,-1,-1,-1
541,9025,815.06,431.27,116.73,254.58,0.8898,-1,-1,-1
541,9026,1788.96,380.09,130.50,691.26,0.8812,-1,-1,-1
541,9027,921.09,412.59,120.82,294.91,0.8736,-1,-1,-1
541,9028,1466.22,409.25,237.05,659.11,0.8635,-1,-1,-1
541,9029,1029.99,437.05,107.70,287.54,0.8555,-1,-1,-1
541,8956,1115.56,434.58,71.00,244.63,0.8001,-1,-1,-1
541,9030,714.70,448.48,29.09,94.94,0.7925,-1,-1,-1
541,9031,544.89,461.22,27.28,76.46,0.7772,-1,-1,-1
541,9032,381.23,462.66,47.30,113.66,0.7743,-1,-1,-1
541,9033,578.46,456.96,31.48,79.04,0.7662,-1,-1,-1
541,9034,654.60,454.27,38.14,113.16,0.6681,-1,-1,-1
541,9035,414.59,457.22,40.99,113.50,0.6486,-1,-1,-1
541,9036,1174.68,443.93,30.94,103.64,0.6476,-1,-1,-1
541,9037,1009.21,448.28,35.31,74.81,0.6334,-1,-1,-1
541,9038,688.40,460.43,22.28,72.13,0.4983,-1,-1,-1
542,9039,1795.36,383.35,124.12,689.16,0.8826,-1,-1,-1
542,9040,1638.93,415.03,188.62,602.73,0.8810,-1,-1,-1
542,9041,921.22,412.93,125.51,294.36,0.8798,-1,-1,-1
542,9042,1038.44,446.11,101.55,278.51,0.8778,-1,-1,-1
542,9043,818.09,431.35,113.80,255.61,0.8757,-1,-1,-1
542,9044,1474.61,408.90,235.13,659.31,0.8707,-1,-1,-1
542,8956,1117.29,438.26,69.14,240.54,0.7994,-1,-1,-1
542,9045,714.41,448.77,31.09,94.92,0.7903,-1,-1,-1
542,9046,655.00,453.93,35.77,111.75,0.7823,-1,-1,-1
542,9047,577.02,456.47,33.12,79.63,0.7715,-1,-1,-1
542,9048,381.43,462.84,46.72,113.05,0.7608,-1,-1,-1
542,9049,414.94,456.90,40.25,113.90,0.6827,-1,-1,-1
542,9050,544.87,460.95,29.40,77.14,0.6709,-1,-1,-1
542,9051,1009.38,448.33,34.23,76.95,0.6490,-1,-1,-1
542,9052,687.65,461.20,22.99,71.80,0.4981,-1,-1,-1
542,9053,496.08,451.56,20.74,61.45,0.3246,-1,-1,-1
542,9011,1177.78,446.41,24.75,100.32,0.3103,-1,-1,-1
543,9054,921.96,413.01,121.78,294.17,0.8886,-1,-1,-1
543,9055,827.89,430.83,104.58,254.59,0.8781,-1,-1,-1
543,9056,1484.47,409.31,231.39,654.90,0.8717,-1,-1,-1
543,9057,1642.28,414.05,192.49,603.90,0.8660,-1,-1,-1
543,9058,1806.80,392.51,112.80,680.12,0.8251,-1,-1,-1
543,9059,1043.13,442.58,101.33,281.88,0.8204,-1,-1,-1
543,9060,654.81,453.97,35.75,112.28,0.8163,-1,-1,-1
543,9061,1118.47,434.78,75.45,244.15,0.7981,-1,-1,-1
543,9062,713.83,448.93,32.29,94.50,0.7868,-1,-1,-1
543,9063,381.13,463.05,47.21,113.03,0.7829,-1,-1,-1
543,9064,545.78,461.52,26.84,76.39,0.7705,-1,-1,-1
543,9065,580.22,456.82,30.15,79.47,0.7602,-1,-1,-1
543,9066,416.34,458.09,38.50,112.54,0.6494,-1,-1,-1
543,9067,1009.25,448.36,32.75,78.31,0.5854,-1,-1,-1
543,9068,1180.81,446.62,39.57,100.02,0.5068,-1,-1,-1
543,9069,687.03,460.27,20.67,72.13,0.4541,-1,-1,-1
543,9070,496.17,459.14,22.68,53.14,0.3431,-1,-1,-1
544,9071,922.91,412.14,128.41,294.23,0.9001,-1,-1,-1
544,9072,1648.03,413.75,191.16,600.01,0.8733,-1,-1,-1
544,9073,837.56,430.21,95.73,255.03,0.8700,-1,-1,-1
544,9074,1497.63,407.87,223.75,659.89,0.8638,-1,-1,-1
544,9075,1051.29,435.40,99.46,288.77,0.8107,-1,-1,-1
544,9076,655.03,453.94,35.37,112.77,0.8056,-1,-1,-1
544,9077,715.12,449.13,31.71,94.63,0.7939,-1,-1,-1
544,9078,381.53,463.34,46.89,112.79,0.7903,-1,-1,-1
544,9079,1809.09,388.48,110.82,683.55,0.7785,-1,-1,-1
544,9080,580.24,455.83,31.08,81.29,0.7670,-1,-1,-1
544,9081,546.56,461.51,26.92,76.37,0.7528,-1,-1,-1
544,9082,1122.57,438.65,69.81,240.79,0.7165,-1,-1,-1
544,9083,1180.31,446.66,43.98,100.64,0.6480,-1,-1,-1
544,9084,423.22,461.00,31.41,109.19,0.6144,-1,-1,-1
544,9085,1010.60,448.42,31.70,77.80,0.6106,-1,-1,-1
544,9086,495.96,458.22,24.28,54.10,0.4598,-1,-1,-1
544,9087,687.33,459.52,20.19,72.72,0.4406,-1,-1,-1
544,9088,539.25,461.01,16.44,67.07,0.3025,-1,-1,-1
545,9089,926.51,414.04,127.07,286.50,0.8887,-1,-1,-1
545,9090,847.36,429.21,93.63,255.47,0.8680,-1,-1,-1
545,9091,1660.97,412.72,185.18,600.52,0.8627,-1,-1,-1
545,9092,1517.29,406.62,208.63,657.39,0.8500,-1,-1,-1
545,9093,714.77,449.66,32.66,94.05,0.8029,-1,-1,-1
545,9094,655.79,453.61,33.70,109.50,0.8018,-1,-1,-1
545,9095,381.17,463.35,47.27,112.62,0.7919,-1,-1,-1
545,9096,578.72,455.57,33.44,80.69,0.7782,-1,-1,-1
545,9097,546.62,461.04,28.47,76.42,0.7729,-1,-1,-1
545,9098,1125.30,443.11,62.84,236.16,0.7692,-1,-1,-1
545,9099,1814.67,407.28,105.01,665.49,0.7542,-1,-1,-1
545,9100,1069.49,445.46,87.81,278.68,0.7479,-1,-1,-1
545,9101,420.92,452.44,34.53,117.57,0.6268,-1,-1,-1
545,9102,1183.21,446.62,47.33,100.17,0.5191,-1,-1,-1
545,9103,1012.28,451.84,29.36,73.22,0.4428,-1,-1,-1
545,9104,496.32,460.25,24.33,53.12,0.4204,-1,-1,-1
545,9105,682.60,458.55,22.29,73.26,0.3883,-1,-1,-1
545,9080,540.73,461.40,14.54,66.46,0.3309,-1,-1,-1
545,9106,1048.92,447.07,29.19,61.21,0.3030,-1,-1,-1
546,9080,930.39,411.97,123.08,287.84,0.8782,-1,-1,-1
546,9107,1533.82,405.40,192.95,655.89,0.8652,-1,-1,-1
546,9108,856.71,429.57,87.70,254.90,0.8602,-1,-1,-1
546,9109,1645.95,413.77,205.70,602.40,0.8596,-1,-1,-1
546,9110,1075.87,445.15,84.89,278.98,0.8148,-1,-1,-1
546,9111,714.44,449.98,31.74,94.04,0.7961,-1,-1,-1
546,9112,656.25,452.85,33.23,109.77,0.7939,-1,-1,-1
546,9113,580.37,455.47,31.76,80.59,0.7858,-1,-1,-1
546,9114,381.39,462.53,46.68,113.30,0.7722,-1,-1,-1
546,9115,1127.27,434.41,61.46,244.64,0.7403,-1,-1,-1
546,9116,547.76,462.07,28.19,75.38,0.7334,-1,-1,-1
546,9117,1816.66,431.36,102.98,640.87,0.6986,-1,-1,-1
546,9118,423.01,453.19,32.46,116.68,0.5704,-1,-1,-1
546,9119,1183.56,447.16,47.75,100.02,0.4939,-1,-1,-1
546,9120,1013.00,449.85,29.52,78.74,0.4389,-1,-1,-1
546,9121,686.52,460.20,22.04,72.78,0.3972,-1,-1,-1
546,9122,1049.77,448.53,32.10,62.45,0.3205,-1,-1,-1
547,9123,937.26,412.65,116.62,286.08,0.8698,-1,-1,-1
547,9124,1665.00,413.44,191.78,601.13,0.8667,-1,-1,-1
547,9125,1543.07,405.99,189.44,658.92,0.8632,-1,-1,-1
547,9126,655.29,452.14,34.46,110.68,0.8180,-1,-1,-1
547,9127,381.04,463.48,47.69,112.57,0.7984,-1,-1,-1
547,9128,580.76,455.25,32.11,81.15,0.7895,-1,-1,-1
547,9129,714.14,450.28,31.98,94.48,0.7893,-1,-1,-1
547,9130,865.70,428.52,81.35,256.80,0.7638,-1,-1,-1
547,9131,1080.55,435.96,75.64,287.73,0.7472,-1,-1,-1
547,9132,1821.14,415.92,98.50,656.63,0.7274,-1,-1,-1
547,9133,547.69,460.20,29.04,77.24,0.7207,-1,-1,-1
547,9134,1131.92,437.47,59.19,241.15,0.7198,-1,-1,-1
547,9135,422.78,458.22,33.14,111.63,0.5738,-1,-1,-1
547,9136,1185.49,446.63,46.45,101.17,0.5117,-1,-1,-1
547,9137,686.97,460.37,22.66,72.46,0.3888,-1,-1,-1
547,9138,1047.16,445.54,32.39,68.10,0.3356,-1,-1,-1
548,9139,1677.53,414.11,185.73,600.89,0.8837,-1,-1,-1
548,9140,943.49,411.94,110.92,289.67,0.8683,-1,-1,-1
548,9141,1546.90,405.76,190.09,655.68,0.8591,-1,-1,-1
548,9142,862.06,429.42,93.60,255.02,0.8201,-1,-1,-1
548,9143,380.80,463.60,47.69,112.18,0.8048,-1,-1,-1
548,9144,581.48,455.61,31.11,80.58,0.8035,-1,-1,-1
548,9145,654.33,451.82,35.68,111.77,0.8019,-1,-1,-1
548,9146,1085.25,435.32,84.29,288.36,0.7822,-1,-1,-1
548,9147,715.26,450.73,32.54,94.02,0.7773,-1,-1,-1
548,9148,547.87,459.63,28.88,77.96,0.7737,-1,-1,-1
548,9149,1185.56,446.58,46.35,101.04,0.6899,-1,-1,-1
548,9150,1138.72,442.74,52.41,235.43,0.6813,-1,-1,-1
548,9151,1826.07,484.71,93.63,588.14,0.6797,-1,-1,-1
548,9152,421.34,452.74,34.39,117.19,0.5806,-1,-1,-1
548,9153,687.02,463.73,22.40,68.91,0.3443,-1,-1,-1
549,9154,1686.67,410.10,183.12,602.95,0.8853,-1,-1,-1
549,9155,949.18,411.52,105.62,288.30,0.8669,-1,-1,-1
549,9156,1549.28,404.93,193.41,660.96,0.8657,-1,-1,-1
549,9157,1086.59,435.34,88.59,288.06,0.8261,-1,-1,-1
549,9158,654.37,451.93,35.07,111.49,0.7977,-1,-1,-1
549,9159,865.26,429.22,91.40,255.12,0.7933,-1,-1,-1
549,9153,583.14,455.57,29.78,80.90,0.7844,-1,-1,-1
549,9160,381.26,463.48,47.32,112.38,0.7812,-1,-1,-1
549,9161,714.38,450.25,32.71,94.65,0.7713,-1,-1,-1
549,9162,548.62,459.87,27.97,77.57,0.7572,-1,-1,-1
549,9163,1829.37,421.06,90.31,652.97,0.6910,-1,-1,-1
549,9164,1184.95,445.52,46.39,102.68,0.6438,-1,-1,-1
549,9165,420.45,450.85,34.73,119.18,0.6180,-1,-1,-1
549,9166,1143.08,445.78,50.27,233.82,0.5880,-1,-1,-1
549,9167,1043.09,448.29,38.27,73.81,0.3855,-1,-1,-1
549,9168,686.63,461.69,19.95,70.98,0.3253,-1,-1,-1
549,9144,696.78,462.67,20.75,70.71,0.3103,-1,-1,-1
550,9153,1689.65,407.87,187.29,606.83,0.8798,-1,-1,-1
550,9169,959.11,411.15,95.75,287.74,0.8782,-1,-1,-1
550,9144,1552.92,404.43,194.54,646.07,0.8703,-1,-1,-1
550,9170,1087.30,436.96,93.41,287.52,0.8560,-1,-1,-1
550,9171,653.11,451.50,35.08,111.68,0.8006,-1,-1,-1
550,9172,715.11,449.27,32.86,95.26,0.7670,-1,-1,-1
550,9173,583.63,455.72,29.57,80.85,0.7646,-1,-1,-1
550,9174,381.33,463.08,47.40,112.62,0.7639,-1,-1,-1
550,9175,1184.95,444.62,46.70,103.57,0.7638,-1,-1,-1
550,9176,548.69,459.37,28.96,78.10,0.7536,-1,-1,-1
550,9177,867.28,429.32,84.41,255.22,0.6999,-1,-1,-1
550,9178,422.83,459.62,32.04,110.36,0.5538,-1,-1,-1
550,9179,1139.88,445.79,55.06,233.01,0.5002,-1,-1,-1
550,9180,1046.46,449.97,34.30,76.53,0.4794,-1,-1,-1
550,9181,1839.41,727.12,80.24,345.92,0.4620,-1,-1,-1
550,9167,1086.40,447.41,34.60,47.07,0.4041,-1,-1,-1
550,9161,693.45,462.24,24.72,71.27,0.3165,-1,-1,-1
551,9182,967.75,410.83,88.81,288.98,0.8607,-1,-1,-1
551,9183,1701.72,410.94,182.97,603.73,0.8438,-1,-1,-1
551,9184,1087.70,439.89,93.93,284.38,0.8376,-1,-1,-1
551,9185,1555.31,404.39,198.91,656.39,0.8281,-1,-1,-1
551,9186,380.62,463.07,48.41,113.30,0.8112,-1,-1,-1
551,9187,652.62,451.27,35.00,111.77,0.7983,-1,-1,-1
551,9153,582.72,455.13,30.97,81.20,0.7806,-1,-1,-1
551,9188,715.66,449.72,33.15,95.70,0.7757,-1,-1,-1
551,9189,549.24,459.03,27.09,78.47,0.7373,-1,-1,-1
551,9190,1184.64,445.36,47.07,103.18,0.7274,-1,-1,-1
551,9191,417.55,455.76,39.05,114.34,0.5715,-1,-1,-1
551,9192,692.61,460.57,24.08,73.07,0.5272,-1,-1,-1
551,9193,869.86,429.59,84.28,254.88,0.4900,-1,-1,-1
551,9194,1047.92,450.37,33.62,83.55,0.4762,-1,-1,-1
551,9195,1845.57,953.88,74.03,120.96,0.3440,-1,-1,-1
551,9196,510.34,460.59,17.93,52.73,0.3111,-1,-1,-1
552,9197,1554.89,404.39,211.74,662.53,0.8464,-1,-1,-1
552,9198,1704.99,412.26,188.35,602.19,0.8457,-1,-1,-1
552,9199,1087.02,439.37,106.15,285.00,0.8431,-1,-1,-1
552,9200,651.75,451.82,36.69,111.67,0.8070,-1,-1,-1
552,9201,977.72,410.76,80.55,287.85,0.7955,-1,-1,-1
552,9202,581.86,455.36,31.76,81.75,0.7949,-1,-1,-1
552,9203,716.39,448.76,33.54,96.80,0.7939,-1,-1,-1
552,9204,380.89,462.97,48.36,113.26,0.7861,-1,-1,-1
552,9205,887.18,429.46,81.02,254.42,0.7681,-1,-1,-1
552,9206,549.01,459.57,28.45,78.00,0.7275,-1,-1,-1
552,9207,1190.58,443.62,41.65,104.20,0.6338,-1,-1,-1
552,9208,421.58,460.86,35.11,109.27,0.5294,-1,-1,-1
552,9209,694.63,460.11,23.27,73.45,0.5124,-1,-1,-1
552,9182,1048.04,451.62,32.92,79.22,0.4614,-1,-1,-1
552,9210,1086.88,446.84,36.23,56.11,0.3772,-1,-1,-1
552,9211,1885.68,389.43,33.86,239.26,0.3561,-1,-1,-1
552,9195,1852.92,969.93,66.68,108.27,0.3464,-1,-1,-1
553,9212,1710.52,408.03,190.99,605.88,0.8695,-1,-1,-1
553,9213,1555.21,405.47,219.19,665.18,0.8599,-1,-1,-1
553,9214,1087.15,440.33,106.10,283.80,0.8554,-1,-1,-1
553,9215,990.45,410.20,69.21,282.12,0.8051,-1,-1,-1
553,9216,716.43,448.93,35.88,96.79,0.8002,-1,-1,-1
553,9217,651.01,453.57,35.10,110.03,0.7947,-1,-1,-1
553,9218,583.82,455.45,29.76,81.28,0.7905,-1,-1,-1
553,9219,887.10,429.71,90.76,254.56,0.7904,-1,-1,-1
553,9220,381.36,462.50,47.87,113.63,0.7705,-1,-1,-1
553,9221,1195.24,440.30,37.59,107.93,0.7626,-1,-1,-1
553,9222,550.17,459.74,26.72,78.04,0.6616,-1,-1,-1
553,9223,416.47,458.03,40.33,112.27,0.5617,-1,-1,-1
553,9224,1049.44,451.15,31.97,92.02,0.4978,-1,-1,-1
553,9225,547.77,460.09,15.12,73.92,0.3549,-1,-1,-1
553,9226,1087.09,446.23,35.89,55.30,0.3274,-1,-1,-1
553,9227,693.81,461.80,21.75,71.80,0.3127,-1,-1,-1
554,9228,1087.30,439.37,112.46,284.15,0.8782,-1,-1,-1
554,9229,890.25,430.27,97.59,254.62,0.8539,-1,-1,-1
554,9230,1553.89,405.32,227.78,661.72,0.8507,-1,-1,-1
554,9231,1716.92,407.42,191.76,607.58,0.8202,-1,-1,-1
554,9232,716.03,448.34,37.87,96.95,0.8017,-1,-1,-1
554,9233,582.91,454.95,30.50,82.41,0.7817,-1,-1,-1
554,9234,649.88,454.39,35.77,109.85,0.7736,-1,-1,-1
554,9235,381.26,462.63,47.46,113.25,0.7575,-1,-1,-1
554,9236,1198.87,440.50,34.22,108.00,0.7351,-1,-1,-1
554,9237,998.01,409.72,66.05,291.49,0.7025,-1,-1,-1
554,9238,550.13,459.24,26.90,78.67,0.6607,-1,-1,-1
554,9239,1046.88,451.21,34.45,92.65,0.5738,-1,-1,-1
554,9240,417.29,458.88,40.44,112.01,0.5654,-1,-1,-1
554,9241,1087.62,446.21,34.45,62.75,0.3867,-1,-1,-1
554,9242,542.74,459.48,17.23,68.30,0.3706,-1,-1,-1
554,9243,696.14,461.95,18.45,71.97,0.3206,-1,-1,-1
555,9244,1087.39,434.81,116.43,289.28,0.8804,-1,-1,-1
555,9245,1554.34,404.63,238.43,664.76,0.8453,-1,-1,-1
555,9246,887.26,430.96,103.47,253.95,0.8282,-1,-1,-1
555,9247,715.75,447.84,37.61,97.21,0.8083,-1,-1,-1
555,9248,1002.81,410.24,64.88,289.81,0.7866,-1,-1,-1
555,9249,582.32,455.16,30.80,83.12,0.7835,-1,-1,-1
555,9250,1723.68,404.71,192.79,610.04,0.7811,-1,-1,-1
555,9251,380.95,461.76,48.37,114.22,0.7550,-1,-1,-1
555,9252,649.57,457.67,33.76,106.31,0.7345,-1,-1,-1
555,9253,549.99,460.88,26.05,77.76,0.7061,-1,-1,-1
555,9254,1200.63,440.49,32.76,108.27,0.6617,-1,-1,-1
555,9255,1048.65,452.55,32.45,90.81,0.5978,-1,-1,-1
555,9256,421.12,460.47,36.38,110.15,0.5096,-1,-1,-1
555,9257,542.42,460.24,17.20,68.19,0.4424,-1,-1,-1
555,9258,1086.59,446.33,34.10,67.93,0.4101,-1,-1,-1
555,9259,695.07,466.28,19.95,67.02,0.3449,-1,-1,-1
556,9260,1088.64,432.23,115.20,292.04,0.8869,-1,-1,-1
556,9261,1555.72,404.46,242.79,665.14,0.8536,-1,-1,-1
556,9262,890.63,431.61,99.38,253.21,0.8532,-1,-1,-1
556,9263,1728.58,405.83,190.67,607.39,0.8331,-1,-1,-1
556,9264,1003.16,410.01,78.90,291.57,0.8043,-1,-1,-1
556,9265,716.34,447.72,37.78,97.62,0.8039,-1,-1,-1
556,9266,380.97,462.67,47.61,113.36,0.7873,-1,-1,-1
556,9267,582.37,455.37,30.72,82.33,0.7774,-1,-1,-1
556,9268,649.16,456.70,32.52,107.72,0.7496,-1,-1,-1
556,9269,549.88,459.70,26.39,78.66,0.6922,-1,-1,-1
556,9270,1050.69,451.45,29.88,89.21,0.5662,-1,-1,-1
556,9271,1208.07,439.40,25.88,108.96,0.5275,-1,-1,-1
556,9272,418.56,459.60,38.51,110.91,0.5186,-1,-1,-1
556,9273,694.90,466.31,20.16,67.31,0.4563,-1,-1,-1
556,9274,1086.36,445.81,34.96,74.60,0.3185,-1,-1,-1
557,9275,889.31,432.49,102.78,252.38,0.8843,-1,-1,-1
557,9276,1556.11,403.01,252.68,666.75,0.8733,-1,-1,-1
557,9277,1088.71,431.52,116.76,292.87,0.8725,-1,-1,-1
557,9278,1734.86,405.51,184.84,607.75,0.8406,-1,-1,-1
557,9279,381.11,463.46,47.87,112.36,0.8075,-1,-1,-1
557,9280,581.83,455.26,31.02,82.47,0.7943,-1,-1,-1
557,9281,714.80,447.57,36.65,97.97,0.7850,-1,-1,-1
557,9282,1002.78,411.43,88.30,289.00,0.7659,-1,-1,-1
557,9283,648.61,456.55,32.87,107.97,0.7548,-1,-1,-1
557,9284,549.33,458.48,27.64,80.80,0.6764,-1,-1,-1
557,9285,1050.28,451.53,30.50,92.72,0.6724,-1,-1,-1
557,9286,1209.45,440.58,27.36,108.32,0.6281,-1,-1,-1
557,9268,416.17,458.14,41.19,112.42,0.6051,-1,-1,-1
557,9287,693.44,463.16,21.42,70.60,0.4834,-1,-1,-1
557,9288,1083.83,445.15,36.42,95.61,0.4616,-1,-1,-1
557,9274,1170.93,447.61,54.67,227.28,0.3366,-1,-1,-1
557,9265,670.91,455.11,22.96,89.28,0.3304,-1,-1,-1
558,9289,891.21,432.44,105.46,252.38,0.8821,-1,-1,-1
558,9290,1557.35,403.16,258.96,664.38,0.8626,-1,-1,-1
558,9291,1741.94,408.70,177.52,607.19,0.8610,-1,-1,-1
558,9292,1089.50,435.06,115.95,288.65,0.8556,-1,-1,-1
558,9293,381.03,463.26,47.52,112.80,0.8067,-1,-1,-1
558,9294,1001.98,411.97,98.94,287.74,0.8001,-1,-1,-1
558,9295,581.88,454.88,30.78,82.57,0.7897,-1,-1,-1
558,9296,716.64,447.44,35.03,98.24,0.7843,-1,-1,-1
558,9297,1209.93,440.35,28.60,108.80,0.7384,-1,-1,-1
558,9298,646.82,456.91,34.81,106.00,0.7349,-1,-1,-1
558,9299,549.47,459.51,27.52,79.38,0.6667,-1,-1,-1
558,9300,1051.79,450.89,28.20,92.07,0.5729,-1,-1,-1
558,9301,417.49,458.27,40.87,112.18,0.5402,-1,-1,-1
558,9302,1082.70,446.33,38.14,97.60,0.4720,-1,-1,-1
558,9303,693.81,464.93,21.72,69.05,0.4615,-1,-1,-1
558,9265,669.45,454.38,24.17,92.84,0.4125,-1,-1,-1
558,9268,518.06,457.01,15.89,53.27,0.3762,-1,-1,-1
559,9265,891.97,432.09,108.35,252.51,0.8860,-1,-1,-1
559,9304,1004.63,415.78,106.14,283.75,0.8386,-1,-1,-1
559,9305,380.97,463.22,47.62,112.98,0.8282,-1,-1,-1
559,9306,1558.36,404.48,271.68,660.72,0.8276,-1,-1,-1
559,9307,1746.95,405.30,172.61,609.63,0.8012,-1,-1,-1
559,9308,1092.01,440.21,114.55,280.26,0.7979,-1,-1,-1
559,9309,716.52,447.36,34.48,98.43,0.7936,-1,-1,-1
559,9310,581.41,454.53,31.23,82.76,0.7746,-1,-1,-1
559,9311,646.61,458.40,34.98,103.10,0.7351,-1,-1,-1
559,9312,1211.93,440.55,28.45,108.52,0.7209,-1,-1,-1
559,9313,549.42,460.45,28.05,78.57,0.6435,-1,-1,-1
559,9314,416.56,459.34,40.47,111.12,0.5826,-1,-1,-1
559,9315,518.44,455.79,20.42,56.99,0.5420,-1,-1,-1
559,9316,669.10,455.09,25.65,92.70,0.5065,-1,-1,-1
559,9317,1083.34,445.47,37.29,116.17,0.4794,-1,-1,-1
559,9318,1053.05,449.33,27.02,91.24,0.4588,-1,-1,-1
559,9319,693.81,466.45,21.65,67.35,0.4136,-1,-1,-1
559,9320,1116.97,430.80,33.19,67.39,0.3328,-1,-1,-1
559,9268,450.89,463.04,19.46,40.75,0.3102,-1,-1,-1
560,9265,892.95,432.10,106.69,246.84,0.8780,-1,-1,-1
560,9321,1006.41,416.49,97.79,282.91,0.8659,-1,-1,-1
560,9322,1095.91,442.00,119.01,274.12,0.8257,-1,-1,-1
560,9323,579.43,454.18,33.30,83.01,0.7998,-1,-1,-1
560,9324,1213.68,440.19,31.63,108.63,0.7921,-1,-1,-1
560,9325,717.52,448.30,30.09,97.56,0.7791,-1,-1,-1
560,9326,1561.80,401.05,279.44,660.24,0.7772,-1,-1,-1
560,9327,380.93,462.88,48.30,112.73,0.7680,-1,-1,-1
560,9328,645.20,457.46,33.37,103.10,0.7511,-1,-1,-1
560,9329,549.88,460.93,27.51,78.31,0.6758,-1,-1,-1
560,9330,668.95,455.19,25.31,94.40,0.5901,-1,-1,-1
560,9331,1749.12,405.38,170.45,620.91,0.5820,-1,-1,-1
560,9332,1082.61,445.67,36.97,114.05,0.5715,-1,-1,-1
560,9333,418.70,459.70,37.85,110.89,0.5335,-1,-1,-1
560,9334,519.56,456.26,20.97,56.08,0.5301,-1,-1,-1
560,9335,695.70,469.19,19.27,65.01,0.4288,-1,-1,-1
561,9268,896.01,431.44,101.50,245.09,0.8716,-1,-1,-1
561,9336,1565.76,401.87,278.36,661.64,0.8628,-1,-1,-1
561,9337,1006.68,414.57,101.43,284.64,0.8620,-1,-1,-1
561,9338,1105.23,442.67,104.46,270.31,0.8311,-1,-1,-1
561,9339,718.07,448.67,34.38,97.81,0.8068,-1,-1,-1
561,9340,380.84,463.97,50.05,112.01,0.8012,-1,-1,-1
561,9341,578.86,454.16,34.19,83.67,0.7853,-1,-1,-1
561,9342,1215.43,441.03,38.80,108.06,0.7732,-1,-1,-1
561,9265,644.53,455.81,32.90,104.63,0.7498,-1,-1,-1
561,9343,550.56,459.99,27.53,79.62,0.7217,-1,-1,-1
561,9344,669.40,455.01,23.45,97.75,0.6313,-1,-1,-1
561,9345,1753.79,405.29,165.80,618.19,0.5710,-1,-1,-1
561,9346,422.22,462.11,33.72,108.37,0.5554,-1,-1,-1
561,9347,693.61,466.68,21.02,66.37,0.4936,-1,-1,-1
561,9348,1081.95,444.23,34.34,115.15,0.3264,-1,-1,-1
561,9349,522.79,456.69,18.75,55.89,0.3218,-1,-1,-1
561,9350,1115.47,431.05,36.82,75.58,0.3126,-1,-1,-1
562,9351,1118.99,438.48,104.30,274.80,0.8800,-1,-1,-1
562,9352,1007.46,414.56,116.16,284.10,0.8747,-1,-1,-1
562,9353,1569.40,400.27,284.81,664.33,0.8657,-1,-1,-1
562,9354,718.70,448.95,34.26,96.90,0.8402,-1,-1,-1
562,9355,911.75,431.49,85.36,249.15,0.8369,-1,-1,-1
562,9356,1216.72,441.10,41.06,107.92,0.7995,-1,-1,-1
562,9357,580.19,453.58,33.39,83.67,0.7933,-1,-1,-1
562,9358,381.95,463.53,48.13,111.82,0.7804,-1,-1,-1
562,9359,1759.69,402.62,159.92,616.35,0.7759,-1,-1,-1
562,9360,644.39,455.08,32.42,105.07,0.7457,-1,-1,-1
562,9361,551.58,459.57,26.41,79.59,0.7355,-1,-1,-1
562,9362,1078.32,444.17,38.99,118.64,0.6453,-1,-1,-1
562,9363,669.88,455.12,23.81,97.87,0.6433,-1,-1,-1
562,9364,416.10,458.99,40.54,111.60,0.5852,-1,-1,-1
562,9365,524.28,457.34,19.78,55.44,0.5682,-1,-1,-1
562,9366,1113.01,430.70,40.20,81.18,0.5123,-1,-1,-1
562,9259,695.02,467.46,19.71,65.62,0.5116,-1,-1,-1
562,9367,1006.89,449.19,19.89,26.99,0.3369,-1,-1,-1
563,9368,1007.35,415.74,111.54,283.54,0.8815,-1,-1,-1
563,9369,1126.33,435.99,100.23,276.76,0.8706,-1,-1,-1
563,9370,911.63,431.65,88.83,251.38,0.8705,-1,-1,-1
563,9371,1573.36,400.25,292.91,669.78,0.8529,-1,-1,-1
563,9372,718.81,448.98,34.65,96.94,0.8458,-1,-1,-1
563,9373,1770.55,402.01,149.03,619.05,0.8344,-1,-1,-1
563,9374,579.79,453.26,34.28,84.41,0.8100,-1,-1,-1
563,9375,1215.38,441.79,47.67,107.74,0.8078,-1,-1,-1
563,9376,381.76,463.93,48.52,111.86,0.7607,-1,-1,-1
563,9377,644.42,453.80,31.66,106.33,0.7579,-1,-1,-1
563,9378,550.91,458.63,28.50,82.21,0.7392,-1,-1,-1
563,9379,669.41,454.55,24.12,96.81,0.6212,-1,-1,-1
563,9380,1079.25,444.61,37.45,121.72,0.5962,-1,-1,-1
563,9381,525.53,457.14,19.25,56.25,0.5563,-1,-1,-1
563,9382,420.28,460.88,36.43,109.51,0.5370,-1,-1,-1
563,9383,1113.71,430.88,41.14,82.77,0.5113,-1,-1,-1
563,9384,695.04,469.00,20.04,63.66,0.4926,-1,-1,-1
563,9367,1006.69,449.15,20.65,28.18,0.3357,-1,-1,-1
563,9385,680.17,457.24,19.44,81.60,0.3082,-1,-1,-1
564,9386,1007.38,414.06,116.90,285.91,0.8802,-1,-1,-1
564,9387,919.66,430.74,81.35,246.15,0.8800,-1,-1,-1
564,9388,1581.15,400.75,286.44,667.47,0.8628,-1,-1,-1
564,9389,1134.56,437.66,96.47,274.98,0.8518,-1,-1,-1
564,9390,718.42,449.30,34.99,97.81,0.8476,-1,-1,-1
564,9391,580.71,453.27,33.21,84.63,0.8119,-1,-1,-1
564,9392,1218.31,443.36,44.63,106.55,0.7964,-1,-1,-1
564,9393,644.14,452.78,30.55,107.78,0.7646,-1,-1,-1
564,9394,1773.91,393.56,145.63,632.90,0.7572,-1,-1,-1
564,9395,382.59,463.85,49.31,111.63,0.7371,-1,-1,-1
564,9396,551.14,458.45,28.75,80.39,0.6909,-1,-1,-1
564,9397,1078.10,445.12,41.49,124.10,0.6268,-1,-1,-1
564,9398,417.18,459.52,39.52,110.98,0.5828,-1,-1,-1
564,9399,670.53,454.18,25.55,95.39,0.5725,-1,-1,-1
564,9400,1118.33,430.72,36.31,82.75,0.4475,-1,-1,-1
564,9401,693.78,469.19,21.31,63.31,0.4391,-1,-1,-1
564,9402,527.25,457.15,18.00,56.09,0.4361,-1,-1,-1
564,9403,1005.67,449.51,21.80,53.44,0.4300,-1,-1,-1
565,9404,1007.44,412.97,131.75,287.13,0.8892,-1,-1,-1
565,9405,1592.26,400.16,278.92,669.91,0.8744,-1,-1,-1
565,9406,1774.94,398.95,144.79,648.12,0.8486,-1,-1,-1
565,9407,718.86,449.42,34.19,97.91,0.8420,-1,-1,-1
565,9408,928.54,431.37,72.62,245.23,0.8209,-1,-1,-1
565,9409,580.84,452.85,33.23,84.86,0.8013,-1,-1,-1
565,9410,1218.20,443.86,45.62,106.42,0.7999,-1,-1,-1
565,9411,1146.44,436.73,86.83,276.58,0.7944,-1,-1,-1
565,9412,382.35,463.37,48.90,112.40,0.7465,-1,-1,-1
565,9413,643.32,452.38,31.60,108.03,0.7443,-1,-1,-1
565,9414,669.16,453.47,23.67,98.62,0.6681,-1,-1,-1
565,9415,552.58,457.26,28.85,80.05,0.6620,-1,-1,-1
565,9416,416.89,459.13,40.07,110.86,0.6001,-1,-1,-1
565,9417,528.18,457.70,17.53,55.97,0.5338,-1,-1,-1
565,9418,1118.32,430.90,34.92,85.44,0.4784,-1,-1,-1
565,9419,1081.20,445.60,36.70,123.03,0.4751,-1,-1,-1
565,9420,1005.27,449.86,23.71,42.28,0.4660,-1,-1,-1
565,9421,695.61,469.66,19.30,62.67,0.4280,-1,-1,-1
566,9422,1605.79,400.49,274.12,668.17,0.8785,-1,-1,-1
566,9423,1008.24,411.01,119.33,289.56,0.8691,-1,-1,-1
566,9424,718.77,449.35,34.29,98.99,0.8397,-1,-1,-1
566,9425,1781.51,390.97,138.19,660.52,0.8141,-1,-1,-1
566,9426,1150.90,435.68,84.28,282.46,0.8122,-1,-1,-1
566,9427,579.92,452.34,33.97,85.95,0.8100,-1,-1,-1
566,9428,935.69,430.16,71.63,244.87,0.8091,-1,-1,-1
566,9429,550.99,456.52,29.41,81.10,0.7435,-1,-1,-1
566,9430,643.12,453.38,30.56,107.05,0.7302,-1,-1,-1
566,9431,1221.18,446.39,43.08,105.02,0.7289,-1,-1,-1
566,9432,382.33,463.87,48.24,111.40,0.7036,-1,-1,-1
566,9433,668.56,453.68,26.39,97.79,0.6898,-1,-1,-1
566,9434,528.64,455.01,17.89,58.28,0.6541,-1,-1,-1
566,9435,416.98,459.46,40.39,111.07,0.5810,-1,-1,-1
566,9436,1002.47,450.61,29.84,59.34,0.4974,-1,-1,-1
566,9437,1081.90,446.25,36.66,122.71,0.4392,-1,-1,-1
566,9438,1113.83,431.06,38.98,151.72,0.3547,-1,-1,-1
566,9439,694.62,470.05,20.77,63.01,0.3376,-1,-1,-1
567,9440,1624.74,400.91,259.42,669.26,0.8727,-1,-1,-1
567,9441,1008.39,441.21,135.99,259.55,0.8666,-1,-1,-1
567,9442,719.27,449.18,34.26,98.80,0.8254,-1,-1,-1
567,9443,1792.30,403.09,127.38,612.84,0.8234,-1,-1,-1
567,9444,580.88,452.76,33.10,85.61,0.8057,-1,-1,-1
567,9445,943.13,429.97,66.95,246.07,0.7595,-1,-1,-1
567,9446,1153.81,437.26,80.97,278.91,0.7542,-1,-1,-1
567,9447,641.78,453.54,31.80,106.54,0.7363,-1,-1,-1
567,9448,381.80,464.00,48.96,112.00,0.7220,-1,-1,-1
567,9449,550.61,455.89,30.13,83.03,0.7184,-1,-1,-1
567,9450,668.22,453.40,25.98,98.86,0.7008,-1,-1,-1
567,9451,530.14,455.53,16.27,57.80,0.6454,-1,-1,-1
567,9452,1083.53,447.39,34.39,125.61,0.6421,-1,-1,-1
567,9453,1225.29,445.12,40.35,107.30,0.6358,-1,-1,-1
567,9454,421.31,462.28,36.06,108.38,0.5168,-1,-1,-1
567,9455,1116.42,430.86,36.87,148.22,0.4524,-1,-1,-1
567,9456,911.66,444.67,48.99,141.13,0.3728,-1,-1,-1
567,9457,694.05,468.45,19.89,64.98,0.3143,-1,-1,-1
568,9458,1008.04,419.53,136.30,281.11,0.8969,-1,-1,-1
568,9459,1648.97,400.47,240.05,666.75,0.8706,-1,-1,-1
568,9460,719.09,448.53,35.38,100.66,0.8288,-1,-1,-1
568,9461,1803.37,406.31,116.22,645.73,0.8052,-1,-1,-1
568,9462,581.40,452.19,33.00,86.84,0.7998,-1,-1,-1
568,9463,551.02,458.87,29.61,80.23,0.7389,-1,-1,-1
568,9464,641.31,454.36,30.15,106.18,0.7366,-1,-1,-1
568,9465,667.26,452.42,27.33,99.63,0.7164,-1,-1,-1
568,9466,382.63,462.80,46.61,113.79,0.7132,-1,-1,-1
568,9467,948.57,430.79,65.04,244.89,0.6972,-1,-1,-1
568,9468,1150.93,434.32,90.62,281.99,0.6911,-1,-1,-1
568,9469,1118.30,431.20,35.31,145.95,0.6624,-1,-1,-1
568,9470,528.67,456.75,17.98,56.07,0.6439,-1,-1,-1
568,9471,1228.62,442.92,37.70,109.64,0.5995,-1,-1,-1
568,9472,422.90,461.57,34.78,109.03,0.5599,-1,-1,-1
568,9473,447.15,463.00,21.66,90.30,0.3550,-1,-1,-1
568,9474,1084.84,447.07,35.07,129.06,0.3219,-1,-1,-1
569,9475,1008.04,414.75,136.90,285.87,0.8972,-1,-1,-1
569,9476,1661.22,399.35,231.31,670.19,0.8696,-1,-1,-1
569,9477,719.42,448.14,35.04,101.01,0.8220,-1,-1,-1
569,9478,1154.21,436.65,94.04,278.16,0.8131,-1,-1,-1
569,9479,581.24,451.95,33.59,88.71,0.7964,-1,-1,-1
569,9480,640.38,455.15,30.32,104.72,0.7691,-1,-1,-1
569,9481,666.80,453.65,27.22,98.69,0.7537,-1,-1,-1
569,9482,550.83,458.65,29.35,81.48,0.7485,-1,-1,-1
569,9483,1118.65,430.78,34.34,145.81,0.7322,-1,-1,-1
569,9484,1233.87,443.64,32.91,108.31,0.7236,-1,-1,-1
569,9485,1810.87,409.75,108.79,634.63,0.7199,-1,-1,-1
569,9486,381.97,463.17,46.96,113.62,0.7172,-1,-1,-1
569,9487,530.06,455.94,16.70,57.01,0.6348,-1,-1,-1
569,9488,421.08,462.03,36.11,108.88,0.5574,-1,-1,-1
569,9489,937.04,430.48,75.64,245.31,0.4941,-1,-1,-1
569,9490,1001.62,451.52,35.31,72.86,0.4533,-1,-1,-1
569,9491,1087.97,451.54,31.92,122.99,0.3517,-1,-1,-1
570,9475,1008.18,413.42,136.31,286.58,0.9094,-1,-1,-1
570,9492,1158.49,438.74,106.17,276.03,0.8713,-1,-1,-1
570,9493,1664.37,398.68,229.58,672.12,0.8676,-1,-1,-1
570,9494,719.81,447.80,35.19,101.40,0.8246,-1,-1,-1
570,9495,582.33,452.03,32.81,88.33,0.7967,-1,-1,-1
570,9496,666.35,453.50,28.30,99.16,0.7675,-1,-1,-1
570,9497,639.67,455.13,30.31,104.76,0.7558,-1,-1,-1
570,9498,380.92,464.83,46.75,112.76,0.7428,-1,-1,-1
570,9499,1118.17,430.98,34.29,145.58,0.7192,-1,-1,-1
570,9500,551.06,458.41,29.65,81.95,0.7163,-1,-1,-1
570,9501,941.96,429.94,80.11,246.00,0.7026,-1,-1,-1
570,9502,1237.88,442.64,30.56,109.27,0.6527,-1,-1,-1
570,9503,1805.34,410.23,114.39,575.91,0.6395,-1,-1,-1
570,9504,530.91,457.71,15.57,55.49,0.5871,-1,-1,-1
570,9505,421.34,461.97,35.12,109.13,0.5459,-1,-1,-1
570,9506,1001.74,451.63,35.08,70.54,0.5089,-1,-1,-1
571,9501,1008.74,412.73,135.41,287.90,0.8998,-1,-1,-1
571,9507,1668.61,398.90,231.86,671.11,0.8822,-1,-1,-1
571,9508,1154.01,437.44,120.46,276.39,0.8492,-1,-1,-1
571,9509,719.16,447.68,36.06,101.58,0.8240,-1,-1,-1
571,9510,380.40,464.64,45.69,112.66,0.8074,-1,-1,-1
571,9511,581.13,452.62,33.29,88.44,0.7934,-1,-1,-1
571,9512,637.68,455.34,32.47,105.25,0.7793,-1,-1,-1
571,9513,665.89,454.45,28.85,98.21,0.7614,-1,-1,-1
571,9514,551.49,458.99,29.05,81.10,0.7198,-1,-1,-1
571,9515,1116.69,430.82,36.75,145.72,0.7191,-1,-1,-1
571,9516,946.53,430.39,78.91,245.23,0.7065,-1,-1,-1
571,9517,1816.69,397.58,102.97,495.45,0.6688,-1,-1,-1
571,9518,1238.92,447.61,29.47,104.46,0.6324,-1,-1,-1
571,9519,422.42,464.45,33.67,106.89,0.6073,-1,-1,-1
571,9520,530.58,457.79,15.76,55.77,0.5533,-1,-1,-1
571,9475,1001.57,451.56,34.65,70.91,0.5166,-1,-1,-1
571,9521,695.54,470.06,21.76,64.14,0.3093,-1,-1,-1
572,9501,1012.42,415.03,131.69,285.11,0.8932,-1,-1,-1
572,9522,1158.26,436.96,123.01,276.35,0.8928,-1,-1,-1
572,9523,1672.31,399.13,232.44,670.58,0.8873,-1,-1,-1
572,9524,719.54,447.07,36.30,102.99,0.8279,-1,-1,-1
572,9525,941.12,430.42,86.83,245.68,0.8266,-1,-1,-1
572,9526,637.77,455.41,32.67,105.02,0.7922,-1,-1,-1
572,9527,581.58,452.15,33.02,88.01,0.7898,-1,-1,-1
572,9528,665.02,454.00,29.95,98.49,0.7624,-1,-1,-1
572,9529,380.81,464.09,44.53,112.96,0.7619,-1,-1,-1
572,9530,1826.96,395.46,92.71,476.98,0.7427,-1,-1,-1
572,9531,1118.13,430.09,34.73,146.11,0.7310,-1,-1,-1
572,9532,550.86,457.53,29.86,82.94,0.7186,-1,-1,-1
572,9533,422.28,457.23,33.87,113.66,0.5930,-1,-1,-1
572,9534,1002.89,451.33,32.83,70.59,0.5081,-1,-1,-1
572,9535,1240.94,440.95,29.02,111.49,0.4306,-1,-1,-1
572,9536,690.29,467.79,17.80,64.98,0.3392,-1,-1,-1
572,9511,532.10,458.08,14.69,55.08,0.3033,-1,-1,-1
573,9501,1016.86,414.64,127.32,285.45,0.9024,-1,-1,-1
573,9537,1676.01,398.70,235.55,672.78,0.8920,-1,-1,-1
573,9538,1159.03,437.99,125.19,275.43,0.8901,-1,-1,-1
573,9539,719.69,446.96,37.05,103.21,0.8291,-1,-1,-1
573,9540,582.36,453.42,32.69,87.62,0.7972,-1,-1,-1
573,9541,637.79,455.44,32.02,104.40,0.7846,-1,-1,-1
573,9542,380.95,465.34,44.10,111.88,0.7840,-1,-1,-1
573,9543,1119.57,430.60,33.11,145.77,0.7818,-1,-1,-1
573,9544,665.55,453.44,29.68,99.51,0.7687,-1,-1,-1
573,9545,948.17,430.72,88.23,245.18,0.7652,-1,-1,-1
573,9546,1835.43,411.00,84.12,454.77,0.7185,-1,-1,-1
573,9547,551.12,458.91,30.31,82.34,0.7160,-1,-1,-1
573,9548,422.56,463.18,33.29,107.63,0.5989,-1,-1,-1
573,9549,1243.85,440.17,27.50,112.81,0.5255,-1,-1,-1
573,9550,1004.55,451.41,30.82,69.04,0.3953,-1,-1,-1
573,9551,532.80,457.11,14.66,55.77,0.3911,-1,-1,-1
573,9552,691.50,469.25,18.76,62.77,0.3240,-1,-1,-1
574,9553,1673.98,398.43,242.96,673.95,0.9129,-1,-1,-1
574,9554,1025.16,412.55,119.04,287.24,0.8920,-1,-1,-1
574,9555,1159.94,436.82,127.37,276.75,0.8797,-1,-1,-1
574,9511,719.68,446.95,37.76,103.10,0.8376,-1,-1,-1
574,9556,583.46,454.71,32.22,87.45,0.8031,-1,-1,-1
574,9557,946.71,431.68,96.11,244.69,0.7951,-1,-1,-1
574,9558,637.53,455.19,31.68,103.69,0.7783,-1,-1,-1
574,9559,666.79,455.54,28.30,97.09,0.7673,-1,-1,-1
574,9560,552.79,460.29,28.81,80.36,0.7588,-1,-1,-1
574,9561,1118.73,430.39,34.45,145.21,0.7442,-1,-1,-1
574,9562,381.19,465.03,43.01,112.23,0.7390,-1,-1,-1
574,9563,1245.73,439.33,27.88,112.83,0.6245,-1,-1,-1
574,9548,423.38,465.37,33.57,105.25,0.5953,-1,-1,-1
574,9564,1838.30,386.91,81.26,464.86,0.5220,-1,-1,-1
574,9565,696.28,470.94,20.36,63.42,0.3639,-1,-1,-1
574,9566,547.09,460.97,14.57,70.51,0.3529,-1,-1,-1
574,9567,533.41,456.43,15.38,56.54,0.3473,-1,-1,-1
574,9568,1151.87,431.48,70.51,245.23,0.3464,-1,-1,-1
575,9569,1673.44,397.57,246.34,675.32,0.9348,-1,-1,-1
575,9570,1030.02,411.66,114.59,288.27,0.8916,-1,-1,-1
575,9501,1161.47,439.72,128.09,273.75,0.8801,-1,-1,-1
575,9571,956.09,431.18,93.43,245.19,0.8459,-1,-1,-1
575,9572,719.77,447.76,37.58,102.55,0.8286,-1,-1,-1
575,9573,581.96,453.60,34.83,88.40,0.7918,-1,-1,-1
575,9574,638.35,454.46,32.38,103.55,0.7892,-1,-1,-1
575,9575,553.05,460.30,29.08,80.59,0.7563,-1,-1,-1
575,9576,668.05,455.63,27.89,97.44,0.7521,-1,-1,-1
575,9577,381.52,464.30,43.77,112.82,0.7413,-1,-1,-1
575,9578,1117.88,430.42,35.70,145.71,0.6918,-1,-1,-1
575,9579,421.68,463.47,34.68,106.99,0.5640,-1,-1,-1
575,9580,1153.16,431.83,64.61,245.94,0.5152,-1,-1,-1
575,9581,1249.76,439.98,28.94,111.23,0.4919,-1,-1,-1
575,9582,1846.51,403.69,73.03,462.96,0.4884,-1,-1,-1
575,9583,696.36,470.56,21.16,64.08,0.3913,-1,-1,-1
575,9584,530.75,458.49,17.77,54.20,0.3383,-1,-1,-1
576,9585,1674.62,397.29,245.16,675.79,0.9298,-1,-1,-1
576,9586,1161.62,438.81,129.63,274.06,0.8926,-1,-1,-1
576,9587,1042.08,413.45,102.78,285.80,0.8818,-1,-1,-1
576,9588,957.47,431.35,99.27,244.30,0.8545,-1,-1,-1
576,9589,720.83,448.26,37.01,102.07,0.8316,-1,-1,-1
576,9590,583.43,453.30,34.08,88.65,0.7854,-1,-1,-1
576,9591,637.89,453.15,31.66,104.95,0.7667,-1,-1,-1
576,9592,382.09,464.36,42.56,113.19,0.7428,-1,-1,-1
576,9593,554.79,461.20,28.00,80.03,0.7427,-1,-1,-1
576,9594,1117.98,430.02,36.06,145.36,0.6933,-1,-1,-1
576,9595,667.09,455.61,29.24,98.17,0.6917,-1,-1,-1
576,9596,420.36,463.84,36.32,107.31,0.6056,-1,-1,-1
576,9597,1153.11,430.10,66.08,247.13,0.5884,-1,-1,-1
576,9598,1254.48,439.25,25.84,111.62,0.5285,-1,-1,-1
576,9599,698.17,470.92,21.87,63.51,0.3697,-1,-1,-1
576,9600,1851.43,415.83,68.13,458.93,0.3068,-1,-1,-1
577,9601,1674.34,397.42,245.10,676.11,0.9365,-1,-1,-1
577,9602,1162.52,441.77,130.10,271.37,0.8881,-1,-1,-1
577,9603,1050.30,414.47,95.19,284.53,0.8578,-1,-1,-1
577,9587,957.71,431.48,110.93,245.03,0.8501,-1,-1,-1
577,9591,720.62,448.46,37.18,101.81,0.8367,-1,-1,-1
577,9548,583.76,453.07,33.87,88.44,0.7867,-1,-1,-1
577,9604,637.46,453.21,32.06,105.87,0.7550,-1,-1,-1
577,9605,554.64,459.27,28.92,81.64,0.7540,-1,-1,-1
577,9606,667.26,456.09,28.77,97.94,0.7522,-1,-1,-1
577,9607,382.90,464.19,41.10,112.59,0.7087,-1,-1,-1
577,9608,1153.14,431.01,70.35,246.89,0.6948,-1,-1,-1
577,9609,1120.96,432.10,33.48,144.57,0.5960,-1,-1,-1
577,9610,421.33,463.02,37.24,107.52,0.5699,-1,-1,-1
577,9611,695.87,470.60,22.30,62.86,0.4042,-1,-1,-1
577,9612,1257.38,440.76,25.39,109.78,0.3658,-1,-1,-1
577,9613,531.60,459.54,16.66,53.81,0.3229,-1,-1,-1
578,9548,1674.08,401.62,245.42,671.80,0.9321,-1,-1,-1
578,9614,1164.25,440.38,128.01,272.07,0.8916,-1,-1,-1
578,9602,1055.36,413.34,90.00,285.89,0.8698,-1,-1,-1
578,9615,959.73,437.83,108.21,237.18,0.8500,-1,-1,-1
578,9591,720.52,448.73,36.99,102.30,0.8423,-1,-1,-1
578,9613,587.49,453.19,29.73,87.13,0.7981,-1,-1,-1
578,9616,636.44,453.14,32.56,105.70,0.7805,-1,-1,-1
578,9617,554.54,460.17,28.38,80.45,0.7771,-1,-1,-1
578,9618,666.78,455.92,29.67,98.76,0.7495,-1,-1,-1
578,9619,382.22,465.45,39.15,111.44,0.7180,-1,-1,-1
578,9620,1151.07,432.58,71.29,246.28,0.6853,-1,-1,-1
578,9621,421.93,463.88,38.86,106.97,0.6020,-1,-1,-1
578,9622,1121.05,435.98,33.32,137.49,0.5175,-1,-1,-1
578,9623,1260.78,440.25,32.41,110.05,0.4190,-1,-1,-1
578,9624,694.37,470.01,21.38,64.57,0.3517,-1,-1,-1
578,9625,1871.48,435.22,48.08,431.16,0.3344,-1,-1,-1
579,9602,1674.74,405.35,244.68,667.35,0.9333,-1,-1,-1
579,9626,1165.76,439.69,126.20,272.93,0.9050,-1,-1,-1
579,9627,959.75,435.33,112.13,239.32,0.8674,-1,-1,-1
579,9628,1063.55,413.44,81.85,285.61,0.8549,-1,-1,-1
579,9616,721.80,449.11,36.85,102.00,0.8344,-1,-1,-1
579,9629,636.65,453.17,30.23,104.82,0.7897,-1,-1,-1
579,9630,586.81,453.14,31.18,86.66,0.7845,-1,-1,-1
579,9631,553.54,460.08,29.41,80.34,0.7671,-1,-1,-1
579,9617,666.34,455.96,29.91,98.61,0.7595,-1,-1,-1
579,9632,1152.43,431.04,78.39,248.76,0.7368,-1,-1,-1
579,9633,382.03,465.18,39.75,111.62,0.7268,-1,-1,-1
579,9634,420.53,461.74,38.28,109.49,0.5907,-1,-1,-1
579,9635,1120.63,432.70,35.91,142.96,0.5762,-1,-1,-1
579,9636,912.16,478.65,63.79,108.13,0.4133,-1,-1,-1
579,9637,1700.50,430.40,79.06,189.53,0.4063,-1,-1,-1
579,9638,695.50,470.76,21.59,63.83,0.3736,-1,-1,-1
580,9602,1674.51,405.17,244.87,667.70,0.9202,-1,-1,-1
580,9639,960.91,433.95,109.95,241.05,0.8863,-1,-1,-1
580,9640,1169.06,439.45,124.46,273.13,0.8838,-1,-1,-1
580,9641,722.61,449.43,36.28,101.77,0.8318,-1,-1,-1
580,9642,587.71,453.30,30.25,86.19,0.7926,-1,-1,-1
580,9643,635.86,453.69,30.21,104.95,0.7881,-1,-1,-1
580,9644,666.05,456.85,30.36,96.88,0.7877,-1,-1,-1
580,9645,554.26,459.10,29.19,81.43,0.7807,-1,-1,-1
580,9646,1077.84,412.70,68.28,286.77,0.7799,-1,-1,-1
580,9647,1151.13,431.48,76.89,248.28,0.7715,-1,-1,-1
580,9648,381.87,465.22,40.00,111.79,0.7280,-1,-1,-1
580,9617,420.30,461.81,38.40,109.13,0.6278,-1,-1,-1
580,9649,1122.22,439.23,33.76,134.63,0.5970,-1,-1,-1
580,9650,694.50,469.48,20.02,64.08,0.4423,-1,-1,-1
580,9651,1162.73,440.30,24.31,99.53,0.4227,-1,-1,-1
581,9602,1673.69,404.60,245.94,667.79,0.9215,-1,-1,-1
581,9652,1175.96,433.97,118.19,278.99,0.8910,-1,-1,-1
581,9653,961.48,436.46,110.42,237.50,0.8831,-1,-1,-1
581,9654,722.74,449.83,37.04,101.76,0.8418,-1,-1,-1
581,9655,1151.44,431.85,81.02,247.69,0.8265,-1,-1,-1
581,9656,1082.91,413.63,68.24,285.57,0.8224,-1,-1,-1
581,9657,587.64,453.53,30.71,85.38,0.7936,-1,-1,-1
581,9658,665.81,454.61,31.20,100.58,0.7904,-1,-1,-1
581,9659,554.79,459.81,29.17,80.38,0.7770,-1,-1,-1
581,9660,633.29,453.94,32.22,103.95,0.7377,-1,-1,-1
581,9617,381.89,464.49,42.81,112.58,0.7002,-1,-1,-1
581,9661,422.77,464.92,37.77,106.26,0.6935,-1,-1,-1
581,9662,695.43,470.55,19.13,63.42,0.4346,-1,-1,-1
581,9663,1161.51,439.83,25.94,97.91,0.4236,-1,-1,-1
581,9664,1125.55,446.20,32.34,125.43,0.4224,-1,-1,-1
581,9665,544.42,461.31,17.82,70.64,0.3887,-1,-1,-1
582,9602,1674.90,405.78,244.71,666.91,0.9189,-1,-1,-1
582,9666,1184.78,434.67,112.14,277.75,0.8956,-1,-1,-1
582,9667,961.73,434.30,110.54,239.17,0.8874,-1,-1,-1
582,9668,723.10,449.57,38.18,102.12,0.8433,-1,-1,-1
582,9669,1153.08,432.26,79.74,247.53,0.8156,-1,-1,-1
582,9670,588.37,453.46,30.13,84.86,0.8038,-1,-1,-1
582,9671,1084.81,413.94,66.35,285.86,0.7962,-1,-1,-1
582,9672,664.92,454.11,32.21,101.16,0.7874,-1,-1,-1
582,9673,554.77,460.40,29.50,79.35,0.7742,-1,-1,-1
582,9674,633.43,454.43,31.63,103.27,0.7645,-1,-1,-1
582,9617,381.54,464.51,42.83,112.87,0.7147,-1,-1,-1
582,9675,421.75,464.22,39.35,106.91,0.7083,-1,-1,-1
582,9676,696.19,470.39,18.16,62.82,0.4261,-1,-1,-1
582,9677,1162.08,439.85,24.50,102.64,0.4124,-1,-1,-1
582,9678,544.77,463.33,16.86,67.79,0.3800,-1,-1,-1
582,9679,911.78,480.23,74.76,106.07,0.3787,-1,-1,-1
582,9680,1126.77,445.96,31.54,124.90,0.3181,-1,-1,-1
583,9602,1675.75,405.89,244.00,667.66,0.9200,-1,-1,-1
583,9617,1193.55,438.30,106.11,274.75,0.8870,-1,-1,-1
583,9681,964.56,434.44,107.83,239.03,0.8862,-1,-1,-1
583,9682,1154.17,432.30,77.51,247.65,0.8718,-1,-1,-1
583,9683,722.83,448.76,38.08,103.34,0.8426,-1,-1,-1
583,9684,586.34,453.36,32.25,86.50,0.7967,-1,-1,-1
583,9685,633.96,455.31,30.18,102.08,0.7782,-1,-1,-1
583,9686,1085.20,412.57,67.37,287.40,0.7769,-1,-1,-1
583,9668,555.80,459.68,28.79,81.27,0.7584,-1,-1,-1
583,9687,380.88,464.78,44.42,112.93,0.7581,-1,-1,-1
583,9688,663.87,452.60,32.99,103.23,0.7460,-1,-1,-1
583,9689,422.95,464.19,36.74,107.32,0.6772,-1,-1,-1
583,9690,545.28,462.78,16.98,70.05,0.4632,-1,-1,-1
583,9691,1164.05,440.43,22.69,102.10,0.4270,-1,-1,-1
583,9692,695.55,471.10,18.37,61.77,0.3740,-1,-1,-1
583,9693,707.77,476.64,21.11,59.03,0.3322,-1,-1,-1
583,9694,1132.07,445.28,26.74,124.47,0.3258,-1,-1,-1
584,9695,1677.42,398.77,242.29,674.75,0.9300,-1,-1,-1
584,9696,967.36,434.17,105.27,238.09,0.8903,-1,-1,-1
584,9697,1200.50,441.56,103.64,271.38,0.8784,-1,-1,-1
584,9698,1158.44,431.63,74.43,247.20,0.8621,-1,-1,-1
584,9699,723.44,448.29,37.37,103.27,0.8399,-1,-1,-1
584,9700,585.64,453.00,33.38,86.81,0.7936,-1,-1,-1
584,9701,1088.16,413.37,68.88,284.82,0.7774,-1,-1,-1
584,9702,633.66,455.79,29.50,101.40,0.7652,-1,-1,-1
584,9668,555.42,459.84,29.31,81.65,0.7512,-1,-1,-1
584,9703,381.05,464.41,43.16,113.32,0.7449,-1,-1,-1
584,9704,663.43,452.41,33.51,103.79,0.7421,-1,-1,-1
584,9705,422.75,463.90,36.03,107.72,0.6754,-1,-1,-1
584,9706,547.93,462.38,13.86,70.75,0.5242,-1,-1,-1
584,9707,1163.93,439.93,22.88,100.55,0.4820,-1,-1,-1
584,9708,707.89,477.48,20.25,58.15,0.3877,-1,-1,-1
584,9709,695.73,471.39,17.71,61.84,0.3420,-1,-1,-1
585,9710,1679.40,394.01,240.34,679.73,0.9255,-1,-1,-1
585,9711,972.87,434.14,100.61,237.45,0.8725,-1,-1,-1
585,9712,1212.41,435.51,95.99,277.45,0.8721,-1,-1,-1
585,9668,1161.33,431.97,74.61,245.01,0.8549,-1,-1,-1
585,9700,723.24,447.63,39.88,103.74,0.8397,-1,-1,-1
585,9708,584.09,453.13,35.68,87.36,0.7986,-1,-1,-1
585,9713,1089.37,412.92,76.86,286.53,0.7786,-1,-1,-1
585,9714,380.51,464.22,47.09,113.62,0.7675,-1,-1,-1
585,9715,556.16,460.27,28.71,81.31,0.7643,-1,-1,-1
585,9716,633.35,455.89,28.72,101.20,0.7521,-1,-1,-1
585,9717,663.37,452.63,35.39,102.87,0.7395,-1,-1,-1
585,9718,422.17,458.95,36.01,112.18,0.6278,-1,-1,-1
585,9719,706.77,479.79,20.97,55.68,0.5302,-1,-1,-1
585,9701,1161.56,439.65,25.28,88.84,0.5079,-1,-1,-1
585,9720,548.57,466.23,13.88,66.99,0.3186,-1,-1,-1
586,9710,1682.80,397.21,237.02,676.88,0.9231,-1,-1,-1
586,9721,978.13,435.34,95.85,236.16,0.8806,-1,-1,-1
586,9722,1222.51,436.58,89.72,275.79,0.8553,-1,-1,-1
586,9723,1092.81,413.06,77.95,287.37,0.8470,-1,-1,-1
586,9724,1167.82,432.36,70.04,244.13,0.8442,-1,-1,-1
586,9725,724.16,447.29,37.84,104.06,0.8270,-1,-1,-1
586,9726,584.14,453.48,36.35,87.60,0.8047,-1,-1,-1
586,9727,382.44,463.97,45.36,114.00,0.7554,-1,-1,-1
586,9728,632.13,455.78,29.28,101.24,0.7327,-1,-1,-1
586,9729,557.14,462.63,25.77,79.08,0.7291,-1,-1,-1
586,9716,663.87,453.66,35.47,103.54,0.7246,-1,-1,-1
586,9730,422.49,461.03,35.42,110.11,0.6172,-1,-1,-1
586,9731,706.52,477.05,23.34,58.88,0.5530,-1,-1,-1
586,9732,1161.92,440.18,24.91,87.31,0.4370,-1,-1,-1
587,9733,1689.93,400.95,229.67,672.90,0.9253,-1,-1,-1
587,9734,1093.42,413.58,95.06,286.46,0.8688,-1,-1,-1
587,9735,984.67,433.03,89.62,236.10,0.8645,-1,-1,-1
587,9736,724.82,447.42,39.20,104.59,0.8400,-1,-1,-1
587,9737,1173.37,431.98,68.39,243.85,0.8353,-1,-1,-1
587,9738,586.89,453.68,33.94,86.94,0.7912,-1,-1,-1
587,9739,1225.29,435.21,91.45,277.70,0.7910,-1,-1,-1
587,9740,663.84,454.54,36.00,102.22,0.7715,-1,-1,-1
587,9741,630.33,455.82,30.92,101.07,0.7489,-1,-1,-1
587,9742,382.30,464.09,45.41,114.06,0.7255,-1,-1,-1
587,9743,557.94,461.75,26.71,80.10,0.7038,-1,-1,-1
587,9668,419.43,458.65,38.23,112.62,0.6508,-1,-1,-1
587,9744,705.63,475.57,22.30,59.61,0.5259,-1,-1,-1
587,9745,548.89,466.34,13.98,66.92,0.3346,-1,-1,-1
588,9746,1695.57,394.82,224.08,679.25,0.9271,-1,-1,-1
588,9747,1093.87,414.69,95.46,285.36,0.8809,-1,-1,-1
588,9748,991.12,434.70,84.32,233.37,0.8705,-1,-1,-1
588,9749,725.62,447.62,36.90,104.49,0.8465,-1,-1,-1
588,9750,1181.77,431.72,61.40,243.21,0.8139,-1,-1,-1
588,9751,1230.58,433.91,90.01,278.88,0.8038,-1,-1,-1
588,9752,587.41,454.06,33.38,86.98,0.7937,-1,-1,-1
588,9753,663.24,454.80,37.19,103.09,0.7906,-1,-1,-1
588,9716,629.70,455.56,31.02,100.33,0.7519,-1,-1,-1
588,9754,557.84,464.10,25.56,78.05,0.7224,-1,-1,-1
588,9755,382.64,462.81,44.31,114.97,0.7067,-1,-1,-1
588,9756,417.37,459.35,41.70,112.16,0.5966,-1,-1,-1
588,9757,704.65,475.43,23.93,60.08,0.5444,-1,-1,-1
588,9758,548.65,466.38,13.97,67.08,0.3162,-1,-1,-1
588,9759,701.42,471.37,12.12,62.98,0.3071,-1,-1,-1
589,9750,1704.20,411.72,215.35,662.51,0.9263,-1,-1,-1
589,9757,1093.94,413.05,96.95,286.89,0.8678,-1,-1,-1
589,9760,998.49,433.25,81.29,235.25,0.8476,-1,-1,-1
589,9761,1239.15,433.47,84.26,279.73,0.8413,-1,-1,-1
589,9762,724.97,446.92,38.94,105.50,0.8393,-1,-1,-1
589,9763,1186.76,431.23,59.98,245.56,0.8089,-1,-1,-1
589,9764,586.26,454.33,33.47,87.36,0.8005,-1,-1,-1
589,9765,662.69,454.89,37.90,103.50,0.7901,-1,-1,-1
589,9766,629.49,455.42,30.73,100.11,0.7754,-1,-1,-1
589,9767,557.38,464.65,26.40,77.84,0.7291,-1,-1,-1
589,9768,382.04,463.65,44.75,114.45,0.7228,-1,-1,-1
589,9769,422.57,465.42,33.63,105.80,0.5841,-1,-1,-1
589,9770,705.38,475.25,23.25,60.45,0.5348,-1,-1,-1
589,9771,912.00,482.10,97.38,103.63,0.4418,-1,-1,-1
589,9753,549.18,467.81,13.53,65.71,0.3488,-1,-1,-1
589,9752,701.11,472.12,13.32,61.96,0.3268,-1,-1,-1
590,9750,1717.30,414.03,202.30,659.18,0.8952,-1,-1,-1
590,9752,1093.51,414.97,93.88,284.95,0.8762,-1,-1,-1
590,9772,1005.61,432.27,78.30,235.73,0.8509,-1,-1,-1
590,9773,725.76,447.67,37.18,104.70,0.8470,-1,-1,-1
590,9774,1240.21,430.57,85.57,282.27,0.8183,-1,-1,-1
590,9775,586.75,454.42,32.12,87.55,0.8095,-1,-1,-1
590,9776,1186.35,431.05,61.47,248.31,0.8035,-1,-1,-1
590,9757,662.24,455.01,38.07,102.07,0.8028,-1,-1,-1
590,9777,627.18,455.22,32.78,99.83,0.7553,-1,-1,-1
590,9754,557.49,463.36,25.95,79.09,0.7253,-1,-1,-1
590,9778,417.39,459.01,38.29,112.38,0.6526,-1,-1,-1
590,9779,382.21,462.83,41.30,115.29,0.6338,-1,-1,-1
590,9780,705.43,476.18,22.78,59.48,0.6105,-1,-1,-1
590,9781,548.57,464.94,14.34,68.60,0.4580,-1,-1,-1
590,9782,990.46,453.35,28.85,33.58,0.3534,-1,-1,-1
591,9783,1093.99,414.78,105.41,285.00,0.8911,-1,-1,-1
591,9784,1735.48,385.85,184.12,687.87,0.8722,-1,-1,-1
591,9785,725.88,447.95,37.73,104.25,0.8319,-1,-1,-1
591,9786,1009.41,432.41,81.43,235.59,0.8115,-1,-1,-1
591,9787,587.14,454.25,31.21,87.69,0.8089,-1,-1,-1
591,9788,1238.61,445.85,89.82,267.17,0.8002,-1,-1,-1
591,9789,661.03,454.41,38.48,103.89,0.7888,-1,-1,-1
591,9790,627.25,454.17,31.91,101.07,0.7757,-1,-1,-1
591,9791,1189.36,432.54,61.28,245.91,0.7705,-1,-1,-1
591,9757,557.70,464.65,25.91,78.07,0.7296,-1,-1,-1
591,9792,382.63,462.48,42.64,115.84,0.6640,-1,-1,-1
591,9793,422.38,458.16,33.97,113.02,0.6575,-1,-1,-1
591,9752,705.26,476.92,22.72,58.80,0.6529,-1,-1,-1
591,9794,989.49,453.25,28.72,47.28,0.3678,-1,-1,-1
591,9795,548.67,464.89,14.47,68.75,0.3389,-1,-1,-1
591,9750,953.80,480.32,55.21,103.42,0.3342,-1,-1,-1
592,9796,1093.95,414.16,105.15,285.81,0.8930,-1,-1,-1
592,9797,1191.34,431.85,63.90,245.17,0.8361,-1,-1,-1
592,9798,726.12,448.14,37.25,104.52,0.8271,-1,-1,-1
592,9799,1245.66,440.69,91.70,272.22,0.8152,-1,-1,-1
592,9800,587.15,455.32,31.00,87.34,0.8070,-1,-1,-1
592,9801,627.09,454.45,32.49,100.74,0.7708,-1,-1,-1
592,9802,661.35,455.04,38.90,103.57,0.7382,-1,-1,-1
592,9803,1016.83,432.53,71.72,235.58,0.7354,-1,-1,-1
592,9804,557.77,467.12,24.96,75.80,0.7327,-1,-1,-1
592,9805,382.41,462.83,40.57,115.41,0.7198,-1,-1,-1
592,9806,705.64,477.19,23.06,58.66,0.7014,-1,-1,-1
592,9807,1760.65,403.66,158.93,669.37,0.6773,-1,-1,-1
592,9808,420.62,457.18,35.37,114.13,0.6632,-1,-1,-1
592,9809,990.06,453.37,27.43,51.21,0.5165,-1,-1,-1
592,9810,546.45,464.72,16.50,69.01,0.4013,-1,-1,-1
592,9757,952.23,482.93,56.18,99.77,0.3392,-1,-1,-1
593,9811,1094.45,413.42,104.92,286.74,0.8921,-1,-1,-1
593,9812,1193.96,432.08,64.56,245.28,0.8499,-1,-1,-1
593,9813,1248.78,438.04,94.87,274.75,0.8461,-1,-1,-1
593,9814,726.06,448.26,36.10,104.45,0.8363,-1,-1,-1
593,9815,585.46,455.01,32.80,88.07,0.8066,-1,-1,-1
593,9816,627.06,454.48,32.84,100.63,0.7799,-1,-1,-1
593,9817,661.25,456.08,37.84,102.07,0.7654,-1,-1,-1
593,9818,557.07,461.82,26.43,81.86,0.7367,-1,-1,-1
593,9819,382.35,463.61,41.11,114.78,0.7333,-1,-1,-1
593,9820,705.94,476.99,22.73,58.56,0.7003,-1,-1,-1
593,9821,1030.20,440.63,59.47,227.02,0.6957,-1,-1,-1
593,9822,421.46,456.95,34.00,114.35,0.6585,-1,-1,-1
593,9823,1787.45,403.28,132.16,672.57,0.5126,-1,-1,-1
593,9824,547.16,464.37,16.05,69.63,0.4242,-1,-1,-1
593,9825,988.65,452.43,29.22,53.71,0.3888,-1,-1,-1
593,9826,953.98,484.00,55.52,99.88,0.3846,-1,-1,-1
594,9827,1095.01,413.87,104.97,285.83,0.8836,-1,-1,-1
594,9828,1247.32,439.87,96.06,273.38,0.8625,-1,-1,-1
594,9829,1193.23,431.64,70.64,245.56,0.8618,-1,-1,-1
594,9830,726.29,448.42,35.17,104.00,0.8364,-1,-1,-1
594,9831,585.17,454.87,32.98,88.24,0.8071,-1,-1,-1
594,9832,661.24,455.61,36.70,103.67,0.7874,-1,-1,-1
594,9833,626.59,454.38,34.03,100.17,0.7785,-1,-1,-1
594,9834,556.82,462.22,26.48,81.39,0.7352,-1,-1,-1
594,9835,382.62,464.46,41.62,114.06,0.7221,-1,-1,-1
594,9836,421.28,457.49,34.52,113.81,0.6757,-1,-1,-1
594,9837,705.54,476.46,23.00,59.10,0.6629,-1,-1,-1
594,9838,1016.04,434.83,75.64,233.93,0.6386,-1,-1,-1
594,9839,1871.40,522.85,48.14,353.69,0.4609,-1,-1,-1
594,9840,988.78,452.12,28.19,50.50,0.4291,-1,-1,-1
594,9841,953.13,483.45,58.02,98.93,0.4236,-1,-1,-1
594,9842,547.25,464.82,15.61,69.20,0.3364,-1,-1,-1
595,9843,1095.60,412.87,104.78,286.52,0.8911,-1,-1,-1
595,9844,1246.55,437.12,100.34,276.06,0.8785,-1,-1,-1
595,9845,1195.62,431.54,70.08,247.37,0.8728,-1,-1,-1
595,9846,726.46,448.45,35.05,104.55,0.8299,-1,-1,-1
595,9847,583.97,454.75,33.92,88.27,0.7805,-1,-1,-1
595,9848,660.84,454.93,36.90,103.89,0.7745,-1,-1,-1
595,9849,627.18,454.50,33.61,100.66,0.7662,-1,-1,-1
595,9850,382.53,464.00,41.17,114.34,0.7448,-1,-1,-1
595,9851,557.01,460.74,25.91,83.00,0.7298,-1,-1,-1
595,9852,418.84,457.11,34.75,114.11,0.6736,-1,-1,-1
595,9853,705.71,476.25,22.51,59.19,0.6424,-1,-1,-1
595,9854,1027.93,436.33,65.35,231.77,0.6262,-1,-1,-1
595,9855,955.26,483.73,55.90,99.96,0.4773,-1,-1,-1
595,9856,1879.49,391.38,40.03,459.26,0.3845,-1,-1,-1
595,9857,988.20,452.15,28.27,57.19,0.3399,-1,-1,-1
595,9858,546.54,468.85,15.27,64.85,0.3294,-1,-1,-1
596,9859,1095.83,413.59,104.61,283.90,0.8853,-1,-1,-1
596,9846,1248.64,434.26,105.26,279.10,0.8748,-1,-1,-1
596,9860,1196.30,431.79,71.29,246.72,0.8693,-1,-1,-1
596,9861,726.33,448.62,35.47,105.22,0.8356,-1,-1,-1
596,9862,1031.79,438.52,78.40,229.54,0.7868,-1,-1,-1
596,9863,660.77,454.13,37.36,104.16,0.7783,-1,-1,-1
596,9864,584.62,454.14,32.87,88.49,0.7761,-1,-1,-1
596,9865,626.94,455.21,33.28,99.92,0.7662,-1,-1,-1
596,9866,556.70,460.87,26.11,82.67,0.7489,-1,-1,-1
596,9867,382.65,464.51,41.24,113.83,0.7273,-1,-1,-1
596,9868,420.68,456.87,32.73,114.59,0.6444,-1,-1,-1
596,9869,705.40,475.65,23.15,59.68,0.6357,-1,-1,-1
596,9870,1885.14,391.30,34.40,442.12,0.4297,-1,-1,-1
596,9871,954.68,485.14,56.62,98.55,0.4191,-1,-1,-1
596,9872,546.84,464.03,15.44,69.73,0.4087,-1,-1,-1
596,9873,988.53,451.85,28.40,61.47,0.3437,-1,-1,-1
597,9874,1249.47,439.84,108.28,273.28,0.8876,-1,-1,-1
597,9875,1097.25,412.83,102.73,285.50,0.8822,-1,-1,-1
597,9876,1197.82,432.32,72.31,247.77,0.8494,-1,-1,-1
597,9846,726.51,448.57,35.05,106.08,0.8313,-1,-1,-1
597,9877,582.99,453.00,33.96,89.92,0.7874,-1,-1,-1
597,9878,627.36,455.72,32.93,99.83,0.7617,-1,-1,-1
597,9879,1025.06,439.95,80.58,227.96,0.7473,-1,-1,-1
597,9880,382.18,464.01,41.29,114.25,0.7400,-1,-1,-1
597,9881,556.86,461.86,24.47,81.72,0.7384,-1,-1,-1
597,9882,660.86,453.60,36.91,105.12,0.7291,-1,-1,-1
597,9883,706.23,476.79,22.25,58.66,0.6595,-1,-1,-1
597,9884,420.50,457.60,32.67,113.80,0.6268,-1,-1,-1
597,9885,955.12,484.59,56.22,99.02,0.5101,-1,-1,-1
597,9886,547.04,463.85,15.54,70.06,0.4272,-1,-1,-1
597,9887,986.80,452.20,31.00,65.18,0.4216,-1,-1,-1
598,9888,1101.54,414.33,98.55,284.33,0.8841,-1,-1,-1
598,9889,1251.71,438.02,107.46,274.79,0.8708,-1,-1,-1
598,9890,1196.59,432.72,75.48,246.72,0.8647,-1,-1,-1
598,9846,726.39,448.32,36.09,107.25,0.8352,-1,-1,-1
598,9891,1024.01,439.46,92.82,228.86,0.7981,-1,-1,-1
598,9892,583.05,453.45,33.58,89.44,0.7746,-1,-1,-1
598,9893,627.07,456.62,33.40,98.75,0.7631,-1,-1,-1
598,9894,556.87,460.53,24.11,82.50,0.7510,-1,-1,-1
598,9895,382.27,463.13,42.08,115.06,0.7376,-1,-1,-1
598,9896,659.98,452.04,36.80,107.02,0.7213,-1,-1,-1
598,9897,420.97,457.17,32.29,114.19,0.6621,-1,-1,-1
598,9898,705.69,477.79,22.92,57.68,0.6463,-1,-1,-1
598,9899,546.52,462.92,15.59,71.14,0.4136,-1,-1,-1
598,9900,911.72,485.79,99.24,99.14,0.3482,-1,-1,-1
598,9901,987.30,452.06,29.33,61.31,0.3218,-1,-1,-1
599,9902,1251.97,436.09,108.48,276.28,0.8869,-1,-1,-1
599,9903,1105.34,413.79,95.87,283.04,0.8789,-1,-1,-1
599,9846,1196.56,433.54,78.02,246.51,0.8631,-1,-1,-1
599,9904,726.21,448.37,37.60,106.86,0.8353,-1,-1,-1
599,9905,1024.27,436.76,91.69,232.06,0.8026,-1,-1,-1
599,9906,583.49,453.40,33.35,89.68,0.7819,-1,-1,-1
599,9907,382.67,463.08,43.34,114.95,0.7665,-1,-1,-1
599,9908,556.49,459.56,25.55,83.77,0.7628,-1,-1,-1
599,9909,660.62,451.64,36.93,107.68,0.7421,-1,-1,-1
599,9910,625.56,457.06,34.59,97.16,0.7412,-1,-1,-1
599,9911,421.45,458.06,32.22,112.96,0.6942,-1,-1,-1
599,9912,704.62,476.97,23.73,58.54,0.6501,-1,-1,-1
599,9913,986.47,451.99,28.73,60.37,0.4660,-1,-1,-1
599,9914,545.88,464.69,15.92,69.47,0.3933,-1,-1,-1
599,9915,1011.95,453.05,15.99,58.93,0.3379,-1,-1,-1
599,9916,953.97,486.56,56.26,96.90,0.3199,-1,-1,-1
600,9917,1257.53,431.29,103.44,281.11,0.8827,-1,-1,-1
600,9918,1195.58,434.64,83.94,245.53,0.8670,-1,-1,-1
600,9919,1111.77,413.54,90.28,275.83,0.8610,-1,-1,-1
600,9846,726.31,447.67,36.07,109.15,0.8396,-1,-1,-1
600,9920,1026.39,436.90,96.74,231.49,0.8135,-1,-1,-1
600,9906,581.11,453.83,35.44,88.30,0.7863,-1,-1,-1
600,9921,555.64,460.05,26.44,83.39,0.7579,-1,-1,-1
600,9922,625.57,456.22,35.68,99.38,0.7519,-1,-1,-1
600,9923,382.19,464.46,40.21,114.16,0.7423,-1,-1,-1
600,9924,660.92,452.57,35.38,107.03,0.6732,-1,-1,-1
600,9925,421.33,458.31,32.91,112.98,0.6628,-1,-1,-1
600,9909,704.41,476.52,23.95,58.94,0.5496,-1,-1,-1
600,9926,954.58,484.15,55.88,99.25,0.4857,-1,-1,-1
600,9927,546.66,463.11,15.26,70.55,0.4352,-1,-1,-1
600,9928,1012.16,452.99,16.29,57.13,0.4038,-1,-1,-1
600,9929,987.26,452.60,27.79,59.58,0.3929,-1,-1,-1